ENTRY            14870   20260512                             153014870000    1 
SUBENT        14870001   20260512                             153014870001    1 
BIB                 12         47                                 14870001    2 
TITLE      Level study of 14C via neutron scattering to the       14870001    3 
           unbound levels of 13C                                  14870001    4 
AUTHOR     (E.Saito)                                              14870001    5 
REFERENCE  (T,SAITO,1993) Main reference.                         14870001    6 
           (J,NIM/A,349,544,1994) MACHO simulation code.          14870001    7 
           #doi:10.1016/0168-9002(94)91224-6                      14870001    8 
INSTITUTE  (1USAOHO)                                              14870001    9 
FACILITY   (VDGT,1USAOHO) The tandem Van de Graaff, beam swinger  14870001   10 
           and TOF tunnel of the Ohio University Accelerator      14870001   11 
           Laboratory.                                            14870001   12 
INC-SOURCE (D-D)                                                  14870001   13 
DETECTOR   (SCIN) Three NE213 liquid scintillators, each 5 cm     14870001   14 
           thick and 11.25 cm in diameter. Stilbene scintillator  14870001   15 
           for flux monitoring.                                   14870001   16 
SAMPLE     (6-C-13,ENR=0.98) 40.75 g of 13C powder in a 8.076 g   14870001   17 
           thin-walled aluminum canister from Los Alamos          14870001   18 
           National Laboratory.                                   14870001   19 
           -------------------------------------------------------14870001   20 
           Isotopic Composition                                   14870001   21 
           13C                              98 Atomic %           14870001   22 
           12C                              2  Atomic %           14870001   23 
           -------------------------------------------------------14870001   24 
           Gross Composition                                      14870001   25 
           Total Carbon                     99.6 %                14870001   26 
           Water                            <0.20 %               14870001   27 
           Oxygen                           <0.15 %               14870001   28 
           -------------------------------------------------------14870001   29 
METHOD     (TOF) First, measurement was performed at 0 degrees.   14870001   30 
           Next, the actual scattering experiment with            14870001   31 
           measurements made at 15,25,40,55,70,85,100,115,130,    14870001   32 
           145, and approximately 158 degrees. The measurement    14870001   33 
           of the 13C(n,n)13C cross sections involved             14870001   34 
           subtracting a spectrum collected with the empty        14870001   35 
           canister. Data were collected in five experiments      14870001   36 
           over two years.                                        14870001   37 
CORRECTION Finite geometry correction: The large size of the      14870001   38 
           scattering sample required corrections for flux        14870001   39 
           attenuation and a varying neutron flux across the      14870001   40 
           sample. In addition, the experimental simulation code  14870001   41 
           MACHO makes many experimental corrections. The data    14870001   42 
           were corrected for air scattering, sample attenuation, 14870001   43 
           sample contaminants, multiple scattering, secondary    14870001   44 
           neutrons, and elastic and inelastic scattering from    14870001   45 
           the sample of the neutron source continuum and         14870001   46 
           contaminants.                                          14870001   47 
STATUS     (APRVD) Approved by Dr. Th.Massey on May 14, 2026.     14870001   48 
HISTORY    (20260512C) BP                                         14870001   49 
ENDBIB              47          0                                 14870001   50 
NOCOMMON             0          0                                 14870001   51 
ENDSUBENT           50          0                                 1487000199999 
SUBENT        14870002   20260512                             153014870002    1 
BIB                  5         18                                 14870002    2 
REACTION   (6-C-13(N,EL)6-C-13,,DA)                               14870002    3 
ANALYSIS   After a peak has been kinematically identified, a TOF  14870002    4 
           interval at least as wide as that for the elastic      14870002    5 
           peak was selected. The on-line data analysis program   14870002    6 
            (OLDA) reduced the counts in the peak interval to a   14870002    7 
           cross section. R-matrix analysis was also used.        14870002    8 
ERR-ANALYS (ERR-T) Uncertainties were added in quadrature's.      14870002    9 
           (ERR-S,1.,5.) The counting measurements of the         14870002   10 
           relative efficiency less 1%, and 5% for scattering     14870002   11 
           measurements.                                          14870002   12 
           (ERR-1) The energy dependence of both the 3H(p,n)3He   14870002   13 
           and 2H(d,d)3He cross sections used in the              14870002   14 
           relative efficiencies is known to 5%.                  14870002   15 
           (ERR-2) Uncertainty due to MACHO correction factor.    14870002   16 
FLAG       (1.) May 1990 measurement.                             14870002   17 
           (2.) September 1990 measurement.                       14870002   18 
STATUS     (TABLE,,E.Saito,T,SAITO,1993) Table C.0. Data were     14870002   19 
           provided by Th.Massey on May 12, 2026.                 14870002   20 
ENDBIB              18          0                                 14870002   21 
COMMON               2          3                                 14870002   22 
ERR-1      ERR-2                                                  14870002   23 
PER-CENT   PER-CENT                                               14870002   24 
        5.0       13.0                                            14870002   25 
ENDCOMMON            3          0                                 14870002   26 
DATA                 5        131                                 14870002   27 
EN         ANG-CM     DATA-CM    ERR-T      FLAG                  14870002   28 
MEV        ADEG       MB/SR      MB/SR      NO-DIM                14870002   29 
       8.73       16.2      417.6       62.6         1.           14870002   30 
       8.73        27.      287.1       43.1         1.           14870002   31 
       8.73       42.9      102.9       15.4         1.           14870002   32 
       8.73       58.6        11.        1.7         1.           14870002   33 
       8.73       74.3       20.6        3.1         1.           14870002   34 
       8.73       89.4       56.6        8.5         1.           14870002   35 
       8.73      104.5       62.6        9.4         1.           14870002   36 
       8.73       119.        37.        5.6         1.           14870002   37 
       8.73      133.4       17.6        2.6         1.           14870002   38 
       8.73      147.6       24.4        3.7         1.           14870002   39 
       8.73      160.7       47.4        7.1         1.           14870002   40 
       8.99       16.4      365.2       54.8         1.           14870002   41 
       8.99       27.1      258.5       38.8         1.           14870002   42 
       8.99       43.1       87.3       13.1         1.           14870002   43 
       8.99       58.9        10.        1.5         1.           14870002   44 
       8.99       74.4       19.1        2.9         1.           14870002   45 
       8.99       89.6        52.        7.8         1.           14870002   46 
       8.99      104.6       56.4        8.5         1.           14870002   47 
       8.99       119.        37.        5.4         1.           14870002   48 
       8.99      133.5       13.8        2.1         1.           14870002   49 
       8.99      147.7        17.        2.6         1.           14870002   50 
       8.99      160.9       43.5        6.5         1.           14870002   51 
       9.48       16.4      332.9       49.9         1.           14870002   52 
       9.48       27.1      240.2        36.         1.           14870002   53 
       9.48       43.1       97.4       14.6         1.           14870002   54 
       9.48       58.9       15.7        2.4         1.           14870002   55 
       9.48       74.4       13.8        2.1         1.           14870002   56 
       9.48       89.6       43.9        6.6         1.           14870002   57 
       9.48      104.6       59.3        8.9         1.           14870002   58 
       9.48      119.2        44.        6.6         1.           14870002   59 
       9.48      133.6       20.4        3.1         1.           14870002   60 
       9.48      147.7       20.3        3.1         1.           14870002   61 
       9.48      160.9       44.8        6.7         1.           14870002   62 
       9.98       16.2      319.7        48.         2.           14870002   63 
       9.98       16.4      262.2       39.3         1.           14870002   64 
       9.98       26.9      232.3       34.8         2.           14870002   65 
       9.98       27.1       207.       31.1         1.           14870002   66 
       9.98       42.9       97.8       14.7         2.           14870002   67 
       9.98       43.1      105.3       15.8         1.           14870002   68 
       9.98       58.6       20.8        3.1         2.           14870002   69 
       9.98       58.9       30.3        4.5         1.           14870002   70 
       9.98       74.2         6.        0.9         2.           14870002   71 
       9.98       74.4        3.8        0.8         1.           14870002   72 
       9.98       89.4       25.3        3.8         2.           14870002   73 
       9.98       89.6       17.6        2.6         1.           14870002   74 
       9.98      104.4       40.3         6.         2.           14870002   75 
       9.98      104.6       38.9        5.8         1.           14870002   76 
       9.98       119.       37.4        5.6         2.           14870002   77 
       9.98      119.2       42.1        6.3         1.           14870002   78 
       9.98      133.4       24.1        3.6         2.           14870002   79 
       9.98      133.6       30.9        4.6         1.           14870002   80 
       9.98      147.6       19.6        2.9         2.           14870002   81 
       9.98      147.7       23.2        3.5         1.           14870002   82 
       9.98      160.3       26.7         4.         2.           14870002   83 
       9.98      160.9       29.4        4.4         1.           14870002   84 
       9.99       27.1      258.5       38.8                      14870002   85 
       9.99       43.1       87.3       13.1                      14870002   86 
       9.99       58.9        10.        1.5                      14870002   87 
       9.99       74.4       19.1        2.9                      14870002   88 
       9.99       89.6        52.        7.8                      14870002   89 
       9.99      104.6       56.4        8.5                      14870002   90 
       9.99      119.2        36.        5.4                      14870002   91 
       9.99      133.5       13.8        2.1                      14870002   92 
       9.99      147.7        17.        2.6                      14870002   93 
       9.99      160.9       43.5        6.5                      14870002   94 
      10.23       16.2      333.1        50.         2.           14870002   95 
      10.23       26.9      242.4       36.4         2.           14870002   96 
      10.23       42.9      109.7       16.5         2.           14870002   97 
      10.23       58.6       29.2        4.4         2.           14870002   98 
      10.23       74.2        7.7        1.2         2.           14870002   99 
      10.23       89.4       19.6        2.9         2.           14870002  100 
      10.23      104.4       36.2        5.4         2.           14870002  101 
      10.23       119.       39.5        5.9         2.           14870002  102 
      10.23      133.4       30.3        4.5         2.           14870002  103 
      10.23      147.6       24.4        3.7         2.           14870002  104 
      10.23      160.3       26.3        3.9         2.           14870002  105 
      10.48       16.2       421.       63.2         2.           14870002  106 
      10.48       26.2      300.5       45.1         2.           14870002  107 
      10.48       42.9      126.7        19.         2.           14870002  108 
      10.48       58.6       30.9        4.6         2.           14870002  109 
      10.48       74.2       13.2         2.         2.           14870002  110 
      10.48       89.4       30.7        4.6         2.           14870002  111 
      10.48      104.5       46.2        6.9         2.           14870002  112 
      10.48       119.        43.        6.5         2.           14870002  113 
      10.48      133.4       31.8        4.8         2.           14870002  114 
      10.48      147.4       26.5         4.         2.           14870002  115 
      10.48      160.1       31.1        4.7         2.           14870002  116 
      10.73       16.2      411.5       61.7         2.           14870002  117 
      10.73       26.9       288.       43.2         2.           14870002  118 
      10.73       42.9       116.       17.4         2.           14870002  119 
      10.73       58.6       26.7         4.         2.           14870002  120 
      10.73       74.2       14.4        2.2         2.           14870002  121 
      10.73       89.4       33.3         5.         2.           14870002  122 
      10.73      104.4       48.4        7.3         2.           14870002  123 
      10.73       119.       43.8        6.6         2.           14870002  124 
      10.73      133.4       29.1        4.4         2.           14870002  125 
      10.73      147.4       23.6        3.5         2.           14870002  126 
      10.73      160.4       34.9        5.2         2.           14870002  127 
      10.98       16.4      452.2       67.8         2.           14870002  128 
      10.98       26.9      309.5       46.4         2.           14870002  129 
      10.98       42.9       117.       17.6         2.           14870002  130 
      10.98       58.6       25.7        3.9         2.           14870002  131 
      10.98       74.2        18.        2.7         2.           14870002  132 
      10.98       89.4       35.5        5.3         2.           14870002  133 
      10.98      104.4       44.5        6.7         2.           14870002  134 
      10.98       119.       40.9        6.1         2.           14870002  135 
      10.98      133.4       29.6        4.4         2.           14870002  136 
      10.98      147.6       25.3        3.8         2.           14870002  137 
      10.98      160.4       32.2        4.8         2.           14870002  138 
      11.20       16.2      464.9       69.7         1.           14870002  139 
      11.20       26.9      307.8       46.2         1.           14870002  140 
      11.20       42.9      111.8       16.8         1.           14870002  141 
      11.20       58.6       24.7        3.7         1.           14870002  142 
      11.20       74.2       17.4        2.6         1.           14870002  143 
      11.20       89.4       35.2        5.3         1.           14870002  144 
      11.20      104.4       46.9         7.         1.           14870002  145 
      11.20       119.       42.7        6.4         1.           14870002  146 
      11.20      133.4       29.6        4.4         1.           14870002  147 
      11.20      145.2       26.4         4.         1.           14870002  148 
      11.20      160.3       34.1        5.1         1.           14870002  149 
      11.50       16.2      490.5       73.6         1.           14870002  150 
      11.50       26.9      327.4       49.1         1.           14870002  151 
      11.50       42.9      102.3       15.3         1.           14870002  152 
      11.50       58.6       21.5        3.2         1.           14870002  153 
      11.50       74.2       22.3        3.3         1.           14870002  154 
      11.50       89.4       33.8        5.1         1.           14870002  155 
      11.50      104.4        36.        5.4         1.           14870002  156 
      11.50       119.       34.1        5.1         1.           14870002  157 
      11.50      133.4       29.7        4.5         1.           14870002  158 
      11.50      147.6        29.        4.4         1.           14870002  159 
      11.50      160.6       34.2        5.1         1.           14870002  160 
ENDDATA            133          0                                 14870002  161 
ENDSUBENT          160          0                                 1487000299999 
SUBENT        14870003   20260512                             153014870003    1 
BIB                  5         18                                 14870003    2 
REACTION   (6-C-13(N,INL)6-C-13,PAR,DA)                           14870003    3 
ANALYSIS   After a peak has been kinematically identified, a TOF  14870003    4 
           interval at least as wide as that for the elastic      14870003    5 
           peak was selected. The on-line data analysis program   14870003    6 
            (OLDA) reduced the counts in the peak interval to a   14870003    7 
           cross section. R-matrix analysis was also used.        14870003    8 
ERR-ANALYS (ERR-T) Uncertainties were added in quadrature's.      14870003    9 
           (ERR-S,1.,5.) The counting measurements of the         14870003   10 
           relative efficiency less 1%, and 5% for scattering     14870003   11 
           measurements.                                          14870003   12 
           (ERR-1) The energy dependence of both the 3H(p,n)3He   14870003   13 
           and 2H(d,d)3He cross sections used in the              14870003   14 
           relative efficiencies is known to 5%.                  14870003   15 
           (ERR-2) Uncertainty due to MACHO correction factor.    14870003   16 
FLAG       (1.) May 1990 measurement.                             14870003   17 
           (2.) September 1990 measurement.                       14870003   18 
STATUS     (TABLE,,E.Saito,T,SAITO,1993) Table C.1. Data were     14870003   19 
           provided by Th.Massey on May 12, 2026.                 14870003   20 
ENDBIB              18          0                                 14870003   21 
COMMON               3          3                                 14870003   22 
E-LVL      ERR-1      ERR-2                                       14870003   23 
MEV        PER-CENT   PER-CENT                                    14870003   24 
       3.09        5.0       13.0                                 14870003   25 
ENDCOMMON            3          0                                 14870003   26 
DATA                 5        121                                 14870003   27 
EN         ANG-CM     DATA-CM    ERR-T      FLAG                  14870003   28 
MEV        ADEG       MB/SR      MB/SR      NO-DIM                14870003   29 
       8.73       16.5        4.2        0.8         1.           14870003   30 
       8.73       27.5        3.9        0.8         1.           14870003   31 
       8.73       43.6        3.2        0.8         1.           14870003   32 
       8.73       59.6        1.9        0.8         1.           14870003   33 
       8.73       75.4        1.4        0.8         1.           14870003   34 
       8.73       90.6        1.3        0.8         1.           14870003   35 
       8.73      105.7        1.9        0.8         1.           14870003   36 
       8.73      120.1        2.5        0.8         1.           14870003   37 
       8.73      134.3        2.5        0.8         1.           14870003   38 
       8.73      148.2        2.1        0.8         1.           14870003   39 
       8.73      161.1        1.5        0.8         1.           14870003   40 
       8.99       16.7        4.7        0.8         1.           14870003   41 
       8.99       27.6         5.        0.8         1.           14870003   42 
       8.99       43.8        5.1        0.8         1.           14870003   43 
       8.99       59.8        4.5        0.8         1.           14870003   44 
       8.99       75.5         3.        0.8         1.           14870003   45 
       8.99       90.8        2.7        0.8         1.           14870003   46 
       8.99      105.7        2.3        0.8         1.           14870003   47 
       8.99      120.3        2.6        0.8         1.           14870003   48 
       8.99      134.4        2.2        0.8         1.           14870003   49 
       8.99      148.4        1.1        0.8         1.           14870003   50 
       8.99      161.3        0.9        0.8         1.           14870003   51 
       9.48       16.6        3.7        0.8         1.           14870003   52 
       9.48       27.5        3.5        0.8         1.           14870003   53 
       9.48       43.8        3.3        0.8         1.           14870003   54 
       9.48       59.7        2.2        0.8         1.           14870003   55 
       9.48       75.4        2.2        0.8         1.           14870003   56 
       9.48       90.7         3.        0.8         1.           14870003   57 
       9.48      105.6        3.4        0.8         1.           14870003   58 
       9.48      120.2        2.9        0.8         1.           14870003   59 
       9.48      134.4        2.1        0.8         1.           14870003   60 
       9.48      148.4        2.9        0.8         1.           14870003   61 
       9.48      161.3        4.9        0.8         1.           14870003   62 
       9.98       16.4        4.9        0.8         2.           14870003   63 
       9.98       16.6        4.8        0.8         1.           14870003   64 
       9.98       27.3        4.1        0.8         2.           14870003   65 
       9.98       27.5        4.3        0.8         1.           14870003   66 
       9.98       43.5        2.8        0.8         2.           14870003   67 
       9.98       43.7        3.9        0.8         1.           14870003   68 
       9.98       59.5        2.7        0.8         2.           14870003   69 
       9.98       59.7        2.9        0.8         1.           14870003   70 
       9.98       75.1         3.        0.8         2.           14870003   71 
       9.98       75.3        2.4        0.8         1.           14870003   72 
       9.98       90.4        3.4        0.8         2.           14870003   73 
       9.98       90.6        3.2        0.8         1.           14870003   74 
       9.98      105.4        3.5        0.8         2.           14870003   75 
       9.98      105.6        3.5        0.8         1.           14870003   76 
       9.98      119.9        3.1        0.8         2.           14870003   77 
       9.98      120.1        3.3        0.8         1.           14870003   78 
       9.98      134.2        2.6        0.8         2.           14870003   79 
       9.98      134.4        2.9        0.8         1.           14870003   80 
       9.98      148.2        2.6        0.8         2.           14870003   81 
       9.98      148.3        3.2        0.8         1.           14870003   82 
       9.98      160.7        3.5        0.8         2.           14870003   83 
       9.98      161.2        3.8        0.8         1.           14870003   84 
      10.23       16.4        4.6        0.8         2.           14870003   85 
      10.23       27.3        4.3        0.8         2.           14870003   86 
      10.23       43.5        3.3        0.8         2.           14870003   87 
      10.23       59.4        1.8        0.8         2.           14870003   88 
      10.23       75.1        1.6        0.8         2.           14870003   89 
      10.23       90.4        2.1        0.8         2.           14870003   90 
      10.23      105.3        2.5        0.8         2.           14870003   91 
      10.23      119.9        2.6        0.8         2.           14870003   92 
      10.23      134.1        2.9        0.8         2.           14870003   93 
      10.23      148.1        3.6        0.8         2.           14870003   94 
      10.23      160.7        4.2        0.8         2.           14870003   95 
      10.48       16.4        5.7        0.9         2.           14870003   96 
      10.48       27.3        4.5        0.8         2.           14870003   97 
      10.48       43.5        2.5        0.8         2.           14870003   98 
      10.48       59.4        1.3        0.8         2.           14870003   99 
      10.48       75.1        1.5        0.8         2.           14870003  100 
      10.48       90.4        2.8        0.8         2.           14870003  101 
      10.48      105.4        3.1        0.8         2.           14870003  102 
      10.48      119.9        2.5        0.8         2.           14870003  103 
      10.48      134.1        2.8        0.8         2.           14870003  104 
      10.48      147.9         4.        0.8         2.           14870003  105 
      10.48      160.5        5.4        0.8         2.           14870003  106 
      10.73       16.4        5.9        0.9         2.           14870003  107 
      10.73       27.3        4.4        0.8         2.           14870003  108 
      10.73       43.4        2.3        0.8         2.           14870003  109 
      10.73       59.4        1.1        0.8         2.           14870003  110 
      10.73        75.        1.5        0.8         2.           14870003  111 
      10.73       90.3        2.4        0.8         2.           14870003  112 
      10.73      105.3        2.8        0.8         2.           14870003  113 
      10.73      119.9         3.        0.8         2.           14870003  114 
      10.73      134.1        3.3        0.8         2.           14870003  115 
      10.73      147.9         4.        0.8         2.           14870003  116 
      10.73      160.7        4.5        0.8         2.           14870003  117 
      10.98       16.4        3.3        0.8         2.           14870003  118 
      10.98       27.3        2.4        0.8         2.           14870003  119 
      10.98       43.4        1.2        0.8         2.           14870003  120 
      10.98       59.4        0.7        0.8         2.           14870003  121 
      10.98        75.        0.9        0.8         2.           14870003  122 
      10.98       90.3        1.1        0.8         2.           14870003  123 
      10.98      105.3        1.5        0.8         2.           14870003  124 
      10.98      119.8        1.8        0.8         2.           14870003  125 
      10.98      134.1        2.6        0.8         2.           14870003  126 
      10.98      148.1         4.        0.8         2.           14870003  127 
      10.98      160.7        5.6        0.8         2.           14870003  128 
      11.20       16.4        3.7        0.8         1.           14870003  129 
      11.20       27.2        3.3        0.8         1.           14870003  130 
      11.20       43.4        1.9        0.8         1.           14870003  131 
      11.20       59.3        1.1        0.8         1.           14870003  132 
      11.20        75.        1.1        0.8         1.           14870003  133 
      11.20       90.3        1.1        0.8         1.           14870003  134 
      11.20      104.4        1.2        0.8         1.           14870003  135 
      11.20      119.8        1.2        0.8         1.           14870003  136 
      11.20      134.1        2.4        0.8         1.           14870003  137 
      11.20      145.7        4.9        0.8         1.           14870003  138 
      11.20      160.6        7.6        1.1         1.           14870003  139 
      11.50       16.4        3.5        0.8         1.           14870003  140 
      11.50       27.2         3.        0.8         1.           14870003  141 
      11.50       43.4        1.7        0.8         1.           14870003  142 
      11.50       59.3        0.7        0.8         1.           14870003  143 
      11.50        75.        0.7        0.8         1.           14870003  144 
      11.50       90.3        1.1        0.8         1.           14870003  145 
      11.50      105.2         1.        0.8         1.           14870003  146 
      11.50      119.8        1.2        0.8         1.           14870003  147 
      11.50       134.        2.5        0.8         1.           14870003  148 
      11.50       148.        4.9        0.8         1.           14870003  149 
      11.50      160.9        7.6        1.1         1.           14870003  150 
ENDDATA            123          0                                 14870003  151 
ENDSUBENT          150          0                                 1487000399999 
SUBENT        14870004   20260512                             153014870004    1 
BIB                  5         18                                 14870004    2 
REACTION   (6-C-13(N,INL)6-C-13,PAR,DA)                           14870004    3 
ANALYSIS   After a peak has been kinematically identified, a TOF  14870004    4 
           interval at least as wide as that for the elastic      14870004    5 
           peak was selected. The on-line data analysis program   14870004    6 
            (OLDA) reduced the counts in the peak interval to a   14870004    7 
           cross section. R-matrix analysis was also used.        14870004    8 
ERR-ANALYS (ERR-T) Uncertainties were added in quadrature's.      14870004    9 
           (ERR-S,1.,5.) The counting measurements of the         14870004   10 
           relative efficiency less 1%, and 5% for scattering     14870004   11 
           measurements.                                          14870004   12 
           (ERR-1) The energy dependence of both the 3H(p,n)3He   14870004   13 
           and 2H(d,d)3He cross sections used in the              14870004   14 
           relative efficiencies is known to 5%.                  14870004   15 
           (ERR-2) Uncertainty due to MACHO correction factor.    14870004   16 
FLAG       (1.) May 1990 measurement.                             14870004   17 
           (2.) September 1990 measurement.                       14870004   18 
STATUS     (TABLE,,E.Saito,T,SAITO,1993) Table C.2. Data were     14870004   19 
           provided by Th.Massey on May 12, 2026.                 14870004   20 
ENDBIB              18          0                                 14870004   21 
COMMON               3          3                                 14870004   22 
E-LVL      ERR-1      ERR-2                                       14870004   23 
MEV        PER-CENT   PER-CENT                                    14870004   24 
       3.68        5.0       13.0                                 14870004   25 
ENDCOMMON            3          0                                 14870004   26 
DATA                 5        121                                 14870004   27 
EN         ANG-CM     DATA-CM    ERR-T      FLAG                  14870004   28 
MEV        ADEG       MB/SR      MB/SR      NO-DIM                14870004   29 
       8.73       16.6       16.9        2.5         1.           14870004   30 
       8.73       27.7       13.5         2.         1.           14870004   31 
       8.73       43.9         9.        1.3         1.           14870004   32 
       8.73       59.9        8.8        1.3         1.           14870004   33 
       8.73       75.8        9.9        1.5         1.           14870004   34 
       8.73        91.        9.9        1.5         1.           14870004   35 
       8.73       106.        9.6        1.4         1.           14870004   36 
       8.73      120.5        9.3        1.4         1.           14870004   37 
       8.73      134.6        9.9        1.5         1.           14870004   38 
       8.73      148.5        9.7        1.5         1.           14870004   39 
       8.73      161.2        9.1        1.4         1.           14870004   40 
       8.99       16.8       15.7        2.3         1.           14870004   41 
       8.99       27.7       14.2        2.1         1.           14870004   42 
       8.99        44.       11.1        1.7         1.           14870004   43 
       8.99       60.1        9.3        1.4         1.           14870004   44 
       8.99       75.8        9.3        1.4         1.           14870004   45 
       8.99       91.1       10.2        1.5         1.           14870004   46 
       8.99      106.1       10.9        1.6         1.           14870004   47 
       8.99      120.6       11.9        1.8         1.           14870004   48 
       8.99      134.7       11.8        1.8         1.           14870004   49 
       8.99      148.6       10.2        1.5         1.           14870004   50 
       8.99      161.4       11.7        1.7         1.           14870004   51 
       9.48       16.7       26.8         4.         1.           14870004   52 
       9.48       27.7       25.2        3.8         1.           14870004   53 
       9.48       44.4       19.2        2.9         1.           14870004   54 
       9.48        60.       11.6        1.7         1.           14870004   55 
       9.48       75.7        9.2        1.4         1.           14870004   56 
       9.48        91.       10.8        1.6         1.           14870004   57 
       9.48      105.9       11.4        1.7         1.           14870004   58 
       9.48      120.5       10.6        1.6         1.           14870004   59 
       9.48      134.7       11.2        1.7         1.           14870004   60 
       9.48      148.5       10.6        1.6         1.           14870004   61 
       9.48      161.4         7.        1.1         1.           14870004   62 
       9.98       16.5       20.9        3.1         2.           14870004   63 
       9.98       16.7        14.        2.1         1.           14870004   64 
       9.98       27.4       20.7        3.1         2.           14870004   65 
       9.98       27.6       14.3        2.1         1.           14870004   66 
       9.98       43.7       16.6        2.5         2.           14870004   67 
       9.98       43.9        13.        1.9         1.           14870004   68 
       9.98       59.7        11.        1.6         2.           14870004   69 
       9.98       59.9        9.9        1.5         1.           14870004   70 
       9.98       75.4        6.8         1.         2.           14870004   71 
       9.98       75.6        6.9         1.         1.           14870004   72 
       9.98       90.7        8.5        1.3         2.           14870004   73 
       9.98       90.9        7.1        1.1         1.           14870004   74 
       9.98      105.6       10.5        1.6         2.           14870004   75 
       9.98      105.8        8.9        1.3         1.           14870004   76 
       9.98      120.2       11.4        1.7         2.           14870004   77 
       9.98      120.4        9.9        1.5         1.           14870004   78 
       9.98      134.4       10.6        1.6         2.           14870004   79 
       9.98      134.6       10.3        1.5         1.           14870004   80 
       9.98      148.4       10.2        1.5         2.           14870004   81 
       9.98      148.5       10.1        1.5         1.           14870004   82 
       9.98      160.8       10.3        1.5         2.           14870004   83 
       9.98      161.3        9.8        1.5         1.           14870004   84 
      10.23       16.5       20.7        3.1         2.           14870004   85 
      10.23       17.4       21.1        3.2         2.           14870004   86 
      10.23       42.7       18.9        2.8         2.           14870004   87 
      10.23       59.7       11.7        1.8         2.           14870004   88 
      10.23       75.3        6.4         1.         2.           14870004   89 
      10.23       90.7        8.5        1.3         2.           14870004   90 
      10.23      105.6       11.7        1.8         2.           14870004   91 
      10.23      120.2        13.         2.         2.           14870004   92 
      10.23      134.4        15.        2.4         2.           14870004   93 
      10.23      148.3       17.6        2.6         2.           14870004   94 
      10.23      160.8       18.5        2.8         2.           14870004   95 
      10.48       16.5       17.6        2.6         2.           14870004   96 
      10.48       27.4       18.4        2.8         2.           14870004   97 
      10.48       43.6       17.8        2.7         2.           14870004   98 
      10.48       59.6       12.1        1.8         2.           14870004   99 
      10.48       75.3         9.        1.3         2.           14870004  100 
      10.48       90.6        9.4        1.4         2.           14870004  101 
      10.48      105.7       11.2        1.7         2.           14870004  102 
      10.48      120.1       12.6        1.9         2.           14870004  103 
      10.48      134.3       15.4        2.3         2.           14870004  104 
      10.48      148.1       19.6        2.9         2.           14870004  105 
      10.48      160.6       22.5        3.4         2.           14870004  106 
      10.73       16.4       28.8        4.3         2.           14870004  107 
      10.73       27.4       24.6        3.7         2.           14870004  108 
      10.73       43.6       20.3         3.         2.           14870004  109 
      10.73       59.6       12.1        1.8         2.           14870004  110 
      10.73       75.3        7.1        1.1         2.           14870004  111 
      10.73       90.6        4.8        0.8         2.           14870004  112 
      10.73      105.5        7.3        1.1         2.           14870004  113 
      10.73      120.1        9.9        1.5         2.           14870004  114 
      10.73      134.3       11.3        1.7         2.           14870004  115 
      10.73       148.       12.7        1.9         2.           14870004  116 
      10.73      160.8       14.7        2.2         2.           14870004  117 
      10.98       16.4       24.7        3.7         2.           14870004  118 
      10.98       27.4        22.        3.3         2.           14870004  119 
      10.98       43.6       16.8        2.5         2.           14870004  120 
      10.98       59.6        10.        1.5         2.           14870004  121 
      10.98       75.2         6.        0.9         2.           14870004  122 
      10.98       90.5        5.6        0.8         2.           14870004  123 
      10.98      105.5        8.1        1.2         2.           14870004  124 
      10.98       120.        9.5        1.4         2.           14870004  125 
      10.98      134.3       10.5        1.6         2.           14870004  126 
      10.98      148.3       12.9        1.9         2.           14870004  127 
      10.98      160.8       16.2        2.4         2.           14870004  128 
      11.20       16.4       22.6        3.4         1.           14870004  129 
      11.20       27.3       21.2        3.2         1.           14870004  130 
      11.20       43.6       16.3        2.4         1.           14870004  131 
      11.20       59.3        9.8        1.5         1.           14870004  132 
      11.20       75.2        4.8        0.8         1.           14870004  133 
      11.20       90.5        4.8        0.8         1.           14870004  134 
      11.20      105.4        6.5         1.         1.           14870004  135 
      11.20       120.         7.        1.1         1.           14870004  136 
      11.20      134.2        7.6        1.1         1.           14870004  137 
      11.20      145.9        9.4        1.4         1.           14870004  138 
      11.20      160.7       11.5        1.7         1.           14870004  139 
      11.50       16.4       27.4        4.1         1.           14870004  140 
      11.50       27.3       25.7        3.9         1.           14870004  141 
      11.50       43.5        19.        2.9         1.           14870004  142 
      11.50       59.5        11.        1.7         1.           14870004  143 
      11.50       75.2        5.5        0.8         1.           14870004  144 
      11.50       90.5        4.8        0.8         1.           14870004  145 
      11.50      105.4        6.4         1.         1.           14870004  146 
      11.50       120.        7.9        1.2         1.           14870004  147 
      11.50      134.2        8.6        1.3         1.           14870004  148 
      11.50      148.2        8.9        1.3         1.           14870004  149 
      11.50       161.        9.1        1.4         1.           14870004  150 
ENDDATA            123          0                                 14870004  151 
ENDSUBENT          150          0                                 1487000499999 
SUBENT        14870005   20260512                             153014870005    1 
BIB                  5         18                                 14870005    2 
REACTION   (6-C-13(N,INL)6-C-13,PAR,DA)                           14870005    3 
ANALYSIS   After a peak has been kinematically identified, a TOF  14870005    4 
           interval at least as wide as that for the elastic      14870005    5 
           peak was selected. The on-line data analysis program   14870005    6 
            (OLDA) reduced the counts in the peak interval to a   14870005    7 
           cross section. R-matrix analysis was also used.        14870005    8 
ERR-ANALYS (ERR-T) Uncertainties were added in quadrature's.      14870005    9 
           (ERR-S,1.,5.) The counting measurements of the         14870005   10 
           relative efficiency less 1%, and 5% for scattering     14870005   11 
           measurements.                                          14870005   12 
           (ERR-1) The energy dependence of both the 3H(p,n)3He   14870005   13 
           and 2H(d,d)3He cross sections used in the              14870005   14 
           relative efficiencies is known to 5%.                  14870005   15 
           (ERR-2) Uncertainty due to MACHO correction factor.    14870005   16 
FLAG       (1.) May 1990 measurement.                             14870005   17 
           (2.) September 1990 measurement.                       14870005   18 
STATUS     (TABLE,,E.Saito,T,SAITO,1993) Table C.3. Data were     14870005   19 
           provided by Th.Massey on May 12, 2026.                 14870005   20 
ENDBIB              18          0                                 14870005   21 
COMMON               3          3                                 14870005   22 
E-LVL      ERR-1      ERR-2                                       14870005   23 
MEV        PER-CENT   PER-CENT                                    14870005   24 
       3.95        5.0       13.0                                 14870005   25 
ENDCOMMON            3          0                                 14870005   26 
DATA                 5        121                                 14870005   27 
EN         ANG-CM     DATA-CM    ERR-T      FLAG                  14870005   28 
MEV        ADEG       MB/SR      MB/SR      NO-DIM                14870005   29 
       8.73       16.6       12.5        1.9         1.           14870005   30 
       8.73       27.7       13.6         2.         1.           14870005   31 
       8.73       43.9       12.8        1.9         1.           14870005   32 
       8.73        60.       11.2        1.7         1.           14870005   33 
       8.73       75.9        8.4        1.3         1.           14870005   34 
       8.73       91.1        7.1        1.1         1.           14870005   35 
       8.73      106.2        7.7        1.2         1.           14870005   36 
       8.73      120.6        8.8        1.3         1.           14870005   37 
       8.73      134.7       10.4        1.6         1.           14870005   38 
       8.73      148.5       10.4        1.6         1.           14870005   39 
       8.73      161.3        7.4        1.1         1.           14870005   40 
       8.99       16.8       11.7        1.8         1.           14870005   41 
       8.99       27.8       11.9        1.8         1.           14870005   42 
       8.99       44.1       11.3        1.7         1.           14870005   43 
       8.99       60.2       10.7        1.6         1.           14870005   44 
       8.99       75.9        9.8        1.5         1.           14870005   45 
       8.99       91.2        9.7        1.5         1.           14870005   46 
       8.99      106.2        10.        1.5         1.           14870005   47 
       8.99      120.7       11.6        1.7         1.           14870005   48 
       8.99      134.7        13.        1.9         1.           14870005   49 
       8.99      148.7       13.9        2.1         1.           14870005   50 
       8.99      161.4        15.        2.2         1.           14870005   51 
       9.48       16.8        9.4        1.4         1.           14870005   52 
       9.48       27.7         9.        1.3         1.           14870005   53 
       9.48        44.       10.1        1.5         1.           14870005   54 
       9.48       60.1        13.        1.9         1.           14870005   55 
       9.48       75.8        12.        1.8         1.           14870005   56 
       9.48       91.1        8.1        1.2         1.           14870005   57 
       9.48       106.        7.1        1.1         1.           14870005   58 
       9.48      120.6        8.7        1.3         1.           14870005   59 
       9.48      134.7        7.9        1.2         1.           14870005   60 
       9.48      148.6        7.1        1.1         1.           14870005   61 
       9.48      161.4        9.2        1.4         1.           14870005   62 
       9.98       16.5        6.3        0.9         2.           14870005   63 
       9.98       16.7        7.5        1.1         1.           14870005   64 
       9.98       27.5        5.4        0.8         2.           14870005   65 
       9.98       27.7        7.2        1.1         1.           14870005   66 
       9.98       43.7        5.4        0.8         2.           14870005   67 
       9.98        44.        5.9        0.9         1.           14870005   68 
       9.98       59.8        7.5        1.1         2.           14870005   69 
       9.98        60.        6.7         1.         1.           14870005   70 
       9.98       75.5        8.7        1.3         2.           14870005   71 
       9.98       75.7        6.3        0.9         1.           14870005   72 
       9.98       90.8        6.3        0.9         2.           14870005   73 
       9.98        91.        5.9        0.9         1.           14870005   74 
       9.98      105.7        4.5        0.8         2.           14870005   75 
       9.98      105.9        5.5        0.8         1.           14870005   76 
       9.98      120.3        4.3        0.8         2.           14870005   77 
       9.98      120.5        5.6        0.8         1.           14870005   78 
       9.98      134.5        4.4        0.8         2.           14870005   79 
       9.98      134.6        5.7        0.9         1.           14870005   80 
       9.98      148.4        3.6        0.8         2.           14870005   81 
       9.98      148.5        5.9        0.9         1.           14870005   82 
       9.98      160.8         3.        0.8         2.           14870005   83 
       9.98      161.4        6.4         1.         1.           14870005   84 
      10.25       16.5        6.5         1.         2.           14870005   85 
      10.25       27.4        5.2        0.8         2.           14870005   86 
      10.25       43.7        5.2        0.8         2.           14870005   87 
      10.25       59.7        7.3        1.1         2.           14870005   88 
      10.25       75.4        9.6        1.4         2.           14870005   89 
      10.25       90.8        7.9        1.2         2.           14870005   90 
      10.25      105.7        8.1        1.2         2.           14870005   91 
      10.25      120.2        8.1        1.2         2.           14870005   92 
      10.25      134.4        7.5        1.1         2.           14870005   93 
      10.25      148.3        5.1        0.8         2.           14870005   94 
      10.25      160.8        4.1        0.8         2.           14870005   95 
      10.48       16.5        4.4        0.8         2.           14870005   96 
      10.48       27.4        3.8        0.8         2.           14870005   97 
      10.48       43.7         5.        0.8         2.           14870005   98 
      10.48       59.7        7.9        1.2         2.           14870005   99 
      10.48       75.4        9.1        1.4         2.           14870005  100 
      10.48       90.7        8.3        1.2         2.           14870005  101 
      10.48      105.7        7.7        1.2         2.           14870005  102 
      10.48      120.2        7.7        1.2         2.           14870005  103 
      10.48      134.4        6.6         1.         2.           14870005  104 
      10.48      148.1        4.6        0.8         2.           14870005  105 
      10.48      160.6        3.8        0.8         2.           14870005  106 
      10.73       16.5        4.3        0.8         2.           14870005  107 
      10.73       27.4        2.9        0.8         2.           14870005  108 
      10.73       43.6        2.9        0.8         2.           14870005  109 
      10.73       59.7        4.6        0.8         2.           14870005  110 
      10.73       75.3        6.4         1.         2.           14870005  111 
      10.73       90.7        5.4        0.8         2.           14870005  112 
      10.73      105.6        5.2        0.8         2.           14870005  113 
      10.73      120.1        5.1        0.8         2.           14870005  114 
      10.73      134.4        4.5        0.8         2.           14870005  115 
      10.73      148.1        3.1        0.8         2.           14870005  116 
      10.73      160.9        2.3        0.8         2.           14870005  117 
      10.98       16.5        3.8        0.8         2.           14870005  118 
      10.98       27.4        2.8        0.8         2.           14870005  119 
      10.98       43.6        2.3        0.8         2.           14870005  120 
      10.98       59.6        3.3        0.8         2.           14870005  121 
      10.98       75.3        4.8        0.8         2.           14870005  122 
      10.98       90.6        5.1        0.8         2.           14870005  123 
      10.98      105.6        4.1        0.8         2.           14870005  124 
      10.98      120.1        3.5        0.8         2.           14870005  125 
      10.98      134.3         4.        0.8         2.           14870005  126 
      10.98      148.3         4.        0.8         2.           14870005  127 
      10.98      160.8        2.7        0.8         2.           14870005  128 
       11.2       16.4        3.7        0.8         1.           14870005  129 
       11.2       27.4        2.1        0.8         1.           14870005  130 
       11.2       43.6        1.5        0.8         1.           14870005  131 
       11.2       59.6        3.5        0.8         1.           14870005  132 
       11.2       75.3        4.9        0.8         1.           14870005  133 
       11.2       90.6        4.6        0.8         1.           14870005  134 
       11.2      105.5        3.3        0.8         1.           14870005  135 
       11.2      120.1        2.7        0.8         1.           14870005  136 
       11.2      134.3        2.5        0.8         1.           14870005  137 
       11.2      145.9        2.3        0.8         1.           14870005  138 
       11.2      160.7        1.9        0.8         1.           14870005  139 
       11.5       16.4        4.7        0.8         1.           14870005  140 
       11.5       27.4         3.        0.8         1.           14870005  141 
       11.5       43.6        2.5        0.8         1.           14870005  142 
       11.5       59.6        4.1        0.8         1.           14870005  143 
       11.5       75.2        5.4        0.8         1.           14870005  144 
       11.5       90.5        4.6        0.8         1.           14870005  145 
       11.5      105.5        3.5        0.8         1.           14870005  146 
       11.5       120.        3.3        0.8         1.           14870005  147 
       11.5      134.3        2.9        0.8         1.           14870005  148 
       11.5      148.2        1.7        0.8         1.           14870005  149 
       11.5       161.        1.2        0.8         1.           14870005  150 
ENDDATA            123          0                                 14870005  151 
ENDSUBENT          150          0                                 1487000599999 
SUBENT        14870006   20260512                             153014870006    1 
BIB                  5         18                                 14870006    2 
REACTION   (6-C-13(N,INL)6-C-13,PAR,DA)                           14870006    3 
ANALYSIS   After a peak has been kinematically identified, a TOF  14870006    4 
           interval at least as wide as that for the elastic      14870006    5 
           peak was selected. The on-line data analysis program   14870006    6 
            (OLDA) reduced the counts in the peak interval to a   14870006    7 
           cross section. R-matrix analysis was also used.        14870006    8 
ERR-ANALYS (ERR-T) Uncertainties were added in quadrature's.      14870006    9 
           (ERR-S,1.,5.) The counting measurements of the         14870006   10 
           relative efficiency less 1%, and 5% for scattering     14870006   11 
           measurements.                                          14870006   12 
           (ERR-1) The energy dependence of both the 3H(p,n)3He   14870006   13 
           and 2H(d,d)3He cross sections used in the              14870006   14 
           relative efficiencies is known to 5%.                  14870006   15 
           (ERR-2) Uncertainty due to MACHO correction factor.    14870006   16 
FLAG       (1.) May 1990 measurement.                             14870006   17 
           (2.) September 1990 measurement.                       14870006   18 
STATUS     (TABLE,,E.Saito,T,SAITO,1993) Table C.4. Data were     14870006   19 
           provided by Th.Massey on May 12, 2026.                 14870006   20 
ENDBIB              18          0                                 14870006   21 
COMMON               3          3                                 14870006   22 
E-LVL      ERR-1      ERR-2                                       14870006   23 
MEV        PER-CENT   PER-CENT                                    14870006   24 
       6.86        5.0       13.0                                 14870006   25 
ENDCOMMON            3          0                                 14870006   26 
DATA                 5        121                                 14870006   27 
EN         ANG-CM     DATA-CM    ERR-T      FLAG                  14870006   28 
MEV        ADEG       MB/SR      MB/SR      NO-DIM                14870006   29 
       8.73       17.9        4.6        0.8         1.           14870006   30 
       8.73       29.9        5.3        0.8         1.           14870006   31 
       8.73       47.3        4.9        0.8         1.           14870006   32 
       8.73       64.3         4.        0.8         1.           14870006   33 
       8.73       80.8        3.2        0.8         1.           14870006   34 
       8.73       96.4        2.6        0.8         1.           14870006   35 
       8.73      111.4        2.9        0.8         1.           14870006   36 
       8.73      125.3        3.2        0.8         1.           14870006   37 
       8.73      138.7        3.8        0.8         1.           14870006   38 
       8.73      151.5         5.        0.8         1.           14870006   39 
       8.73      163.2        4.9        0.8         1.           14870006   40 
       8.99        18.        3.6        0.8         1.           14870006   41 
       8.99       29.7        4.7        0.8         1.           14870006   42 
       8.99        47.        4.6        0.8         1.           14870006   43 
       8.99       63.9        4.2        0.8         1.           14870006   44 
       8.99       80.2        3.5        0.8         1.           14870006   45 
       8.99       95.8        3.2        0.8         1.           14870006   46 
       8.99      110.6        1.8        0.8         1.           14870006   47 
       8.99      124.8        1.4        0.8         1.           14870006   48 
       8.99      138.2        2.5        0.8         1.           14870006   49 
       8.99      151.2        3.2        0.8         1.           14870006   50 
       8.99       163.        3.6        0.8         1.           14870006   51 
       9.48       17.7         1.        0.8         1.           14870006   52 
       9.48       29.2        1.2        0.8         1.           14870006   53 
       9.48       46.3        1.6        0.8         1.           14870006   54 
       9.48        63.        2.1        0.8         1.           14870006   55 
       9.48       79.1         3.        0.8         1.           14870006   56 
       9.48       94.7        3.8        0.8         1.           14870006   57 
       9.48      109.6        3.7        0.8         1.           14870006   58 
       9.48      123.8        2.8        0.8         1.           14870006   59 
       9.48      137.5        1.6        0.8         1.           14870006   60 
       9.48      150.6         1.        0.8         1.           14870006   61 
       9.48      162.7        1.3        0.8         1.           14870006   62 
       9.98       17.3        2.6        0.8         2.           14870006   63 
       9.98       17.5        1.7        0.8         1.           14870006   64 
       9.98       28.7        1.8        0.8         2.           14870006   65 
       9.98       28.9        1.8        0.8         1.           14870006   66 
       9.98       45.6        1.1        0.8         2.           14870006   67 
       9.98       45.8        1.5        0.8         1.           14870006   68 
       9.98       62.2        1.4        0.8         2.           14870006   69 
       9.98       62.4        1.3        0.8         1.           14870006   70 
       9.98       78.2        1.8        0.8         2.           14870006   71 
       9.98       78.4        1.3        0.8         1.           14870006   72 
       9.98       93.7        1.8        0.8         2.           14870006   73 
       9.98       93.9        1.5        0.8         1.           14870006   74 
       9.98      108.6        1.8        0.8         2.           14870006   75 
       9.98      108.8        1.4        0.8         1.           14870006   76 
       9.98      122.9        1.5        0.8         2.           14870006   77 
       9.98      123.1        1.6        0.8         1.           14870006   78 
       9.98      136.7         1.        0.8         2.           14870006   79 
       9.98      136.9         2.        0.8         1.           14870006   80 
       9.98      150.1        0.4        0.8         2.           14870006   81 
       9.98      150.2        2.2        0.8         1.           14870006   82 
       9.98      161.9        0.4        0.8         2.           14870006   83 
       9.98      162.4        1.3        0.8         1.           14870006   84 
      10.23       17.2        1.3        0.8         2.           14870006   85 
      10.23       28.6         1.        0.8         2.           14870006   86 
      10.23       45.4        0.6        0.8         2.           14870006   87 
      10.23       61.9        0.8        0.8         2.           14870006   88 
      10.23        78.        1.2        0.8         2.           14870006   89 
      10.23       93.4        1.4        0.8         2.           14870006   90 
      10.23      108.3        1.6        0.8         2.           14870006   91 
      10.23      122.7        1.5        0.8         2.           14870006   92 
      10.23      136.5        1.4        0.8         2.           14870006   93 
      10.23      149.8         1.        0.8         2.           14870006   94 
      10.23      161.8        0.4        0.8         2.           14870006   95 
      10.48       17.1        2.1        0.8         2.           14870006   96 
      10.48       28.5        1.8        0.8         2.           14870006   97 
      10.48       45.3        1.2        0.8         2.           14870006   98 
      10.48       61.7        1.1        0.8         2.           14870006   99 
      10.48       77.7        1.6        0.8         2.           14870006  100 
      10.48       93.2        2.1        0.8         2.           14870006  101 
      10.48      108.2        2.5        0.8         2.           14870006  102 
      10.48      122.4        2.4        0.8         2.           14870006  103 
      10.48      136.3        2.6        0.8         2.           14870006  104 
      10.48      149.5        2.3        0.8         2.           14870006  105 
      10.48      161.5         1.        0.8         2.           14870006  106 
      10.73       17.1        1.7        0.8         2.           14870006  107 
      10.73       28.4        1.4        0.8         2.           14870006  108 
      10.73       45.1        1.3        0.8         2.           14870006  109 
      10.73       61.5         2.        0.8         2.           14870006  110 
      10.73       77.5        2.6        0.8         2.           14870006  111 
      10.73        93.        2.7        0.8         2.           14870006  112 
      10.73      107.9         3.        0.8         2.           14870006  113 
      10.73      122.2        3.7        0.8         2.           14870006  114 
      10.73      136.1        3.7        0.8         2.           14870006  115 
      10.73      149.4        3.1        0.8         2.           14870006  116 
      10.73      161.7        1.9        0.8         2.           14870006  117 
      10.98        17.        1.6        0.8         2.           14870006  118 
      10.98       28.3        2.3        0.8         2.           14870006  119 
      10.98       43.6        3.1        0.8         2.           14870006  120 
      10.98       61.4        2.9        0.8         2.           14870006  121 
      10.98       77.3         3.        0.8         2.           14870006  122 
      10.98       92.8        3.4        0.8         2.           14870006  123 
      10.98      107.7        3.7        0.8         2.           14870006  124 
      10.98      122.1        3.4        0.8         2.           14870006  125 
      10.98       136.        1.9        0.8         2.           14870006  126 
      10.98      149.6        1.9        0.8         2.           14870006  127 
      10.98      161.6        2.1        0.8         2.           14870006  128 
       11.2        17.        0.8        0.8         1.           14870006  129 
       11.2       28.2        1.5        0.8         1.           14870006  130 
       11.2       44.9        2.2        0.8         1.           14870006  131 
       11.2       61.2         2.        0.8         1.           14870006  132 
       11.2       77.2        2.2        0.8         1.           14870006  133 
       11.2       92.6        2.9        0.8         1.           14870006  134 
       11.2      107.5        3.1        0.8         1.           14870006  135 
       11.2      121.9         3.        0.8         1.           14870006  136 
       11.2      135.8        3.4        0.8         1.           14870006  137 
       11.2      147.1        4.6        0.8         1.           14870006  138 
       11.2      161.5        5.5        0.8         1.           14870006  139 
       11.5       16.9        0.4        0.8         1.           14870006  140 
       11.5       28.1        0.9        0.8         1.           14870006  141 
       11.5       44.8        1.2        0.8         1.           14870006  142 
       11.5       61.1        1.2        0.8         1.           14870006  143 
       11.5        77.        1.6        0.8         1.           14870006  144 
       11.5       90.5        2.4        0.8         1.           14870006  145 
       11.5      107.4        2.6        0.8         1.           14870006  146 
       11.5      121.8        2.6        0.8         1.           14870006  147 
       11.5      135.7        2.8        0.8         1.           14870006  148 
       11.5      149.3        3.6        0.8         1.           14870006  149 
       11.5      161.7        4.5        0.8         1.           14870006  150 
ENDDATA            123          0                                 14870006  151 
ENDSUBENT          150          0                                 1487000699999 
SUBENT        14870007   20260512                             153014870007    1 
BIB                  5         18                                 14870007    2 
REACTION   (6-C-13(N,INL)6-C-13,PAR,DA)                           14870007    3 
ANALYSIS   After a peak has been kinematically identified, a TOF  14870007    4 
           interval at least as wide as that for the elastic      14870007    5 
           peak was selected. The on-line data analysis program   14870007    6 
            (OLDA) reduced the counts in the peak interval to a   14870007    7 
           cross section. R-matrix analysis was also used.        14870007    8 
ERR-ANALYS (ERR-T) Uncertainties were added in quadrature's.      14870007    9 
           (ERR-S,1.,5.) The counting measurements of the         14870007   10 
           relative efficiency less 1%, and 5% for scattering     14870007   11 
           measurements.                                          14870007   12 
           (ERR-1) The energy dependence of both the 3H(p,n)3He   14870007   13 
           and 2H(d,d)3He cross sections used in the              14870007   14 
           relative efficiencies is known to 5%.                  14870007   15 
           (ERR-2) Uncertainty due to MACHO correction factor.    14870007   16 
FLAG       (1.) May 1990 measurement.                             14870007   17 
           (2.) September 1990 measurement.                       14870007   18 
STATUS     (TABLE,,E.Saito,T,SAITO,1993) Table C.5. Data were     14870007   19 
           provided by Th.Massey on May 12, 2026.                 14870007   20 
ENDBIB              18          0                                 14870007   21 
COMMON               3          3                                 14870007   22 
E-LVL      ERR-1      ERR-2                                       14870007   23 
MEV        PER-CENT   PER-CENT                                    14870007   24 
       7.55        5.0       13.0                                 14870007   25 
ENDCOMMON            3          0                                 14870007   26 
DATA                 5        110                                 14870007   27 
EN         ANG-CM     DATA-CM    ERR-T      FLAG                  14870007   28 
MEV        ADEG       MB/SR      MB/SR      NO-DIM                14870007   29 
       8.73       19.6        8.1        1.2         1.           14870007   30 
       8.73       32.6       11.1        1.7         1.           14870007   31 
       8.73       51.2       13.7        2.1         1.           14870007   32 
       8.73       69.2       17.2        2.6         1.           14870007   33 
       8.73       86.5       23.4        3.5         1.           14870007   34 
       8.99        19.        6.1        0.9         1.           14870007   35 
       8.99       31.3        8.4        1.3         1.           14870007   36 
       8.99        47.       10.5        1.6         1.           14870007   37 
       8.99       67.1       13.2         2.         1.           14870007   38 
       8.99       83.9       13.9        2.1         1.           14870007   39 
       8.99       99.7       20.7        3.1         1.           14870007   40 
       9.48       18.3        7.3        1.1         1.           14870007   41 
       9.48       30.2        8.4        1.3         1.           14870007   42 
       9.48       47.8        9.5        1.4         1.           14870007   43 
       9.48       64.9       10.3        1.5         1.           14870007   44 
       9.48       81.3       10.8        1.6         1.           14870007   45 
       9.48        97.       12.1        1.8         1.           14870007   46 
       9.48      111.9       11.9        1.8         1.           14870007   47 
       9.48      125.9       13.2         2.         1.           14870007   48 
       9.48      139.2       14.5        2.2         1.           14870007   49 
       9.48      151.9       14.5        2.2         1.           14870007   50 
       9.48      163.5       10.6        1.6         1.           14870007   51 
       9.98       17.7       13.7        2.1         2.           14870007   52 
       9.98       17.9        9.7        1.5         1.           14870007   53 
       9.98       29.4       12.6        1.9         2.           14870007   54 
       9.98       29.6        9.2        1.4         1.           14870007   55 
       9.98       46.6       10.5        1.6         2.           14870007   56 
       9.98       46.9        8.5        1.3         1.           14870007   57 
       9.98       63.5       11.4        1.7         2.           14870007   58 
       9.98       63.7        9.7        1.5         1.           14870007   59 
       9.98       79.7       11.3        1.7         2.           14870007   60 
       9.98        80.       10.2        1.5         1.           14870007   61 
       9.98       95.3        9.4        1.4         2.           14870007   62 
       9.98       95.5        9.5        1.4         1.           14870007   63 
       9.98      110.2        7.1        1.1         2.           14870007   64 
       9.98      110.4        8.4        1.3         1.           14870007   65 
       9.98      124.4        6.4         1.         2.           14870007   66 
       9.98      124.6        7.7        1.2         1.           14870007   67 
       9.98      137.9        8.1        1.2         2.           14870007   68 
       9.98      138.1        8.7        1.3         1.           14870007   69 
       9.98       151.        9.5        1.4         2.           14870007   70 
       9.98      151.1       10.5        1.6         1.           14870007   71 
       9.98      162.5        8.7        1.3         2.           14870007   72 
       9.98       163.       11.2        1.7         1.           14870007   73 
      10.23       17.5        14.        2.1         2.           14870007   74 
      10.23       29.1       13.5         2.         2.           14870007   75 
      10.23       46.3       11.3        1.7         2.           14870007   76 
      10.23       63.1       11.1        1.7         2.           14870007   77 
      10.23       79.3       12.1        1.8         2.           14870007   78 
      10.23       94.8       11.1        1.7         2.           14870007   79 
      10.23      109.7        10.        1.5         2.           14870007   80 
      10.23      123.9        7.9        1.2         2.           14870007   81 
      10.23      137.5        7.6        1.1         2.           14870007   82 
      10.23      150.6        8.1        1.2         2.           14870007   83 
      10.23      162.3        8.3        1.2         2.           14870007   84 
      10.48       17.4        16.        2.4         2.           14870007   85 
      10.48        29.       14.9        2.2         2.           14870007   86 
      10.48        46.        13.         2.         2.           14870007   87 
      10.48       62.7       12.2        1.8         2.           14870007   88 
      10.48       78.9       11.5        1.7         2.           14870007   89 
      10.48       94.4        11.        1.7         2.           14870007   90 
      10.48      109.4       11.1        1.7         2.           14870007   91 
      10.48      123.5        9.9        1.5         2.           14870007   92 
      10.48      137.2         9.        1.3         2.           14870007   93 
      10.48      150.2        9.3        1.4         2.           14870007   94 
      10.48      161.9        11.        1.7         2.           14870007   95 
      10.73       17.3       20.2         3.         2.           14870007   96 
      10.73       28.8       18.1        2.7         2.           14870007   97 
      10.73       45.8       15.1        2.3         2.           14870007   98 
      10.73       62.4       13.6         2.         2.           14870007   99 
      10.73       78.5       12.5        1.9         2.           14870007  100 
      10.73        94.       11.8        1.8         2.           14870007  101 
      10.73      108.9       11.6        1.7         2.           14870007  102 
      10.73      123.2       11.4        1.7         2.           14870007  103 
      10.73      136.9       10.8        1.6         2.           14870007  104 
      10.73       150.       11.2        1.7         2.           14870007  105 
      10.73      162.1       13.4         2.         2.           14870007  106 
      10.98       17.3       17.3        2.6         2.           14870007  107 
      10.98       28.7       14.2        2.1         2.           14870007  108 
      10.98       45.6       11.3        1.7         2.           14870007  109 
      10.98       62.2       11.4        1.7         2.           14870007  110 
      10.98       78.2       12.8        1.9         2.           14870007  111 
      10.98       93.7       12.7        1.9         2.           14870007  112 
      10.98      108.6       10.8        1.6         2.           14870007  113 
      10.98      122.9        9.9        1.5         2.           14870007  114 
      10.98      136.7        9.8        1.5         2.           14870007  115 
      10.98      150.1       10.4        1.6         2.           14870007  116 
      10.98       162.       11.6        1.7         2.           14870007  117 
       11.2       17.2       14.2        2.1         1.           14870007  118 
       11.2       28.6       13.6         2.         1.           14870007  119 
       11.2       45.4       13.5         2.         1.           14870007  120 
       11.2       61.9       13.6         2.         1.           14870007  121 
       11.2        78.       13.4         2.         1.           14870007  122 
       11.2       93.5        13.         2.         1.           14870007  123 
       11.2      108.4       12.1        1.8         1.           14870007  124 
       11.2      122.7       12.9        1.9         1.           14870007  125 
       11.2      136.5       17.3        2.6         1.           14870007  126 
       11.2      147.1        23.        3.5         1.           14870007  127 
       11.2      161.8       21.9        3.3         1.           14870007  128 
       11.5       17.1       18.1        2.7         1.           14870007  129 
       11.5       28.5       17.7        2.7         1.           14870007  130 
       11.5       45.2       15.7        2.4         1.           14870007  131 
       11.5       61.8        14.        2.1         1.           14870007  132 
       11.5       77.8       14.5        2.2         1.           14870007  133 
       11.5       93.2       13.9        2.1         1.           14870007  134 
       11.5      108.1        14.        2.1         1.           14870007  135 
       11.5      122.5       14.3        2.1         1.           14870007  136 
       11.5      136.3       16.4        2.5         1.           14870007  137 
       11.5      149.7       21.2        3.2         1.           14870007  138 
       11.5      161.9        29.        4.4         1.           14870007  139 
ENDDATA            112          0                                 14870007  140 
ENDSUBENT          139          0                                 1487000799999 
SUBENT        14870008   20260512                             153014870008    1 
BIB                  3         14                                 14870008    2 
REACTION  1(6-C-13(N,0),,EN)                                      14870008    3 
          2(6-C-13(N,0),,J)                                       14870008    4 
          3(6-C-13(N,0),,PTY)                                     14870008    5 
ANALYSIS   R-matrix analysis. Multiple spin assignments are       14870008    6 
           possible: The uncertainty of the spin and parity       14870008    7 
           assignments are due to the lack of sharp and clear     14870008    8 
           resonances in cross sections.                          14870008    9 
STATUS     (DEP,14870002)                                         14870008   10 
           (DEP,14870003)                                         14870008   11 
           (DEP,14870004)                                         14870008   12 
           (DEP,14870005)                                         14870008   13 
           (DEP,14870006)                                         14870008   14 
           (DEP,14870007)                                         14870008   15 
           (TABLE,,E.Saito,T,SAITO,1993) Page 79.                 14870008   16 
ENDBIB              14          0                                 14870008   17 
NOCOMMON             0          0                                 14870008   18 
DATA                 4          5                                 14870008   19 
EN-RES     DATA-APRX 1DATA      2DATA      3                      14870008   20 
MEV        MEV        NO-DIM     NO-DIM                           14870008   21 
       15.8                   1.0        -1.                      14870008   22 
                  17.0        2.0        -1.                      14870008   23 
                  17.0        3.0        -1.                      14870008   24 
                  19.0        3.0         1.                      14870008   25 
                  19.0        4.0         1.                      14870008   26 
ENDDATA              7          0                                 14870008   27 
ENDSUBENT           26          0                                 1487000899999 
SUBENT        14870009   20260512                             153014870009    1 
BIB                  3         10                                 14870009    2 
REACTION   (6-C-13(N,INL)6-C-13,PAR,SIG)                          14870009    3 
ERR-ANALYS (ERR-T) Uncertainties were added in quadrature's.      14870009    4 
           (ERR-S,1.,5.) The counting measurements of the         14870009    5 
           relative efficiency less 1%, and 5% for scattering     14870009    6 
           measurements.                                          14870009    7 
           (ERR-1) The energy dependence of both the 3H(p,n)3He   14870009    8 
           and 2H(d,d)3He cross sections used in the              14870009    9 
           relative efficiencies is known to 5%.                  14870009   10 
           (ERR-2) Uncertainty due to MACHO correction factor.    14870009   11 
STATUS     (CURVE,,E.Saito,T,SAITO,1993) Fig. - 3.30              14870009   12 
ENDBIB              10          0                                 14870009   13 
COMMON               4          3                                 14870009   14 
E-LVL      E-LVL      ERR-1      ERR-2                            14870009   15 
MEV        MEV        PER-CENT   PER-CENT                         14870009   16 
       6.86       7.55        5.0       13.0                      14870009   17 
ENDCOMMON            3          0                                 14870009   18 
DATA                 3         11                                 14870009   19 
EN         DATA       ERR-T                                       14870009   20 
MEV        MB         MB                                          14870009   21 
      8.723  1.267E+02  1.160E+01                                 14870009   22 
      8.978  1.361E+02  1.264E+01                                 14870009   23 
      9.455  1.727E+02  1.052E+01                                 14870009   24 
      9.960  1.361E+02  8.420E+00                                 14870009   25 
      9.962  1.424E+02  9.465E+00                                 14870009   26 
     10.203  1.481E+02  1.002E+01                                 14870009   27 
     10.449  1.695E+02  9.486E+00                                 14870009   28 
     10.710  1.978E+02  1.158E+01                                 14870009   29 
     10.971  1.855E+02  9.465E+00                                 14870009   30 
     11.194  2.175E+02  1.159E+01                                 14870009   31 
     11.503  2.279E+02  1.263E+01                                 14870009   32 
ENDDATA             13          0                                 14870009   33 
ENDSUBENT           32          0                                 1487000999999 
SUBENT        14870010   20260512                             153014870010    1 
BIB                  5          9                                 14870010    2 
REACTION   (6-C-13(N,EL)6-C-13,,DA,,LEG)                          14870010    3 
ANALYSIS   Coefficients obtained by fitting a differential cross  14870010    4 
           section using an equation containing a sum of          14870010    5 
           Legendre polynomials.                                  14870010    6 
ERR-ANALYS (DATA-ERR) Fitting uncertainties.                      14870010    7 
FLAG       (1.) May 1990 measurement.                             14870010    8 
           (2.) September 1990 measurement.                       14870010    9 
STATUS     (DEP,14870002)                                         14870010   10 
           (TABLE,,E.Saito,T,SAITO,1993) Table D.1.               14870010   11 
ENDBIB               9          0                                 14870010   12 
NOCOMMON             0          0                                 14870010   13 
DATA                 5         77                                 14870010   14 
NUMBER     EN         DATA-CM    DATA-ERR   FLAG                  14870010   15 
NO-DIM     MEV        MB/SR      MB/SR      NO-DIM                14870010   16 
         0.       8.73      69.62       3.36         1.           14870010   17 
         0.       8.99      63.55       3.01         1.           14870010   18 
         0.       9.48      62.73       3.08         1.           14870010   19 
         0.       9.98      53.98        2.8         2.           14870010   20 
         0.       9.98      53.46        2.8         1.           14870010   21 
         0.      10.23      58.54       3.02         2.           14870010   22 
         0.      10.48      70.09        3.6         2.           14870010   23 
         0.      10.73      68.92       3.43         2.           14870010   24 
         0.      10.98      72.82       3.53         2.           14870010   25 
         0.       11.2      72.17       3.47         1.           14870010   26 
         0.       11.5       70.3        3.3         1.           14870010   27 
         1.       8.73      85.51       7.59         1.           14870010   28 
         1.       8.99      79.67       6.75         1.           14870010   29 
         1.       9.48      71.07       6.87         1.           14870010   30 
         1.       9.98      70.53       6.61         2.           14870010   31 
         1.       9.98      64.46       6.55         1.           14870010   32 
         1.      10.23      80.38       7.22         2.           14870010   33 
         1.      10.48      96.84        8.6         2.           14870010   34 
         1.      10.73       92.8       8.08         2.           14870010   35 
         1.      10.98     105.58       8.43         2.           14870010   36 
         1.       11.2     101.52       8.24         1.           14870010   37 
         1.       11.5     104.59       8.02         1.           14870010   38 
         2.       8.73     111.65       9.59         1.           14870010   39 
         2.       8.99     103.37       8.61         1.           14870010   40 
         2.       9.48      97.77       8.44         1.           14870010   41 
         2.       9.98      97.91       7.64         2.           14870010   42 
         2.       9.98      95.67       7.38         1.           14870010   43 
         2.      10.23     115.05       8.23         2.           14870010   44 
         2.      10.48     132.09        9.9         2.           14870010   45 
         2.      10.73     127.76       9.47         2.           14870010   46 
         2.      10.98     144.32       9.95         2.           14870010   47 
         2.       11.2      140.4       9.79         1.           14870010   48 
         2.       11.5     145.86       9.47         1.           14870010   49 
         3.       8.73     132.74       8.06         1.           14870010   50 
         3.       8.99     126.22       7.48         1.           14870010   51 
         3.       9.48      116.9       7.65         1.           14870010   52 
         3.       9.98      96.36       6.87         1.           14870010   53 
         3.       9.98     105.72       6.76         2.           14870010   54 
         3.      10.23     117.92        7.5         2.           14870010   55 
         3.      10.48     138.96        8.8         2.           14870010   56 
         3.      10.73     138.19       8.57         2.           14870010   57 
         3.      10.98     156.62       8.98         2.           14870010   58 
         3.       11.2      153.8       8.96         1.           14870010   59 
         3.       11.5     151.01       8.52         1.           14870010   60 
         4.       8.73     119.83       6.58         1.           14870010   61 
         4.       8.99     118.02       6.24         1.           14870010   62 
         4.       9.48      93.21       5.87         1.           14870010   63 
         4.       9.98       62.4       5.01         2.           14870010   64 
         4.       9.98      46.36        5.5         1.           14870010   65 
         4.      10.23      68.54       6.08         2.           14870010   66 
         4.      10.48      88.42       6.97         2.           14870010   67 
         4.      10.73      95.77       6.81         2.           14870010   68 
         4.      10.98     117.03       7.55         2.           14870010   69 
         4.       11.2     113.34        7.3         1.           14870010   70 
         4.       11.5     118.41       7.24         1.           14870010   71 
         5.       8.73      14.31       8.57         1.           14870010   72 
         5.       8.99      18.23       7.83         1.           14870010   73 
         5.       9.48       3.14       7.71         1.           14870010   74 
         5.       9.98       6.63       6.62         2.           14870010   75 
         5.       9.98         7.       6.83         1.           14870010   76 
         5.      10.23      26.87       7.57         2.           14870010   77 
         5.      10.48      28.54        8.9         2.           14870010   78 
         5.      10.73      27.94       8.59         2.           14870010   79 
         5.      10.98      50.95       9.27         2.           14870010   80 
         5.       11.2      46.08       8.94         1.           14870010   81 
         5.       11.5      59.37       8.78         1.           14870010   82 
         6.       8.73       2.99       9.92         1.           14870010   83 
         6.       8.99      15.52        8.8         1.           14870010   84 
         6.       9.48      13.86       9.09         1.           14870010   85 
         6.       9.98       9.77       8.27         2.           14870010   86 
         6.       9.98      22.12       8.38         1.           14870010   87 
         6.      10.23      26.33       9.26         2.           14870010   88 
         6.      10.48      22.42      10.93         2.           14870010   89 
         6.      10.73      25.77      10.32         2.           14870010   90 
         6.      10.98      33.95      10.85         2.           14870010   91 
         6.       11.2      31.52      10.67         1.           14870010   92 
         6.       11.5      27.92      10.09         1.           14870010   93 
ENDDATA             79          0                                 14870010   94 
ENDSUBENT           93          0                                 1487001099999 
SUBENT        14870011   20260512                             153014870011    1 
BIB                  5          9                                 14870011    2 
REACTION   (6-C-13(N,INL)6-C-13,PAR,DA,,LEG)                      14870011    3 
ANALYSIS   Coefficients obtained by fitting a differential cross  14870011    4 
           section using an equation containing a sum of          14870011    5 
           Legendre polynomials.                                  14870011    6 
ERR-ANALYS (DATA-ERR) Fitting uncertainties.                      14870011    7 
FLAG       (1.) May 1990 measurement.                             14870011    8 
           (2.) September 1990 measurement.                       14870011    9 
STATUS     (DEP,14870003)                                         14870011   10 
           (TABLE,,E.Saito,T,SAITO,1993) Table D.2.               14870011   11 
ENDBIB               9          0                                 14870011   12 
COMMON               1          3                                 14870011   13 
E-LVL                                                             14870011   14 
MEV                                                               14870011   15 
       3.09                                                       14870011   16 
ENDCOMMON            3          0                                 14870011   17 
DATA                 5         77                                 14870011   18 
NUMBER     EN         DATA-CM    DATA-ERR   FLAG                  14870011   19 
NO-DIM     MEV        MB/SR      MB/SR      NO-DIM                14870011   20 
         0.       8.73       2.18       0.26         1.           14870011   21 
         0.       8.99        3.1       0.26         1.           14870011   22 
         0.       9.48       2.94       0.26         1.           14870011   23 
         0.       9.98       3.17       0.26         2.           14870011   24 
         0.       9.98        3.3       0.26         1.           14870011   25 
         0.      10.23        2.7       0.26         2.           14870011   26 
         0.      10.48       2.83       0.26         2.           14870011   27 
         0.      10.73       2.75       0.26         2.           14870011   28 
         0.      10.98       1.85       0.26         2.           14870011   29 
         0.       11.2       2.12       0.26         1.           14870011   30 
         0.       11.5       1.93       0.26         1.           14870011   31 
         1.       8.73       0.59       0.39         1.           14870011   32 
         1.       8.99       2.06       0.39         1.           14870011   33 
         1.       9.48      -0.16       0.39         1.           14870011   34 
         1.       9.98       0.24       0.39         2.           14870011   35 
         1.       9.98       0.25       0.39         1.           14870011   36 
         1.      10.23      -0.08       0.39         2.           14870011   37 
         1.      10.48      -0.49       0.39         2.           14870011   38 
         1.      10.73      -0.55       0.39         2.           14870011   39 
         1.      10.98      -1.19       0.39         2.           14870011   40 
         1.       11.2      -1.14       0.41         1.           14870011   41 
         1.       11.5      -1.27        0.4         1.           14870011   42 
         2.       8.73        1.2       0.51         1.           14870011   43 
         2.       8.99       0.26       0.51         1.           14870011   44 
         2.       9.48       0.78       0.51         1.           14870011   45 
         2.       9.98       0.29       0.52         2.           14870011   46 
         2.       9.98       0.83       0.51         1.           14870011   47 
         2.      10.23       1.79       0.52         2.           14870011   48 
         2.      10.48       1.94       0.52         2.           14870011   49 
         2.      10.73       1.93       0.52         2.           14870011   50 
         2.      10.98       2.21       0.52         2.           14870011   51 
         2.       11.2       3.25       0.55         1.           14870011   52 
         2.       11.5       3.22       0.55         1.           14870011   53 
         3.       8.73       1.17       0.62         1.           14870011   54 
         3.       8.99       0.19       0.62         1.           14870011   55 
         3.       9.48       0.13       0.62         1.           14870011   56 
         3.       9.98       0.68       0.62         1.           14870011   57 
         3.       9.98        0.7       0.62         2.           14870011   58 
         3.      10.23       0.65       0.62         2.           14870011   59 
         3.      10.48       0.95       0.63         2.           14870011   60 
         3.      10.73        1.5       0.63         2.           14870011   61 
         3.      10.98      -0.13       0.62         2.           14870011   62 
         3.       11.2      -1.22       0.67         1.           14870011   63 
         3.       11.5      -0.99       0.66         1.           14870011   64 
         4.       8.73       -0.7       0.73         1.           14870011   65 
         4.       8.99      -1.09       0.73         1.           14870011   66 
         4.       9.48        1.2       0.73         1.           14870011   67 
         4.       9.98       1.26       0.73         2.           14870011   68 
         4.       9.98       0.46       0.73         1.           14870011   69 
         4.      10.23       0.46       0.73         2.           14870011   70 
         4.      10.48         2.       0.74         2.           14870011   71 
         4.      10.73       1.35       0.74         2.           14870011   72 
         4.      10.98       1.22       0.73         2.           14870011   73 
         4.       11.2       1.71       0.76         1.           14870011   74 
         4.       11.5       1.72       0.77         1.           14870011   75 
         5.       8.73      -0.13       0.84         1.           14870011   76 
         5.       8.99      -0.34       0.84         1.           14870011   77 
         5.       9.48      -1.64       0.84         1.           14870011   78 
         5.       9.98      -0.28       0.84         2.           14870011   79 
         5.       9.98      -0.87       0.84         1.           14870011   80 
         5.      10.23      -0.64       0.85         2.           14870011   81 
         5.      10.48      -0.68       0.86         2.           14870011   82 
         5.      10.73       0.01       0.85         2.           14870011   83 
         5.      10.98      -0.13       0.84         2.           14870011   84 
         5.       11.2      -0.41       0.87         1.           14870011   85 
         5.       11.5      -0.56       0.88         1.           14870011   86 
         6.       8.73      -0.05       0.95         1.           14870011   87 
         6.       8.99       0.32       0.95         1.           14870011   88 
         6.       9.48       0.26       0.95         1.           14870011   89 
         6.       9.98       0.35       0.96         2.           14870011   90 
         6.       9.98       0.05       0.95         1.           14870011   91 
         6.      10.23      -0.39       0.96         2.           14870011   92 
         6.      10.48      -0.37       0.97         2.           14870011   93 
         6.      10.73      -0.23       0.97         2.           14870011   94 
         6.      10.98       0.17       0.96         2.           14870011   95 
         6.       11.2      -0.35       0.98         1.           14870011   96 
         6.       11.5      -0.28       0.98         1.           14870011   97 
ENDDATA             79          0                                 14870011   98 
ENDSUBENT           97          0                                 1487001199999 
SUBENT        14870012   20260512                             153014870012    1 
BIB                  5          9                                 14870012    2 
REACTION   (6-C-13(N,INL)6-C-13,PAR,DA,,LEG)                      14870012    3 
ANALYSIS   Coefficients obtained by fitting a differential cross  14870012    4 
           section using an equation containing a sum of          14870012    5 
           Legendre polynomials.                                  14870012    6 
ERR-ANALYS (DATA-ERR) Fitting uncertainties.                      14870012    7 
FLAG       (1.) May 1990 measurement.                             14870012    8 
           (2.) September 1990 measurement.                       14870012    9 
STATUS     (DEP,14870004)                                         14870012   10 
           (TABLE,,E.Saito,T,SAITO,1993) Table D.3.               14870012   11 
ENDBIB               9          0                                 14870012   12 
COMMON               1          3                                 14870012   13 
E-LVL                                                             14870012   14 
MEV                                                               14870012   15 
       3.68                                                       14870012   16 
ENDCOMMON            3          0                                 14870012   17 
DATA                 5         77                                 14870012   18 
NUMBER     EN         DATA-CM    DATA-ERR   FLAG                  14870012   19 
NO-DIM     MEV        MB/SR      MB/SR      NO-DIM                14870012   20 
         0.       8.73       9.98       0.47         1.           14870012   21 
         0.       8.99      10.95       0.51         1.           14870012   22 
         0.       9.48      12.79       0.61         1.           14870012   23 
         0.       9.98      11.43       0.54         2.           14870012   24 
         0.       9.98       9.75       0.45         1.           14870012   25 
         0.      10.23      13.23       0.61         2.           14870012   26 
         0.      10.48      13.63       0.63         2.           14870012   27 
         0.      10.73      11.83       0.56         2.           14870012   28 
         0.      10.98        11.       0.51         2.           14870012   29 
         0.       11.2       9.38       0.46         1.           14870012   30 
         0.       11.5       10.3       0.51         1.           14870012   31 
         1.       8.73       1.19       0.74         1.           14870012   32 
         1.       8.99       0.31       0.83         1.           14870012   33 
         1.       9.48       6.19       1.12         1.           14870012   34 
         1.       9.98        3.5       0.98         2.           14870012   35 
         1.       9.98       1.46        0.8         1.           14870012   36 
         1.      10.23       0.65       1.17         2.           14870012   37 
         1.      10.48       -0.9       1.19         2.           14870012   38 
         1.      10.73       5.26       1.16         2.           14870012   39 
         1.      10.98       3.12       1.05         2.           14870012   40 
         1.       11.2       4.79       0.93         1.           14870012   41 
         1.       11.5       6.98       1.07         1.           14870012   42 
         2.       8.73       1.69       1.03         1.           14870012   43 
         2.       8.99       2.29       1.06         1.           14870012   44 
         2.       9.48        5.8       1.35         1.           14870012   45 
         2.       9.98       5.95       1.12         2.           14870012   46 
         2.       9.98       3.94       0.91         1.           14870012   47 
         2.      10.23       9.51       1.33         2.           14870012   48 
         2.      10.48       8.65       1.41         2.           14870012   49 
         2.      10.73      11.86       1.31         2.           14870012   50 
         2.      10.98      10.56       1.21         2.           14870012   51 
         2.       11.2        9.3       1.07         1.           14870012   52 
         2.       11.5      10.28       1.19         1.           14870012   53 
         3.       8.73       2.55       1.19         1.           14870012   54 
         3.       8.99       2.84        1.3         1.           14870012   55 
         3.       9.48       6.06       1.55         1.           14870012   56 
         3.       9.98       1.81       1.15         1.           14870012   57 
         3.       9.98        4.4       1.37         2.           14870012   58 
         3.      10.23       2.61       1.63         2.           14870012   59 
         3.      10.48      -0.89       1.73         2.           14870012   60 
         3.      10.73       2.85       1.62         2.           14870012   61 
         3.      10.98       2.57       1.48         2.           14870012   62 
         3.       11.2        2.5       1.29         1.           14870012   63 
         3.       11.5       4.42       1.41         1.           14870012   64 
         4.       8.73       2.47       1.39         1.           14870012   65 
         4.       8.99       0.93       1.55         1.           14870012   66 
         4.       9.48      -0.72        1.9         1.           14870012   67 
         4.       9.98      -1.43       1.68         2.           14870012   68 
         4.       9.98      -2.12        1.4         1.           14870012   69 
         4.      10.23      -2.35       2.04         2.           14870012   70 
         4.      10.48      -0.83       2.12         2.           14870012   71 
         4.      10.73      -1.34         2.         2.           14870012   72 
         4.      10.98        0.5       1.82         2.           14870012   73 
         4.       11.2      -0.32       1.56         1.           14870012   74 
         4.       11.5      -1.46       1.74         1.           14870012   75 
         5.       8.73       2.15        1.6         1.           14870012   76 
         5.       8.99      -0.49       1.77         1.           14870012   77 
         5.       9.48       -1.3       2.22         1.           14870012   78 
         5.       9.98      -3.37       1.87         2.           14870012   79 
         5.       9.98      -1.63       1.57         1.           14870012   80 
         5.      10.23      -4.67       2.21         2.           14870012   81 
         5.      10.48      -3.09       2.36         2.           14870012   82 
         5.      10.73      -1.28       2.07         2.           14870012   83 
         5.      10.98      -2.55       1.87         2.           14870012   84 
         5.       11.2      -3.13       1.61         1.           14870012   85 
         5.       11.5      -1.99       1.78         1.           14870012   86 
         6.       8.73       0.07       1.83         1.           14870012   87 
         6.       8.99       0.75       1.99         1.           14870012   88 
         6.       9.48      -3.63       2.36         1.           14870012   89 
         6.       9.98      -0.56       2.15         2.           14870012   90 
         6.       9.98      -0.05       1.82         1.           14870012   91 
         6.      10.23      -1.69       2.57         2.           14870012   92 
         6.      10.48      -1.27       2.63         2.           14870012   93 
         6.      10.73       1.55       2.22         2.           14870012   94 
         6.      10.98       0.85       2.06         2.           14870012   95 
         6.       11.2      -0.54       1.77         1.           14870012   96 
         6.       11.5      -0.45       1.86         1.           14870012   97 
ENDDATA             79          0                                 14870012   98 
ENDSUBENT           97          0                                 1487001299999 
SUBENT        14870013   20260512                             153014870013    1 
BIB                  5          9                                 14870013    2 
REACTION   (6-C-13(N,INL)6-C-13,PAR,DA,,LEG)                      14870013    3 
ANALYSIS   Coefficients obtained by fitting a differential cross  14870013    4 
           section using an equation containing a sum of          14870013    5 
           Legendre polynomials.                                  14870013    6 
ERR-ANALYS (DATA-ERR) Fitting uncertainties.                      14870013    7 
FLAG       (1.) May 1990 measurement.                             14870013    8 
           (2.) September 1990 measurement.                       14870013    9 
STATUS     (DEP,14870005)                                         14870013   10 
           (TABLE,,E.Saito,T,SAITO,1993) Table D.4.               14870013   11 
ENDBIB               9          0                                 14870013   12 
COMMON               1          3                                 14870013   13 
E-LVL                                                             14870013   14 
MEV                                                               14870013   15 
       3.85                                                       14870013   16 
ENDCOMMON            3          0                                 14870013   17 
DATA                 5         77                                 14870013   18 
NUMBER     EN         DATA-CM    DATA-ERR   FLAG                  14870013   19 
NO-DIM     MEV        MB/SR      MB/SR      NO-DIM                14870013   20 
         0.       8.73       9.61       0.46         1.           14870013   21 
         0.       8.99      11.21       0.53         1.           14870013   22 
         0.       9.48       9.42       0.47         1.           14870013   23 
         0.       9.98       5.67       0.31         2.           14870013   24 
         0.       9.98        6.1       0.29         1.           14870013   25 
         0.      10.25       7.21       0.37         2.           14870013   26 
         0.      10.48       6.91       0.37         2.           14870013   27 
         0.      10.73       4.57       0.27         2.           14870013   28 
         0.      10.98       3.81       0.26         2.           14870013   29 
         0.       11.2       3.21       0.26         1.           14870013   30 
         0.       11.5       3.59       0.26         1.           14870013   31 
         1.       8.73       2.19       0.78         1.           14870013   32 
         1.       8.99      -1.23       0.87         1.           14870013   33 
         1.       9.48       2.07       0.69         1.           14870013   34 
         1.       9.98       1.89       0.42         2.           14870013   35 
         1.       9.98       0.59       0.45         1.           14870013   36 
         1.      10.25      -0.04       0.48         2.           14870013   37 
         1.      10.48      -0.07       0.48         2.           14870013   38 
         1.      10.73      -0.03       0.39         2.           14870013   39 
         1.      10.98      -0.32       0.39         2.           14870013   40 
         1.       11.2        0.3       0.39         1.           14870013   41 
         1.       11.5        0.9       0.39         1.           14870013   42 
         2.       8.73       2.84       0.89         1.           14870013   43 
         2.       8.99       2.86        1.1         1.           14870013   44 
         2.       9.48       -0.3       0.86         1.           14870013   45 
         2.       9.98      -1.74       0.59         2.           14870013   46 
         2.       9.98       0.56        0.6         1.           14870013   47 
         2.      10.25      -2.82       0.71         2.           14870013   48 
         2.      10.48      -3.67       0.71         2.           14870013   49 
         2.      10.73      -2.22       0.53         2.           14870013   50 
         2.      10.98      -1.34       0.52         2.           14870013   51 
         2.       11.2      -1.78       0.52         1.           14870013   52 
         2.       11.5      -1.78       0.51         1.           14870013   53 
         3.       8.73       0.45       1.13         1.           14870013   54 
         3.       8.99      -0.57       1.34         1.           14870013   55 
         3.       9.48      -3.13       1.17         1.           14870013   56 
         3.       9.98      -0.24       0.72         1.           14870013   57 
         3.       9.98      -1.37       0.74         2.           14870013   58 
         3.      10.25       0.83       0.86         2.           14870013   59 
         3.      10.48       -0.2       0.87         2.           14870013   60 
         3.      10.73       0.52       0.64         2.           14870013   61 
         3.      10.98       0.27       0.62         2.           14870013   62 
         3.       11.2      -0.24       0.63         1.           14870013   63 
         3.       11.5       0.19       0.62         1.           14870013   64 
         4.       8.73      -3.29       1.35         1.           14870013   65 
         4.       8.99      -0.57        1.6         1.           14870013   66 
         4.       9.48      -0.93       1.24         1.           14870013   67 
         4.       9.98       0.41       0.79         2.           14870013   68 
         4.       9.98       0.57       0.84         1.           14870013   69 
         4.      10.25       0.19       0.95         2.           14870013   70 
         4.      10.48      -0.08       0.93         2.           14870013   71 
         4.      10.73       0.53       0.74         2.           14870013   72 
         4.      10.98       1.06       0.73         2.           14870013   73 
         4.       11.2       1.59       0.72         1.           14870013   74 
         4.       11.5       0.97       0.73         1.           14870013   75 
         5.       8.73       0.68       1.59         1.           14870013   76 
         5.       8.99       0.04       1.83         1.           14870013   77 
         5.       9.48       1.41       1.45         1.           14870013   78 
         5.       9.98       2.38       0.94         2.           14870013   79 
         5.       9.98       0.55       0.96         1.           14870013   80 
         5.      10.25       1.78       1.07         2.           14870013   81 
         5.      10.48       1.38       1.05         2.           14870013   82 
         5.      10.73        1.6       0.87         2.           14870013   83 
         5.      10.98       1.64       0.84         2.           14870013   84 
         5.       11.2        1.8       0.83         1.           14870013   85 
         5.       11.5       1.83       0.84         1.           14870013   86 
         6.       8.73      -1.02       1.79         1.           14870013   87 
         6.       8.99       0.03       2.09         1.           14870013   88 
         6.       9.48       3.32       1.62         1.           14870013   89 
         6.       9.98       0.63       1.05         2.           14870013   90 
         6.       9.98       0.45       1.12         1.           14870013   91 
         6.      10.25       1.29        1.2         2.           14870013   92 
         6.      10.48       1.35       1.19         2.           14870013   93 
         6.      10.73        0.9       0.96         2.           14870013   94 
         6.      10.98      -0.74       0.96         2.           14870013   95 
         6.       11.2       0.37       0.95         1.           14870013   96 
         6.       11.5       0.75       0.95         1.           14870013   97 
ENDDATA             79          0                                 14870013   98 
ENDSUBENT           97          0                                 1487001399999 
SUBENT        14870014   20260512                             153014870014    1 
BIB                  5          9                                 14870014    2 
REACTION   (6-C-13(N,INL)6-C-13,PAR,DA,,LEG)                      14870014    3 
ANALYSIS   Coefficients obtained by fitting a differential cross  14870014    4 
           section using an equation containing a sum of          14870014    5 
           Legendre polynomials.                                  14870014    6 
ERR-ANALYS (DATA-ERR) Fitting uncertainties.                      14870014    7 
FLAG       (1.) May 1990 measurement.                             14870014    8 
           (2.) September 1990 measurement.                       14870014    9 
STATUS     (DEP,14870006)                                         14870014   10 
           (TABLE,,E.Saito,T,SAITO,1993) Table D.5.               14870014   11 
ENDBIB               9          0                                 14870014   12 
COMMON               1          3                                 14870014   13 
E-LVL                                                             14870014   14 
MEV                                                               14870014   15 
       6.86                                                       14870014   16 
ENDCOMMON            3          0                                 14870014   17 
DATA                 5         77                                 14870014   18 
NUMBER     EN         DATA-CM    DATA-ERR   FLAG                  14870014   19 
NO-DIM     MEV        MB/SR      MB/SR      NO-DIM                14870014   20 
         0.       8.73       3.78       0.26         1.           14870014   21 
         0.       8.99       3.25       0.26         1.           14870014   22 
         0.       9.48       2.43       0.26         1.           14870014   23 
         0.       9.98       1.48       0.26         2.           14870014   24 
         0.       9.98       1.54       0.26         1.           14870014   25 
         0.      10.23       1.15       0.26         2.           14870014   26 
         0.      10.48       1.87       0.26         2.           14870014   27 
         0.      10.73       2.54       0.26         2.           14870014   28 
         0.      10.98        2.9       0.26         2.           14870014   29 
         0.       11.2       2.77       0.26         1.           14870014   30 
         0.       11.5       2.12       0.26         1.           14870014   31 
         1.       8.73       0.57       0.39         1.           14870014   32 
         1.       8.99       1.34       0.39         1.           14870014   33 
         1.       9.48      -0.36       0.39         1.           14870014   34 
         1.       9.98       0.44       0.39         2.           14870014   35 
         1.       9.98      -0.14       0.39         1.           14870014   36 
         1.      10.23      -0.22       0.39         2.           14870014   37 
         1.      10.48      -0.51       0.39         2.           14870014   38 
         1.      10.73      -1.06       0.39         2.           14870014   39 
         1.      10.98       0.04       0.39         2.           14870014   40 
         1.       11.2      -1.59       0.39         1.           14870014   41 
         1.       11.5      -1.59       0.39         1.           14870014   42 
         2.       8.73       1.64       0.52         1.           14870014   43 
         2.       8.99        0.5       0.51         1.           14870014   44 
         2.       9.48      -1.97       0.51         1.           14870014   45 
         2.       9.98      -0.47       0.51         2.           14870014   46 
         2.       9.98        0.3       0.51         1.           14870014   47 
         2.      10.23      -0.39       0.51         2.           14870014   48 
         2.      10.48      -0.19       0.52         2.           14870014   49 
         2.      10.73      -0.61       0.51         2.           14870014   50 
         2.      10.98      -1.12       0.51         2.           14870014   51 
         2.       11.2       0.42       0.52         1.           14870014   52 
         2.       11.5       0.16       0.51         1.           14870014   53 
         3.       8.73      -0.85       0.62         1.           14870014   54 
         3.       8.99      -1.57       0.62         1.           14870014   55 
         3.       9.48       0.68       0.62         1.           14870014   56 
         3.       9.98       0.23       0.62         1.           14870014   57 
         3.       9.98       0.81       0.62         2.           14870014   58 
         3.      10.23       0.74       0.62         2.           14870014   59 
         3.      10.48       1.17       0.62         2.           14870014   60 
         3.      10.73       0.78       0.62         2.           14870014   61 
         3.      10.98       0.19       0.63         2.           14870014   62 
         3.       11.2      -0.79       0.63         1.           14870014   63 
         3.       11.5      -0.35       0.62         1.           14870014   64 
         4.       8.73       -0.5       0.73         1.           14870014   65 
         4.       8.99       0.21       0.73         1.           14870014   66 
         4.       9.48       0.62       0.73         1.           14870014   67 
         4.       9.98       0.58       0.73         2.           14870014   68 
         4.       9.98      -0.23       0.73         1.           14870014   69 
         4.      10.23       0.09       0.73         2.           14870014   70 
         4.      10.48      -0.09       0.73         2.           14870014   71 
         4.      10.73      -0.42       0.73         2.           14870014   72 
         4.      10.98      -0.15       0.73         2.           14870014   73 
         4.       11.2        0.3       0.73         1.           14870014   74 
         4.       11.5        0.5       0.73         1.           14870014   75 
         5.       8.73      -0.27       0.84         1.           14870014   76 
         5.       8.99      -0.32       0.84         1.           14870014   77 
         5.       9.48      -0.72       0.84         1.           14870014   78 
         5.       9.98       0.28       0.84         2.           14870014   79 
         5.       9.98       0.31       0.84         1.           14870014   80 
         5.      10.23       0.31       0.84         2.           14870014   81 
         5.      10.48       0.42       0.84         2.           14870014   82 
         5.      10.73       0.91       0.84         2.           14870014   83 
         5.      10.98      -1.15       0.83         2.           14870014   84 
         5.       11.2       -0.8       0.83         1.           14870014   85 
         5.       11.5      -0.72       0.84         1.           14870014   86 
         6.       8.73       -0.4       0.94         1.           14870014   87 
         6.       8.99      -1.01       0.95         1.           14870014   88 
         6.       9.48       0.19       0.95         1.           14870014   89 
         6.       9.98       0.34       0.95         2.           14870014   90 
         6.       9.98       -0.6       0.95         1.           14870014   91 
         6.      10.23       -0.1       0.95         2.           14870014   92 
         6.      10.48      -0.55       0.96         2.           14870014   93 
         6.      10.73      -0.02       0.95         2.           14870014   94 
         6.      10.98       0.28       0.95         2.           14870014   95 
         6.       11.2      -0.44       0.95         1.           14870014   96 
         6.       11.5      -0.25       0.95         1.           14870014   97 
ENDDATA             79          0                                 14870014   98 
ENDSUBENT           97          0                                 1487001499999 
SUBENT        14870015   20260512                             153014870015    1 
BIB                  5          9                                 14870015    2 
REACTION   (6-C-13(N,INL)6-C-13,PAR,DA,,LEG)                      14870015    3 
ANALYSIS   Coefficients obtained by fitting a differential cross  14870015    4 
           section using an equation containing a sum of          14870015    5 
           Legendre polynomials.                                  14870015    6 
ERR-ANALYS (DATA-ERR) Fitting uncertainties.                      14870015    7 
FLAG       (1.) May 1990 measurement.                             14870015    8 
           (2.) September 1990 measurement.                       14870015    9 
STATUS     (DEP,14870007)                                         14870015   10 
           (TABLE,,E.Saito,T,SAITO,1993) Table D.6.               14870015   11 
ENDBIB               9          0                                 14870015   12 
COMMON               1          3                                 14870015   13 
E-LVL                                                             14870015   14 
MEV                                                               14870015   15 
       7.55                                                       14870015   16 
ENDCOMMON            3          0                                 14870015   17 
DATA                 5         77                                 14870015   18 
NUMBER     EN         DATA-CM    DATA-ERR   FLAG                  14870015   19 
NO-DIM     MEV        MB/SR      MB/SR      NO-DIM                14870015   20 
         0.       8.73      16.88        1.3         1.           14870015   21 
         0.       8.99      13.71        0.8         1.           14870015   22 
         0.       9.48      11.22       0.55         1.           14870015   23 
         0.       9.98       9.71       0.48         2.           14870015   24 
         0.       9.98       9.25       0.45         1.           14870015   25 
         0.      10.23      10.52       0.52         2.           14870015   26 
         0.      10.48      11.54       0.55         2.           14870015   27 
         0.      10.73       13.1       0.63         2.           14870015   28 
         0.      10.98      11.75       0.57         2.           14870015   29 
         0.       11.2      14.43       0.67         1.           14870015   30 
         0.       11.5      15.92       0.74         1.           14870015   31 
         1.       8.73      -1.86        1.5         1.           14870015   32 
         1.       8.99      -3.49       1.24         1.           14870015   33 
         1.       9.48      -2.89       0.81         1.           14870015   34 
         1.       9.98       2.87       0.73         2.           14870015   35 
         1.       9.98       0.08       0.68         1.           14870015   36 
         1.      10.23       2.87       0.76         2.           14870015   37 
         1.      10.48       2.62       0.86         2.           14870015   38 
         1.      10.73        3.2       1.01         2.           14870015   39 
         1.      10.98        1.9       0.85         2.           14870015   40 
         1.       11.2       -2.7       1.13         1.           14870015   41 
         1.       11.5      -2.06       1.27         1.           14870015   42 
         2.       8.73     -10.07       2.32         1.           14870015   43 
         2.       8.99      -6.02       1.39         1.           14870015   44 
         2.       9.48      -0.86       1.06         1.           14870015   45 
         2.       9.98       0.83       1.01         2.           14870015   46 
         2.       9.98       0.23       0.94         1.           14870015   47 
         2.      10.23      -0.47       1.09         2.           14870015   48 
         2.      10.48       1.17       1.14         2.           14870015   49 
         2.      10.73       2.93       1.32         2.           14870015   50 
         2.      10.98       0.65       1.23         2.           14870015   51 
         2.       11.2       4.22       1.48         1.           14870015   52 
         2.       11.5       6.08        1.7         1.           14870015   53 
         3.       8.73       2.37       2.08         1.           14870015   54 
         3.       8.99       4.09       1.58         1.           14870015   55 
         3.       9.48       0.27       1.26         1.           14870015   56 
         3.       9.98      -1.47       1.11         1.           14870015   57 
         3.       9.98      -1.47       1.18         2.           14870015   58 
         3.      10.23       0.23       1.25         2.           14870015   59 
         3.      10.48       0.48       1.39         2.           14870015   60 
         3.      10.73       0.79       1.59         2.           14870015   61 
         3.      10.98       0.81       1.38         2.           14870015   62 
         3.       11.2      -3.31       1.73         1.           14870015   63 
         3.       11.5      -3.27       1.99         1.           14870015   64 
         4.       8.73       0.03       2.49         1.           14870015   65 
         4.       8.99      -4.11       2.05         1.           14870015   66 
         4.       9.48      -1.66        1.5         1.           14870015   67 
         4.       9.98       2.02       1.38         2.           14870015   68 
         4.       9.98       2.02       1.27         1.           14870015   69 
         4.      10.23       2.26       1.46         2.           14870015   70 
         4.      10.48       1.39        1.6         2.           14870015   71 
         4.      10.73       1.58       1.89         2.           14870015   72 
         4.      10.98       3.55       1.65         2.           14870015   73 
         4.       11.2       1.07       2.03         1.           14870015   74 
         4.       11.5       3.78       2.34         1.           14870015   75 
         5.       8.73         0.         0.         1.           14870015   76 
         5.       8.99         0.         0.         1.           14870015   77 
         5.       9.48       1.39       1.71         1.           14870015   78 
         5.       9.98       2.03       1.62         2.           14870015   79 
         5.       9.98       0.62       1.49         1.           14870015   80 
         5.      10.23      -0.01       1.71         2.           14870015   81 
         5.      10.48      -0.82       1.89         2.           14870015   82 
         5.      10.73      -0.35       2.18         2.           14870015   83 
         5.      10.98       1.06       1.89         2.           14870015   84 
         5.       11.2        1.7       2.33         1.           14870015   85 
         5.       11.5      -2.05       2.68         1.           14870015   86 
         6.       8.73         0.         0.         1.           14870015   87 
         6.       8.99         0.         0.         1.           14870015   88 
         6.       9.48      -1.74       1.93         1.           14870015   89 
         6.       9.98      -1.31       1.77         2.           14870015   90 
         6.       9.98       -0.4        1.7         1.           14870015   91 
         6.      10.23      -0.77       1.85         2.           14870015   92 
         6.      10.48       0.99       2.06         2.           14870015   93 
         6.      10.73       1.22       2.39         2.           14870015   94 
         6.      10.98         0.       2.14         2.           14870015   95 
         6.       11.2       -1.9       2.61         1.           14870015   96 
         6.       11.5       0.51       2.98         1.           14870015   97 
ENDDATA             79          0                                 14870015   98 
ENDSUBENT           97          0                                 1487001599999 
ENDENTRY            15          0                                 1487099999999 
