ENTRY            23674   20251215                             23232367400000001 
SUBENT        23674001   20251215                             23232367400100001 
BIB                 16         40                                 2367400100002 
TITLE      Cross-section measurements of the 19F(n,n'g) reaction  2367400100003 
AUTHOR     (J.K.Knijpstra, M.Boromiza, A.Coman,                   2367400100004 
            A.Farzanehpoor Alwars, N.Kalantar-Nayestanaki,        2367400100005 
            M.Kavatsyuk, A.Negret, M.Nyman, A.Oprea, C.Paradela,  2367400100006 
            A.J.M.Plompen)                                        2367400100007 
INSTITUTE  (2NEDRUG,3RUMBUC,2SF HLS,2ZZZGEL)                      2367400100008 
REFERENCE  (J,EPJ/A,61,233,2025)                                  2367400100009 
           #doi:10.1140/epja/s10050-025-01705-3                   2367400100010 
FACILITY   (LINAC,2ZZZGEL) GELINA                                 2367400100011 
INC-SOURCE (PHOTO)                                                2367400100012 
           . Repetition rate:                 800 Hz              2367400100013 
           . Pulse width:                      ~1 ns              2367400100014 
           . Neutron beam diameter at sample: 6.1 cm              2367400100015 
METHOD     (TOF) Sample positioned at a distance of 99.675(5) m   2367400100016 
            from the neutron source                               2367400100017 
DETECTOR   (HPGE) 12 HPGe detectors (GAINS spectrometer)          2367400100018 
           . Detector position relative to neutron beam:          2367400100019 
              Backward angles - 110 deg, 125 deg, 150 deg         2367400100020 
           (FISCH) 235U fission chamber for flux monitoring       2367400100021 
SAMPLE     Disc-shaped LiF                                        2367400100022 
           . Thickness:    2 mm thick                             2367400100023 
           . Diameter:     80 mm                                  2367400100024 
           . Surface area: 5025.14(2) mm2                         2367400100025 
           . Mass:         27.62(1) g                             2367400100026 
ANALYSIS   Time-of-flight binning : 2.38 nsec                     2367400100027 
MONITOR    (92-U-235(N,F),,SIG)                                   2367400100028 
MONIT-REF  (,A.D.Carlson+,J,NDS,148,143,2018)                     2367400100029 
CORRECTION Corrected for                                          2367400100030 
           . neutron multiple scattering                          2367400100031 
           . lifetime for second excited state (T1/2=89 ns)       2367400100032 
ERR-ANALYS (ERR-S)   Statistics (HPGe detector and fission chamber2367400100033 
           (ERR-SYS) Total systematic uncertainty                 2367400100034 
           (ERR-1)             HPGe efficiency              (2.5%)2367400100035 
           (ERR-2)             Multiple scattering correction (1%)2367400100036 
           (ERR-3)             Fission chamber efficiency   (0.5%)2367400100037 
           (ERR-4)             Mass areal density of uranium(0.2%)2367400100038 
           (MONIT-ERR,1.3,1.5) Monitor cross section    (1.3-1.5%)2367400100039 
STATUS     (APRVD) Approved by Jisk Knijpstra (2025-10-16)        2367400100040 
HISTORY    (20251215R) On. Data received from Jisk Knijpstra.     2367400100041 
           (20251215C) On                                         2367400100042 
ENDBIB              40          0                                 2367400100043 
COMMON               4          3                                 2367400100044 
ERR-1      ERR-2      ERR-3      ERR-4                            2367400100045 
PER-CENT   PER-CENT   PER-CENT   PER-CENT                         2367400100046 
 2.5        1.         0.5        0.2                             2367400100047 
ENDCOMMON            3          0                                 2367400100048 
ENDSUBENT           47          0                                 2367400199999 
SUBENT        23674002   20251215                             23232367400200001 
BIB                  3          4                                 2367400200002 
REACTION   (9-F-19(N,INL)9-F-19,PAR,SIG,G)                        2367400200003 
ANALYSIS   sigma=4pi*[0.65215*dsigma/dOmega(110 deg)+             2367400200004 
                     +0.34786*dsigma/dOmega(150 deg)]             2367400200005 
STATUS     (TABLE,,J.K.Knijpstra+,J,EPJ/A,61,233,2025) Fig.4      2367400200006 
ENDBIB               4          0                                 2367400200007 
NOCOMMON             0          0                                 2367400200008 
DATA                 6       3483                                 2367400200009 
E          EN         TOF        DATA       ERR-S      ERR-SYS    2367400200010 
KEV        MEV        NSEC       B          PER-CENT   PER-CENT   2367400200011 
  110.      6.38142E-2 2.85285E+4 0.00000E+0 0.00000E+0 0.00000E+02367400200012 
  110.      6.39849E-2 2.84905E+4 0.00000E+0 0.00000E+0 0.00000E+02367400200013 
  110.      6.41563E-2 2.84524E+4 0.00000E+0 0.00000E+0 0.00000E+02367400200014 
  110.      6.43284E-2 2.84143E+4 0.00000E+0 0.00000E+0 0.00000E+02367400200015 
  110.      6.45012E-2 2.83762E+4 0.00000E+0 0.00000E+0 0.00000E+02367400200016 
  110.      6.46746E-2 2.83382E+4 0.00000E+0 0.00000E+0 0.00000E+02367400200017 
  110.      6.48488E-2 2.83001E+4 0.00000E+0 0.00000E+0 0.00000E+02367400200018 
  110.      6.50237E-2 2.82620E+4 0.00000E+0 0.00000E+0 0.00000E+02367400200019 
  110.      6.51992E-2 2.82239E+4 0.00000E+0 0.00000E+0 0.00000E+02367400200020 
  110.      6.53755E-2 2.81859E+4 0.00000E+0 0.00000E+0 0.00000E+02367400200021 
  110.      6.55525E-2 2.81478E+4 0.00000E+0 0.00000E+0 0.00000E+02367400200022 
  110.      6.57303E-2 2.81097E+4 0.00000E+0 0.00000E+0 0.00000E+02367400200023 
  110.      6.59087E-2 2.80716E+4 0.00000E+0 0.00000E+0 0.00000E+02367400200024 
  110.      6.60879E-2 2.80335E+4 0.00000E+0 0.00000E+0 0.00000E+02367400200025 
  110.      6.62678E-2 2.79955E+4 0.00000E+0 0.00000E+0 0.00000E+02367400200026 
  110.      6.64485E-2 2.79574E+4 0.00000E+0 0.00000E+0 0.00000E+02367400200027 
  110.      6.66298E-2 2.79193E+4 0.00000E+0 0.00000E+0 0.00000E+02367400200028 
  110.      6.68120E-2 2.78812E+4 0.00000E+0 0.00000E+0 0.00000E+02367400200029 
  110.      6.69949E-2 2.78432E+4 0.00000E+0 0.00000E+0 0.00000E+02367400200030 
  110.      6.71785E-2 2.78051E+4 0.00000E+0 0.00000E+0 0.00000E+02367400200031 
  110.      6.73629E-2 2.77670E+4 0.00000E+0 0.00000E+0 0.00000E+02367400200032 
  110.      6.75480E-2 2.77289E+4 0.00000E+0 0.00000E+0 0.00000E+02367400200033 
  110.      6.77339E-2 2.76909E+4 0.00000E+0 0.00000E+0 0.00000E+02367400200034 
  110.      6.79206E-2 2.76528E+4 0.00000E+0 0.00000E+0 0.00000E+02367400200035 
  110.      6.81081E-2 2.76147E+4 0.00000E+0 0.00000E+0 0.00000E+02367400200036 
  110.      6.82963E-2 2.75766E+4 0.00000E+0 0.00000E+0 0.00000E+02367400200037 
  110.      6.84853E-2 2.75386E+4 0.00000E+0 0.00000E+0 0.00000E+02367400200038 
  110.      6.86751E-2 2.75005E+4 0.00000E+0 0.00000E+0 0.00000E+02367400200039 
  110.      6.88657E-2 2.74624E+4 0.00000E+0 0.00000E+0 0.00000E+02367400200040 
  110.      6.90571E-2 2.74243E+4 0.00000E+0 0.00000E+0 0.00000E+02367400200041 
  110.      6.92492E-2 2.73863E+4 0.00000E+0 0.00000E+0 0.00000E+02367400200042 
  110.      6.94422E-2 2.73482E+4 0.00000E+0 0.00000E+0 0.00000E+02367400200043 
  110.      6.96360E-2 2.73101E+4 0.00000E+0 0.00000E+0 0.00000E+02367400200044 
  110.      6.98306E-2 2.72720E+4 0.00000E+0 0.00000E+0 0.00000E+02367400200045 
  110.      7.00260E-2 2.72339E+4 0.00000E+0 0.00000E+0 0.00000E+02367400200046 
  110.      7.02223E-2 2.71959E+4 0.00000E+0 0.00000E+0 0.00000E+02367400200047 
  110.      7.04194E-2 2.71578E+4 0.00000E+0 0.00000E+0 0.00000E+02367400200048 
  110.      7.06173E-2 2.71197E+4 0.00000E+0 0.00000E+0 0.00000E+02367400200049 
  110.      7.08160E-2 2.70816E+4 0.00000E+0 0.00000E+0 0.00000E+02367400200050 
  110.      7.10156E-2 2.70436E+4 0.00000E+0 0.00000E+0 0.00000E+02367400200051 
  110.      7.12160E-2 2.70055E+4 0.00000E+0 0.00000E+0 0.00000E+02367400200052 
  110.      7.14173E-2 2.69674E+4 0.00000E+0 0.00000E+0 0.00000E+02367400200053 
  110.      7.16194E-2 2.69293E+4 0.00000E+0 0.00000E+0 0.00000E+02367400200054 
  110.      7.18224E-2 2.68913E+4 0.00000E+0 0.00000E+0 0.00000E+02367400200055 
  110.      7.20262E-2 2.68532E+4 0.00000E+0 0.00000E+0 0.00000E+02367400200056 
  110.      7.22309E-2 2.68151E+4 0.00000E+0 0.00000E+0 0.00000E+02367400200057 
  110.      7.24365E-2 2.67770E+4 0.00000E+0 0.00000E+0 0.00000E+02367400200058 
  110.      7.26430E-2 2.67390E+4 0.00000E+0 0.00000E+0 0.00000E+02367400200059 
  110.      7.28503E-2 2.67009E+4 0.00000E+0 0.00000E+0 0.00000E+02367400200060 
  110.      7.30586E-2 2.66628E+4 0.00000E+0 0.00000E+0 0.00000E+02367400200061 
  110.      7.32677E-2 2.66247E+4 0.00000E+0 0.00000E+0 0.00000E+02367400200062 
  110.      7.34778E-2 2.65867E+4 0.00000E+0 0.00000E+0 0.00000E+02367400200063 
  110.      7.36887E-2 2.65486E+4 0.00000E+0 0.00000E+0 0.00000E+02367400200064 
  110.      7.39005E-2 2.65105E+4 0.00000E+0 0.00000E+0 0.00000E+02367400200065 
  110.      7.41133E-2 2.64724E+4 0.00000E+0 0.00000E+0 0.00000E+02367400200066 
  110.      7.43270E-2 2.64343E+4 0.00000E+0 0.00000E+0 0.00000E+02367400200067 
  110.      7.45416E-2 2.63963E+4 0.00000E+0 0.00000E+0 0.00000E+02367400200068 
  110.      7.47572E-2 2.63582E+4 0.00000E+0 0.00000E+0 0.00000E+02367400200069 
  110.      7.49736E-2 2.63201E+4 0.00000E+0 0.00000E+0 0.00000E+02367400200070 
  110.      7.51910E-2 2.62820E+4 0.00000E+0 0.00000E+0 0.00000E+02367400200071 
  110.      7.54094E-2 2.62440E+4 0.00000E+0 0.00000E+0 0.00000E+02367400200072 
  110.      7.56287E-2 2.62059E+4 0.00000E+0 0.00000E+0 0.00000E+02367400200073 
  110.      7.58490E-2 2.61678E+4 0.00000E+0 0.00000E+0 0.00000E+02367400200074 
  110.      7.60703E-2 2.61297E+4 0.00000E+0 0.00000E+0 0.00000E+02367400200075 
  110.      7.62925E-2 2.60917E+4 0.00000E+0 0.00000E+0 0.00000E+02367400200076 
  110.      7.65157E-2 2.60536E+4 0.00000E+0 0.00000E+0 0.00000E+02367400200077 
  110.      7.67398E-2 2.60155E+4 0.00000E+0 0.00000E+0 0.00000E+02367400200078 
  110.      7.69650E-2 2.59774E+4 0.00000E+0 0.00000E+0 0.00000E+02367400200079 
  110.      7.71911E-2 2.59394E+4 0.00000E+0 0.00000E+0 0.00000E+02367400200080 
  110.      7.74183E-2 2.59013E+4 0.00000E+0 0.00000E+0 0.00000E+02367400200081 
  110.      7.76464E-2 2.58632E+4 0.00000E+0 0.00000E+0 0.00000E+02367400200082 
  110.      7.78756E-2 2.58251E+4 0.00000E+0 0.00000E+0 0.00000E+02367400200083 
  110.      7.81057E-2 2.57871E+4 0.00000E+0 0.00000E+0 0.00000E+02367400200084 
  110.      7.83369E-2 2.57490E+4 0.00000E+0 0.00000E+0 0.00000E+02367400200085 
  110.      7.85692E-2 2.57109E+4 0.00000E+0 0.00000E+0 0.00000E+02367400200086 
  110.      7.88024E-2 2.56728E+4 0.00000E+0 0.00000E+0 0.00000E+02367400200087 
  110.      7.90367E-2 2.56347E+4 0.00000E+0 0.00000E+0 0.00000E+02367400200088 
  110.      7.92721E-2 2.55967E+4 0.00000E+0 0.00000E+0 0.00000E+02367400200089 
  110.      7.95085E-2 2.55586E+4 0.00000E+0 0.00000E+0 0.00000E+02367400200090 
  110.      7.97459E-2 2.55205E+4 0.00000E+0 0.00000E+0 0.00000E+02367400200091 
  110.      7.99845E-2 2.54824E+4 0.00000E+0 0.00000E+0 0.00000E+02367400200092 
  110.      8.02240E-2 2.54444E+4 0.00000E+0 0.00000E+0 0.00000E+02367400200093 
  110.      8.04647E-2 2.54063E+4 0.00000E+0 0.00000E+0 0.00000E+02367400200094 
  110.      8.07065E-2 2.53682E+4 0.00000E+0 0.00000E+0 0.00000E+02367400200095 
  110.      8.09493E-2 2.53301E+4 0.00000E+0 0.00000E+0 0.00000E+02367400200096 
  110.      8.11933E-2 2.52921E+4 0.00000E+0 0.00000E+0 0.00000E+02367400200097 
  110.      8.14383E-2 2.52540E+4 0.00000E+0 0.00000E+0 0.00000E+02367400200098 
  110.      8.16845E-2 2.52159E+4 0.00000E+0 0.00000E+0 0.00000E+02367400200099 
  110.      8.19318E-2 2.51778E+4 0.00000E+0 0.00000E+0 0.00000E+02367400200100 
  110.      8.21802E-2 2.51398E+4 0.00000E+0 0.00000E+0 0.00000E+02367400200101 
  110.      8.24297E-2 2.51017E+4 0.00000E+0 0.00000E+0 0.00000E+02367400200102 
  110.      8.26804E-2 2.50636E+4 0.00000E+0 0.00000E+0 0.00000E+02367400200103 
  110.      8.29322E-2 2.50255E+4 0.00000E+0 0.00000E+0 0.00000E+02367400200104 
  110.      8.31852E-2 2.49875E+4 0.00000E+0 0.00000E+0 0.00000E+02367400200105 
  110.      8.34393E-2 2.49494E+4 0.00000E+0 0.00000E+0 0.00000E+02367400200106 
  110.      8.36946E-2 2.49113E+4 0.00000E+0 0.00000E+0 0.00000E+02367400200107 
  110.      8.39511E-2 2.48732E+4 0.00000E+0 0.00000E+0 0.00000E+02367400200108 
  110.      8.42087E-2 2.48351E+4 0.00000E+0 0.00000E+0 0.00000E+02367400200109 
  110.      8.44676E-2 2.47971E+4 0.00000E+0 0.00000E+0 0.00000E+02367400200110 
  110.      8.47276E-2 2.47590E+4 0.00000E+0 0.00000E+0 0.00000E+02367400200111 
  110.      8.49888E-2 2.47209E+4 0.00000E+0 0.00000E+0 0.00000E+02367400200112 
  110.      8.52513E-2 2.46828E+4 0.00000E+0 0.00000E+0 0.00000E+02367400200113 
  110.      8.55150E-2 2.46448E+4 0.00000E+0 0.00000E+0 0.00000E+02367400200114 
  110.      8.57799E-2 2.46067E+4 0.00000E+0 0.00000E+0 0.00000E+02367400200115 
  110.      8.60460E-2 2.45686E+4 0.00000E+0 0.00000E+0 0.00000E+02367400200116 
  110.      8.63133E-2 2.45305E+4 0.00000E+0 0.00000E+0 0.00000E+02367400200117 
  110.      8.65820E-2 2.44925E+4 0.00000E+0 0.00000E+0 0.00000E+02367400200118 
  110.      8.68518E-2 2.44544E+4 0.00000E+0 0.00000E+0 0.00000E+02367400200119 
  110.      8.71230E-2 2.44163E+4 0.00000E+0 0.00000E+0 0.00000E+02367400200120 
  110.      8.73954E-2 2.43782E+4 0.00000E+0 0.00000E+0 0.00000E+02367400200121 
  110.      8.76690E-2 2.43402E+4 0.00000E+0 0.00000E+0 0.00000E+02367400200122 
  110.      8.79440E-2 2.43021E+4 0.00000E+0 0.00000E+0 0.00000E+02367400200123 
  110.      8.82203E-2 2.42640E+4 0.00000E+0 0.00000E+0 0.00000E+02367400200124 
  110.      8.84979E-2 2.42259E+4 0.00000E+0 0.00000E+0 0.00000E+02367400200125 
  110.      8.87767E-2 2.41879E+4 0.00000E+0 0.00000E+0 0.00000E+02367400200126 
  110.      8.90569E-2 2.41498E+4 0.00000E+0 0.00000E+0 0.00000E+02367400200127 
  110.      8.93385E-2 2.41117E+4 0.00000E+0 0.00000E+0 0.00000E+02367400200128 
  110.      8.96213E-2 2.40736E+4 0.00000E+0 0.00000E+0 0.00000E+02367400200129 
  110.      8.99056E-2 2.40355E+4 0.00000E+0 0.00000E+0 0.00000E+02367400200130 
  110.      9.01911E-2 2.39975E+4 0.00000E+0 0.00000E+0 0.00000E+02367400200131 
  110.      9.04781E-2 2.39594E+4 0.00000E+0 0.00000E+0 0.00000E+02367400200132 
  110.      9.07664E-2 2.39213E+4 0.00000E+0 0.00000E+0 0.00000E+02367400200133 
  110.      9.10560E-2 2.38832E+4 0.00000E+0 0.00000E+0 0.00000E+02367400200134 
  110.      9.13471E-2 2.38452E+4 0.00000E+0 0.00000E+0 0.00000E+02367400200135 
  110.      9.16396E-2 2.38071E+4 0.00000E+0 0.00000E+0 0.00000E+02367400200136 
  110.      9.19335E-2 2.37690E+4 0.00000E+0 0.00000E+0 0.00000E+02367400200137 
  110.      9.22288E-2 2.37309E+4 0.00000E+0 0.00000E+0 0.00000E+02367400200138 
  110.      9.25255E-2 2.36929E+4 0.00000E+0 0.00000E+0 0.00000E+02367400200139 
  110.      9.28236E-2 2.36548E+4 0.00000E+0 0.00000E+0 0.00000E+02367400200140 
  110.      9.31232E-2 2.36167E+4 0.00000E+0 0.00000E+0 0.00000E+02367400200141 
  110.      9.34243E-2 2.35786E+4 0.00000E+0 0.00000E+0 0.00000E+02367400200142 
  110.      9.37268E-2 2.35406E+4 0.00000E+0 0.00000E+0 0.00000E+02367400200143 
  110.      9.40308E-2 2.35025E+4 0.00000E+0 0.00000E+0 0.00000E+02367400200144 
  110.      9.43362E-2 2.34644E+4 0.00000E+0 0.00000E+0 0.00000E+02367400200145 
  110.      9.46432E-2 2.34263E+4 0.00000E+0 0.00000E+0 0.00000E+02367400200146 
  110.      9.49517E-2 2.33883E+4 0.00000E+0 0.00000E+0 0.00000E+02367400200147 
  110.      9.52616E-2 2.33502E+4 0.00000E+0 0.00000E+0 0.00000E+02367400200148 
  110.      9.55731E-2 2.33121E+4 0.00000E+0 0.00000E+0 0.00000E+02367400200149 
  110.      9.58861E-2 2.32740E+4 0.00000E+0 0.00000E+0 0.00000E+02367400200150 
  110.      9.62007E-2 2.32359E+4 0.00000E+0 0.00000E+0 0.00000E+02367400200151 
  110.      9.65168E-2 2.31979E+4 0.00000E+0 0.00000E+0 0.00000E+02367400200152 
  110.      9.68345E-2 2.31598E+4 0.00000E+0 0.00000E+0 0.00000E+02367400200153 
  110.      9.71537E-2 2.31217E+4 0.00000E+0 0.00000E+0 0.00000E+02367400200154 
  110.      9.74745E-2 2.30836E+4 0.00000E+0 0.00000E+0 0.00000E+02367400200155 
  110.      9.77969E-2 2.30456E+4 0.00000E+0 0.00000E+0 0.00000E+02367400200156 
  110.      9.81210E-2 2.30075E+4 0.00000E+0 0.00000E+0 0.00000E+02367400200157 
  110.      9.84466E-2 2.29694E+4 0.00000E+0 0.00000E+0 0.00000E+02367400200158 
  110.      9.87738E-2 2.29313E+4 0.00000E+0 0.00000E+0 0.00000E+02367400200159 
  110.      9.91027E-2 2.28933E+4 0.00000E+0 0.00000E+0 0.00000E+02367400200160 
  110.      9.94333E-2 2.28552E+4 0.00000E+0 0.00000E+0 0.00000E+02367400200161 
  110.      9.97654E-2 2.28171E+4 0.00000E+0 0.00000E+0 0.00000E+02367400200162 
  110.      1.00099E-1 2.27790E+4 0.00000E+0 0.00000E+0 0.00000E+02367400200163 
  110.      1.00435E-1 2.27410E+4 0.00000E+0 0.00000E+0 0.00000E+02367400200164 
  110.      1.00772E-1 2.27029E+4 0.00000E+0 0.00000E+0 0.00000E+02367400200165 
  110.      1.01111E-1 2.26648E+4 0.00000E+0 0.00000E+0 0.00000E+02367400200166 
  110.      1.01452E-1 2.26267E+4 0.00000E+0 0.00000E+0 0.00000E+02367400200167 
  110.      1.01794E-1 2.25887E+4 0.00000E+0 0.00000E+0 0.00000E+02367400200168 
  110.      1.02138E-1 2.25506E+4 0.00000E+0 0.00000E+0 0.00000E+02367400200169 
  110.      1.02484E-1 2.25125E+4 0.00000E+0 0.00000E+0 0.00000E+02367400200170 
  110.      1.02832E-1 2.24744E+4 0.00000E+0 0.00000E+0 0.00000E+02367400200171 
  110.      1.03181E-1 2.24363E+4 0.00000E+0 0.00000E+0 0.00000E+02367400200172 
  110.      1.03532E-1 2.23983E+4 0.00000E+0 0.00000E+0 0.00000E+02367400200173 
  110.      1.03885E-1 2.23602E+4 0.00000E+0 0.00000E+0 0.00000E+02367400200174 
  110.      1.04240E-1 2.23221E+4 0.00000E+0 0.00000E+0 0.00000E+02367400200175 
  110.      1.04596E-1 2.22840E+4 0.00000E+0 0.00000E+0 0.00000E+02367400200176 
  110.      1.04955E-1 2.22460E+4 0.00000E+0 0.00000E+0 0.00000E+02367400200177 
  110.      1.05315E-1 2.22079E+4 0.00000E+0 0.00000E+0 0.00000E+02367400200178 
  110.      1.05677E-1 2.21698E+4 0.00000E+0 0.00000E+0 0.00000E+02367400200179 
  110.      1.06041E-1 2.21317E+4 0.00000E+0 0.00000E+0 0.00000E+02367400200180 
  110.      1.06407E-1 2.20937E+4 0.00000E+0 0.00000E+0 0.00000E+02367400200181 
  110.      1.06775E-1 2.20556E+4 0.00000E+0 0.00000E+0 0.00000E+02367400200182 
  110.      1.07145E-1 2.20175E+4 0.00000E+0 0.00000E+0 0.00000E+02367400200183 
  110.      1.07516E-1 2.19794E+4 0.00000E+0 0.00000E+0 0.00000E+02367400200184 
  110.      1.07890E-1 2.19414E+4 0.00000E+0 0.00000E+0 0.00000E+02367400200185 
  110.      1.08265E-1 2.19033E+4 0.00000E+0 0.00000E+0 0.00000E+02367400200186 
  110.      1.08643E-1 2.18652E+4 0.00000E+0 0.00000E+0 0.00000E+02367400200187 
  110.      1.09022E-1 2.18271E+4 0.00000E+0 0.00000E+0 0.00000E+02367400200188 
  110.      1.09404E-1 2.17891E+4 0.00000E+0 0.00000E+0 0.00000E+02367400200189 
  110.      1.09787E-1 2.17510E+4 0.00000E+0 0.00000E+0 0.00000E+02367400200190 
  110.      1.10172E-1 2.17129E+4 0.00000E+0 0.00000E+0 0.00000E+02367400200191 
  110.      1.10560E-1 2.16748E+4 0.00000E+0 0.00000E+0 0.00000E+02367400200192 
  110.      1.10949E-1 2.16367E+4 0.00000E+0 0.00000E+0 0.00000E+02367400200193 
  110.      1.11341E-1 2.15987E+4 0.00000E+0 0.00000E+0 0.00000E+02367400200194 
  110.      1.11735E-1 2.15606E+4 0.00000E+0 0.00000E+0 0.00000E+02367400200195 
  110.      1.12131E-1 2.15225E+4 0.00000E+0 0.00000E+0 0.00000E+02367400200196 
  110.      1.12528E-1 2.14844E+4 0.00000E+0 0.00000E+0 0.00000E+02367400200197 
  110.      1.12928E-1 2.14464E+4 0.00000E+0 0.00000E+0 0.00000E+02367400200198 
  110.      1.13331E-1 2.14083E+4 0.00000E+0 0.00000E+0 0.00000E+02367400200199 
  110.      1.13735E-1 2.13702E+4 0.00000E+0 0.00000E+0 0.00000E+02367400200200 
  110.      1.14141E-1 2.13321E+4 0.00000E+0 0.00000E+0 0.00000E+02367400200201 
  110.      1.14756E-1 2.12749E+4 6.04271E-2 6.91913E+1 5.53371E+02367400200202 
  110.      1.15791E-1 2.11796E+4 8.42479E-2 2.47047E+1 5.53371E+02367400200203 
  110.      1.16838E-1 2.10846E+4 1.44373E-1 2.22306E+1 5.53371E+02367400200204 
  110.      1.17687E-1 2.10084E+4 1.73686E-1 1.56784E+1 5.53371E+02367400200205 
  110.      1.18545E-1 2.09323E+4 2.53365E-1 1.49521E+1 5.53371E+02367400200206 
  110.      1.19412E-1 2.08561E+4 2.41773E-1 1.59946E+1 5.53371E+02367400200207 
  110.      1.20289E-1 2.07800E+4 1.87647E-1 1.63357E+1 5.53371E+02367400200208 
  110.      1.21176E-1 2.07038E+4 2.16432E-1 1.43827E+1 5.53371E+02367400200209 
  110.      1.22072E-1 2.06277E+4 1.91743E-1 1.53151E+1 5.53371E+02367400200210 
  110.      1.22979E-1 2.05515E+4 3.14032E-1 1.17149E+1 5.53371E+02367400200211 
  110.      1.23896E-1 2.04753E+4 2.88357E-1 1.24785E+1 5.53371E+02367400200212 
  110.      1.24823E-1 2.03992E+4 2.92592E-1 1.33838E+1 5.53371E+02367400200213 
  110.      1.25760E-1 2.03230E+4 3.71295E-1 1.18477E+1 5.53371E+02367400200214 
  110.      1.26708E-1 2.02469E+4 3.52419E-1 1.04604E+1 5.53371E+02367400200215 
  110.      1.27667E-1 2.01707E+4 3.02077E-1 1.08014E+1 5.53371E+02367400200216 
  110.      1.28636E-1 2.00946E+4 2.70376E-1 1.07833E+1 5.53371E+02367400200217 
  110.      1.29617E-1 2.00184E+4 2.52760E-1 1.13133E+1 5.53371E+02367400200218 
  110.      1.30609E-1 1.99423E+4 2.71772E-1 1.07733E+1 5.53371E+02367400200219 
  110.      1.31613E-1 1.98661E+4 3.79583E-1 9.15631E+0 5.53371E+02367400200220 
  110.      1.32628E-1 1.97900E+4 3.93447E-1 9.01007E+0 5.53371E+02367400200221 
  110.      1.33654E-1 1.97138E+4 4.16468E-1 9.33946E+0 5.53371E+02367400200222 
  110.      1.34693E-1 1.96377E+4 4.70283E-1 9.55732E+0 5.53371E+02367400200223 
  110.      1.35744E-1 1.95615E+4 4.53850E-1 1.02486E+1 5.53371E+02367400200224 
  110.      1.36808E-1 1.94854E+4 4.38935E-1 1.04007E+1 5.53371E+02367400200225 
  110.      1.37884E-1 1.94092E+4 3.28870E-1 1.14557E+1 5.53371E+02367400200226 
  110.      1.38972E-1 1.93331E+4 2.67112E-1 1.21684E+1 5.53371E+02367400200227 
  110.      1.40074E-1 1.92569E+4 2.20965E-1 1.32748E+1 5.53371E+02367400200228 
  110.      1.41188E-1 1.91807E+4 2.02932E-1 1.15471E+1 5.53371E+02367400200229 
  110.      1.42316E-1 1.91046E+4 2.83604E-1 1.12495E+1 5.53371E+02367400200230 
  110.      1.43458E-1 1.90284E+4 2.89762E-1 1.16177E+1 5.53371E+02367400200231 
  110.      1.44614E-1 1.89523E+4 2.86656E-1 1.14743E+1 5.53371E+02367400200232 
  110.      1.45783E-1 1.88761E+4 2.58230E-1 1.06208E+1 5.53371E+02367400200233 
  110.      1.46967E-1 1.88000E+4 2.25372E-1 1.05183E+1 5.53371E+02367400200234 
  110.      1.48165E-1 1.87238E+4 2.37207E-1 1.04130E+1 5.53371E+02367400200235 
  110.      1.49378E-1 1.86477E+4 2.86512E-1 9.73687E+0 5.53371E+02367400200236 
  110.      1.50606E-1 1.85715E+4 2.87520E-1 9.90326E+0 5.53371E+02367400200237 
  110.      1.51849E-1 1.84954E+4 3.40899E-1 8.79341E+0 5.53371E+02367400200238 
  110.      1.53107E-1 1.84192E+4 3.70634E-1 8.49357E+0 5.53371E+02367400200239 
  110.      1.54382E-1 1.83431E+4 3.17612E-1 9.42967E+0 5.53371E+02367400200240 
  110.      1.55672E-1 1.82669E+4 3.29580E-1 9.37769E+0 5.53371E+02367400200241 
  110.      1.56978E-1 1.81908E+4 3.39845E-1 9.84638E+0 5.53371E+02367400200242 
  110.      1.58301E-1 1.81146E+4 3.44644E-1 8.76844E+0 5.53371E+02367400200243 
  110.      1.59641E-1 1.80385E+4 3.15946E-1 8.34966E+0 5.53371E+02367400200244 
  110.      1.60998E-1 1.79623E+4 3.51591E-1 8.48140E+0 5.58314E+02367400200245 
  110.      1.62372E-1 1.78862E+4 3.59232E-1 7.78679E+0 5.63371E+02367400200246 
  110.      1.63764E-1 1.78100E+4 4.39471E-1 7.24113E+0 5.63371E+02367400200247 
  110.      1.65174E-1 1.77338E+4 3.74729E-1 7.38556E+0 5.63371E+02367400200248 
  110.      1.66602E-1 1.76577E+4 3.37124E-1 7.36709E+0 5.63371E+02367400200249 
  110.      1.68049E-1 1.75815E+4 3.26626E-1 7.16889E+0 5.63371E+02367400200250 
  110.      1.69514E-1 1.75054E+4 3.08647E-1 6.79390E+0 5.63371E+02367400200251 
  110.      1.70999E-1 1.74292E+4 3.79161E-1 6.54408E+0 5.63371E+02367400200252 
  110.      1.72504E-1 1.73531E+4 4.05442E-1 6.27880E+0 5.63371E+02367400200253 
  110.      1.74028E-1 1.72769E+4 3.98947E-1 6.25467E+0 5.63371E+02367400200254 
  110.      1.75573E-1 1.72008E+4 4.21642E-1 6.42371E+0 5.73371E+02367400200255 
  110.      1.77139E-1 1.71246E+4 4.61855E-1 5.99525E+0 5.73371E+02367400200256 
  110.      1.78725E-1 1.70485E+4 4.50145E-1 6.17026E+0 5.73371E+02367400200257 
  110.      1.80333E-1 1.69723E+4 5.56453E-1 6.06926E+0 5.73371E+02367400200258 
  110.      1.81963E-1 1.68962E+4 5.70037E-1 5.88028E+0 5.73371E+02367400200259 
  110.      1.83615E-1 1.68200E+4 5.76937E-1 5.72313E+0 5.73371E+02367400200260 
  110.      1.85289E-1 1.67439E+4 5.47657E-1 5.62242E+0 5.73371E+02367400200261 
  110.      1.86987E-1 1.66677E+4 4.61575E-1 5.78544E+0 5.68707E+02367400200262 
  110.      1.88707E-1 1.65916E+4 5.07460E-1 5.60177E+0 5.63371E+02367400200263 
  110.      1.90452E-1 1.65154E+4 5.36805E-1 5.45321E+0 5.63371E+02367400200264 
  110.      1.92221E-1 1.64392E+4 5.90601E-1 5.57707E+0 5.63371E+02367400200265 
  110.      1.94015E-1 1.63631E+4 6.34392E-1 5.44543E+0 5.63371E+02367400200266 
  110.      1.95834E-1 1.62869E+4 7.04173E-1 5.34558E+0 5.63371E+02367400200267 
  110.      1.97679E-1 1.62108E+4 7.17368E-1 5.10724E+0 5.63371E+02367400200268 
  110.      1.99550E-1 1.61346E+4 7.57909E-1 5.08351E+0 5.63371E+02367400200269 
  110.      2.01448E-1 1.60585E+4 7.43589E-1 4.96081E+0 5.63371E+02367400200270 
  110.      2.03373E-1 1.59823E+4 7.98005E-1 4.93592E+0 5.63371E+02367400200271 
  110.      2.05326E-1 1.59062E+4 8.25128E-1 4.90834E+0 5.63371E+02367400200272 
  110.      2.07306E-1 1.58300E+4 8.80651E-1 4.77977E+0 5.63371E+02367400200273 
  110.      2.09316E-1 1.57539E+4 9.81385E-1 4.91185E+0 5.63371E+02367400200274 
  110.      2.11355E-1 1.56777E+4 1.05392E+0 4.82254E+0 5.63371E+02367400200275 
  110.      2.13424E-1 1.56016E+4 1.15942E+0 4.70322E+0 5.63371E+02367400200276 
  110.      2.15524E-1 1.55254E+4 1.28482E+0 4.56962E+0 5.63371E+02367400200277 
  110.      2.17655E-1 1.54493E+4 1.39083E+0 4.56179E+0 5.63371E+02367400200278 
  110.      2.19817E-1 1.53731E+4 1.29968E+0 4.35905E+0 5.63371E+02367400200279 
  110.      2.22012E-1 1.52970E+4 1.37704E+0 4.20090E+0 5.63371E+02367400200280 
  110.      2.24240E-1 1.52208E+4 1.40255E+0 4.16676E+0 5.63371E+02367400200281 
  110.      2.26501E-1 1.51446E+4 1.45510E+0 4.02364E+0 5.63371E+02367400200282 
  110.      2.28797E-1 1.50685E+4 1.50536E+0 3.92598E+0 5.63371E+02367400200283 
  110.      2.31129E-1 1.49923E+4 1.50024E+0 3.83059E+0 5.63371E+02367400200284 
  110.      2.33495E-1 1.49162E+4 1.52650E+0 3.83235E+0 5.63371E+02367400200285 
  110.      2.35899E-1 1.48400E+4 1.68890E+0 3.90935E+0 5.63371E+02367400200286 
  110.      2.38340E-1 1.47639E+4 1.88804E+0 3.86422E+0 5.63371E+02367400200287 
  110.      2.40819E-1 1.46877E+4 2.02306E+0 3.93549E+0 5.63371E+02367400200288 
  110.      2.43336E-1 1.46116E+4 2.04475E+0 3.83855E+0 5.63371E+02367400200289 
  110.      2.45894E-1 1.45354E+4 1.99807E+0 3.77850E+0 5.63371E+02367400200290 
  110.      2.48492E-1 1.44593E+4 2.00544E+0 3.79594E+0 5.63371E+02367400200291 
  110.      2.51131E-1 1.43831E+4 1.94292E+0 3.72806E+0 5.63371E+02367400200292 
  110.      2.53813E-1 1.43070E+4 1.91653E+0 3.67198E+0 5.63371E+02367400200293 
  110.      2.56538E-1 1.42308E+4 1.83103E+0 3.56815E+0 5.63371E+02367400200294 
  110.      2.59306E-1 1.41547E+4 1.83302E+0 3.47613E+0 5.63371E+02367400200295 
  110.      2.62121E-1 1.40785E+4 1.90880E+0 3.43078E+0 5.63371E+02367400200296 
  110.      2.64981E-1 1.40023E+4 2.06123E+0 3.46315E+0 5.63371E+02367400200297 
  110.      2.67888E-1 1.39262E+4 2.21523E+0 3.49654E+0 5.63371E+02367400200298 
  110.      2.70843E-1 1.38500E+4 1.78595E+0 3.47330E+0 5.63371E+02367400200299 
  110.      2.73848E-1 1.37739E+4 1.32235E+0 3.43448E+0 5.63371E+02367400200300 
  110.      2.76902E-1 1.36977E+4 1.15608E+0 3.48113E+0 5.63371E+02367400200301 
  110.      2.80008E-1 1.36216E+4 1.00970E+0 3.32731E+0 5.63371E+02367400200302 
  110.      2.83167E-1 1.35454E+4 9.54444E-1 3.31097E+0 5.63371E+02367400200303 
  110.      2.86380E-1 1.34693E+4 8.06672E-1 3.26295E+0 5.63371E+02367400200304 
  110.      2.89647E-1 1.33931E+4 6.95909E-1 3.20514E+0 5.63371E+02367400200305 
  110.      2.92971E-1 1.33170E+4 6.03653E-1 3.09717E+0 5.53371E+02367400200306 
  110.      2.96352E-1 1.32408E+4 5.71222E-1 3.09951E+0 5.53371E+02367400200307 
  110.      2.99792E-1 1.31647E+4 5.41073E-1 3.12359E+0 5.53371E+02367400200308 
  110.      3.03293E-1 1.30885E+4 4.95676E-1 3.20109E+0 5.53371E+02367400200309 
  110.      3.06855E-1 1.30124E+4 4.72832E-1 3.27929E+0 5.53371E+02367400200310 
  110.      3.10480E-1 1.29362E+4 4.25421E-1 3.28922E+0 5.53371E+02367400200311 
  110.      3.14170E-1 1.28601E+4 3.39661E-1 3.31048E+0 5.53371E+02367400200312 
  110.      3.17926E-1 1.27839E+4 3.16429E-1 3.30023E+0 5.53371E+02367400200313 
  110.      3.21750E-1 1.27077E+4 2.75087E-1 3.21875E+0 5.53371E+02367400200314 
  110.      3.25643E-1 1.26316E+4 2.56493E-1 3.22630E+0 5.53371E+02367400200315 
  110.      3.29607E-1 1.25554E+4 2.46987E-1 3.21995E+0 5.53371E+02367400200316 
  110.      3.33645E-1 1.24793E+4 2.19150E-1 3.19771E+0 5.53371E+02367400200317 
  110.      3.37757E-1 1.24031E+4 2.22535E-1 3.15759E+0 5.53371E+02367400200318 
  110.      3.41945E-1 1.23270E+4 2.20776E-1 3.11355E+0 5.53371E+02367400200319 
  110.      3.46212E-1 1.22508E+4 2.17525E-1 3.20999E+0 5.53371E+02367400200320 
  110.      3.50559E-1 1.21747E+4 2.22539E-1 3.10703E+0 5.53371E+02367400200321 
  110.      3.54988E-1 1.20985E+4 2.17104E-1 3.06000E+0 5.53371E+02367400200322 
  110.      3.59502E-1 1.20224E+4 2.03385E-1 3.04034E+0 5.53371E+02367400200323 
  110.      3.64103E-1 1.19462E+4 1.98430E-1 2.98795E+0 5.53371E+02367400200324 
  110.      3.68793E-1 1.18701E+4 2.23859E-1 2.87935E+0 5.53371E+02367400200325 
  110.      3.73574E-1 1.17939E+4 2.88754E-1 2.84181E+0 5.58390E+02367400200326 
  110.      3.78448E-1 1.17178E+4 3.19466E-1 2.83278E+0 5.63371E+02367400200327 
  110.      3.83418E-1 1.16416E+4 3.77437E-1 2.78588E+0 5.63371E+02367400200328 
  110.      3.88487E-1 1.15654E+4 1.80913E-1 3.14776E+0 5.63371E+02367400200329 
  110.      3.93658E-1 1.14893E+4 1.46078E-1 3.21908E+0 5.63371E+02367400200330 
  110.      3.98932E-1 1.14131E+4 1.37978E-1 3.29687E+0 5.63371E+02367400200331 
  110.      4.04313E-1 1.13370E+4 1.25696E-1 3.34402E+0 5.63371E+02367400200332 
  110.      4.09803E-1 1.12608E+4 1.35802E-1 3.27497E+0 5.63371E+02367400200333 
  110.      4.15407E-1 1.11847E+4 1.58240E-1 3.06393E+0 5.63371E+02367400200334 
  110.      4.21126E-1 1.11085E+4 1.26113E-1 3.19123E+0 5.63371E+02367400200335 
  110.      4.26964E-1 1.10324E+4 8.40260E-2 3.56830E+0 5.63371E+02367400200336 
  110.      4.32924E-1 1.09562E+4 8.29918E-2 3.47206E+0 5.63371E+02367400200337 
  110.      4.39010E-1 1.08801E+4 8.19470E-2 3.30289E+0 5.63371E+02367400200338 
  110.      4.45225E-1 1.08039E+4 8.18054E-2 3.20979E+0 5.63371E+02367400200339 
  110.      4.51573E-1 1.07278E+4 8.36674E-2 3.08592E+0 5.63371E+02367400200340 
  110.      4.58058E-1 1.06516E+4 9.50051E-2 2.86288E+0 5.63371E+02367400200341 
  110.      4.64683E-1 1.05754E+4 1.15979E-1 2.70507E+0 5.63371E+02367400200342 
  110.      4.71454E-1 1.04993E+4 1.60972E-1 2.35369E+0 5.63371E+02367400200343 
  110.      4.78373E-1 1.04231E+4 2.62856E-1 2.13752E+0 5.63371E+02367400200344 
  110.      4.85446E-1 1.03470E+4 3.95096E-1 2.04213E+0 5.63371E+02367400200345 
  110.      4.92677E-1 1.02708E+4 3.71397E-1 2.04110E+0 5.53371E+02367400200346 
  110.      5.00071E-1 1.01947E+4 1.91654E-1 2.32688E+0 5.53371E+02367400200347 
  110.      5.07633E-1 1.01185E+4 1.18238E-1 2.48186E+0 5.53371E+02367400200348 
  110.      5.15368E-1 1.00424E+4 7.93383E-2 2.78289E+0 5.63371E+02367400200349 
  110.      5.23280E-1 9.96621E+3 6.47024E-2 2.89283E+0 5.63371E+02367400200350 
  110.      5.31377E-1 9.89006E+3 5.47637E-2 2.98548E+0 5.63371E+02367400200351 
  110.      5.39663E-1 9.81391E+3 5.35428E-2 3.00684E+0 5.63371E+02367400200352 
  110.      5.48144E-1 9.73775E+3 5.12604E-2 2.99561E+0 5.63371E+02367400200353 
  110.      5.56827E-1 9.66160E+3 4.73963E-2 3.18280E+0 5.63371E+02367400200354 
  110.      5.65718E-1 9.58544E+3 4.67480E-2 3.14330E+0 5.63371E+02367400200355 
  110.      5.74823E-1 9.50929E+3 5.12255E-2 2.83473E+0 5.63371E+02367400200356 
  110.      5.84151E-1 9.43314E+3 7.22227E-2 2.43935E+0 5.63371E+02367400200357 
  110.      5.93707E-1 9.35698E+3 8.92773E-2 2.27691E+0 5.53371E+02367400200358 
  110.      6.03500E-1 9.28083E+3 5.45547E-2 2.79127E+0 5.53371E+02367400200359 
  110.      6.13537E-1 9.20467E+3 4.15442E-2 3.12533E+0 5.53371E+02367400200360 
  110.      6.23827E-1 9.12852E+3 4.20859E-2 3.09624E+0 5.53371E+02367400200361 
  110.      6.34378E-1 9.05236E+3 4.14396E-2 3.05044E+0 5.53371E+02367400200362 
  110.      6.45199E-1 8.97621E+3 3.77745E-2 3.14014E+0 5.53371E+02367400200363 
  110.      6.56299E-1 8.90006E+3 4.09204E-2 2.91382E+0 5.53371E+02367400200364 
  110.      6.67688E-1 8.82390E+3 4.60238E-2 2.72889E+0 5.53371E+02367400200365 
  110.      6.79377E-1 8.74775E+3 5.15652E-2 2.58498E+0 5.53371E+02367400200366 
  110.      6.91375E-1 8.67159E+3 6.19903E-2 2.39264E+0 5.53371E+02367400200367 
  110.      7.03694E-1 8.59544E+3 7.96686E-2 2.17443E+0 5.53371E+02367400200368 
  110.      7.16346E-1 8.51928E+3 1.00416E-1 1.95129E+0 5.53371E+02367400200369 
  110.      7.29341E-1 8.44313E+3 1.24873E-1 1.79841E+0 5.53371E+02367400200370 
  110.      7.42694E-1 8.36697E+3 1.43578E-1 1.69554E+0 5.53371E+02367400200371 
  110.      7.56418E-1 8.29082E+3 1.98306E-1 1.51779E+0 5.53371E+02367400200372 
  110.      7.70525E-1 8.21466E+3 2.99691E-1 1.39512E+0 5.53371E+02367400200373 
  110.      7.85030E-1 8.13851E+3 4.17919E-1 1.32024E+0 5.53371E+02367400200374 
  110.      7.99950E-1 8.06236E+3 3.85331E-1 1.33774E+0 5.53371E+02367400200375 
  110.      8.15299E-1 7.98620E+3 2.51483E-1 1.41203E+0 5.53371E+02367400200376 
  110.      8.31094E-1 7.91005E+3 2.07470E-1 1.41518E+0 5.53371E+02367400200377 
  110.      8.47353E-1 7.83389E+3 2.58859E-1 1.31974E+0 5.53371E+02367400200378 
  110.      8.64094E-1 7.75774E+3 1.26449E-1 1.63338E+0 5.53371E+02367400200379 
  110.      8.81337E-1 7.68158E+3 8.39160E-2 1.71616E+0 5.53371E+02367400200380 
  110.      8.99101E-1 7.60542E+3 8.26466E-2 1.69241E+0 5.53371E+02367400200381 
  110.      9.17407E-1 7.52927E+3 8.96527E-2 1.58195E+0 5.53371E+02367400200382 
  110.      9.36279E-1 7.45311E+3 9.70394E-2 1.53639E+0 5.53371E+02367400200383 
  110.      9.55740E-1 7.37696E+3 1.01321E-1 1.51345E+0 5.58616E+02367400200384 
  110.      9.75814E-1 7.30080E+3 1.14650E-1 1.46281E+0 5.63371E+02367400200385 
  110.      9.96528E-1 7.22465E+3 1.31320E-1 1.40129E+0 5.58214E+02367400200386 
  110.      1.01791E+0 7.14849E+3 1.42708E-1 1.33527E+0 5.53371E+02367400200387 
  110.      1.03998E+0 7.07234E+3 1.64654E-1 1.27678E+0 5.53371E+02367400200388 
  110.      1.06279E+0 6.99618E+3 1.96052E-1 1.21769E+0 5.53371E+02367400200389 
  110.      1.08635E+0 6.92003E+3 2.48701E-1 1.15156E+0 5.53371E+02367400200390 
  110.      1.11070E+0 6.84387E+3 2.95657E-1 1.11864E+0 5.53371E+02367400200391 
  110.      1.13589E+0 6.76771E+3 3.14182E-1 1.10877E+0 5.53371E+02367400200392 
  110.      1.16194E+0 6.69156E+3 2.53426E-1 1.14596E+0 5.53371E+02367400200393 
  110.      1.18890E+0 6.61540E+3 2.23957E-1 1.15587E+0 5.53371E+02367400200394 
  110.      1.21680E+0 6.53925E+3 2.84105E-1 1.08420E+0 5.53371E+02367400200395 
  110.      1.24570E+0 6.46309E+3 3.09358E-1 1.08663E+0 5.53371E+02367400200396 
  110.      1.27565E+0 6.38693E+3 2.00241E-1 1.19563E+0 5.53371E+02367400200397 
  110.      1.30669E+0 6.31078E+3 1.01770E-1 1.42284E+0 5.53371E+02367400200398 
  110.      1.33887E+0 6.23462E+3 7.85305E-2 1.49092E+0 5.53371E+02367400200399 
  110.      1.37227E+0 6.15846E+3 8.67357E-2 1.37833E+0 5.53371E+02367400200400 
  110.      1.40692E+0 6.08231E+3 1.14285E-1 1.23505E+0 5.53371E+02367400200401 
  110.      1.44291E+0 6.00615E+3 1.76598E-1 1.10783E+0 5.53371E+02367400200402 
  110.      1.48030E+0 5.92999E+3 2.29012E-1 1.06403E+0 5.53371E+02367400200403 
  110.      1.51916E+0 5.85384E+3 2.49991E-1 1.05475E+0 5.53371E+02367400200404 
  110.      1.55957E+0 5.77768E+3 2.76932E-1 1.04060E+0 5.53371E+02367400200405 
  110.      1.60162E+0 5.70152E+3 2.71306E-1 1.04254E+0 5.53371E+02367400200406 
  110.      1.64540E+0 5.62536E+3 2.27368E-1 1.09040E+0 5.53371E+02367400200407 
  110.      1.69099E+0 5.54921E+3 1.67171E-1 1.13782E+0 5.53371E+02367400200408 
  110.      1.73851E+0 5.47305E+3 1.53703E-1 1.16181E+0 5.53371E+02367400200409 
  110.      1.78807E+0 5.39689E+3 1.44394E-1 1.18259E+0 5.53371E+02367400200410 
  110.      1.83977E+0 5.32073E+3 1.69851E-1 1.12432E+0 5.53371E+02367400200411 
  110.      1.89375E+0 5.24457E+3 2.24546E-1 1.06741E+0 5.53371E+02367400200412 
  110.      1.95015E+0 5.16842E+3 2.52929E-1 1.04840E+0 5.53371E+02367400200413 
  110.      2.00911E+0 5.09226E+3 2.90785E-1 1.01953E+0 5.53371E+02367400200414 
  110.      2.07078E+0 5.01610E+3 3.30251E-1 1.00596E+0 5.53371E+02367400200415 
  110.      2.13534E+0 4.93994E+3 3.29310E-1 1.00664E+0 5.53371E+02367400200416 
  110.      2.20298E+0 4.86378E+3 3.34099E-1 1.01014E+0 5.53371E+02367400200417 
  110.      2.27388E+0 4.78762E+3 2.61200E-1 1.07482E+0 5.53371E+02367400200418 
  110.      2.34826E+0 4.71146E+3 2.40635E-1 1.08731E+0 5.53371E+02367400200419 
  110.      2.42637E+0 4.63530E+3 2.66002E-1 1.06944E+0 5.53371E+02367400200420 
  110.      2.50844E+0 4.55914E+3 2.43258E-1 1.12177E+0 5.53371E+02367400200421 
  110.      2.59475E+0 4.48298E+3 2.62808E-1 1.09496E+0 5.53371E+02367400200422 
  110.      2.68560E+0 4.40682E+3 2.75503E-1 1.10700E+0 5.53371E+02367400200423 
  110.      2.78131E+0 4.33066E+3 2.39457E-1 1.15177E+0 5.53371E+02367400200424 
  110.      2.88224E+0 4.25450E+3 2.37439E-1 1.15682E+0 5.53371E+02367400200425 
  110.      2.98878E+0 4.17833E+3 2.56927E-1 1.15372E+0 5.53371E+02367400200426 
  110.      3.10135E+0 4.10217E+3 2.64922E-1 1.16010E+0 5.53371E+02367400200427 
  110.      3.22041E+0 4.02601E+3 2.77207E-1 1.16106E+0 5.53371E+02367400200428 
  110.      3.34647E+0 3.94985E+3 2.75824E-1 1.18864E+0 5.53371E+02367400200429 
  110.      3.48010E+0 3.87368E+3 2.93578E-1 1.18111E+0 5.53371E+02367400200430 
  110.      3.62191E+0 3.79752E+3 2.65080E-1 1.21461E+0 5.53371E+02367400200431 
  110.      3.77259E+0 3.72135E+3 2.21768E-1 1.26425E+0 5.53371E+02367400200432 
  110.      3.93289E+0 3.64519E+3 2.06815E-1 1.28937E+0 5.53371E+02367400200433 
  110.      4.10366E+0 3.56902E+3 2.15990E-1 1.28641E+0 5.53371E+02367400200434 
  110.      4.28582E+0 3.49286E+3 2.20237E-1 1.30558E+0 5.53371E+02367400200435 
  110.      4.48042E+0 3.41669E+3 2.11405E-1 1.31477E+0 5.53371E+02367400200436 
  110.      4.68861E+0 3.34053E+3 1.95439E-1 1.33105E+0 5.53371E+02367400200437 
  110.      4.91170E+0 3.26436E+3 1.89805E-1 1.35678E+0 5.53371E+02367400200438 
  110.      5.15115E+0 3.18819E+3 1.95703E-1 1.35903E+0 5.53371E+02367400200439 
  110.      5.40861E+0 3.11202E+3 1.91108E-1 1.36693E+0 5.53371E+02367400200440 
  110.      5.68592E+0 3.03585E+3 1.71957E-1 1.40010E+0 5.58126E+02367400200441 
  110.      5.98519E+0 2.95968E+3 1.39106E-1 1.43669E+0 5.63371E+02367400200442 
  110.      6.30882E+0 2.88350E+3 1.27767E-1 1.47864E+0 5.63371E+02367400200443 
  110.      6.65953E+0 2.80733E+3 1.18540E-1 1.51504E+0 5.63371E+02367400200444 
  110.      7.04043E+0 2.73116E+3 1.10870E-1 1.60914E+0 5.63371E+02367400200445 
  110.      7.45513E+0 2.65498E+3 9.82506E-2 1.78336E+0 5.63371E+02367400200446 
  110.      7.90774E+0 2.57880E+3 8.41110E-2 2.08254E+0 5.63371E+02367400200447 
  110.      8.40306E+0 2.50262E+3 7.33409E-2 2.47006E+0 5.63371E+02367400200448 
  110.      8.94667E+0 2.42644E+3 6.08445E-2 3.06613E+0 5.63371E+02367400200449 
  110.      9.54509E+0 2.35026E+3 4.55890E-2 4.06443E+0 5.63371E+02367400200450 
  110.      1.02060E+1 2.27407E+3 4.05949E-2 5.01122E+0 5.63371E+02367400200451 
  110.      1.09384E+1 2.19789E+3 2.76457E-2 7.76527E+0 5.63371E+02367400200452 
  110.      1.17532E+1 2.12170E+3 2.43550E-2 9.37803E+0 5.73371E+02367400200453 
  110.      1.26632E+1 2.04550E+3 2.10337E-2 1.12807E+1 5.63371E+02367400200454 
  110.      1.36840E+1 1.96931E+3 1.75653E-2 1.57776E+1 5.57604E+02367400200455 
  110.      1.48346E+1 1.89310E+3 1.24450E-2 2.35780E+1 5.53371E+02367400200456 
  110.      1.61380E+1 1.81690E+3 5.82362E-3 2.10879E+1 5.63371E+02367400200457 
  110.      1.76229E+1 1.74069E+3 5.59784E-3 1.84732E+1 5.73371E+02367400200458 
  197.      6.38142E-2 2.85285E+4 0.00000E+0 0.00000E+0 0.00000E+02367400200459 
  197.      6.39849E-2 2.84905E+4 0.00000E+0 0.00000E+0 0.00000E+02367400200460 
  197.      6.41563E-2 2.84524E+4 0.00000E+0 0.00000E+0 0.00000E+02367400200461 
  197.      6.43284E-2 2.84143E+4 0.00000E+0 0.00000E+0 0.00000E+02367400200462 
  197.      6.45012E-2 2.83762E+4 0.00000E+0 0.00000E+0 0.00000E+02367400200463 
  197.      6.46746E-2 2.83382E+4 0.00000E+0 0.00000E+0 0.00000E+02367400200464 
  197.      6.48488E-2 2.83001E+4 0.00000E+0 0.00000E+0 0.00000E+02367400200465 
  197.      6.50237E-2 2.82620E+4 0.00000E+0 0.00000E+0 0.00000E+02367400200466 
  197.      6.51992E-2 2.82239E+4 0.00000E+0 0.00000E+0 0.00000E+02367400200467 
  197.      6.53755E-2 2.81859E+4 0.00000E+0 0.00000E+0 0.00000E+02367400200468 
  197.      6.55525E-2 2.81478E+4 0.00000E+0 0.00000E+0 0.00000E+02367400200469 
  197.      6.57303E-2 2.81097E+4 0.00000E+0 0.00000E+0 0.00000E+02367400200470 
  197.      6.59087E-2 2.80716E+4 0.00000E+0 0.00000E+0 0.00000E+02367400200471 
  197.      6.60879E-2 2.80335E+4 0.00000E+0 0.00000E+0 0.00000E+02367400200472 
  197.      6.62678E-2 2.79955E+4 0.00000E+0 0.00000E+0 0.00000E+02367400200473 
  197.      6.64485E-2 2.79574E+4 0.00000E+0 0.00000E+0 0.00000E+02367400200474 
  197.      6.66298E-2 2.79193E+4 0.00000E+0 0.00000E+0 0.00000E+02367400200475 
  197.      6.68120E-2 2.78812E+4 0.00000E+0 0.00000E+0 0.00000E+02367400200476 
  197.      6.69949E-2 2.78432E+4 0.00000E+0 0.00000E+0 0.00000E+02367400200477 
  197.      6.71785E-2 2.78051E+4 0.00000E+0 0.00000E+0 0.00000E+02367400200478 
  197.      6.73629E-2 2.77670E+4 0.00000E+0 0.00000E+0 0.00000E+02367400200479 
  197.      6.75480E-2 2.77289E+4 0.00000E+0 0.00000E+0 0.00000E+02367400200480 
  197.      6.77339E-2 2.76909E+4 0.00000E+0 0.00000E+0 0.00000E+02367400200481 
  197.      6.79206E-2 2.76528E+4 0.00000E+0 0.00000E+0 0.00000E+02367400200482 
  197.      6.81081E-2 2.76147E+4 0.00000E+0 0.00000E+0 0.00000E+02367400200483 
  197.      6.82963E-2 2.75766E+4 0.00000E+0 0.00000E+0 0.00000E+02367400200484 
  197.      6.84853E-2 2.75386E+4 0.00000E+0 0.00000E+0 0.00000E+02367400200485 
  197.      6.86751E-2 2.75005E+4 0.00000E+0 0.00000E+0 0.00000E+02367400200486 
  197.      6.88657E-2 2.74624E+4 0.00000E+0 0.00000E+0 0.00000E+02367400200487 
  197.      6.90571E-2 2.74243E+4 0.00000E+0 0.00000E+0 0.00000E+02367400200488 
  197.      6.92492E-2 2.73863E+4 0.00000E+0 0.00000E+0 0.00000E+02367400200489 
  197.      6.94422E-2 2.73482E+4 0.00000E+0 0.00000E+0 0.00000E+02367400200490 
  197.      6.96360E-2 2.73101E+4 0.00000E+0 0.00000E+0 0.00000E+02367400200491 
  197.      6.98306E-2 2.72720E+4 0.00000E+0 0.00000E+0 0.00000E+02367400200492 
  197.      7.00260E-2 2.72339E+4 0.00000E+0 0.00000E+0 0.00000E+02367400200493 
  197.      7.02223E-2 2.71959E+4 0.00000E+0 0.00000E+0 0.00000E+02367400200494 
  197.      7.04194E-2 2.71578E+4 0.00000E+0 0.00000E+0 0.00000E+02367400200495 
  197.      7.06173E-2 2.71197E+4 0.00000E+0 0.00000E+0 0.00000E+02367400200496 
  197.      7.08160E-2 2.70816E+4 0.00000E+0 0.00000E+0 0.00000E+02367400200497 
  197.      7.10156E-2 2.70436E+4 0.00000E+0 0.00000E+0 0.00000E+02367400200498 
  197.      7.12160E-2 2.70055E+4 0.00000E+0 0.00000E+0 0.00000E+02367400200499 
  197.      7.14173E-2 2.69674E+4 0.00000E+0 0.00000E+0 0.00000E+02367400200500 
  197.      7.16194E-2 2.69293E+4 0.00000E+0 0.00000E+0 0.00000E+02367400200501 
  197.      7.18224E-2 2.68913E+4 0.00000E+0 0.00000E+0 0.00000E+02367400200502 
  197.      7.20262E-2 2.68532E+4 0.00000E+0 0.00000E+0 0.00000E+02367400200503 
  197.      7.22309E-2 2.68151E+4 0.00000E+0 0.00000E+0 0.00000E+02367400200504 
  197.      7.24365E-2 2.67770E+4 0.00000E+0 0.00000E+0 0.00000E+02367400200505 
  197.      7.26430E-2 2.67390E+4 0.00000E+0 0.00000E+0 0.00000E+02367400200506 
  197.      7.28503E-2 2.67009E+4 0.00000E+0 0.00000E+0 0.00000E+02367400200507 
  197.      7.30586E-2 2.66628E+4 0.00000E+0 0.00000E+0 0.00000E+02367400200508 
  197.      7.32677E-2 2.66247E+4 0.00000E+0 0.00000E+0 0.00000E+02367400200509 
  197.      7.34778E-2 2.65867E+4 0.00000E+0 0.00000E+0 0.00000E+02367400200510 
  197.      7.36887E-2 2.65486E+4 0.00000E+0 0.00000E+0 0.00000E+02367400200511 
  197.      7.39005E-2 2.65105E+4 0.00000E+0 0.00000E+0 0.00000E+02367400200512 
  197.      7.41133E-2 2.64724E+4 0.00000E+0 0.00000E+0 0.00000E+02367400200513 
  197.      7.43270E-2 2.64343E+4 0.00000E+0 0.00000E+0 0.00000E+02367400200514 
  197.      7.45416E-2 2.63963E+4 0.00000E+0 0.00000E+0 0.00000E+02367400200515 
  197.      7.47572E-2 2.63582E+4 0.00000E+0 0.00000E+0 0.00000E+02367400200516 
  197.      7.49736E-2 2.63201E+4 0.00000E+0 0.00000E+0 0.00000E+02367400200517 
  197.      7.51910E-2 2.62820E+4 0.00000E+0 0.00000E+0 0.00000E+02367400200518 
  197.      7.54094E-2 2.62440E+4 0.00000E+0 0.00000E+0 0.00000E+02367400200519 
  197.      7.56287E-2 2.62059E+4 0.00000E+0 0.00000E+0 0.00000E+02367400200520 
  197.      7.58490E-2 2.61678E+4 0.00000E+0 0.00000E+0 0.00000E+02367400200521 
  197.      7.60703E-2 2.61297E+4 0.00000E+0 0.00000E+0 0.00000E+02367400200522 
  197.      7.62925E-2 2.60917E+4 0.00000E+0 0.00000E+0 0.00000E+02367400200523 
  197.      7.65157E-2 2.60536E+4 0.00000E+0 0.00000E+0 0.00000E+02367400200524 
  197.      7.67398E-2 2.60155E+4 0.00000E+0 0.00000E+0 0.00000E+02367400200525 
  197.      7.69650E-2 2.59774E+4 0.00000E+0 0.00000E+0 0.00000E+02367400200526 
  197.      7.71911E-2 2.59394E+4 0.00000E+0 0.00000E+0 0.00000E+02367400200527 
  197.      7.74183E-2 2.59013E+4 0.00000E+0 0.00000E+0 0.00000E+02367400200528 
  197.      7.76464E-2 2.58632E+4 0.00000E+0 0.00000E+0 0.00000E+02367400200529 
  197.      7.78756E-2 2.58251E+4 0.00000E+0 0.00000E+0 0.00000E+02367400200530 
  197.      7.81057E-2 2.57871E+4 0.00000E+0 0.00000E+0 0.00000E+02367400200531 
  197.      7.83369E-2 2.57490E+4 0.00000E+0 0.00000E+0 0.00000E+02367400200532 
  197.      7.85692E-2 2.57109E+4 0.00000E+0 0.00000E+0 0.00000E+02367400200533 
  197.      7.88024E-2 2.56728E+4 0.00000E+0 0.00000E+0 0.00000E+02367400200534 
  197.      7.90367E-2 2.56347E+4 0.00000E+0 0.00000E+0 0.00000E+02367400200535 
  197.      7.92721E-2 2.55967E+4 0.00000E+0 0.00000E+0 0.00000E+02367400200536 
  197.      7.95085E-2 2.55586E+4 0.00000E+0 0.00000E+0 0.00000E+02367400200537 
  197.      7.97459E-2 2.55205E+4 0.00000E+0 0.00000E+0 0.00000E+02367400200538 
  197.      7.99845E-2 2.54824E+4 0.00000E+0 0.00000E+0 0.00000E+02367400200539 
  197.      8.02240E-2 2.54444E+4 0.00000E+0 0.00000E+0 0.00000E+02367400200540 
  197.      8.04647E-2 2.54063E+4 0.00000E+0 0.00000E+0 0.00000E+02367400200541 
  197.      8.07065E-2 2.53682E+4 0.00000E+0 0.00000E+0 0.00000E+02367400200542 
  197.      8.09493E-2 2.53301E+4 0.00000E+0 0.00000E+0 0.00000E+02367400200543 
  197.      8.11933E-2 2.52921E+4 0.00000E+0 0.00000E+0 0.00000E+02367400200544 
  197.      8.14383E-2 2.52540E+4 0.00000E+0 0.00000E+0 0.00000E+02367400200545 
  197.      8.16845E-2 2.52159E+4 0.00000E+0 0.00000E+0 0.00000E+02367400200546 
  197.      8.19318E-2 2.51778E+4 0.00000E+0 0.00000E+0 0.00000E+02367400200547 
  197.      8.21802E-2 2.51398E+4 0.00000E+0 0.00000E+0 0.00000E+02367400200548 
  197.      8.24297E-2 2.51017E+4 0.00000E+0 0.00000E+0 0.00000E+02367400200549 
  197.      8.26804E-2 2.50636E+4 0.00000E+0 0.00000E+0 0.00000E+02367400200550 
  197.      8.29322E-2 2.50255E+4 0.00000E+0 0.00000E+0 0.00000E+02367400200551 
  197.      8.31852E-2 2.49875E+4 0.00000E+0 0.00000E+0 0.00000E+02367400200552 
  197.      8.34393E-2 2.49494E+4 0.00000E+0 0.00000E+0 0.00000E+02367400200553 
  197.      8.36946E-2 2.49113E+4 0.00000E+0 0.00000E+0 0.00000E+02367400200554 
  197.      8.39511E-2 2.48732E+4 0.00000E+0 0.00000E+0 0.00000E+02367400200555 
  197.      8.42087E-2 2.48351E+4 0.00000E+0 0.00000E+0 0.00000E+02367400200556 
  197.      8.44676E-2 2.47971E+4 0.00000E+0 0.00000E+0 0.00000E+02367400200557 
  197.      8.47276E-2 2.47590E+4 0.00000E+0 0.00000E+0 0.00000E+02367400200558 
  197.      8.49888E-2 2.47209E+4 0.00000E+0 0.00000E+0 0.00000E+02367400200559 
  197.      8.52513E-2 2.46828E+4 0.00000E+0 0.00000E+0 0.00000E+02367400200560 
  197.      8.55150E-2 2.46448E+4 0.00000E+0 0.00000E+0 0.00000E+02367400200561 
  197.      8.57799E-2 2.46067E+4 0.00000E+0 0.00000E+0 0.00000E+02367400200562 
  197.      8.60460E-2 2.45686E+4 0.00000E+0 0.00000E+0 0.00000E+02367400200563 
  197.      8.63133E-2 2.45305E+4 0.00000E+0 0.00000E+0 0.00000E+02367400200564 
  197.      8.65820E-2 2.44925E+4 0.00000E+0 0.00000E+0 0.00000E+02367400200565 
  197.      8.68518E-2 2.44544E+4 0.00000E+0 0.00000E+0 0.00000E+02367400200566 
  197.      8.71230E-2 2.44163E+4 0.00000E+0 0.00000E+0 0.00000E+02367400200567 
  197.      8.73954E-2 2.43782E+4 0.00000E+0 0.00000E+0 0.00000E+02367400200568 
  197.      8.76690E-2 2.43402E+4 0.00000E+0 0.00000E+0 0.00000E+02367400200569 
  197.      8.79440E-2 2.43021E+4 0.00000E+0 0.00000E+0 0.00000E+02367400200570 
  197.      8.82203E-2 2.42640E+4 0.00000E+0 0.00000E+0 0.00000E+02367400200571 
  197.      8.84979E-2 2.42259E+4 0.00000E+0 0.00000E+0 0.00000E+02367400200572 
  197.      8.87767E-2 2.41879E+4 0.00000E+0 0.00000E+0 0.00000E+02367400200573 
  197.      8.90569E-2 2.41498E+4 0.00000E+0 0.00000E+0 0.00000E+02367400200574 
  197.      8.93385E-2 2.41117E+4 0.00000E+0 0.00000E+0 0.00000E+02367400200575 
  197.      8.96213E-2 2.40736E+4 0.00000E+0 0.00000E+0 0.00000E+02367400200576 
  197.      8.99056E-2 2.40355E+4 0.00000E+0 0.00000E+0 0.00000E+02367400200577 
  197.      9.01911E-2 2.39975E+4 0.00000E+0 0.00000E+0 0.00000E+02367400200578 
  197.      9.04781E-2 2.39594E+4 0.00000E+0 0.00000E+0 0.00000E+02367400200579 
  197.      9.07664E-2 2.39213E+4 0.00000E+0 0.00000E+0 0.00000E+02367400200580 
  197.      9.10560E-2 2.38832E+4 0.00000E+0 0.00000E+0 0.00000E+02367400200581 
  197.      9.13471E-2 2.38452E+4 0.00000E+0 0.00000E+0 0.00000E+02367400200582 
  197.      9.16396E-2 2.38071E+4 0.00000E+0 0.00000E+0 0.00000E+02367400200583 
  197.      9.19335E-2 2.37690E+4 0.00000E+0 0.00000E+0 0.00000E+02367400200584 
  197.      9.22288E-2 2.37309E+4 0.00000E+0 0.00000E+0 0.00000E+02367400200585 
  197.      9.25255E-2 2.36929E+4 0.00000E+0 0.00000E+0 0.00000E+02367400200586 
  197.      9.28236E-2 2.36548E+4 0.00000E+0 0.00000E+0 0.00000E+02367400200587 
  197.      9.31232E-2 2.36167E+4 0.00000E+0 0.00000E+0 0.00000E+02367400200588 
  197.      9.34243E-2 2.35786E+4 0.00000E+0 0.00000E+0 0.00000E+02367400200589 
  197.      9.37268E-2 2.35406E+4 0.00000E+0 0.00000E+0 0.00000E+02367400200590 
  197.      9.40308E-2 2.35025E+4 0.00000E+0 0.00000E+0 0.00000E+02367400200591 
  197.      9.43362E-2 2.34644E+4 0.00000E+0 0.00000E+0 0.00000E+02367400200592 
  197.      9.46432E-2 2.34263E+4 0.00000E+0 0.00000E+0 0.00000E+02367400200593 
  197.      9.49517E-2 2.33883E+4 0.00000E+0 0.00000E+0 0.00000E+02367400200594 
  197.      9.52616E-2 2.33502E+4 0.00000E+0 0.00000E+0 0.00000E+02367400200595 
  197.      9.55731E-2 2.33121E+4 0.00000E+0 0.00000E+0 0.00000E+02367400200596 
  197.      9.58861E-2 2.32740E+4 0.00000E+0 0.00000E+0 0.00000E+02367400200597 
  197.      9.62007E-2 2.32359E+4 0.00000E+0 0.00000E+0 0.00000E+02367400200598 
  197.      9.65168E-2 2.31979E+4 0.00000E+0 0.00000E+0 0.00000E+02367400200599 
  197.      9.68345E-2 2.31598E+4 0.00000E+0 0.00000E+0 0.00000E+02367400200600 
  197.      9.71537E-2 2.31217E+4 0.00000E+0 0.00000E+0 0.00000E+02367400200601 
  197.      9.74745E-2 2.30836E+4 0.00000E+0 0.00000E+0 0.00000E+02367400200602 
  197.      9.77969E-2 2.30456E+4 0.00000E+0 0.00000E+0 0.00000E+02367400200603 
  197.      9.81210E-2 2.30075E+4 0.00000E+0 0.00000E+0 0.00000E+02367400200604 
  197.      9.84466E-2 2.29694E+4 0.00000E+0 0.00000E+0 0.00000E+02367400200605 
  197.      9.87738E-2 2.29313E+4 0.00000E+0 0.00000E+0 0.00000E+02367400200606 
  197.      9.91027E-2 2.28933E+4 0.00000E+0 0.00000E+0 0.00000E+02367400200607 
  197.      9.94333E-2 2.28552E+4 0.00000E+0 0.00000E+0 0.00000E+02367400200608 
  197.      9.97654E-2 2.28171E+4 0.00000E+0 0.00000E+0 0.00000E+02367400200609 
  197.      1.00099E-1 2.27790E+4 0.00000E+0 0.00000E+0 0.00000E+02367400200610 
  197.      1.00435E-1 2.27410E+4 0.00000E+0 0.00000E+0 0.00000E+02367400200611 
  197.      1.00772E-1 2.27029E+4 0.00000E+0 0.00000E+0 0.00000E+02367400200612 
  197.      1.01111E-1 2.26648E+4 0.00000E+0 0.00000E+0 0.00000E+02367400200613 
  197.      1.01452E-1 2.26267E+4 0.00000E+0 0.00000E+0 0.00000E+02367400200614 
  197.      1.01794E-1 2.25887E+4 0.00000E+0 0.00000E+0 0.00000E+02367400200615 
  197.      1.02138E-1 2.25506E+4 0.00000E+0 0.00000E+0 0.00000E+02367400200616 
  197.      1.02484E-1 2.25125E+4 0.00000E+0 0.00000E+0 0.00000E+02367400200617 
  197.      1.02832E-1 2.24744E+4 0.00000E+0 0.00000E+0 0.00000E+02367400200618 
  197.      1.03181E-1 2.24363E+4 0.00000E+0 0.00000E+0 0.00000E+02367400200619 
  197.      1.03532E-1 2.23983E+4 0.00000E+0 0.00000E+0 0.00000E+02367400200620 
  197.      1.03885E-1 2.23602E+4 0.00000E+0 0.00000E+0 0.00000E+02367400200621 
  197.      1.04240E-1 2.23221E+4 0.00000E+0 0.00000E+0 0.00000E+02367400200622 
  197.      1.04596E-1 2.22840E+4 0.00000E+0 0.00000E+0 0.00000E+02367400200623 
  197.      1.04955E-1 2.22460E+4 0.00000E+0 0.00000E+0 0.00000E+02367400200624 
  197.      1.05315E-1 2.22079E+4 0.00000E+0 0.00000E+0 0.00000E+02367400200625 
  197.      1.05677E-1 2.21698E+4 0.00000E+0 0.00000E+0 0.00000E+02367400200626 
  197.      1.06041E-1 2.21317E+4 0.00000E+0 0.00000E+0 0.00000E+02367400200627 
  197.      1.06407E-1 2.20937E+4 0.00000E+0 0.00000E+0 0.00000E+02367400200628 
  197.      1.06775E-1 2.20556E+4 0.00000E+0 0.00000E+0 0.00000E+02367400200629 
  197.      1.07145E-1 2.20175E+4 0.00000E+0 0.00000E+0 0.00000E+02367400200630 
  197.      1.07516E-1 2.19794E+4 0.00000E+0 0.00000E+0 0.00000E+02367400200631 
  197.      1.07890E-1 2.19414E+4 0.00000E+0 0.00000E+0 0.00000E+02367400200632 
  197.      1.08265E-1 2.19033E+4 0.00000E+0 0.00000E+0 0.00000E+02367400200633 
  197.      1.08643E-1 2.18652E+4 0.00000E+0 0.00000E+0 0.00000E+02367400200634 
  197.      1.09022E-1 2.18271E+4 0.00000E+0 0.00000E+0 0.00000E+02367400200635 
  197.      1.09404E-1 2.17891E+4 0.00000E+0 0.00000E+0 0.00000E+02367400200636 
  197.      1.09787E-1 2.17510E+4 0.00000E+0 0.00000E+0 0.00000E+02367400200637 
  197.      1.10172E-1 2.17129E+4 0.00000E+0 0.00000E+0 0.00000E+02367400200638 
  197.      1.10560E-1 2.16748E+4 0.00000E+0 0.00000E+0 0.00000E+02367400200639 
  197.      1.10949E-1 2.16367E+4 0.00000E+0 0.00000E+0 0.00000E+02367400200640 
  197.      1.11341E-1 2.15987E+4 0.00000E+0 0.00000E+0 0.00000E+02367400200641 
  197.      1.11735E-1 2.15606E+4 0.00000E+0 0.00000E+0 0.00000E+02367400200642 
  197.      1.12131E-1 2.15225E+4 0.00000E+0 0.00000E+0 0.00000E+02367400200643 
  197.      1.12528E-1 2.14844E+4 0.00000E+0 0.00000E+0 0.00000E+02367400200644 
  197.      1.12928E-1 2.14464E+4 0.00000E+0 0.00000E+0 0.00000E+02367400200645 
  197.      1.13331E-1 2.14083E+4 0.00000E+0 0.00000E+0 0.00000E+02367400200646 
  197.      1.13735E-1 2.13702E+4 0.00000E+0 0.00000E+0 0.00000E+02367400200647 
  197.      1.14141E-1 2.13321E+4 0.00000E+0 0.00000E+0 0.00000E+02367400200648 
  197.      1.14550E-1 2.12941E+4 0.00000E+0 0.00000E+0 0.00000E+02367400200649 
  197.      1.14961E-1 2.12560E+4 0.00000E+0 0.00000E+0 0.00000E+02367400200650 
  197.      1.15374E-1 2.12179E+4 0.00000E+0 0.00000E+0 0.00000E+02367400200651 
  197.      1.15789E-1 2.11798E+4 0.00000E+0 0.00000E+0 0.00000E+02367400200652 
  197.      1.16207E-1 2.11418E+4 0.00000E+0 0.00000E+0 0.00000E+02367400200653 
  197.      1.16626E-1 2.11037E+4 0.00000E+0 0.00000E+0 0.00000E+02367400200654 
  197.      1.17048E-1 2.10656E+4 0.00000E+0 0.00000E+0 0.00000E+02367400200655 
  197.      1.17473E-1 2.10275E+4 0.00000E+0 0.00000E+0 0.00000E+02367400200656 
  197.      1.17899E-1 2.09895E+4 0.00000E+0 0.00000E+0 0.00000E+02367400200657 
  197.      1.18328E-1 2.09514E+4 0.00000E+0 0.00000E+0 0.00000E+02367400200658 
  197.      1.18760E-1 2.09133E+4 0.00000E+0 0.00000E+0 0.00000E+02367400200659 
  197.      1.19194E-1 2.08752E+4 0.00000E+0 0.00000E+0 0.00000E+02367400200660 
  197.      1.19630E-1 2.08371E+4 0.00000E+0 0.00000E+0 0.00000E+02367400200661 
  197.      1.20068E-1 2.07991E+4 0.00000E+0 0.00000E+0 0.00000E+02367400200662 
  197.      1.20509E-1 2.07610E+4 0.00000E+0 0.00000E+0 0.00000E+02367400200663 
  197.      1.20952E-1 2.07229E+4 0.00000E+0 0.00000E+0 0.00000E+02367400200664 
  197.      1.21398E-1 2.06848E+4 0.00000E+0 0.00000E+0 0.00000E+02367400200665 
  197.      1.21846E-1 2.06468E+4 0.00000E+0 0.00000E+0 0.00000E+02367400200666 
  197.      1.22297E-1 2.06087E+4 0.00000E+0 0.00000E+0 0.00000E+02367400200667 
  197.      1.22750E-1 2.05706E+4 0.00000E+0 0.00000E+0 0.00000E+02367400200668 
  197.      1.23206E-1 2.05325E+4 0.00000E+0 0.00000E+0 0.00000E+02367400200669 
  197.      1.23664E-1 2.04945E+4 0.00000E+0 0.00000E+0 0.00000E+02367400200670 
  197.      1.24125E-1 2.04564E+4 0.00000E+0 0.00000E+0 0.00000E+02367400200671 
  197.      1.24589E-1 2.04183E+4 0.00000E+0 0.00000E+0 0.00000E+02367400200672 
  197.      1.25055E-1 2.03802E+4 0.00000E+0 0.00000E+0 0.00000E+02367400200673 
  197.      1.25524E-1 2.03422E+4 0.00000E+0 0.00000E+0 0.00000E+02367400200674 
  197.      1.25995E-1 2.03041E+4 0.00000E+0 0.00000E+0 0.00000E+02367400200675 
  197.      1.26469E-1 2.02660E+4 0.00000E+0 0.00000E+0 0.00000E+02367400200676 
  197.      1.26946E-1 2.02279E+4 0.00000E+0 0.00000E+0 0.00000E+02367400200677 
  197.      1.27425E-1 2.01899E+4 0.00000E+0 0.00000E+0 0.00000E+02367400200678 
  197.      1.27907E-1 2.01518E+4 0.00000E+0 0.00000E+0 0.00000E+02367400200679 
  197.      1.28392E-1 2.01137E+4 0.00000E+0 0.00000E+0 0.00000E+02367400200680 
  197.      1.28879E-1 2.00756E+4 0.00000E+0 0.00000E+0 0.00000E+02367400200681 
  197.      1.29370E-1 2.00375E+4 0.00000E+0 0.00000E+0 0.00000E+02367400200682 
  197.      1.29863E-1 1.99995E+4 0.00000E+0 0.00000E+0 0.00000E+02367400200683 
  197.      1.30359E-1 1.99614E+4 0.00000E+0 0.00000E+0 0.00000E+02367400200684 
  197.      1.30858E-1 1.99233E+4 0.00000E+0 0.00000E+0 0.00000E+02367400200685 
  197.      1.31360E-1 1.98852E+4 0.00000E+0 0.00000E+0 0.00000E+02367400200686 
  197.      1.31864E-1 1.98472E+4 0.00000E+0 0.00000E+0 0.00000E+02367400200687 
  197.      1.32372E-1 1.98091E+4 0.00000E+0 0.00000E+0 0.00000E+02367400200688 
  197.      1.32882E-1 1.97710E+4 0.00000E+0 0.00000E+0 0.00000E+02367400200689 
  197.      1.33396E-1 1.97329E+4 0.00000E+0 0.00000E+0 0.00000E+02367400200690 
  197.      1.33912E-1 1.96949E+4 0.00000E+0 0.00000E+0 0.00000E+02367400200691 
  197.      1.34431E-1 1.96568E+4 0.00000E+0 0.00000E+0 0.00000E+02367400200692 
  197.      1.34954E-1 1.96187E+4 0.00000E+0 0.00000E+0 0.00000E+02367400200693 
  197.      1.35479E-1 1.95806E+4 0.00000E+0 0.00000E+0 0.00000E+02367400200694 
  197.      1.36008E-1 1.95426E+4 0.00000E+0 0.00000E+0 0.00000E+02367400200695 
  197.      1.36539E-1 1.95045E+4 0.00000E+0 0.00000E+0 0.00000E+02367400200696 
  197.      1.37074E-1 1.94664E+4 0.00000E+0 0.00000E+0 0.00000E+02367400200697 
  197.      1.37612E-1 1.94283E+4 0.00000E+0 0.00000E+0 0.00000E+02367400200698 
  197.      1.38153E-1 1.93903E+4 0.00000E+0 0.00000E+0 0.00000E+02367400200699 
  197.      1.38698E-1 1.93522E+4 0.00000E+0 0.00000E+0 0.00000E+02367400200700 
  197.      1.39245E-1 1.93141E+4 0.00000E+0 0.00000E+0 0.00000E+02367400200701 
  197.      1.39796E-1 1.92760E+4 0.00000E+0 0.00000E+0 0.00000E+02367400200702 
  197.      1.40350E-1 1.92379E+4 0.00000E+0 0.00000E+0 0.00000E+02367400200703 
  197.      1.40907E-1 1.91999E+4 0.00000E+0 0.00000E+0 0.00000E+02367400200704 
  197.      1.41468E-1 1.91618E+4 0.00000E+0 0.00000E+0 0.00000E+02367400200705 
  197.      1.42032E-1 1.91237E+4 0.00000E+0 0.00000E+0 0.00000E+02367400200706 
  197.      1.42599E-1 1.90856E+4 0.00000E+0 0.00000E+0 0.00000E+02367400200707 
  197.      1.43170E-1 1.90476E+4 0.00000E+0 0.00000E+0 0.00000E+02367400200708 
  197.      1.43744E-1 1.90095E+4 0.00000E+0 0.00000E+0 0.00000E+02367400200709 
  197.      1.44322E-1 1.89714E+4 0.00000E+0 0.00000E+0 0.00000E+02367400200710 
  197.      1.44903E-1 1.89333E+4 0.00000E+0 0.00000E+0 0.00000E+02367400200711 
  197.      1.45488E-1 1.88953E+4 0.00000E+0 0.00000E+0 0.00000E+02367400200712 
  197.      1.46076E-1 1.88572E+4 0.00000E+0 0.00000E+0 0.00000E+02367400200713 
  197.      1.46668E-1 1.88191E+4 0.00000E+0 0.00000E+0 0.00000E+02367400200714 
  197.      1.47264E-1 1.87810E+4 0.00000E+0 0.00000E+0 0.00000E+02367400200715 
  197.      1.47863E-1 1.87430E+4 0.00000E+0 0.00000E+0 0.00000E+02367400200716 
  197.      1.48465E-1 1.87049E+4 0.00000E+0 0.00000E+0 0.00000E+02367400200717 
  197.      1.49072E-1 1.86668E+4 0.00000E+0 0.00000E+0 0.00000E+02367400200718 
  197.      1.49682E-1 1.86287E+4 0.00000E+0 0.00000E+0 0.00000E+02367400200719 
  197.      1.50296E-1 1.85907E+4 0.00000E+0 0.00000E+0 0.00000E+02367400200720 
  197.      1.50914E-1 1.85526E+4 0.00000E+0 0.00000E+0 0.00000E+02367400200721 
  197.      1.51535E-1 1.85145E+4 0.00000E+0 0.00000E+0 0.00000E+02367400200722 
  197.      1.52161E-1 1.84764E+4 0.00000E+0 0.00000E+0 0.00000E+02367400200723 
  197.      1.52790E-1 1.84383E+4 0.00000E+0 0.00000E+0 0.00000E+02367400200724 
  197.      1.53423E-1 1.84003E+4 0.00000E+0 0.00000E+0 0.00000E+02367400200725 
  197.      1.54060E-1 1.83622E+4 0.00000E+0 0.00000E+0 0.00000E+02367400200726 
  197.      1.54701E-1 1.83241E+4 0.00000E+0 0.00000E+0 0.00000E+02367400200727 
  197.      1.55346E-1 1.82860E+4 0.00000E+0 0.00000E+0 0.00000E+02367400200728 
  197.      1.55995E-1 1.82480E+4 0.00000E+0 0.00000E+0 0.00000E+02367400200729 
  197.      1.56648E-1 1.82099E+4 0.00000E+0 0.00000E+0 0.00000E+02367400200730 
  197.      1.57306E-1 1.81718E+4 0.00000E+0 0.00000E+0 0.00000E+02367400200731 
  197.      1.57967E-1 1.81337E+4 0.00000E+0 0.00000E+0 0.00000E+02367400200732 
  197.      1.58633E-1 1.80957E+4 0.00000E+0 0.00000E+0 0.00000E+02367400200733 
  197.      1.59303E-1 1.80576E+4 0.00000E+0 0.00000E+0 0.00000E+02367400200734 
  197.      1.59977E-1 1.80195E+4 0.00000E+0 0.00000E+0 0.00000E+02367400200735 
  197.      1.60655E-1 1.79814E+4 0.00000E+0 0.00000E+0 0.00000E+02367400200736 
  197.      1.61338E-1 1.79434E+4 0.00000E+0 0.00000E+0 0.00000E+02367400200737 
  197.      1.62025E-1 1.79053E+4 0.00000E+0 0.00000E+0 0.00000E+02367400200738 
  197.      1.62717E-1 1.78672E+4 0.00000E+0 0.00000E+0 0.00000E+02367400200739 
  197.      1.63413E-1 1.78291E+4 0.00000E+0 0.00000E+0 0.00000E+02367400200740 
  197.      1.64113E-1 1.77911E+4 0.00000E+0 0.00000E+0 0.00000E+02367400200741 
  197.      1.64818E-1 1.77530E+4 0.00000E+0 0.00000E+0 0.00000E+02367400200742 
  197.      1.65527E-1 1.77149E+4 0.00000E+0 0.00000E+0 0.00000E+02367400200743 
  197.      1.66241E-1 1.76768E+4 0.00000E+0 0.00000E+0 0.00000E+02367400200744 
  197.      1.66960E-1 1.76387E+4 0.00000E+0 0.00000E+0 0.00000E+02367400200745 
  197.      1.67683E-1 1.76007E+4 0.00000E+0 0.00000E+0 0.00000E+02367400200746 
  197.      1.68411E-1 1.75626E+4 0.00000E+0 0.00000E+0 0.00000E+02367400200747 
  197.      1.69144E-1 1.75245E+4 0.00000E+0 0.00000E+0 0.00000E+02367400200748 
  197.      1.69882E-1 1.74864E+4 0.00000E+0 0.00000E+0 0.00000E+02367400200749 
  197.      1.70624E-1 1.74484E+4 0.00000E+0 0.00000E+0 0.00000E+02367400200750 
  197.      1.71372E-1 1.74103E+4 0.00000E+0 0.00000E+0 0.00000E+02367400200751 
  197.      1.72124E-1 1.73722E+4 0.00000E+0 0.00000E+0 0.00000E+02367400200752 
  197.      1.72881E-1 1.73341E+4 0.00000E+0 0.00000E+0 0.00000E+02367400200753 
  197.      1.73643E-1 1.72961E+4 0.00000E+0 0.00000E+0 0.00000E+02367400200754 
  197.      1.74411E-1 1.72580E+4 0.00000E+0 0.00000E+0 0.00000E+02367400200755 
  197.      1.75183E-1 1.72199E+4 0.00000E+0 0.00000E+0 0.00000E+02367400200756 
  197.      1.75961E-1 1.71818E+4 0.00000E+0 0.00000E+0 0.00000E+02367400200757 
  197.      1.76743E-1 1.71438E+4 0.00000E+0 0.00000E+0 0.00000E+02367400200758 
  197.      1.77531E-1 1.71057E+4 0.00000E+0 0.00000E+0 0.00000E+02367400200759 
  197.      1.78324E-1 1.70676E+4 0.00000E+0 0.00000E+0 0.00000E+02367400200760 
  197.      1.79123E-1 1.70295E+4 0.00000E+0 0.00000E+0 0.00000E+02367400200761 
  197.      1.79927E-1 1.69915E+4 0.00000E+0 0.00000E+0 0.00000E+02367400200762 
  197.      1.80736E-1 1.69534E+4 0.00000E+0 0.00000E+0 0.00000E+02367400200763 
  197.      1.81551E-1 1.69153E+4 0.00000E+0 0.00000E+0 0.00000E+02367400200764 
  197.      1.82371E-1 1.68772E+4 0.00000E+0 0.00000E+0 0.00000E+02367400200765 
  197.      1.83197E-1 1.68391E+4 0.00000E+0 0.00000E+0 0.00000E+02367400200766 
  197.      1.84029E-1 1.68011E+4 0.00000E+0 0.00000E+0 0.00000E+02367400200767 
  197.      1.84866E-1 1.67630E+4 0.00000E+0 0.00000E+0 0.00000E+02367400200768 
  197.      1.85709E-1 1.67249E+4 0.00000E+0 0.00000E+0 0.00000E+02367400200769 
  197.      1.86558E-1 1.66868E+4 0.00000E+0 0.00000E+0 0.00000E+02367400200770 
  197.      1.87412E-1 1.66488E+4 0.00000E+0 0.00000E+0 0.00000E+02367400200771 
  197.      1.88273E-1 1.66107E+4 0.00000E+0 0.00000E+0 0.00000E+02367400200772 
  197.      1.89139E-1 1.65726E+4 0.00000E+0 0.00000E+0 0.00000E+02367400200773 
  197.      1.90012E-1 1.65345E+4 0.00000E+0 0.00000E+0 0.00000E+02367400200774 
  197.      1.90890E-1 1.64965E+4 0.00000E+0 0.00000E+0 0.00000E+02367400200775 
  197.      1.91774E-1 1.64584E+4 0.00000E+0 0.00000E+0 0.00000E+02367400200776 
  197.      1.92665E-1 1.64203E+4 0.00000E+0 0.00000E+0 0.00000E+02367400200777 
  197.      1.93562E-1 1.63822E+4 0.00000E+0 0.00000E+0 0.00000E+02367400200778 
  197.      1.94465E-1 1.63442E+4 0.00000E+0 0.00000E+0 0.00000E+02367400200779 
  197.      1.95375E-1 1.63061E+4 0.00000E+0 0.00000E+0 0.00000E+02367400200780 
  197.      1.96291E-1 1.62680E+4 0.00000E+0 0.00000E+0 0.00000E+02367400200781 
  197.      1.97213E-1 1.62299E+4 0.00000E+0 0.00000E+0 0.00000E+02367400200782 
  197.      1.98142E-1 1.61919E+4 0.00000E+0 0.00000E+0 0.00000E+02367400200783 
  197.      1.99078E-1 1.61538E+4 0.00000E+0 0.00000E+0 0.00000E+02367400200784 
  197.      2.00020E-1 1.61157E+4 0.00000E+0 0.00000E+0 0.00000E+02367400200785 
  197.      2.00969E-1 1.60776E+4 0.00000E+0 0.00000E+0 0.00000E+02367400200786 
  197.      2.01924E-1 1.60395E+4 0.00000E+0 0.00000E+0 0.00000E+02367400200787 
  197.      2.02887E-1 1.60015E+4 0.00000E+0 0.00000E+0 0.00000E+02367400200788 
  197.      2.03856E-1 1.59634E+4 0.00000E+0 0.00000E+0 0.00000E+02367400200789 
  197.      2.04832E-1 1.59253E+4 0.00000E+0 0.00000E+0 0.00000E+02367400200790 
  197.      2.05815E-1 1.58872E+4 0.00000E+0 0.00000E+0 0.00000E+02367400200791 
  197.      2.07306E-1 1.58300E+4 1.54993E-2 3.56514E+1 5.63371E+02367400200792 
  197.      2.11385E-1 1.56766E+4 3.82045E-3 2.34281E+1 4.38184E+12367400200793 
  197.      2.16597E-1 1.54869E+4 9.26431E-3 2.37369E+1 4.11175E+12367400200794 
  197.      2.22045E-1 1.52958E+4 3.01165E-3 2.81459E+1 3.94445E+12367400200795 
  197.      2.26501E-1 1.51446E+4 7.41628E-3 2.46382E+1 5.04263E+12367400200796 
  197.      2.28797E-1 1.50685E+4 1.20587E-2 2.38994E+1 3.70475E+12367400200797 
  197.      2.31129E-1 1.49923E+4 2.26155E-2 1.83009E+1 2.31368E+12367400200798 
  197.      2.33495E-1 1.49162E+4 2.84101E-2 1.76224E+1 2.06720E+12367400200799 
  197.      2.35899E-1 1.48400E+4 1.87155E-2 1.74836E+1 2.98490E+12367400200800 
  197.      2.38340E-1 1.47639E+4 4.18935E-2 1.45780E+1 2.98578E+12367400200801 
  197.      2.40819E-1 1.46877E+4 2.58270E-2 1.77128E+1 3.59561E+12367400200802 
  197.      2.43336E-1 1.46116E+4 4.12532E-2 1.36811E+1 2.35405E+12367400200803 
  197.      2.45894E-1 1.45354E+4 3.83816E-2 1.39402E+1 2.05789E+12367400200804 
  197.      2.48492E-1 1.44593E+4 6.97042E-2 1.20060E+1 1.61094E+12367400200805 
  197.      2.51131E-1 1.43831E+4 6.15698E-2 1.15664E+1 1.86920E+12367400200806 
  197.      2.53813E-1 1.43070E+4 6.70659E-2 1.11252E+1 2.09987E+12367400200807 
  197.      2.56538E-1 1.42308E+4 7.57440E-2 1.06779E+1 1.65398E+12367400200808 
  197.      2.59306E-1 1.41547E+4 1.09188E-1 9.43886E+0 1.07931E+12367400200809 
  197.      2.62121E-1 1.40785E+4 1.34353E-1 8.66479E+0 1.12527E+12367400200810 
  197.      2.64981E-1 1.40023E+4 1.79384E-1 8.48860E+0 1.17684E+12367400200811 
  197.      2.67888E-1 1.39262E+4 2.31449E-1 8.02171E+0 1.03114E+12367400200812 
  197.      2.70843E-1 1.38500E+4 2.89068E-1 7.63041E+0 9.79159E+02367400200813 
  197.      2.73848E-1 1.37739E+4 4.07219E-1 7.40818E+0 9.01637E+02367400200814 
  197.      2.76902E-1 1.36977E+4 5.22458E-1 6.96662E+0 7.86457E+02367400200815 
  197.      2.80008E-1 1.36216E+4 6.41964E-1 6.65646E+0 9.68599E+02367400200816 
  197.      2.83167E-1 1.35454E+4 6.24710E-1 6.61894E+0 7.34368E+02367400200817 
  197.      2.86380E-1 1.34693E+4 4.35950E-1 6.61548E+0 8.54009E+02367400200818 
  197.      2.89647E-1 1.33931E+4 3.44977E-1 6.62160E+0 8.14973E+02367400200819 
  197.      2.92971E-1 1.33170E+4 2.88083E-1 6.56400E+0 7.95722E+02367400200820 
  197.      2.96352E-1 1.32408E+4 2.83276E-1 6.48840E+0 9.07357E+02367400200821 
  197.      2.99792E-1 1.31647E+4 3.01412E-1 6.46977E+0 8.74063E+02367400200822 
  197.      3.03293E-1 1.30885E+4 3.44285E-1 6.42500E+0 7.31190E+02367400200823 
  197.      3.06855E-1 1.30124E+4 4.49406E-1 6.43399E+0 8.69557E+02367400200824 
  197.      3.10480E-1 1.29362E+4 4.20561E-1 6.35022E+0 8.50246E+02367400200825 
  197.      3.14170E-1 1.28601E+4 3.41672E-1 6.23786E+0 8.25598E+02367400200826 
  197.      3.17926E-1 1.27839E+4 3.67834E-1 6.18149E+0 7.71900E+02367400200827 
  197.      3.21750E-1 1.27077E+4 4.26699E-1 6.02426E+0 8.30305E+02367400200828 
  197.      3.25643E-1 1.26316E+4 4.87283E-1 5.87616E+0 9.10123E+02367400200829 
  197.      3.29607E-1 1.25554E+4 5.30818E-1 5.74284E+0 7.74326E+02367400200830 
  197.      3.33645E-1 1.24793E+4 5.77106E-1 5.54519E+0 8.36463E+02367400200831 
  197.      3.37757E-1 1.24031E+4 6.49244E-1 5.46365E+0 7.99812E+02367400200832 
  197.      3.41945E-1 1.23270E+4 7.50843E-1 5.39483E+0 6.85387E+02367400200833 
  197.      3.46212E-1 1.22508E+4 8.63635E-1 5.43588E+0 7.24024E+02367400200834 
  197.      3.50559E-1 1.21747E+4 9.47076E-1 5.30915E+0 7.23275E+02367400200835 
  197.      3.54988E-1 1.20985E+4 9.61945E-1 5.17352E+0 8.00059E+02367400200836 
  197.      3.59502E-1 1.20224E+4 9.06759E-1 5.02023E+0 7.24729E+02367400200837 
  197.      3.64103E-1 1.19462E+4 9.98802E-1 4.92786E+0 7.25938E+02367400200838 
  197.      3.68793E-1 1.18701E+4 1.16832E+0 4.90899E+0 8.42453E+02367400200839 
  197.      3.73574E-1 1.17939E+4 1.34821E+0 4.92956E+0 7.77839E+02367400200840 
  197.      3.78448E-1 1.17178E+4 1.44885E+0 4.91966E+0 7.18179E+02367400200841 
  197.      3.83418E-1 1.16416E+4 1.52794E+0 4.91761E+0 8.40104E+02367400200842 
  197.      3.88487E-1 1.15654E+4 1.42023E+0 4.92115E+0 7.35605E+02367400200843 
  197.      3.93658E-1 1.14893E+4 1.34105E+0 4.86923E+0 9.47428E+02367400200844 
  197.      3.98932E-1 1.14131E+4 1.31726E+0 4.89100E+0 9.21331E+02367400200845 
  197.      4.04313E-1 1.13370E+4 1.24749E+0 4.86850E+0 1.08036E+12367400200846 
  197.      4.09803E-1 1.12608E+4 1.28579E+0 4.79830E+0 8.37575E+02367400200847 
  197.      4.15407E-1 1.11847E+4 1.49117E+0 4.69407E+0 7.99585E+02367400200848 
  197.      4.21126E-1 1.11085E+4 1.36815E+0 4.61031E+0 7.91282E+02367400200849 
  197.      4.26964E-1 1.10324E+4 1.08037E+0 4.54586E+0 7.64861E+02367400200850 
  197.      4.32924E-1 1.09562E+4 9.16057E-1 4.46089E+0 7.29447E+02367400200851 
  197.      4.39010E-1 1.08801E+4 8.43127E-1 4.29618E+0 7.31699E+02367400200852 
  197.      4.45225E-1 1.08039E+4 8.15082E-1 4.17984E+0 6.88651E+02367400200853 
  197.      4.51573E-1 1.07278E+4 8.14875E-1 4.08734E+0 7.00660E+02367400200854 
  197.      4.58058E-1 1.06516E+4 7.56469E-1 3.98830E+0 7.08731E+02367400200855 
  197.      4.64683E-1 1.05754E+4 7.30981E-1 3.95556E+0 7.11512E+02367400200856 
  197.      4.71454E-1 1.04993E+4 7.01030E-1 3.87828E+0 6.68961E+02367400200857 
  197.      4.78373E-1 1.04231E+4 6.87243E-1 3.82511E+0 7.51024E+02367400200858 
  197.      4.85446E-1 1.03470E+4 6.86160E-1 3.76056E+0 7.37024E+02367400200859 
  197.      4.92677E-1 1.02708E+4 6.68311E-1 3.74598E+0 6.66757E+02367400200860 
  197.      5.00071E-1 1.01947E+4 6.19084E-1 3.72941E+0 8.20722E+02367400200861 
  197.      5.07633E-1 1.01185E+4 5.94997E-1 3.69529E+0 7.80919E+02367400200862 
  197.      5.15368E-1 1.00424E+4 5.59798E-1 3.61454E+0 6.82863E+02367400200863 
  197.      5.23280E-1 9.96621E+3 5.17564E-1 3.55717E+0 7.69233E+02367400200864 
  197.      5.31377E-1 9.89006E+3 4.98787E-1 3.48630E+0 7.64451E+02367400200865 
  197.      5.39663E-1 9.81391E+3 5.22048E-1 3.48475E+0 8.21387E+02367400200866 
  197.      5.48144E-1 9.73775E+3 5.08921E-1 3.42746E+0 7.19732E+02367400200867 
  197.      5.56827E-1 9.66160E+3 4.94206E-1 3.38306E+0 9.81196E+02367400200868 
  197.      5.65718E-1 9.58544E+3 4.92465E-1 3.30395E+0 9.05586E+02367400200869 
  197.      5.74823E-1 9.50929E+3 4.83732E-1 3.21987E+0 8.07495E+02367400200870 
  197.      5.84151E-1 9.43314E+3 4.98821E-1 3.16619E+0 7.22436E+02367400200871 
  197.      5.93707E-1 9.35698E+3 4.65056E-1 3.12058E+0 7.67019E+02367400200872 
  197.      6.03500E-1 9.28083E+3 4.76897E-1 3.07102E+0 6.73284E+02367400200873 
  197.      6.13537E-1 9.20467E+3 5.55587E-1 3.03118E+0 7.78147E+02367400200874 
  197.      6.23827E-1 9.12852E+3 4.78916E-1 3.01876E+0 6.77088E+02367400200875 
  197.      6.34378E-1 9.05236E+3 4.05532E-1 3.00895E+0 6.98300E+02367400200876 
  197.      6.45199E-1 8.97621E+3 4.03275E-1 2.94608E+0 7.26730E+02367400200877 
  197.      6.56299E-1 8.90006E+3 3.96034E-1 2.86212E+0 6.91968E+02367400200878 
  197.      6.67688E-1 8.82390E+3 4.15922E-1 2.82442E+0 7.39666E+02367400200879 
  197.      6.79377E-1 8.74775E+3 4.42722E-1 2.77777E+0 6.31330E+02367400200880 
  197.      6.91375E-1 8.67159E+3 4.87290E-1 2.74798E+0 6.40923E+02367400200881 
  197.      7.03694E-1 8.59544E+3 5.54573E-1 2.74137E+0 6.30273E+02367400200882 
  197.      7.16346E-1 8.51928E+3 6.18808E-1 2.70244E+0 6.51287E+02367400200883 
  197.      7.29341E-1 8.44313E+3 6.62816E-1 2.67425E+0 6.58860E+02367400200884 
  197.      7.42694E-1 8.36697E+3 6.31696E-1 2.63921E+0 6.18090E+02367400200885 
  197.      7.56418E-1 8.29082E+3 5.42113E-1 2.61522E+0 5.96402E+02367400200886 
  197.      7.70525E-1 8.21466E+3 4.70744E-1 2.59298E+0 6.69939E+02367400200887 
  197.      7.85030E-1 8.13851E+3 4.47788E-1 2.54035E+0 6.49478E+02367400200888 
  197.      7.99950E-1 8.06236E+3 4.68279E-1 2.52298E+0 6.72399E+02367400200889 
  197.      8.15299E-1 7.98620E+3 5.00973E-1 2.45498E+0 6.99441E+02367400200890 
  197.      8.31094E-1 7.91005E+3 5.38596E-1 2.38987E+0 6.44898E+02367400200891 
  197.      8.47353E-1 7.83389E+3 5.85918E-1 2.34198E+0 6.25726E+02367400200892 
  197.      8.64094E-1 7.75774E+3 6.23420E-1 2.28243E+0 6.16648E+02367400200893 
  197.      8.81337E-1 7.68158E+3 7.10603E-1 2.22636E+0 6.30813E+02367400200894 
  197.      8.99101E-1 7.60542E+3 8.07860E-1 2.19168E+0 6.40996E+02367400200895 
  197.      9.17407E-1 7.52927E+3 8.06860E-1 2.16622E+0 6.84635E+02367400200896 
  197.      9.36279E-1 7.45311E+3 6.10908E-1 2.22184E+0 6.16991E+02367400200897 
  197.      9.55740E-1 7.37696E+3 4.17166E-1 2.26329E+0 6.83355E+02367400200898 
  197.      9.75814E-1 7.30080E+3 3.52194E-1 2.26541E+0 6.67084E+02367400200899 
  197.      9.96528E-1 7.22465E+3 3.74116E-1 2.21502E+0 6.40422E+02367400200900 
  197.      1.01791E+0 7.14849E+3 4.32044E-1 2.13744E+0 6.92680E+02367400200901 
  197.      1.03998E+0 7.07234E+3 4.96583E-1 2.08050E+0 6.37563E+02367400200902 
  197.      1.06279E+0 6.99618E+3 5.71350E-1 2.04111E+0 6.47894E+02367400200903 
  197.      1.08635E+0 6.92003E+3 6.42835E-1 2.02088E+0 6.94505E+02367400200904 
  197.      1.11070E+0 6.84387E+3 6.05417E-1 2.01899E+0 6.54426E+02367400200905 
  197.      1.13589E+0 6.76771E+3 5.90040E-1 1.99497E+0 6.43343E+02367400200906 
  197.      1.16194E+0 6.69156E+3 6.15605E-1 1.97689E+0 6.14327E+02367400200907 
  197.      1.18890E+0 6.61540E+3 6.28364E-1 1.96980E+0 6.30579E+02367400200908 
  197.      1.21680E+0 6.53925E+3 6.11331E-1 1.94965E+0 6.31276E+02367400200909 
  197.      1.24570E+0 6.46309E+3 5.56826E-1 1.95270E+0 6.31596E+02367400200910 
  197.      1.27565E+0 6.38693E+3 5.24014E-1 1.94057E+0 6.42162E+02367400200911 
  197.      1.30669E+0 6.31078E+3 5.06211E-1 1.91856E+0 6.35336E+02367400200912 
  197.      1.33887E+0 6.23462E+3 4.71022E-1 1.90277E+0 6.92687E+02367400200913 
  197.      1.37227E+0 6.15846E+3 4.15670E-1 1.90833E+0 6.21313E+02367400200914 
  197.      1.40692E+0 6.08231E+3 4.09910E-1 1.89227E+0 6.59283E+02367400200915 
  197.      1.44291E+0 6.00615E+3 4.74085E-1 1.87671E+0 6.52949E+02367400200916 
  197.      1.48030E+0 5.92999E+3 5.95632E-1 1.84683E+0 6.25586E+02367400200917 
  197.      1.51916E+0 5.85384E+3 7.06210E-1 1.82940E+0 6.30196E+02367400200918 
  197.      1.55957E+0 5.77768E+3 7.24075E-1 1.83431E+0 6.38692E+02367400200919 
  197.      1.60162E+0 5.70152E+3 6.38239E-1 1.83670E+0 6.53544E+02367400200920 
  197.      1.64540E+0 5.62536E+3 4.82739E-1 1.85787E+0 6.67254E+02367400200921 
  197.      1.69099E+0 5.54921E+3 4.00887E-1 1.86110E+0 5.98059E+02367400200922 
  197.      1.73851E+0 5.47305E+3 3.91116E-1 1.86656E+0 6.14050E+02367400200923 
  197.      1.78807E+0 5.39689E+3 4.15850E-1 1.86806E+0 6.62388E+02367400200924 
  197.      1.83977E+0 5.32073E+3 4.82538E-1 1.84914E+0 6.61222E+02367400200925 
  197.      1.89375E+0 5.24457E+3 6.03372E-1 1.84063E+0 6.49090E+02367400200926 
  197.      1.95015E+0 5.16842E+3 6.23548E-1 1.84318E+0 7.08764E+02367400200927 
  197.      2.00911E+0 5.09226E+3 4.92735E-1 1.87532E+0 6.88668E+02367400200928 
  197.      2.07078E+0 5.01610E+3 4.45097E-1 1.87670E+0 6.28347E+02367400200929 
  197.      2.13534E+0 4.93994E+3 4.88536E-1 1.85510E+0 6.42713E+02367400200930 
  197.      2.20298E+0 4.86378E+3 5.72318E-1 1.84552E+0 6.49460E+02367400200931 
  197.      2.27388E+0 4.78762E+3 5.79585E-1 1.85092E+0 6.24884E+02367400200932 
  197.      2.34826E+0 4.71146E+3 5.64655E-1 1.87851E+0 6.17126E+02367400200933 
  197.      2.42637E+0 4.63530E+3 5.68421E-1 1.90112E+0 6.03213E+02367400200934 
  197.      2.50844E+0 4.55914E+3 5.75268E-1 1.92289E+0 6.19398E+02367400200935 
  197.      2.59475E+0 4.48298E+3 5.63356E-1 1.92974E+0 6.22316E+02367400200936 
  197.      2.68560E+0 4.40682E+3 5.25422E-1 1.97226E+0 6.66015E+02367400200937 
  197.      2.78131E+0 4.33066E+3 4.90593E-1 1.99983E+0 6.36154E+02367400200938 
  197.      2.88224E+0 4.25450E+3 4.82593E-1 2.02359E+0 6.57252E+02367400200939 
  197.      2.98878E+0 4.17833E+3 4.95706E-1 2.03803E+0 6.99652E+02367400200940 
  197.      3.10135E+0 4.10217E+3 4.49110E-1 2.06780E+0 6.35191E+02367400200941 
  197.      3.22041E+0 4.02601E+3 4.50833E-1 2.09909E+0 6.41432E+02367400200942 
  197.      3.34647E+0 3.94985E+3 4.98787E-1 2.10985E+0 6.38078E+02367400200943 
  197.      3.48010E+0 3.87368E+3 5.31671E-1 2.12265E+0 6.68416E+02367400200944 
  197.      3.62191E+0 3.79752E+3 5.12312E-1 2.15109E+0 6.92304E+02367400200945 
  197.      3.77259E+0 3.72135E+3 4.56926E-1 2.17148E+0 6.95255E+02367400200946 
  197.      3.93289E+0 3.64519E+3 4.52316E-1 2.20456E+0 6.42288E+02367400200947 
  197.      4.10366E+0 3.56902E+3 4.71481E-1 2.19839E+0 6.69859E+02367400200948 
  197.      4.28582E+0 3.49286E+3 4.57390E-1 2.21812E+0 6.85442E+02367400200949 
  197.      4.48042E+0 3.41669E+3 4.52846E-1 2.24299E+0 6.75699E+02367400200950 
  197.      4.68861E+0 3.34053E+3 4.37087E-1 2.25394E+0 6.85625E+02367400200951 
  197.      4.91170E+0 3.26436E+3 4.21204E-1 2.26656E+0 7.10826E+02367400200952 
  197.      5.15115E+0 3.18819E+3 4.54984E-1 2.28414E+0 6.97156E+02367400200953 
  197.      5.40861E+0 3.11202E+3 4.52682E-1 2.28569E+0 6.37940E+02367400200954 
  197.      5.68592E+0 3.03585E+3 4.13099E-1 2.28010E+0 6.64794E+02367400200955 
  197.      5.98519E+0 2.95968E+3 3.45377E-1 2.25649E+0 6.83663E+02367400200956 
  197.      6.30882E+0 2.88350E+3 3.17629E-1 2.19984E+0 7.03756E+02367400200957 
  197.      6.65953E+0 2.80733E+3 2.96790E-1 2.15765E+0 6.90740E+02367400200958 
  197.      7.04043E+0 2.73116E+3 2.86075E-1 2.16613E+0 6.71159E+02367400200959 
  197.      7.45513E+0 2.65498E+3 2.53864E-1 2.24232E+0 6.71348E+02367400200960 
  197.      7.90774E+0 2.57880E+3 2.39148E-1 2.38068E+0 6.96690E+02367400200961 
  197.      8.40306E+0 2.50262E+3 2.22264E-1 2.58576E+0 7.24074E+02367400200962 
  197.      8.94667E+0 2.42644E+3 2.07573E-1 2.81754E+0 7.68110E+02367400200963 
  197.      9.54509E+0 2.35026E+3 1.77211E-1 3.14968E+0 7.29089E+02367400200964 
  197.      1.02060E+1 2.27407E+3 1.52165E-1 3.59205E+0 7.83520E+02367400200965 
  197.      1.09384E+1 2.19789E+3 1.38512E-1 4.02005E+0 8.79453E+02367400200966 
  197.      1.17532E+1 2.12170E+3 1.06259E-1 4.61211E+0 9.31961E+02367400200967 
  197.      1.26632E+1 2.04550E+3 8.27448E-2 5.23663E+0 1.03834E+12367400200968 
  197.      1.36840E+1 1.96931E+3 7.58692E-2 5.86101E+0 1.16641E+12367400200969 
  197.      1.48346E+1 1.89310E+3 6.47383E-2 6.66703E+0 1.19726E+12367400200970 
  197.      1.61380E+1 1.81690E+3 4.63307E-2 7.81782E+0 1.24949E+12367400200971 
  197.      1.76229E+1 1.74069E+3 4.26696E-2 9.16731E+0 1.52219E+12367400200972 
 1236.      6.38142E-2 2.85285E+4 0.00000E+0 0.00000E+0 0.00000E+02367400200973 
 1236.      6.39849E-2 2.84905E+4 0.00000E+0 0.00000E+0 0.00000E+02367400200974 
 1236.      6.41563E-2 2.84524E+4 0.00000E+0 0.00000E+0 0.00000E+02367400200975 
 1236.      6.43284E-2 2.84143E+4 0.00000E+0 0.00000E+0 0.00000E+02367400200976 
 1236.      6.45012E-2 2.83762E+4 0.00000E+0 0.00000E+0 0.00000E+02367400200977 
 1236.      6.46746E-2 2.83382E+4 0.00000E+0 0.00000E+0 0.00000E+02367400200978 
 1236.      6.48488E-2 2.83001E+4 0.00000E+0 0.00000E+0 0.00000E+02367400200979 
 1236.      6.50237E-2 2.82620E+4 0.00000E+0 0.00000E+0 0.00000E+02367400200980 
 1236.      6.51992E-2 2.82239E+4 0.00000E+0 0.00000E+0 0.00000E+02367400200981 
 1236.      6.53755E-2 2.81859E+4 0.00000E+0 0.00000E+0 0.00000E+02367400200982 
 1236.      6.55525E-2 2.81478E+4 0.00000E+0 0.00000E+0 0.00000E+02367400200983 
 1236.      6.57303E-2 2.81097E+4 0.00000E+0 0.00000E+0 0.00000E+02367400200984 
 1236.      6.59087E-2 2.80716E+4 0.00000E+0 0.00000E+0 0.00000E+02367400200985 
 1236.      6.60879E-2 2.80335E+4 0.00000E+0 0.00000E+0 0.00000E+02367400200986 
 1236.      6.62678E-2 2.79955E+4 0.00000E+0 0.00000E+0 0.00000E+02367400200987 
 1236.      6.64485E-2 2.79574E+4 0.00000E+0 0.00000E+0 0.00000E+02367400200988 
 1236.      6.66298E-2 2.79193E+4 0.00000E+0 0.00000E+0 0.00000E+02367400200989 
 1236.      6.68120E-2 2.78812E+4 0.00000E+0 0.00000E+0 0.00000E+02367400200990 
 1236.      6.69949E-2 2.78432E+4 0.00000E+0 0.00000E+0 0.00000E+02367400200991 
 1236.      6.71785E-2 2.78051E+4 0.00000E+0 0.00000E+0 0.00000E+02367400200992 
 1236.      6.73629E-2 2.77670E+4 0.00000E+0 0.00000E+0 0.00000E+02367400200993 
 1236.      6.75480E-2 2.77289E+4 0.00000E+0 0.00000E+0 0.00000E+02367400200994 
 1236.      6.77339E-2 2.76909E+4 0.00000E+0 0.00000E+0 0.00000E+02367400200995 
 1236.      6.79206E-2 2.76528E+4 0.00000E+0 0.00000E+0 0.00000E+02367400200996 
 1236.      6.81081E-2 2.76147E+4 0.00000E+0 0.00000E+0 0.00000E+02367400200997 
 1236.      6.82963E-2 2.75766E+4 0.00000E+0 0.00000E+0 0.00000E+02367400200998 
 1236.      6.84853E-2 2.75386E+4 0.00000E+0 0.00000E+0 0.00000E+02367400200999 
 1236.      6.86751E-2 2.75005E+4 0.00000E+0 0.00000E+0 0.00000E+02367400201000 
 1236.      6.88657E-2 2.74624E+4 0.00000E+0 0.00000E+0 0.00000E+02367400201001 
 1236.      6.90571E-2 2.74243E+4 0.00000E+0 0.00000E+0 0.00000E+02367400201002 
 1236.      6.92492E-2 2.73863E+4 0.00000E+0 0.00000E+0 0.00000E+02367400201003 
 1236.      6.94422E-2 2.73482E+4 0.00000E+0 0.00000E+0 0.00000E+02367400201004 
 1236.      6.96360E-2 2.73101E+4 0.00000E+0 0.00000E+0 0.00000E+02367400201005 
 1236.      6.98306E-2 2.72720E+4 0.00000E+0 0.00000E+0 0.00000E+02367400201006 
 1236.      7.00260E-2 2.72339E+4 0.00000E+0 0.00000E+0 0.00000E+02367400201007 
 1236.      7.02223E-2 2.71959E+4 0.00000E+0 0.00000E+0 0.00000E+02367400201008 
 1236.      7.04194E-2 2.71578E+4 0.00000E+0 0.00000E+0 0.00000E+02367400201009 
 1236.      7.06173E-2 2.71197E+4 0.00000E+0 0.00000E+0 0.00000E+02367400201010 
 1236.      7.08160E-2 2.70816E+4 0.00000E+0 0.00000E+0 0.00000E+02367400201011 
 1236.      7.10156E-2 2.70436E+4 0.00000E+0 0.00000E+0 0.00000E+02367400201012 
 1236.      7.12160E-2 2.70055E+4 0.00000E+0 0.00000E+0 0.00000E+02367400201013 
 1236.      7.14173E-2 2.69674E+4 0.00000E+0 0.00000E+0 0.00000E+02367400201014 
 1236.      7.16194E-2 2.69293E+4 0.00000E+0 0.00000E+0 0.00000E+02367400201015 
 1236.      7.18224E-2 2.68913E+4 0.00000E+0 0.00000E+0 0.00000E+02367400201016 
 1236.      7.20262E-2 2.68532E+4 0.00000E+0 0.00000E+0 0.00000E+02367400201017 
 1236.      7.22309E-2 2.68151E+4 0.00000E+0 0.00000E+0 0.00000E+02367400201018 
 1236.      7.24365E-2 2.67770E+4 0.00000E+0 0.00000E+0 0.00000E+02367400201019 
 1236.      7.26430E-2 2.67390E+4 0.00000E+0 0.00000E+0 0.00000E+02367400201020 
 1236.      7.28503E-2 2.67009E+4 0.00000E+0 0.00000E+0 0.00000E+02367400201021 
 1236.      7.30586E-2 2.66628E+4 0.00000E+0 0.00000E+0 0.00000E+02367400201022 
 1236.      7.32677E-2 2.66247E+4 0.00000E+0 0.00000E+0 0.00000E+02367400201023 
 1236.      7.34778E-2 2.65867E+4 0.00000E+0 0.00000E+0 0.00000E+02367400201024 
 1236.      7.36887E-2 2.65486E+4 0.00000E+0 0.00000E+0 0.00000E+02367400201025 
 1236.      7.39005E-2 2.65105E+4 0.00000E+0 0.00000E+0 0.00000E+02367400201026 
 1236.      7.41133E-2 2.64724E+4 0.00000E+0 0.00000E+0 0.00000E+02367400201027 
 1236.      7.43270E-2 2.64343E+4 0.00000E+0 0.00000E+0 0.00000E+02367400201028 
 1236.      7.45416E-2 2.63963E+4 0.00000E+0 0.00000E+0 0.00000E+02367400201029 
 1236.      7.47572E-2 2.63582E+4 0.00000E+0 0.00000E+0 0.00000E+02367400201030 
 1236.      7.49736E-2 2.63201E+4 0.00000E+0 0.00000E+0 0.00000E+02367400201031 
 1236.      7.51910E-2 2.62820E+4 0.00000E+0 0.00000E+0 0.00000E+02367400201032 
 1236.      7.54094E-2 2.62440E+4 0.00000E+0 0.00000E+0 0.00000E+02367400201033 
 1236.      7.56287E-2 2.62059E+4 0.00000E+0 0.00000E+0 0.00000E+02367400201034 
 1236.      7.58490E-2 2.61678E+4 0.00000E+0 0.00000E+0 0.00000E+02367400201035 
 1236.      7.60703E-2 2.61297E+4 0.00000E+0 0.00000E+0 0.00000E+02367400201036 
 1236.      7.62925E-2 2.60917E+4 0.00000E+0 0.00000E+0 0.00000E+02367400201037 
 1236.      7.65157E-2 2.60536E+4 0.00000E+0 0.00000E+0 0.00000E+02367400201038 
 1236.      7.67398E-2 2.60155E+4 0.00000E+0 0.00000E+0 0.00000E+02367400201039 
 1236.      7.69650E-2 2.59774E+4 0.00000E+0 0.00000E+0 0.00000E+02367400201040 
 1236.      7.71911E-2 2.59394E+4 0.00000E+0 0.00000E+0 0.00000E+02367400201041 
 1236.      7.74183E-2 2.59013E+4 0.00000E+0 0.00000E+0 0.00000E+02367400201042 
 1236.      7.76464E-2 2.58632E+4 0.00000E+0 0.00000E+0 0.00000E+02367400201043 
 1236.      7.78756E-2 2.58251E+4 0.00000E+0 0.00000E+0 0.00000E+02367400201044 
 1236.      7.81057E-2 2.57871E+4 0.00000E+0 0.00000E+0 0.00000E+02367400201045 
 1236.      7.83369E-2 2.57490E+4 0.00000E+0 0.00000E+0 0.00000E+02367400201046 
 1236.      7.85692E-2 2.57109E+4 0.00000E+0 0.00000E+0 0.00000E+02367400201047 
 1236.      7.88024E-2 2.56728E+4 0.00000E+0 0.00000E+0 0.00000E+02367400201048 
 1236.      7.90367E-2 2.56347E+4 0.00000E+0 0.00000E+0 0.00000E+02367400201049 
 1236.      7.92721E-2 2.55967E+4 0.00000E+0 0.00000E+0 0.00000E+02367400201050 
 1236.      7.95085E-2 2.55586E+4 0.00000E+0 0.00000E+0 0.00000E+02367400201051 
 1236.      7.97459E-2 2.55205E+4 0.00000E+0 0.00000E+0 0.00000E+02367400201052 
 1236.      7.99845E-2 2.54824E+4 0.00000E+0 0.00000E+0 0.00000E+02367400201053 
 1236.      8.02240E-2 2.54444E+4 0.00000E+0 0.00000E+0 0.00000E+02367400201054 
 1236.      8.04647E-2 2.54063E+4 0.00000E+0 0.00000E+0 0.00000E+02367400201055 
 1236.      8.07065E-2 2.53682E+4 0.00000E+0 0.00000E+0 0.00000E+02367400201056 
 1236.      8.09493E-2 2.53301E+4 0.00000E+0 0.00000E+0 0.00000E+02367400201057 
 1236.      8.11933E-2 2.52921E+4 0.00000E+0 0.00000E+0 0.00000E+02367400201058 
 1236.      8.14383E-2 2.52540E+4 0.00000E+0 0.00000E+0 0.00000E+02367400201059 
 1236.      8.16845E-2 2.52159E+4 0.00000E+0 0.00000E+0 0.00000E+02367400201060 
 1236.      8.19318E-2 2.51778E+4 0.00000E+0 0.00000E+0 0.00000E+02367400201061 
 1236.      8.21802E-2 2.51398E+4 0.00000E+0 0.00000E+0 0.00000E+02367400201062 
 1236.      8.24297E-2 2.51017E+4 0.00000E+0 0.00000E+0 0.00000E+02367400201063 
 1236.      8.26804E-2 2.50636E+4 0.00000E+0 0.00000E+0 0.00000E+02367400201064 
 1236.      8.29322E-2 2.50255E+4 0.00000E+0 0.00000E+0 0.00000E+02367400201065 
 1236.      8.31852E-2 2.49875E+4 0.00000E+0 0.00000E+0 0.00000E+02367400201066 
 1236.      8.34393E-2 2.49494E+4 0.00000E+0 0.00000E+0 0.00000E+02367400201067 
 1236.      8.36946E-2 2.49113E+4 0.00000E+0 0.00000E+0 0.00000E+02367400201068 
 1236.      8.39511E-2 2.48732E+4 0.00000E+0 0.00000E+0 0.00000E+02367400201069 
 1236.      8.42087E-2 2.48351E+4 0.00000E+0 0.00000E+0 0.00000E+02367400201070 
 1236.      8.44676E-2 2.47971E+4 0.00000E+0 0.00000E+0 0.00000E+02367400201071 
 1236.      8.47276E-2 2.47590E+4 0.00000E+0 0.00000E+0 0.00000E+02367400201072 
 1236.      8.49888E-2 2.47209E+4 0.00000E+0 0.00000E+0 0.00000E+02367400201073 
 1236.      8.52513E-2 2.46828E+4 0.00000E+0 0.00000E+0 0.00000E+02367400201074 
 1236.      8.55150E-2 2.46448E+4 0.00000E+0 0.00000E+0 0.00000E+02367400201075 
 1236.      8.57799E-2 2.46067E+4 0.00000E+0 0.00000E+0 0.00000E+02367400201076 
 1236.      8.60460E-2 2.45686E+4 0.00000E+0 0.00000E+0 0.00000E+02367400201077 
 1236.      8.63133E-2 2.45305E+4 0.00000E+0 0.00000E+0 0.00000E+02367400201078 
 1236.      8.65820E-2 2.44925E+4 0.00000E+0 0.00000E+0 0.00000E+02367400201079 
 1236.      8.68518E-2 2.44544E+4 0.00000E+0 0.00000E+0 0.00000E+02367400201080 
 1236.      8.71230E-2 2.44163E+4 0.00000E+0 0.00000E+0 0.00000E+02367400201081 
 1236.      8.73954E-2 2.43782E+4 0.00000E+0 0.00000E+0 0.00000E+02367400201082 
 1236.      8.76690E-2 2.43402E+4 0.00000E+0 0.00000E+0 0.00000E+02367400201083 
 1236.      8.79440E-2 2.43021E+4 0.00000E+0 0.00000E+0 0.00000E+02367400201084 
 1236.      8.82203E-2 2.42640E+4 0.00000E+0 0.00000E+0 0.00000E+02367400201085 
 1236.      8.84979E-2 2.42259E+4 0.00000E+0 0.00000E+0 0.00000E+02367400201086 
 1236.      8.87767E-2 2.41879E+4 0.00000E+0 0.00000E+0 0.00000E+02367400201087 
 1236.      8.90569E-2 2.41498E+4 0.00000E+0 0.00000E+0 0.00000E+02367400201088 
 1236.      8.93385E-2 2.41117E+4 0.00000E+0 0.00000E+0 0.00000E+02367400201089 
 1236.      8.96213E-2 2.40736E+4 0.00000E+0 0.00000E+0 0.00000E+02367400201090 
 1236.      8.99056E-2 2.40355E+4 0.00000E+0 0.00000E+0 0.00000E+02367400201091 
 1236.      9.01911E-2 2.39975E+4 0.00000E+0 0.00000E+0 0.00000E+02367400201092 
 1236.      9.04781E-2 2.39594E+4 0.00000E+0 0.00000E+0 0.00000E+02367400201093 
 1236.      9.07664E-2 2.39213E+4 0.00000E+0 0.00000E+0 0.00000E+02367400201094 
 1236.      9.10560E-2 2.38832E+4 0.00000E+0 0.00000E+0 0.00000E+02367400201095 
 1236.      9.13471E-2 2.38452E+4 0.00000E+0 0.00000E+0 0.00000E+02367400201096 
 1236.      9.16396E-2 2.38071E+4 0.00000E+0 0.00000E+0 0.00000E+02367400201097 
 1236.      9.19335E-2 2.37690E+4 0.00000E+0 0.00000E+0 0.00000E+02367400201098 
 1236.      9.22288E-2 2.37309E+4 0.00000E+0 0.00000E+0 0.00000E+02367400201099 
 1236.      9.25255E-2 2.36929E+4 0.00000E+0 0.00000E+0 0.00000E+02367400201100 
 1236.      9.28236E-2 2.36548E+4 0.00000E+0 0.00000E+0 0.00000E+02367400201101 
 1236.      9.31232E-2 2.36167E+4 0.00000E+0 0.00000E+0 0.00000E+02367400201102 
 1236.      9.34243E-2 2.35786E+4 0.00000E+0 0.00000E+0 0.00000E+02367400201103 
 1236.      9.37268E-2 2.35406E+4 0.00000E+0 0.00000E+0 0.00000E+02367400201104 
 1236.      9.40308E-2 2.35025E+4 0.00000E+0 0.00000E+0 0.00000E+02367400201105 
 1236.      9.43362E-2 2.34644E+4 0.00000E+0 0.00000E+0 0.00000E+02367400201106 
 1236.      9.46432E-2 2.34263E+4 0.00000E+0 0.00000E+0 0.00000E+02367400201107 
 1236.      9.49517E-2 2.33883E+4 0.00000E+0 0.00000E+0 0.00000E+02367400201108 
 1236.      9.52616E-2 2.33502E+4 0.00000E+0 0.00000E+0 0.00000E+02367400201109 
 1236.      9.55731E-2 2.33121E+4 0.00000E+0 0.00000E+0 0.00000E+02367400201110 
 1236.      9.58861E-2 2.32740E+4 0.00000E+0 0.00000E+0 0.00000E+02367400201111 
 1236.      9.62007E-2 2.32359E+4 0.00000E+0 0.00000E+0 0.00000E+02367400201112 
 1236.      9.65168E-2 2.31979E+4 0.00000E+0 0.00000E+0 0.00000E+02367400201113 
 1236.      9.68345E-2 2.31598E+4 0.00000E+0 0.00000E+0 0.00000E+02367400201114 
 1236.      9.71537E-2 2.31217E+4 0.00000E+0 0.00000E+0 0.00000E+02367400201115 
 1236.      9.74745E-2 2.30836E+4 0.00000E+0 0.00000E+0 0.00000E+02367400201116 
 1236.      9.77969E-2 2.30456E+4 0.00000E+0 0.00000E+0 0.00000E+02367400201117 
 1236.      9.81210E-2 2.30075E+4 0.00000E+0 0.00000E+0 0.00000E+02367400201118 
 1236.      9.84466E-2 2.29694E+4 0.00000E+0 0.00000E+0 0.00000E+02367400201119 
 1236.      9.87738E-2 2.29313E+4 0.00000E+0 0.00000E+0 0.00000E+02367400201120 
 1236.      9.91027E-2 2.28933E+4 0.00000E+0 0.00000E+0 0.00000E+02367400201121 
 1236.      9.94333E-2 2.28552E+4 0.00000E+0 0.00000E+0 0.00000E+02367400201122 
 1236.      9.97654E-2 2.28171E+4 0.00000E+0 0.00000E+0 0.00000E+02367400201123 
 1236.      1.00099E-1 2.27790E+4 0.00000E+0 0.00000E+0 0.00000E+02367400201124 
 1236.      1.00435E-1 2.27410E+4 0.00000E+0 0.00000E+0 0.00000E+02367400201125 
 1236.      1.00772E-1 2.27029E+4 0.00000E+0 0.00000E+0 0.00000E+02367400201126 
 1236.      1.01111E-1 2.26648E+4 0.00000E+0 0.00000E+0 0.00000E+02367400201127 
 1236.      1.01452E-1 2.26267E+4 0.00000E+0 0.00000E+0 0.00000E+02367400201128 
 1236.      1.01794E-1 2.25887E+4 0.00000E+0 0.00000E+0 0.00000E+02367400201129 
 1236.      1.02138E-1 2.25506E+4 0.00000E+0 0.00000E+0 0.00000E+02367400201130 
 1236.      1.02484E-1 2.25125E+4 0.00000E+0 0.00000E+0 0.00000E+02367400201131 
 1236.      1.02832E-1 2.24744E+4 0.00000E+0 0.00000E+0 0.00000E+02367400201132 
 1236.      1.03181E-1 2.24363E+4 0.00000E+0 0.00000E+0 0.00000E+02367400201133 
 1236.      1.03532E-1 2.23983E+4 0.00000E+0 0.00000E+0 0.00000E+02367400201134 
 1236.      1.03885E-1 2.23602E+4 0.00000E+0 0.00000E+0 0.00000E+02367400201135 
 1236.      1.04240E-1 2.23221E+4 0.00000E+0 0.00000E+0 0.00000E+02367400201136 
 1236.      1.04596E-1 2.22840E+4 0.00000E+0 0.00000E+0 0.00000E+02367400201137 
 1236.      1.04955E-1 2.22460E+4 0.00000E+0 0.00000E+0 0.00000E+02367400201138 
 1236.      1.05315E-1 2.22079E+4 0.00000E+0 0.00000E+0 0.00000E+02367400201139 
 1236.      1.05677E-1 2.21698E+4 0.00000E+0 0.00000E+0 0.00000E+02367400201140 
 1236.      1.06041E-1 2.21317E+4 0.00000E+0 0.00000E+0 0.00000E+02367400201141 
 1236.      1.06407E-1 2.20937E+4 0.00000E+0 0.00000E+0 0.00000E+02367400201142 
 1236.      1.06775E-1 2.20556E+4 0.00000E+0 0.00000E+0 0.00000E+02367400201143 
 1236.      1.07145E-1 2.20175E+4 0.00000E+0 0.00000E+0 0.00000E+02367400201144 
 1236.      1.07516E-1 2.19794E+4 0.00000E+0 0.00000E+0 0.00000E+02367400201145 
 1236.      1.07890E-1 2.19414E+4 0.00000E+0 0.00000E+0 0.00000E+02367400201146 
 1236.      1.08265E-1 2.19033E+4 0.00000E+0 0.00000E+0 0.00000E+02367400201147 
 1236.      1.08643E-1 2.18652E+4 0.00000E+0 0.00000E+0 0.00000E+02367400201148 
 1236.      1.09022E-1 2.18271E+4 0.00000E+0 0.00000E+0 0.00000E+02367400201149 
 1236.      1.09404E-1 2.17891E+4 0.00000E+0 0.00000E+0 0.00000E+02367400201150 
 1236.      1.09787E-1 2.17510E+4 0.00000E+0 0.00000E+0 0.00000E+02367400201151 
 1236.      1.10172E-1 2.17129E+4 0.00000E+0 0.00000E+0 0.00000E+02367400201152 
 1236.      1.10560E-1 2.16748E+4 0.00000E+0 0.00000E+0 0.00000E+02367400201153 
 1236.      1.10949E-1 2.16367E+4 0.00000E+0 0.00000E+0 0.00000E+02367400201154 
 1236.      1.11341E-1 2.15987E+4 0.00000E+0 0.00000E+0 0.00000E+02367400201155 
 1236.      1.11735E-1 2.15606E+4 0.00000E+0 0.00000E+0 0.00000E+02367400201156 
 1236.      1.12131E-1 2.15225E+4 0.00000E+0 0.00000E+0 0.00000E+02367400201157 
 1236.      1.12528E-1 2.14844E+4 0.00000E+0 0.00000E+0 0.00000E+02367400201158 
 1236.      1.12928E-1 2.14464E+4 0.00000E+0 0.00000E+0 0.00000E+02367400201159 
 1236.      1.13331E-1 2.14083E+4 0.00000E+0 0.00000E+0 0.00000E+02367400201160 
 1236.      1.13735E-1 2.13702E+4 0.00000E+0 0.00000E+0 0.00000E+02367400201161 
 1236.      1.14141E-1 2.13321E+4 0.00000E+0 0.00000E+0 0.00000E+02367400201162 
 1236.      1.14550E-1 2.12941E+4 0.00000E+0 0.00000E+0 0.00000E+02367400201163 
 1236.      1.14961E-1 2.12560E+4 0.00000E+0 0.00000E+0 0.00000E+02367400201164 
 1236.      1.15374E-1 2.12179E+4 0.00000E+0 0.00000E+0 0.00000E+02367400201165 
 1236.      1.15789E-1 2.11798E+4 0.00000E+0 0.00000E+0 0.00000E+02367400201166 
 1236.      1.16207E-1 2.11418E+4 0.00000E+0 0.00000E+0 0.00000E+02367400201167 
 1236.      1.16626E-1 2.11037E+4 0.00000E+0 0.00000E+0 0.00000E+02367400201168 
 1236.      1.17048E-1 2.10656E+4 0.00000E+0 0.00000E+0 0.00000E+02367400201169 
 1236.      1.17473E-1 2.10275E+4 0.00000E+0 0.00000E+0 0.00000E+02367400201170 
 1236.      1.17899E-1 2.09895E+4 0.00000E+0 0.00000E+0 0.00000E+02367400201171 
 1236.      1.18328E-1 2.09514E+4 0.00000E+0 0.00000E+0 0.00000E+02367400201172 
 1236.      1.18760E-1 2.09133E+4 0.00000E+0 0.00000E+0 0.00000E+02367400201173 
 1236.      1.19194E-1 2.08752E+4 0.00000E+0 0.00000E+0 0.00000E+02367400201174 
 1236.      1.19630E-1 2.08371E+4 0.00000E+0 0.00000E+0 0.00000E+02367400201175 
 1236.      1.20068E-1 2.07991E+4 0.00000E+0 0.00000E+0 0.00000E+02367400201176 
 1236.      1.20509E-1 2.07610E+4 0.00000E+0 0.00000E+0 0.00000E+02367400201177 
 1236.      1.20952E-1 2.07229E+4 0.00000E+0 0.00000E+0 0.00000E+02367400201178 
 1236.      1.21398E-1 2.06848E+4 0.00000E+0 0.00000E+0 0.00000E+02367400201179 
 1236.      1.21846E-1 2.06468E+4 0.00000E+0 0.00000E+0 0.00000E+02367400201180 
 1236.      1.22297E-1 2.06087E+4 0.00000E+0 0.00000E+0 0.00000E+02367400201181 
 1236.      1.22750E-1 2.05706E+4 0.00000E+0 0.00000E+0 0.00000E+02367400201182 
 1236.      1.23206E-1 2.05325E+4 0.00000E+0 0.00000E+0 0.00000E+02367400201183 
 1236.      1.23664E-1 2.04945E+4 0.00000E+0 0.00000E+0 0.00000E+02367400201184 
 1236.      1.24125E-1 2.04564E+4 0.00000E+0 0.00000E+0 0.00000E+02367400201185 
 1236.      1.24589E-1 2.04183E+4 0.00000E+0 0.00000E+0 0.00000E+02367400201186 
 1236.      1.25055E-1 2.03802E+4 0.00000E+0 0.00000E+0 0.00000E+02367400201187 
 1236.      1.25524E-1 2.03422E+4 0.00000E+0 0.00000E+0 0.00000E+02367400201188 
 1236.      1.25995E-1 2.03041E+4 0.00000E+0 0.00000E+0 0.00000E+02367400201189 
 1236.      1.26469E-1 2.02660E+4 0.00000E+0 0.00000E+0 0.00000E+02367400201190 
 1236.      1.26946E-1 2.02279E+4 0.00000E+0 0.00000E+0 0.00000E+02367400201191 
 1236.      1.27425E-1 2.01899E+4 0.00000E+0 0.00000E+0 0.00000E+02367400201192 
 1236.      1.27907E-1 2.01518E+4 0.00000E+0 0.00000E+0 0.00000E+02367400201193 
 1236.      1.28392E-1 2.01137E+4 0.00000E+0 0.00000E+0 0.00000E+02367400201194 
 1236.      1.28879E-1 2.00756E+4 0.00000E+0 0.00000E+0 0.00000E+02367400201195 
 1236.      1.29370E-1 2.00375E+4 0.00000E+0 0.00000E+0 0.00000E+02367400201196 
 1236.      1.29863E-1 1.99995E+4 0.00000E+0 0.00000E+0 0.00000E+02367400201197 
 1236.      1.30359E-1 1.99614E+4 0.00000E+0 0.00000E+0 0.00000E+02367400201198 
 1236.      1.30858E-1 1.99233E+4 0.00000E+0 0.00000E+0 0.00000E+02367400201199 
 1236.      1.31360E-1 1.98852E+4 0.00000E+0 0.00000E+0 0.00000E+02367400201200 
 1236.      1.31864E-1 1.98472E+4 0.00000E+0 0.00000E+0 0.00000E+02367400201201 
 1236.      1.32372E-1 1.98091E+4 0.00000E+0 0.00000E+0 0.00000E+02367400201202 
 1236.      1.32882E-1 1.97710E+4 0.00000E+0 0.00000E+0 0.00000E+02367400201203 
 1236.      1.33396E-1 1.97329E+4 0.00000E+0 0.00000E+0 0.00000E+02367400201204 
 1236.      1.33912E-1 1.96949E+4 0.00000E+0 0.00000E+0 0.00000E+02367400201205 
 1236.      1.34431E-1 1.96568E+4 0.00000E+0 0.00000E+0 0.00000E+02367400201206 
 1236.      1.34954E-1 1.96187E+4 0.00000E+0 0.00000E+0 0.00000E+02367400201207 
 1236.      1.35479E-1 1.95806E+4 0.00000E+0 0.00000E+0 0.00000E+02367400201208 
 1236.      1.36008E-1 1.95426E+4 0.00000E+0 0.00000E+0 0.00000E+02367400201209 
 1236.      1.36539E-1 1.95045E+4 0.00000E+0 0.00000E+0 0.00000E+02367400201210 
 1236.      1.37074E-1 1.94664E+4 0.00000E+0 0.00000E+0 0.00000E+02367400201211 
 1236.      1.37612E-1 1.94283E+4 0.00000E+0 0.00000E+0 0.00000E+02367400201212 
 1236.      1.38153E-1 1.93903E+4 0.00000E+0 0.00000E+0 0.00000E+02367400201213 
 1236.      1.38698E-1 1.93522E+4 0.00000E+0 0.00000E+0 0.00000E+02367400201214 
 1236.      1.39245E-1 1.93141E+4 0.00000E+0 0.00000E+0 0.00000E+02367400201215 
 1236.      1.39796E-1 1.92760E+4 0.00000E+0 0.00000E+0 0.00000E+02367400201216 
 1236.      1.40350E-1 1.92379E+4 0.00000E+0 0.00000E+0 0.00000E+02367400201217 
 1236.      1.40907E-1 1.91999E+4 0.00000E+0 0.00000E+0 0.00000E+02367400201218 
 1236.      1.41468E-1 1.91618E+4 0.00000E+0 0.00000E+0 0.00000E+02367400201219 
 1236.      1.42032E-1 1.91237E+4 0.00000E+0 0.00000E+0 0.00000E+02367400201220 
 1236.      1.42599E-1 1.90856E+4 0.00000E+0 0.00000E+0 0.00000E+02367400201221 
 1236.      1.43170E-1 1.90476E+4 0.00000E+0 0.00000E+0 0.00000E+02367400201222 
 1236.      1.43744E-1 1.90095E+4 0.00000E+0 0.00000E+0 0.00000E+02367400201223 
 1236.      1.44322E-1 1.89714E+4 0.00000E+0 0.00000E+0 0.00000E+02367400201224 
 1236.      1.44903E-1 1.89333E+4 0.00000E+0 0.00000E+0 0.00000E+02367400201225 
 1236.      1.45488E-1 1.88953E+4 0.00000E+0 0.00000E+0 0.00000E+02367400201226 
 1236.      1.46076E-1 1.88572E+4 0.00000E+0 0.00000E+0 0.00000E+02367400201227 
 1236.      1.46668E-1 1.88191E+4 0.00000E+0 0.00000E+0 0.00000E+02367400201228 
 1236.      1.47264E-1 1.87810E+4 0.00000E+0 0.00000E+0 0.00000E+02367400201229 
 1236.      1.47863E-1 1.87430E+4 0.00000E+0 0.00000E+0 0.00000E+02367400201230 
 1236.      1.48465E-1 1.87049E+4 0.00000E+0 0.00000E+0 0.00000E+02367400201231 
 1236.      1.49072E-1 1.86668E+4 0.00000E+0 0.00000E+0 0.00000E+02367400201232 
 1236.      1.49682E-1 1.86287E+4 0.00000E+0 0.00000E+0 0.00000E+02367400201233 
 1236.      1.50296E-1 1.85907E+4 0.00000E+0 0.00000E+0 0.00000E+02367400201234 
 1236.      1.50914E-1 1.85526E+4 0.00000E+0 0.00000E+0 0.00000E+02367400201235 
 1236.      1.51535E-1 1.85145E+4 0.00000E+0 0.00000E+0 0.00000E+02367400201236 
 1236.      1.52161E-1 1.84764E+4 0.00000E+0 0.00000E+0 0.00000E+02367400201237 
 1236.      1.52790E-1 1.84383E+4 0.00000E+0 0.00000E+0 0.00000E+02367400201238 
 1236.      1.53423E-1 1.84003E+4 0.00000E+0 0.00000E+0 0.00000E+02367400201239 
 1236.      1.54060E-1 1.83622E+4 0.00000E+0 0.00000E+0 0.00000E+02367400201240 
 1236.      1.54701E-1 1.83241E+4 0.00000E+0 0.00000E+0 0.00000E+02367400201241 
 1236.      1.55346E-1 1.82860E+4 0.00000E+0 0.00000E+0 0.00000E+02367400201242 
 1236.      1.55995E-1 1.82480E+4 0.00000E+0 0.00000E+0 0.00000E+02367400201243 
 1236.      1.56648E-1 1.82099E+4 0.00000E+0 0.00000E+0 0.00000E+02367400201244 
 1236.      1.57306E-1 1.81718E+4 0.00000E+0 0.00000E+0 0.00000E+02367400201245 
 1236.      1.57967E-1 1.81337E+4 0.00000E+0 0.00000E+0 0.00000E+02367400201246 
 1236.      1.58633E-1 1.80957E+4 0.00000E+0 0.00000E+0 0.00000E+02367400201247 
 1236.      1.59303E-1 1.80576E+4 0.00000E+0 0.00000E+0 0.00000E+02367400201248 
 1236.      1.59977E-1 1.80195E+4 0.00000E+0 0.00000E+0 0.00000E+02367400201249 
 1236.      1.60655E-1 1.79814E+4 0.00000E+0 0.00000E+0 0.00000E+02367400201250 
 1236.      1.61338E-1 1.79434E+4 0.00000E+0 0.00000E+0 0.00000E+02367400201251 
 1236.      1.62025E-1 1.79053E+4 0.00000E+0 0.00000E+0 0.00000E+02367400201252 
 1236.      1.62717E-1 1.78672E+4 0.00000E+0 0.00000E+0 0.00000E+02367400201253 
 1236.      1.63413E-1 1.78291E+4 0.00000E+0 0.00000E+0 0.00000E+02367400201254 
 1236.      1.64113E-1 1.77911E+4 0.00000E+0 0.00000E+0 0.00000E+02367400201255 
 1236.      1.64818E-1 1.77530E+4 0.00000E+0 0.00000E+0 0.00000E+02367400201256 
 1236.      1.65527E-1 1.77149E+4 0.00000E+0 0.00000E+0 0.00000E+02367400201257 
 1236.      1.66241E-1 1.76768E+4 0.00000E+0 0.00000E+0 0.00000E+02367400201258 
 1236.      1.66960E-1 1.76387E+4 0.00000E+0 0.00000E+0 0.00000E+02367400201259 
 1236.      1.67683E-1 1.76007E+4 0.00000E+0 0.00000E+0 0.00000E+02367400201260 
 1236.      1.68411E-1 1.75626E+4 0.00000E+0 0.00000E+0 0.00000E+02367400201261 
 1236.      1.69144E-1 1.75245E+4 0.00000E+0 0.00000E+0 0.00000E+02367400201262 
 1236.      1.69882E-1 1.74864E+4 0.00000E+0 0.00000E+0 0.00000E+02367400201263 
 1236.      1.70624E-1 1.74484E+4 0.00000E+0 0.00000E+0 0.00000E+02367400201264 
 1236.      1.71372E-1 1.74103E+4 0.00000E+0 0.00000E+0 0.00000E+02367400201265 
 1236.      1.72124E-1 1.73722E+4 0.00000E+0 0.00000E+0 0.00000E+02367400201266 
 1236.      1.72881E-1 1.73341E+4 0.00000E+0 0.00000E+0 0.00000E+02367400201267 
 1236.      1.73643E-1 1.72961E+4 0.00000E+0 0.00000E+0 0.00000E+02367400201268 
 1236.      1.74411E-1 1.72580E+4 0.00000E+0 0.00000E+0 0.00000E+02367400201269 
 1236.      1.75183E-1 1.72199E+4 0.00000E+0 0.00000E+0 0.00000E+02367400201270 
 1236.      1.75961E-1 1.71818E+4 0.00000E+0 0.00000E+0 0.00000E+02367400201271 
 1236.      1.76743E-1 1.71438E+4 0.00000E+0 0.00000E+0 0.00000E+02367400201272 
 1236.      1.77531E-1 1.71057E+4 0.00000E+0 0.00000E+0 0.00000E+02367400201273 
 1236.      1.78324E-1 1.70676E+4 0.00000E+0 0.00000E+0 0.00000E+02367400201274 
 1236.      1.79123E-1 1.70295E+4 0.00000E+0 0.00000E+0 0.00000E+02367400201275 
 1236.      1.79927E-1 1.69915E+4 0.00000E+0 0.00000E+0 0.00000E+02367400201276 
 1236.      1.80736E-1 1.69534E+4 0.00000E+0 0.00000E+0 0.00000E+02367400201277 
 1236.      1.81551E-1 1.69153E+4 0.00000E+0 0.00000E+0 0.00000E+02367400201278 
 1236.      1.82371E-1 1.68772E+4 0.00000E+0 0.00000E+0 0.00000E+02367400201279 
 1236.      1.83197E-1 1.68391E+4 0.00000E+0 0.00000E+0 0.00000E+02367400201280 
 1236.      1.84029E-1 1.68011E+4 0.00000E+0 0.00000E+0 0.00000E+02367400201281 
 1236.      1.84866E-1 1.67630E+4 0.00000E+0 0.00000E+0 0.00000E+02367400201282 
 1236.      1.85709E-1 1.67249E+4 0.00000E+0 0.00000E+0 0.00000E+02367400201283 
 1236.      1.86558E-1 1.66868E+4 0.00000E+0 0.00000E+0 0.00000E+02367400201284 
 1236.      1.87412E-1 1.66488E+4 0.00000E+0 0.00000E+0 0.00000E+02367400201285 
 1236.      1.88273E-1 1.66107E+4 0.00000E+0 0.00000E+0 0.00000E+02367400201286 
 1236.      1.89139E-1 1.65726E+4 0.00000E+0 0.00000E+0 0.00000E+02367400201287 
 1236.      1.90012E-1 1.65345E+4 0.00000E+0 0.00000E+0 0.00000E+02367400201288 
 1236.      1.90890E-1 1.64965E+4 0.00000E+0 0.00000E+0 0.00000E+02367400201289 
 1236.      1.91774E-1 1.64584E+4 0.00000E+0 0.00000E+0 0.00000E+02367400201290 
 1236.      1.92665E-1 1.64203E+4 0.00000E+0 0.00000E+0 0.00000E+02367400201291 
 1236.      1.93562E-1 1.63822E+4 0.00000E+0 0.00000E+0 0.00000E+02367400201292 
 1236.      1.94465E-1 1.63442E+4 0.00000E+0 0.00000E+0 0.00000E+02367400201293 
 1236.      1.95375E-1 1.63061E+4 0.00000E+0 0.00000E+0 0.00000E+02367400201294 
 1236.      1.96291E-1 1.62680E+4 0.00000E+0 0.00000E+0 0.00000E+02367400201295 
 1236.      1.97213E-1 1.62299E+4 0.00000E+0 0.00000E+0 0.00000E+02367400201296 
 1236.      1.98142E-1 1.61919E+4 0.00000E+0 0.00000E+0 0.00000E+02367400201297 
 1236.      1.99078E-1 1.61538E+4 0.00000E+0 0.00000E+0 0.00000E+02367400201298 
 1236.      2.00020E-1 1.61157E+4 0.00000E+0 0.00000E+0 0.00000E+02367400201299 
 1236.      2.00969E-1 1.60776E+4 0.00000E+0 0.00000E+0 0.00000E+02367400201300 
 1236.      2.01924E-1 1.60395E+4 0.00000E+0 0.00000E+0 0.00000E+02367400201301 
 1236.      2.02887E-1 1.60015E+4 0.00000E+0 0.00000E+0 0.00000E+02367400201302 
 1236.      2.03856E-1 1.59634E+4 0.00000E+0 0.00000E+0 0.00000E+02367400201303 
 1236.      2.04832E-1 1.59253E+4 0.00000E+0 0.00000E+0 0.00000E+02367400201304 
 1236.      2.05815E-1 1.58872E+4 0.00000E+0 0.00000E+0 0.00000E+02367400201305 
 1236.      2.06806E-1 1.58492E+4 0.00000E+0 0.00000E+0 0.00000E+02367400201306 
 1236.      2.07803E-1 1.58111E+4 0.00000E+0 0.00000E+0 0.00000E+02367400201307 
 1236.      2.08808E-1 1.57730E+4 0.00000E+0 0.00000E+0 0.00000E+02367400201308 
 1236.      2.09820E-1 1.57349E+4 0.00000E+0 0.00000E+0 0.00000E+02367400201309 
 1236.      2.10840E-1 1.56969E+4 0.00000E+0 0.00000E+0 0.00000E+02367400201310 
 1236.      2.11867E-1 1.56588E+4 0.00000E+0 0.00000E+0 0.00000E+02367400201311 
 1236.      2.12901E-1 1.56207E+4 0.00000E+0 0.00000E+0 0.00000E+02367400201312 
 1236.      2.13943E-1 1.55826E+4 0.00000E+0 0.00000E+0 0.00000E+02367400201313 
 1236.      2.14993E-1 1.55446E+4 0.00000E+0 0.00000E+0 0.00000E+02367400201314 
 1236.      2.16051E-1 1.55065E+4 0.00000E+0 0.00000E+0 0.00000E+02367400201315 
 1236.      2.17116E-1 1.54684E+4 0.00000E+0 0.00000E+0 0.00000E+02367400201316 
 1236.      2.18189E-1 1.54303E+4 0.00000E+0 0.00000E+0 0.00000E+02367400201317 
 1236.      2.19270E-1 1.53922E+4 0.00000E+0 0.00000E+0 0.00000E+02367400201318 
 1236.      2.20360E-1 1.53542E+4 0.00000E+0 0.00000E+0 0.00000E+02367400201319 
 1236.      2.21457E-1 1.53161E+4 0.00000E+0 0.00000E+0 0.00000E+02367400201320 
 1236.      2.22563E-1 1.52780E+4 0.00000E+0 0.00000E+0 0.00000E+02367400201321 
 1236.      2.23677E-1 1.52399E+4 0.00000E+0 0.00000E+0 0.00000E+02367400201322 
 1236.      2.24799E-1 1.52019E+4 0.00000E+0 0.00000E+0 0.00000E+02367400201323 
 1236.      2.25930E-1 1.51638E+4 0.00000E+0 0.00000E+0 0.00000E+02367400201324 
 1236.      2.27069E-1 1.51257E+4 0.00000E+0 0.00000E+0 0.00000E+02367400201325 
 1236.      2.28217E-1 1.50876E+4 0.00000E+0 0.00000E+0 0.00000E+02367400201326 
 1236.      2.29374E-1 1.50496E+4 0.00000E+0 0.00000E+0 0.00000E+02367400201327 
 1236.      2.30539E-1 1.50115E+4 0.00000E+0 0.00000E+0 0.00000E+02367400201328 
 1236.      2.31714E-1 1.49734E+4 0.00000E+0 0.00000E+0 0.00000E+02367400201329 
 1236.      2.32897E-1 1.49353E+4 0.00000E+0 0.00000E+0 0.00000E+02367400201330 
 1236.      2.34089E-1 1.48973E+4 0.00000E+0 0.00000E+0 0.00000E+02367400201331 
 1236.      2.35291E-1 1.48592E+4 0.00000E+0 0.00000E+0 0.00000E+02367400201332 
 1236.      2.36502E-1 1.48211E+4 0.00000E+0 0.00000E+0 0.00000E+02367400201333 
 1236.      2.37722E-1 1.47830E+4 0.00000E+0 0.00000E+0 0.00000E+02367400201334 
 1236.      2.38952E-1 1.47450E+4 0.00000E+0 0.00000E+0 0.00000E+02367400201335 
 1236.      2.40192E-1 1.47069E+4 0.00000E+0 0.00000E+0 0.00000E+02367400201336 
 1236.      2.41441E-1 1.46688E+4 0.00000E+0 0.00000E+0 0.00000E+02367400201337 
 1236.      2.42699E-1 1.46307E+4 0.00000E+0 0.00000E+0 0.00000E+02367400201338 
 1236.      2.43968E-1 1.45926E+4 0.00000E+0 0.00000E+0 0.00000E+02367400201339 
 1236.      2.45247E-1 1.45546E+4 0.00000E+0 0.00000E+0 0.00000E+02367400201340 
 1236.      2.46536E-1 1.45165E+4 0.00000E+0 0.00000E+0 0.00000E+02367400201341 
 1236.      2.47835E-1 1.44784E+4 0.00000E+0 0.00000E+0 0.00000E+02367400201342 
 1236.      2.49144E-1 1.44403E+4 0.00000E+0 0.00000E+0 0.00000E+02367400201343 
 1236.      2.50463E-1 1.44023E+4 0.00000E+0 0.00000E+0 0.00000E+02367400201344 
 1236.      2.51793E-1 1.43642E+4 0.00000E+0 0.00000E+0 0.00000E+02367400201345 
 1236.      2.53134E-1 1.43261E+4 0.00000E+0 0.00000E+0 0.00000E+02367400201346 
 1236.      2.54486E-1 1.42880E+4 0.00000E+0 0.00000E+0 0.00000E+02367400201347 
 1236.      2.55848E-1 1.42500E+4 0.00000E+0 0.00000E+0 0.00000E+02367400201348 
 1236.      2.57221E-1 1.42119E+4 0.00000E+0 0.00000E+0 0.00000E+02367400201349 
 1236.      2.58606E-1 1.41738E+4 0.00000E+0 0.00000E+0 0.00000E+02367400201350 
 1236.      2.60001E-1 1.41357E+4 0.00000E+0 0.00000E+0 0.00000E+02367400201351 
 1236.      2.61408E-1 1.40977E+4 0.00000E+0 0.00000E+0 0.00000E+02367400201352 
 1236.      2.62827E-1 1.40596E+4 0.00000E+0 0.00000E+0 0.00000E+02367400201353 
 1236.      2.64257E-1 1.40215E+4 0.00000E+0 0.00000E+0 0.00000E+02367400201354 
 1236.      2.65699E-1 1.39834E+4 0.00000E+0 0.00000E+0 0.00000E+02367400201355 
 1236.      2.67152E-1 1.39454E+4 0.00000E+0 0.00000E+0 0.00000E+02367400201356 
 1236.      2.68618E-1 1.39073E+4 0.00000E+0 0.00000E+0 0.00000E+02367400201357 
 1236.      2.70095E-1 1.38692E+4 0.00000E+0 0.00000E+0 0.00000E+02367400201358 
 1236.      2.71585E-1 1.38311E+4 0.00000E+0 0.00000E+0 0.00000E+02367400201359 
 1236.      2.73087E-1 1.37930E+4 0.00000E+0 0.00000E+0 0.00000E+02367400201360 
 1236.      2.74602E-1 1.37550E+4 0.00000E+0 0.00000E+0 0.00000E+02367400201361 
 1236.      2.76129E-1 1.37169E+4 0.00000E+0 0.00000E+0 0.00000E+02367400201362 
 1236.      2.77669E-1 1.36788E+4 0.00000E+0 0.00000E+0 0.00000E+02367400201363 
 1236.      2.79222E-1 1.36407E+4 0.00000E+0 0.00000E+0 0.00000E+02367400201364 
 1236.      2.80788E-1 1.36027E+4 0.00000E+0 0.00000E+0 0.00000E+02367400201365 
 1236.      2.82368E-1 1.35646E+4 0.00000E+0 0.00000E+0 0.00000E+02367400201366 
 1236.      2.83960E-1 1.35265E+4 0.00000E+0 0.00000E+0 0.00000E+02367400201367 
 1236.      2.85566E-1 1.34884E+4 0.00000E+0 0.00000E+0 0.00000E+02367400201368 
 1236.      2.87186E-1 1.34504E+4 0.00000E+0 0.00000E+0 0.00000E+02367400201369 
 1236.      2.88820E-1 1.34123E+4 0.00000E+0 0.00000E+0 0.00000E+02367400201370 
 1236.      2.90467E-1 1.33742E+4 0.00000E+0 0.00000E+0 0.00000E+02367400201371 
 1236.      2.92129E-1 1.33361E+4 0.00000E+0 0.00000E+0 0.00000E+02367400201372 
 1236.      2.93805E-1 1.32981E+4 0.00000E+0 0.00000E+0 0.00000E+02367400201373 
 1236.      2.95496E-1 1.32600E+4 0.00000E+0 0.00000E+0 0.00000E+02367400201374 
 1236.      2.97201E-1 1.32219E+4 0.00000E+0 0.00000E+0 0.00000E+02367400201375 
 1236.      2.98921E-1 1.31838E+4 0.00000E+0 0.00000E+0 0.00000E+02367400201376 
 1236.      3.00656E-1 1.31458E+4 0.00000E+0 0.00000E+0 0.00000E+02367400201377 
 1236.      3.02406E-1 1.31077E+4 0.00000E+0 0.00000E+0 0.00000E+02367400201378 
 1236.      3.04172E-1 1.30696E+4 0.00000E+0 0.00000E+0 0.00000E+02367400201379 
 1236.      3.05953E-1 1.30315E+4 0.00000E+0 0.00000E+0 0.00000E+02367400201380 
 1236.      3.07749E-1 1.29934E+4 0.00000E+0 0.00000E+0 0.00000E+02367400201381 
 1236.      3.09562E-1 1.29554E+4 0.00000E+0 0.00000E+0 0.00000E+02367400201382 
 1236.      3.11390E-1 1.29173E+4 0.00000E+0 0.00000E+0 0.00000E+02367400201383 
 1236.      3.13235E-1 1.28792E+4 0.00000E+0 0.00000E+0 0.00000E+02367400201384 
 1236.      3.15096E-1 1.28411E+4 0.00000E+0 0.00000E+0 0.00000E+02367400201385 
 1236.      3.16974E-1 1.28031E+4 0.00000E+0 0.00000E+0 0.00000E+02367400201386 
 1236.      3.18869E-1 1.27650E+4 0.00000E+0 0.00000E+0 0.00000E+02367400201387 
 1236.      3.20781E-1 1.27269E+4 0.00000E+0 0.00000E+0 0.00000E+02367400201388 
 1236.      3.22710E-1 1.26888E+4 0.00000E+0 0.00000E+0 0.00000E+02367400201389 
 1236.      3.24657E-1 1.26508E+4 0.00000E+0 0.00000E+0 0.00000E+02367400201390 
 1236.      3.26621E-1 1.26127E+4 0.00000E+0 0.00000E+0 0.00000E+02367400201391 
 1236.      3.28603E-1 1.25746E+4 0.00000E+0 0.00000E+0 0.00000E+02367400201392 
 1236.      3.30603E-1 1.25365E+4 0.00000E+0 0.00000E+0 0.00000E+02367400201393 
 1236.      3.32621E-1 1.24985E+4 0.00000E+0 0.00000E+0 0.00000E+02367400201394 
 1236.      3.34659E-1 1.24604E+4 0.00000E+0 0.00000E+0 0.00000E+02367400201395 
 1236.      3.36714E-1 1.24223E+4 0.00000E+0 0.00000E+0 0.00000E+02367400201396 
 1236.      3.38789E-1 1.23842E+4 0.00000E+0 0.00000E+0 0.00000E+02367400201397 
 1236.      3.40883E-1 1.23461E+4 0.00000E+0 0.00000E+0 0.00000E+02367400201398 
 1236.      3.42997E-1 1.23081E+4 0.00000E+0 0.00000E+0 0.00000E+02367400201399 
 1236.      3.45130E-1 1.22700E+4 0.00000E+0 0.00000E+0 0.00000E+02367400201400 
 1236.      3.47283E-1 1.22319E+4 0.00000E+0 0.00000E+0 0.00000E+02367400201401 
 1236.      3.49457E-1 1.21938E+4 0.00000E+0 0.00000E+0 0.00000E+02367400201402 
 1236.      3.51651E-1 1.21558E+4 0.00000E+0 0.00000E+0 0.00000E+02367400201403 
 1236.      3.53865E-1 1.21177E+4 0.00000E+0 0.00000E+0 0.00000E+02367400201404 
 1236.      3.56101E-1 1.20796E+4 0.00000E+0 0.00000E+0 0.00000E+02367400201405 
 1236.      3.58358E-1 1.20415E+4 0.00000E+0 0.00000E+0 0.00000E+02367400201406 
 1236.      3.60636E-1 1.20035E+4 0.00000E+0 0.00000E+0 0.00000E+02367400201407 
 1236.      3.62936E-1 1.19654E+4 0.00000E+0 0.00000E+0 0.00000E+02367400201408 
 1236.      3.65259E-1 1.19273E+4 0.00000E+0 0.00000E+0 0.00000E+02367400201409 
 1236.      3.67603E-1 1.18892E+4 0.00000E+0 0.00000E+0 0.00000E+02367400201410 
 1236.      3.69971E-1 1.18512E+4 0.00000E+0 0.00000E+0 0.00000E+02367400201411 
 1236.      3.72361E-1 1.18131E+4 0.00000E+0 0.00000E+0 0.00000E+02367400201412 
 1236.      3.74774E-1 1.17750E+4 0.00000E+0 0.00000E+0 0.00000E+02367400201413 
 1236.      3.77211E-1 1.17369E+4 0.00000E+0 0.00000E+0 0.00000E+02367400201414 
 1236.      3.79672E-1 1.16989E+4 0.00000E+0 0.00000E+0 0.00000E+02367400201415 
 1236.      3.82157E-1 1.16608E+4 0.00000E+0 0.00000E+0 0.00000E+02367400201416 
 1236.      3.84667E-1 1.16227E+4 0.00000E+0 0.00000E+0 0.00000E+02367400201417 
 1236.      3.87201E-1 1.15846E+4 0.00000E+0 0.00000E+0 0.00000E+02367400201418 
 1236.      3.89761E-1 1.15465E+4 0.00000E+0 0.00000E+0 0.00000E+02367400201419 
 1236.      3.92346E-1 1.15085E+4 0.00000E+0 0.00000E+0 0.00000E+02367400201420 
 1236.      3.94957E-1 1.14704E+4 0.00000E+0 0.00000E+0 0.00000E+02367400201421 
 1236.      3.97594E-1 1.14323E+4 0.00000E+0 0.00000E+0 0.00000E+02367400201422 
 1236.      4.00257E-1 1.13942E+4 0.00000E+0 0.00000E+0 0.00000E+02367400201423 
 1236.      4.02947E-1 1.13562E+4 0.00000E+0 0.00000E+0 0.00000E+02367400201424 
 1236.      4.05665E-1 1.13181E+4 0.00000E+0 0.00000E+0 0.00000E+02367400201425 
 1236.      4.08410E-1 1.12800E+4 0.00000E+0 0.00000E+0 0.00000E+02367400201426 
 1236.      4.11183E-1 1.12419E+4 0.00000E+0 0.00000E+0 0.00000E+02367400201427 
 1236.      4.13984E-1 1.12039E+4 0.00000E+0 0.00000E+0 0.00000E+02367400201428 
 1236.      4.16815E-1 1.11658E+4 0.00000E+0 0.00000E+0 0.00000E+02367400201429 
 1236.      4.19674E-1 1.11277E+4 0.00000E+0 0.00000E+0 0.00000E+02367400201430 
 1236.      4.22563E-1 1.10896E+4 0.00000E+0 0.00000E+0 0.00000E+02367400201431 
 1236.      4.25481E-1 1.10516E+4 0.00000E+0 0.00000E+0 0.00000E+02367400201432 
 1236.      4.28430E-1 1.10135E+4 0.00000E+0 0.00000E+0 0.00000E+02367400201433 
 1236.      4.31410E-1 1.09754E+4 0.00000E+0 0.00000E+0 0.00000E+02367400201434 
 1236.      4.34421E-1 1.09373E+4 0.00000E+0 0.00000E+0 0.00000E+02367400201435 
 1236.      4.37464E-1 1.08992E+4 0.00000E+0 0.00000E+0 0.00000E+02367400201436 
 1236.      4.40539E-1 1.08612E+4 0.00000E+0 0.00000E+0 0.00000E+02367400201437 
 1236.      4.43646E-1 1.08231E+4 0.00000E+0 0.00000E+0 0.00000E+02367400201438 
 1236.      4.46787E-1 1.07850E+4 0.00000E+0 0.00000E+0 0.00000E+02367400201439 
 1236.      4.49960E-1 1.07469E+4 0.00000E+0 0.00000E+0 0.00000E+02367400201440 
 1236.      4.53168E-1 1.07089E+4 0.00000E+0 0.00000E+0 0.00000E+02367400201441 
 1236.      4.56410E-1 1.06708E+4 0.00000E+0 0.00000E+0 0.00000E+02367400201442 
 1236.      4.59687E-1 1.06327E+4 0.00000E+0 0.00000E+0 0.00000E+02367400201443 
 1236.      4.63000E-1 1.05946E+4 0.00000E+0 0.00000E+0 0.00000E+02367400201444 
 1236.      4.66348E-1 1.05566E+4 0.00000E+0 0.00000E+0 0.00000E+02367400201445 
 1236.      4.69733E-1 1.05185E+4 0.00000E+0 0.00000E+0 0.00000E+02367400201446 
 1236.      4.73155E-1 1.04804E+4 0.00000E+0 0.00000E+0 0.00000E+02367400201447 
 1236.      4.76615E-1 1.04423E+4 0.00000E+0 0.00000E+0 0.00000E+02367400201448 
 1236.      4.80112E-1 1.04043E+4 0.00000E+0 0.00000E+0 0.00000E+02367400201449 
 1236.      4.83649E-1 1.03662E+4 0.00000E+0 0.00000E+0 0.00000E+02367400201450 
 1236.      4.87224E-1 1.03281E+4 0.00000E+0 0.00000E+0 0.00000E+02367400201451 
 1236.      4.90839E-1 1.02900E+4 0.00000E+0 0.00000E+0 0.00000E+02367400201452 
 1236.      4.94495E-1 1.02520E+4 0.00000E+0 0.00000E+0 0.00000E+02367400201453 
 1236.      4.98192E-1 1.02139E+4 0.00000E+0 0.00000E+0 0.00000E+02367400201454 
 1236.      5.01930E-1 1.01758E+4 0.00000E+0 0.00000E+0 0.00000E+02367400201455 
 1236.      5.05711E-1 1.01377E+4 0.00000E+0 0.00000E+0 0.00000E+02367400201456 
 1236.      5.09534E-1 1.00996E+4 0.00000E+0 0.00000E+0 0.00000E+02367400201457 
 1236.      5.13401E-1 1.00616E+4 0.00000E+0 0.00000E+0 0.00000E+02367400201458 
 1236.      5.17312E-1 1.00235E+4 0.00000E+0 0.00000E+0 0.00000E+02367400201459 
 1236.      5.21268E-1 9.98542E+3 0.00000E+0 0.00000E+0 0.00000E+02367400201460 
 1236.      5.25270E-1 9.94734E+3 0.00000E+0 0.00000E+0 0.00000E+02367400201461 
 1236.      5.29318E-1 9.90926E+3 0.00000E+0 0.00000E+0 0.00000E+02367400201462 
 1236.      5.33413E-1 9.87119E+3 0.00000E+0 0.00000E+0 0.00000E+02367400201463 
 1236.      5.37555E-1 9.83311E+3 0.00000E+0 0.00000E+0 0.00000E+02367400201464 
 1236.      5.41746E-1 9.79503E+3 0.00000E+0 0.00000E+0 0.00000E+02367400201465 
 1236.      5.45986E-1 9.75696E+3 0.00000E+0 0.00000E+0 0.00000E+02367400201466 
 1236.      5.50277E-1 9.71888E+3 0.00000E+0 0.00000E+0 0.00000E+02367400201467 
 1236.      5.54618E-1 9.68081E+3 0.00000E+0 0.00000E+0 0.00000E+02367400201468 
 1236.      5.59010E-1 9.64273E+3 0.00000E+0 0.00000E+0 0.00000E+02367400201469 
 1236.      5.63455E-1 9.60465E+3 0.00000E+0 0.00000E+0 0.00000E+02367400201470 
 1236.      5.67954E-1 9.56658E+3 0.00000E+0 0.00000E+0 0.00000E+02367400201471 
 1236.      5.72506E-1 9.52850E+3 0.00000E+0 0.00000E+0 0.00000E+02367400201472 
 1236.      5.77113E-1 9.49042E+3 0.00000E+0 0.00000E+0 0.00000E+02367400201473 
 1236.      5.81776E-1 9.45235E+3 0.00000E+0 0.00000E+0 0.00000E+02367400201474 
 1236.      5.86496E-1 9.41427E+3 0.00000E+0 0.00000E+0 0.00000E+02367400201475 
 1236.      5.91274E-1 9.37619E+3 0.00000E+0 0.00000E+0 0.00000E+02367400201476 
 1236.      5.96110E-1 9.33812E+3 0.00000E+0 0.00000E+0 0.00000E+02367400201477 
 1236.      6.01006E-1 9.30004E+3 0.00000E+0 0.00000E+0 0.00000E+02367400201478 
 1236.      6.05963E-1 9.26197E+3 0.00000E+0 0.00000E+0 0.00000E+02367400201479 
 1236.      6.10981E-1 9.22389E+3 0.00000E+0 0.00000E+0 0.00000E+02367400201480 
 1236.      6.16062E-1 9.18581E+3 0.00000E+0 0.00000E+0 0.00000E+02367400201481 
 1236.      6.21206E-1 9.14774E+3 0.00000E+0 0.00000E+0 0.00000E+02367400201482 
 1236.      6.26415E-1 9.10966E+3 0.00000E+0 0.00000E+0 0.00000E+02367400201483 
 1236.      6.31690E-1 9.07158E+3 0.00000E+0 0.00000E+0 0.00000E+02367400201484 
 1236.      6.37032E-1 9.03351E+3 0.00000E+0 0.00000E+0 0.00000E+02367400201485 
 1236.      6.42442E-1 8.99543E+3 0.00000E+0 0.00000E+0 0.00000E+02367400201486 
 1236.      6.47921E-1 8.95735E+3 0.00000E+0 0.00000E+0 0.00000E+02367400201487 
 1236.      6.53470E-1 8.91928E+3 0.00000E+0 0.00000E+0 0.00000E+02367400201488 
 1236.      6.59091E-1 8.88120E+3 0.00000E+0 0.00000E+0 0.00000E+02367400201489 
 1236.      6.64785E-1 8.84312E+3 0.00000E+0 0.00000E+0 0.00000E+02367400201490 
 1236.      6.70554E-1 8.80505E+3 0.00000E+0 0.00000E+0 0.00000E+02367400201491 
 1236.      6.76397E-1 8.76697E+3 0.00000E+0 0.00000E+0 0.00000E+02367400201492 
 1236.      6.82318E-1 8.72890E+3 0.00000E+0 0.00000E+0 0.00000E+02367400201493 
 1236.      6.88316E-1 8.69082E+3 0.00000E+0 0.00000E+0 0.00000E+02367400201494 
 1236.      6.94394E-1 8.65274E+3 0.00000E+0 0.00000E+0 0.00000E+02367400201495 
 1236.      7.00553E-1 8.61467E+3 0.00000E+0 0.00000E+0 0.00000E+02367400201496 
 1236.      7.06794E-1 8.57659E+3 0.00000E+0 0.00000E+0 0.00000E+02367400201497 
 1236.      7.13119E-1 8.53851E+3 0.00000E+0 0.00000E+0 0.00000E+02367400201498 
 1236.      7.19529E-1 8.50044E+3 0.00000E+0 0.00000E+0 0.00000E+02367400201499 
 1236.      7.26026E-1 8.46236E+3 0.00000E+0 0.00000E+0 0.00000E+02367400201500 
 1236.      7.32612E-1 8.42428E+3 0.00000E+0 0.00000E+0 0.00000E+02367400201501 
 1236.      7.39288E-1 8.38621E+3 0.00000E+0 0.00000E+0 0.00000E+02367400201502 
 1236.      7.46055E-1 8.34813E+3 0.00000E+0 0.00000E+0 0.00000E+02367400201503 
 1236.      7.52916E-1 8.31005E+3 0.00000E+0 0.00000E+0 0.00000E+02367400201504 
 1236.      7.59871E-1 8.27198E+3 0.00000E+0 0.00000E+0 0.00000E+02367400201505 
 1236.      7.66924E-1 8.23390E+3 0.00000E+0 0.00000E+0 0.00000E+02367400201506 
 1236.      7.74076E-1 8.19583E+3 0.00000E+0 0.00000E+0 0.00000E+02367400201507 
 1236.      7.81327E-1 8.15775E+3 0.00000E+0 0.00000E+0 0.00000E+02367400201508 
 1236.      7.88682E-1 8.11967E+3 0.00000E+0 0.00000E+0 0.00000E+02367400201509 
 1236.      7.96141E-1 8.08160E+3 0.00000E+0 0.00000E+0 0.00000E+02367400201510 
 1236.      8.03706E-1 8.04352E+3 0.00000E+0 0.00000E+0 0.00000E+02367400201511 
 1236.      8.11379E-1 8.00544E+3 0.00000E+0 0.00000E+0 0.00000E+02367400201512 
 1236.      8.19163E-1 7.96737E+3 0.00000E+0 0.00000E+0 0.00000E+02367400201513 
 1236.      8.27060E-1 7.92929E+3 0.00000E+0 0.00000E+0 0.00000E+02367400201514 
 1236.      8.35071E-1 7.89121E+3 0.00000E+0 0.00000E+0 0.00000E+02367400201515 
 1236.      8.43199E-1 7.85314E+3 0.00000E+0 0.00000E+0 0.00000E+02367400201516 
 1236.      8.51447E-1 7.81506E+3 0.00000E+0 0.00000E+0 0.00000E+02367400201517 
 1236.      8.59816E-1 7.77698E+3 0.00000E+0 0.00000E+0 0.00000E+02367400201518 
 1236.      8.68310E-1 7.73891E+3 0.00000E+0 0.00000E+0 0.00000E+02367400201519 
 1236.      8.76930E-1 7.70083E+3 0.00000E+0 0.00000E+0 0.00000E+02367400201520 
 1236.      8.85679E-1 7.66275E+3 0.00000E+0 0.00000E+0 0.00000E+02367400201521 
 1236.      8.94559E-1 7.62468E+3 0.00000E+0 0.00000E+0 0.00000E+02367400201522 
 1236.      9.03574E-1 7.58660E+3 0.00000E+0 0.00000E+0 0.00000E+02367400201523 
 1236.      9.12726E-1 7.54853E+3 0.00000E+0 0.00000E+0 0.00000E+02367400201524 
 1236.      9.22018E-1 7.51045E+3 0.00000E+0 0.00000E+0 0.00000E+02367400201525 
 1236.      9.31453E-1 7.47237E+3 0.00000E+0 0.00000E+0 0.00000E+02367400201526 
 1236.      9.41033E-1 7.43430E+3 0.00000E+0 0.00000E+0 0.00000E+02367400201527 
 1236.      9.50761E-1 7.39622E+3 0.00000E+0 0.00000E+0 0.00000E+02367400201528 
 1236.      9.60642E-1 7.35814E+3 0.00000E+0 0.00000E+0 0.00000E+02367400201529 
 1236.      9.70677E-1 7.32007E+3 0.00000E+0 0.00000E+0 0.00000E+02367400201530 
 1236.      9.80871E-1 7.28199E+3 0.00000E+0 0.00000E+0 0.00000E+02367400201531 
 1236.      9.91226E-1 7.24391E+3 0.00000E+0 0.00000E+0 0.00000E+02367400201532 
 1236.      1.00175E+0 7.20584E+3 0.00000E+0 0.00000E+0 0.00000E+02367400201533 
 1236.      1.01243E+0 7.16776E+3 0.00000E+0 0.00000E+0 0.00000E+02367400201534 
 1236.      1.02330E+0 7.12968E+3 0.00000E+0 0.00000E+0 0.00000E+02367400201535 
 1236.      1.03433E+0 7.09161E+3 0.00000E+0 0.00000E+0 0.00000E+02367400201536 
 1236.      1.04555E+0 7.05353E+3 0.00000E+0 0.00000E+0 0.00000E+02367400201537 
 1236.      1.05695E+0 7.01545E+3 0.00000E+0 0.00000E+0 0.00000E+02367400201538 
 1236.      1.06853E+0 6.97738E+3 0.00000E+0 0.00000E+0 0.00000E+02367400201539 
 1236.      1.08031E+0 6.93930E+3 0.00000E+0 0.00000E+0 0.00000E+02367400201540 
 1236.      1.09229E+0 6.90122E+3 0.00000E+0 0.00000E+0 0.00000E+02367400201541 
 1236.      1.10446E+0 6.86315E+3 0.00000E+0 0.00000E+0 0.00000E+02367400201542 
 1236.      1.11684E+0 6.82507E+3 0.00000E+0 0.00000E+0 0.00000E+02367400201543 
 1236.      1.12943E+0 6.78699E+3 0.00000E+0 0.00000E+0 0.00000E+02367400201544 
 1236.      1.14224E+0 6.74892E+3 0.00000E+0 0.00000E+0 0.00000E+02367400201545 
 1236.      1.15526E+0 6.71084E+3 0.00000E+0 0.00000E+0 0.00000E+02367400201546 
 1236.      1.16850E+0 6.67276E+3 0.00000E+0 0.00000E+0 0.00000E+02367400201547 
 1236.      1.18198E+0 6.63469E+3 0.00000E+0 0.00000E+0 0.00000E+02367400201548 
 1236.      1.19569E+0 6.59661E+3 0.00000E+0 0.00000E+0 0.00000E+02367400201549 
 1236.      1.20964E+0 6.55853E+3 0.00000E+0 0.00000E+0 0.00000E+02367400201550 
 1236.      1.22384E+0 6.52046E+3 0.00000E+0 0.00000E+0 0.00000E+02367400201551 
 1236.      1.23829E+0 6.48238E+3 0.00000E+0 0.00000E+0 0.00000E+02367400201552 
 1236.      1.25299E+0 6.44430E+3 0.00000E+0 0.00000E+0 0.00000E+02367400201553 
 1236.      1.26796E+0 6.40623E+3 0.00000E+0 0.00000E+0 0.00000E+02367400201554 
 1236.      1.28320E+0 6.36815E+3 0.00000E+0 0.00000E+0 0.00000E+02367400201555 
 1236.      1.30669E+0 6.31078E+3 7.73735E-5 3.58281E+2 5.53370E+02367400201556 
 1236.      1.34730E+0 6.21514E+3 4.43344E-4 6.76192E+1 5.53371E+02367400201557 
 1236.      1.38943E+0 6.12039E+3 6.16254E-4 8.10559E+1 5.53371E+02367400201558 
 1236.      1.42475E+0 6.04423E+3 4.58368E-3 1.29817E+1 5.53371E+02367400201559 
 1236.      1.46143E+0 5.96807E+3 2.32824E-2 4.82807E+0 5.53371E+02367400201560 
 1236.      1.49954E+0 5.89191E+3 1.06297E-2 1.00554E+1 5.53371E+02367400201561 
 1236.      1.53917E+0 5.81576E+3 1.10823E-2 9.17420E+0 5.53371E+02367400201562 
 1236.      1.58039E+0 5.73960E+3 1.15371E-2 9.39256E+0 5.53371E+02367400201563 
 1236.      1.62329E+0 5.66344E+3 3.37202E-2 3.88296E+0 5.53371E+02367400201564 
 1236.      1.66796E+0 5.58728E+3 2.86833E-2 6.01348E+0 5.53371E+02367400201565 
 1236.      1.71451E+0 5.51113E+3 1.60256E-2 8.03357E+0 5.53371E+02367400201566 
 1236.      1.76303E+0 5.43497E+3 1.92166E-2 6.91269E+0 5.53371E+02367400201567 
 1236.      1.81364E+0 5.35881E+3 1.56698E-2 8.47694E+0 5.53371E+02367400201568 
 1236.      1.86647E+0 5.28265E+3 1.98914E-2 6.98608E+0 5.53371E+02367400201569 
 1236.      1.92164E+0 5.20649E+3 3.90005E-2 4.42725E+0 5.53371E+02367400201570 
 1236.      1.97930E+0 5.13034E+3 6.59937E-2 3.37420E+0 5.53371E+02367400201571 
 1236.      2.03959E+0 5.05418E+3 6.73004E-2 3.70948E+0 5.53371E+02367400201572 
 1236.      2.10269E+0 4.97802E+3 3.91594E-2 5.50819E+0 5.53371E+02367400201573 
 1236.      2.16876E+0 4.90186E+3 3.61943E-2 5.14592E+0 5.53371E+02367400201574 
 1236.      2.23801E+0 4.82570E+3 9.06077E-2 2.85537E+0 5.53371E+02367400201575 
 1236.      2.31062E+0 4.74954E+3 5.94266E-2 4.51462E+0 5.53371E+02367400201576 
 1236.      2.38684E+0 4.67338E+3 4.35947E-2 5.00535E+0 5.53371E+02367400201577 
 1236.      2.46689E+0 4.59722E+3 5.31334E-2 4.53768E+0 5.53371E+02367400201578 
 1236.      2.55104E+0 4.52106E+3 4.14862E-2 5.55953E+0 5.53371E+02367400201579 
 1236.      2.63959E+0 4.44490E+3 5.79913E-2 4.13242E+0 5.53371E+02367400201580 
 1236.      2.73283E+0 4.36874E+3 7.51617E-2 3.75458E+0 5.53371E+02367400201581 
 1236.      2.83110E+0 4.29258E+3 6.71047E-2 4.16302E+0 5.53371E+02367400201582 
 1236.      2.93479E+0 4.21641E+3 6.19451E-2 4.39133E+0 5.53371E+02367400201583 
 1236.      3.04428E+0 4.14025E+3 8.43859E-2 3.53321E+0 5.53371E+02367400201584 
 1236.      3.16004E+0 4.06409E+3 8.11906E-2 3.87110E+0 5.53371E+02367400201585 
 1236.      3.28253E+0 3.98793E+3 1.00183E-1 3.37099E+0 5.53371E+02367400201586 
 1236.      3.41230E+0 3.91176E+3 1.09386E-1 3.29485E+0 5.53371E+02367400201587 
 1236.      3.54994E+0 3.83560E+3 1.17003E-1 3.19692E+0 5.53371E+02367400201588 
 1236.      3.69610E+0 3.75944E+3 9.49419E-2 3.80299E+0 5.53371E+02367400201589 
 1236.      3.85149E+0 3.68327E+3 7.10394E-2 4.48032E+0 5.53371E+02367400201590 
 1236.      4.01691E+0 3.60711E+3 6.74316E-2 4.59024E+0 5.53371E+02367400201591 
 1236.      4.19325E+0 3.53094E+3 7.17041E-2 4.33672E+0 5.53371E+02367400201592 
 1236.      4.38149E+0 3.45478E+3 8.50186E-2 3.94055E+0 5.53371E+02367400201593 
 1236.      4.58274E+0 3.37861E+3 1.04476E-1 3.43402E+0 5.53371E+02367400201594 
 1236.      4.79821E+0 3.30244E+3 9.46139E-2 3.78906E+0 5.53371E+02367400201595 
 1236.      5.02929E+0 3.22627E+3 9.10319E-2 3.72017E+0 5.53371E+02367400201596 
 1236.      5.27752E+0 3.15010E+3 8.57448E-2 3.90596E+0 5.53371E+02367400201597 
 1236.      5.54465E+0 3.07393E+3 8.86039E-2 3.66925E+0 5.53371E+02367400201598 
 1236.      5.83267E+0 2.99776E+3 9.07072E-2 3.55155E+0 5.63371E+02367400201599 
 1236.      6.14380E+0 2.92159E+3 8.06878E-2 3.79424E+0 5.63371E+02367400201600 
 1236.      6.48060E+0 2.84542E+3 7.21158E-2 4.11264E+0 5.63371E+02367400201601 
 1236.      6.84599E+0 2.76924E+3 6.83167E-2 4.24263E+0 5.63371E+02367400201602 
 1236.      7.24331E+0 2.69307E+3 7.16657E-2 4.31610E+0 5.63371E+02367400201603 
 1236.      7.67641E+0 2.61689E+3 6.27506E-2 5.08785E+0 5.63371E+02367400201604 
 1236.      8.14973E+0 2.54071E+3 5.72538E-2 5.77186E+0 5.63371E+02367400201605 
 1236.      8.66845E+0 2.46453E+3 5.04854E-2 6.79071E+0 5.63371E+02367400201606 
 1236.      9.23858E+0 2.38835E+3 4.76407E-2 7.55366E+0 5.63371E+02367400201607 
 1236.      9.86720E+0 2.31217E+3 4.51968E-2 8.72331E+0 5.63371E+02367400201608 
 1236.      1.05626E+1 2.23598E+3 3.91843E-2 1.10202E+1 5.63371E+02367400201609 
 1236.      1.13348E+1 2.15979E+3 3.08947E-2 1.47370E+1 5.68359E+02367400201610 
 1236.      1.21954E+1 2.08360E+3 3.15410E-2 1.50961E+1 5.67904E+02367400201611 
 1236.      1.34369E+1 1.98695E+3 2.44954E-2 1.82558E+1 5.60047E+02367400201612 
 1236.      1.55277E+1 1.85138E+3 1.83286E-2 2.24583E+1 5.58214E+02367400201613 
 1236.      1.85332E+1 1.69861E+3 1.85396E-2 2.42035E+1 5.71389E+02367400201614 
 1349.      6.38997E-2 2.85094E+4 0.00000E+0 0.00000E+0 0.00000E+02367400201615 
 1349.      6.42425E-2 2.84333E+4 0.00000E+0 0.00000E+0 0.00000E+02367400201616 
 1349.      6.45881E-2 2.83571E+4 0.00000E+0 0.00000E+0 0.00000E+02367400201617 
 1349.      6.49364E-2 2.82810E+4 0.00000E+0 0.00000E+0 0.00000E+02367400201618 
 1349.      6.52876E-2 2.82048E+4 0.00000E+0 0.00000E+0 0.00000E+02367400201619 
 1349.      6.56416E-2 2.81287E+4 0.00000E+0 0.00000E+0 0.00000E+02367400201620 
 1349.      6.59985E-2 2.80525E+4 0.00000E+0 0.00000E+0 0.00000E+02367400201621 
 1349.      6.63583E-2 2.79764E+4 0.00000E+0 0.00000E+0 0.00000E+02367400201622 
 1349.      6.67211E-2 2.79002E+4 0.00000E+0 0.00000E+0 0.00000E+02367400201623 
 1349.      6.70869E-2 2.78241E+4 0.00000E+0 0.00000E+0 0.00000E+02367400201624 
 1349.      6.74556E-2 2.77479E+4 0.00000E+0 0.00000E+0 0.00000E+02367400201625 
 1349.      6.78275E-2 2.76718E+4 0.00000E+0 0.00000E+0 0.00000E+02367400201626 
 1349.      6.82024E-2 2.75956E+4 0.00000E+0 0.00000E+0 0.00000E+02367400201627 
 1349.      6.85804E-2 2.75195E+4 0.00000E+0 0.00000E+0 0.00000E+02367400201628 
 1349.      6.89616E-2 2.74433E+4 0.00000E+0 0.00000E+0 0.00000E+02367400201629 
 1349.      6.93459E-2 2.73672E+4 0.00000E+0 0.00000E+0 0.00000E+02367400201630 
 1349.      6.97335E-2 2.72910E+4 0.00000E+0 0.00000E+0 0.00000E+02367400201631 
 1349.      7.01244E-2 2.72149E+4 0.00000E+0 0.00000E+0 0.00000E+02367400201632 
 1349.      7.05185E-2 2.71387E+4 0.00000E+0 0.00000E+0 0.00000E+02367400201633 
 1349.      7.09160E-2 2.70625E+4 0.00000E+0 0.00000E+0 0.00000E+02367400201634 
 1349.      7.13168E-2 2.69864E+4 0.00000E+0 0.00000E+0 0.00000E+02367400201635 
 1349.      7.17211E-2 2.69102E+4 0.00000E+0 0.00000E+0 0.00000E+02367400201636 
 1349.      7.21288E-2 2.68341E+4 0.00000E+0 0.00000E+0 0.00000E+02367400201637 
 1349.      7.25400E-2 2.67579E+4 0.00000E+0 0.00000E+0 0.00000E+02367400201638 
 1349.      7.29547E-2 2.66818E+4 0.00000E+0 0.00000E+0 0.00000E+02367400201639 
 1349.      7.33730E-2 2.66056E+4 0.00000E+0 0.00000E+0 0.00000E+02367400201640 
 1349.      7.37948E-2 2.65295E+4 0.00000E+0 0.00000E+0 0.00000E+02367400201641 
 1349.      7.42204E-2 2.64533E+4 0.00000E+0 0.00000E+0 0.00000E+02367400201642 
 1349.      7.46496E-2 2.63772E+4 0.00000E+0 0.00000E+0 0.00000E+02367400201643 
 1349.      7.50826E-2 2.63010E+4 0.00000E+0 0.00000E+0 0.00000E+02367400201644 
 1349.      7.55193E-2 2.62249E+4 0.00000E+0 0.00000E+0 0.00000E+02367400201645 
 1349.      7.59599E-2 2.61487E+4 0.00000E+0 0.00000E+0 0.00000E+02367400201646 
 1349.      7.64043E-2 2.60726E+4 0.00000E+0 0.00000E+0 0.00000E+02367400201647 
 1349.      7.68526E-2 2.59964E+4 0.00000E+0 0.00000E+0 0.00000E+02367400201648 
 1349.      7.73049E-2 2.59203E+4 0.00000E+0 0.00000E+0 0.00000E+02367400201649 
 1349.      7.77612E-2 2.58441E+4 0.00000E+0 0.00000E+0 0.00000E+02367400201650 
 1349.      7.82216E-2 2.57680E+4 0.00000E+0 0.00000E+0 0.00000E+02367400201651 
 1349.      7.86861E-2 2.56918E+4 0.00000E+0 0.00000E+0 0.00000E+02367400201652 
 1349.      7.91547E-2 2.56156E+4 0.00000E+0 0.00000E+0 0.00000E+02367400201653 
 1349.      7.96275E-2 2.55395E+4 0.00000E+0 0.00000E+0 0.00000E+02367400201654 
 1349.      8.01045E-2 2.54633E+4 0.00000E+0 0.00000E+0 0.00000E+02367400201655 
 1349.      8.05859E-2 2.53872E+4 0.00000E+0 0.00000E+0 0.00000E+02367400201656 
 1349.      8.10716E-2 2.53110E+4 0.00000E+0 0.00000E+0 0.00000E+02367400201657 
 1349.      8.15617E-2 2.52349E+4 0.00000E+0 0.00000E+0 0.00000E+02367400201658 
 1349.      8.20563E-2 2.51587E+4 0.00000E+0 0.00000E+0 0.00000E+02367400201659 
 1349.      8.25553E-2 2.50826E+4 0.00000E+0 0.00000E+0 0.00000E+02367400201660 
 1349.      8.30590E-2 2.50064E+4 0.00000E+0 0.00000E+0 0.00000E+02367400201661 
 1349.      8.35673E-2 2.49303E+4 0.00000E+0 0.00000E+0 0.00000E+02367400201662 
 1349.      8.40802E-2 2.48541E+4 0.00000E+0 0.00000E+0 0.00000E+02367400201663 
 1349.      8.45979E-2 2.47780E+4 0.00000E+0 0.00000E+0 0.00000E+02367400201664 
 1349.      8.51204E-2 2.47018E+4 0.00000E+0 0.00000E+0 0.00000E+02367400201665 
 1349.      8.56477E-2 2.46257E+4 0.00000E+0 0.00000E+0 0.00000E+02367400201666 
 1349.      8.61800E-2 2.45495E+4 0.00000E+0 0.00000E+0 0.00000E+02367400201667 
 1349.      8.67172E-2 2.44734E+4 0.00000E+0 0.00000E+0 0.00000E+02367400201668 
 1349.      8.72595E-2 2.43972E+4 0.00000E+0 0.00000E+0 0.00000E+02367400201669 
 1349.      8.78069E-2 2.43211E+4 0.00000E+0 0.00000E+0 0.00000E+02367400201670 
 1349.      8.83594E-2 2.42449E+4 0.00000E+0 0.00000E+0 0.00000E+02367400201671 
 1349.      8.89172E-2 2.41687E+4 0.00000E+0 0.00000E+0 0.00000E+02367400201672 
 1349.      8.94802E-2 2.40926E+4 0.00000E+0 0.00000E+0 0.00000E+02367400201673 
 1349.      9.00487E-2 2.40164E+4 0.00000E+0 0.00000E+0 0.00000E+02367400201674 
 1349.      9.06226E-2 2.39403E+4 0.00000E+0 0.00000E+0 0.00000E+02367400201675 
 1349.      9.12019E-2 2.38641E+4 0.00000E+0 0.00000E+0 0.00000E+02367400201676 
 1349.      9.17869E-2 2.37880E+4 0.00000E+0 0.00000E+0 0.00000E+02367400201677 
 1349.      9.23775E-2 2.37118E+4 0.00000E+0 0.00000E+0 0.00000E+02367400201678 
 1349.      9.29738E-2 2.36357E+4 0.00000E+0 0.00000E+0 0.00000E+02367400201679 
 1349.      9.35759E-2 2.35595E+4 0.00000E+0 0.00000E+0 0.00000E+02367400201680 
 1349.      9.41839E-2 2.34834E+4 0.00000E+0 0.00000E+0 0.00000E+02367400201681 
 1349.      9.47978E-2 2.34072E+4 0.00000E+0 0.00000E+0 0.00000E+02367400201682 
 1349.      9.54177E-2 2.33311E+4 0.00000E+0 0.00000E+0 0.00000E+02367400201683 
 1349.      9.60438E-2 2.32549E+4 0.00000E+0 0.00000E+0 0.00000E+02367400201684 
 1349.      9.66760E-2 2.31788E+4 0.00000E+0 0.00000E+0 0.00000E+02367400201685 
 1349.      9.73145E-2 2.31026E+4 0.00000E+0 0.00000E+0 0.00000E+02367400201686 
 1349.      9.79593E-2 2.30265E+4 0.00000E+0 0.00000E+0 0.00000E+02367400201687 
 1349.      9.86106E-2 2.29503E+4 0.00000E+0 0.00000E+0 0.00000E+02367400201688 
 1349.      9.92684E-2 2.28742E+4 0.00000E+0 0.00000E+0 0.00000E+02367400201689 
 1349.      9.99328E-2 2.27980E+4 0.00000E+0 0.00000E+0 0.00000E+02367400201690 
 1349.      1.00604E-1 2.27218E+4 0.00000E+0 0.00000E+0 0.00000E+02367400201691 
 1349.      1.01282E-1 2.26457E+4 0.00000E+0 0.00000E+0 0.00000E+02367400201692 
 1349.      1.01966E-1 2.25695E+4 0.00000E+0 0.00000E+0 0.00000E+02367400201693 
 1349.      1.02658E-1 2.24934E+4 0.00000E+0 0.00000E+0 0.00000E+02367400201694 
 1349.      1.03357E-1 2.24172E+4 0.00000E+0 0.00000E+0 0.00000E+02367400201695 
 1349.      1.04063E-1 2.23411E+4 0.00000E+0 0.00000E+0 0.00000E+02367400201696 
 1349.      1.04776E-1 2.22649E+4 0.00000E+0 0.00000E+0 0.00000E+02367400201697 
 1349.      1.05497E-1 2.21888E+4 0.00000E+0 0.00000E+0 0.00000E+02367400201698 
 1349.      1.06225E-1 2.21126E+4 0.00000E+0 0.00000E+0 0.00000E+02367400201699 
 1349.      1.06960E-1 2.20365E+4 0.00000E+0 0.00000E+0 0.00000E+02367400201700 
 1349.      1.07703E-1 2.19603E+4 0.00000E+0 0.00000E+0 0.00000E+02367400201701 
 1349.      1.08454E-1 2.18842E+4 0.00000E+0 0.00000E+0 0.00000E+02367400201702 
 1349.      1.09213E-1 2.18080E+4 0.00000E+0 0.00000E+0 0.00000E+02367400201703 
 1349.      1.09980E-1 2.17319E+4 0.00000E+0 0.00000E+0 0.00000E+02367400201704 
 1349.      1.10755E-1 2.16557E+4 0.00000E+0 0.00000E+0 0.00000E+02367400201705 
 1349.      1.11538E-1 2.15796E+4 0.00000E+0 0.00000E+0 0.00000E+02367400201706 
 1349.      1.12330E-1 2.15034E+4 0.00000E+0 0.00000E+0 0.00000E+02367400201707 
 1349.      1.13130E-1 2.14273E+4 0.00000E+0 0.00000E+0 0.00000E+02367400201708 
 1349.      1.13939E-1 2.13511E+4 0.00000E+0 0.00000E+0 0.00000E+02367400201709 
 1349.      1.14756E-1 2.12749E+4 0.00000E+0 0.00000E+0 0.00000E+02367400201710 
 1349.      1.15582E-1 2.11988E+4 0.00000E+0 0.00000E+0 0.00000E+02367400201711 
 1349.      1.16417E-1 2.11226E+4 0.00000E+0 0.00000E+0 0.00000E+02367400201712 
 1349.      1.17261E-1 2.10465E+4 0.00000E+0 0.00000E+0 0.00000E+02367400201713 
 1349.      1.18115E-1 2.09703E+4 0.00000E+0 0.00000E+0 0.00000E+02367400201714 
 1349.      1.18977E-1 2.08942E+4 0.00000E+0 0.00000E+0 0.00000E+02367400201715 
 1349.      1.19849E-1 2.08180E+4 0.00000E+0 0.00000E+0 0.00000E+02367400201716 
 1349.      1.20731E-1 2.07419E+4 0.00000E+0 0.00000E+0 0.00000E+02367400201717 
 1349.      1.21623E-1 2.06657E+4 0.00000E+0 0.00000E+0 0.00000E+02367400201718 
 1349.      1.22524E-1 2.05896E+4 0.00000E+0 0.00000E+0 0.00000E+02367400201719 
 1349.      1.23436E-1 2.05134E+4 0.00000E+0 0.00000E+0 0.00000E+02367400201720 
 1349.      1.24358E-1 2.04373E+4 0.00000E+0 0.00000E+0 0.00000E+02367400201721 
 1349.      1.25290E-1 2.03611E+4 0.00000E+0 0.00000E+0 0.00000E+02367400201722 
 1349.      1.26233E-1 2.02850E+4 0.00000E+0 0.00000E+0 0.00000E+02367400201723 
 1349.      1.27186E-1 2.02088E+4 0.00000E+0 0.00000E+0 0.00000E+02367400201724 
 1349.      1.28150E-1 2.01327E+4 0.00000E+0 0.00000E+0 0.00000E+02367400201725 
 1349.      1.29125E-1 2.00565E+4 0.00000E+0 0.00000E+0 0.00000E+02367400201726 
 1349.      1.30112E-1 1.99804E+4 0.00000E+0 0.00000E+0 0.00000E+02367400201727 
 1349.      1.31109E-1 1.99042E+4 0.00000E+0 0.00000E+0 0.00000E+02367400201728 
 1349.      1.32119E-1 1.98280E+4 0.00000E+0 0.00000E+0 0.00000E+02367400201729 
 1349.      1.33140E-1 1.97519E+4 0.00000E+0 0.00000E+0 0.00000E+02367400201730 
 1349.      1.34172E-1 1.96757E+4 0.00000E+0 0.00000E+0 0.00000E+02367400201731 
 1349.      1.35217E-1 1.95996E+4 0.00000E+0 0.00000E+0 0.00000E+02367400201732 
 1349.      1.36274E-1 1.95234E+4 0.00000E+0 0.00000E+0 0.00000E+02367400201733 
 1349.      1.37344E-1 1.94473E+4 0.00000E+0 0.00000E+0 0.00000E+02367400201734 
 1349.      1.38426E-1 1.93711E+4 0.00000E+0 0.00000E+0 0.00000E+02367400201735 
 1349.      1.39521E-1 1.92950E+4 0.00000E+0 0.00000E+0 0.00000E+02367400201736 
 1349.      1.40629E-1 1.92188E+4 0.00000E+0 0.00000E+0 0.00000E+02367400201737 
 1349.      1.41751E-1 1.91427E+4 0.00000E+0 0.00000E+0 0.00000E+02367400201738 
 1349.      1.42886E-1 1.90665E+4 0.00000E+0 0.00000E+0 0.00000E+02367400201739 
 1349.      1.44034E-1 1.89904E+4 0.00000E+0 0.00000E+0 0.00000E+02367400201740 
 1349.      1.45197E-1 1.89142E+4 0.00000E+0 0.00000E+0 0.00000E+02367400201741 
 1349.      1.46373E-1 1.88381E+4 0.00000E+0 0.00000E+0 0.00000E+02367400201742 
 1349.      1.47564E-1 1.87619E+4 0.00000E+0 0.00000E+0 0.00000E+02367400201743 
 1349.      1.48770E-1 1.86858E+4 0.00000E+0 0.00000E+0 0.00000E+02367400201744 
 1349.      1.49990E-1 1.86096E+4 0.00000E+0 0.00000E+0 0.00000E+02367400201745 
 1349.      1.51225E-1 1.85334E+4 0.00000E+0 0.00000E+0 0.00000E+02367400201746 
 1349.      1.52476E-1 1.84573E+4 0.00000E+0 0.00000E+0 0.00000E+02367400201747 
 1349.      1.53742E-1 1.83811E+4 0.00000E+0 0.00000E+0 0.00000E+02367400201748 
 1349.      1.55025E-1 1.83050E+4 0.00000E+0 0.00000E+0 0.00000E+02367400201749 
 1349.      1.56323E-1 1.82288E+4 0.00000E+0 0.00000E+0 0.00000E+02367400201750 
 1349.      1.57638E-1 1.81527E+4 0.00000E+0 0.00000E+0 0.00000E+02367400201751 
 1349.      1.58969E-1 1.80765E+4 0.00000E+0 0.00000E+0 0.00000E+02367400201752 
 1349.      1.60317E-1 1.80004E+4 0.00000E+0 0.00000E+0 0.00000E+02367400201753 
 1349.      1.61683E-1 1.79242E+4 0.00000E+0 0.00000E+0 0.00000E+02367400201754 
 1349.      1.63066E-1 1.78481E+4 0.00000E+0 0.00000E+0 0.00000E+02367400201755 
 1349.      1.64467E-1 1.77719E+4 0.00000E+0 0.00000E+0 0.00000E+02367400201756 
 1349.      1.65885E-1 1.76958E+4 0.00000E+0 0.00000E+0 0.00000E+02367400201757 
 1349.      1.67323E-1 1.76196E+4 0.00000E+0 0.00000E+0 0.00000E+02367400201758 
 1349.      1.68779E-1 1.75435E+4 0.00000E+0 0.00000E+0 0.00000E+02367400201759 
 1349.      1.70254E-1 1.74673E+4 0.00000E+0 0.00000E+0 0.00000E+02367400201760 
 1349.      1.71749E-1 1.73912E+4 0.00000E+0 0.00000E+0 0.00000E+02367400201761 
 1349.      1.73264E-1 1.73150E+4 0.00000E+0 0.00000E+0 0.00000E+02367400201762 
 1349.      1.74798E-1 1.72389E+4 0.00000E+0 0.00000E+0 0.00000E+02367400201763 
 1349.      1.76353E-1 1.71627E+4 0.00000E+0 0.00000E+0 0.00000E+02367400201764 
 1349.      1.77929E-1 1.70865E+4 0.00000E+0 0.00000E+0 0.00000E+02367400201765 
 1349.      1.79526E-1 1.70104E+4 0.00000E+0 0.00000E+0 0.00000E+02367400201766 
 1349.      1.81145E-1 1.69342E+4 0.00000E+0 0.00000E+0 0.00000E+02367400201767 
 1349.      1.82786E-1 1.68581E+4 0.00000E+0 0.00000E+0 0.00000E+02367400201768 
 1349.      1.84449E-1 1.67819E+4 0.00000E+0 0.00000E+0 0.00000E+02367400201769 
 1349.      1.86135E-1 1.67058E+4 0.00000E+0 0.00000E+0 0.00000E+02367400201770 
 1349.      1.87844E-1 1.66296E+4 0.00000E+0 0.00000E+0 0.00000E+02367400201771 
 1349.      1.89577E-1 1.65535E+4 0.00000E+0 0.00000E+0 0.00000E+02367400201772 
 1349.      1.91334E-1 1.64773E+4 0.00000E+0 0.00000E+0 0.00000E+02367400201773 
 1349.      1.93115E-1 1.64012E+4 0.00000E+0 0.00000E+0 0.00000E+02367400201774 
 1349.      1.94922E-1 1.63250E+4 0.00000E+0 0.00000E+0 0.00000E+02367400201775 
 1349.      1.96754E-1 1.62489E+4 0.00000E+0 0.00000E+0 0.00000E+02367400201776 
 1349.      1.98611E-1 1.61727E+4 0.00000E+0 0.00000E+0 0.00000E+02367400201777 
 1349.      2.00496E-1 1.60966E+4 0.00000E+0 0.00000E+0 0.00000E+02367400201778 
 1349.      2.02407E-1 1.60204E+4 0.00000E+0 0.00000E+0 0.00000E+02367400201779 
 1349.      2.04346E-1 1.59443E+4 0.00000E+0 0.00000E+0 0.00000E+02367400201780 
 1349.      2.06312E-1 1.58681E+4 0.00000E+0 0.00000E+0 0.00000E+02367400201781 
 1349.      2.08308E-1 1.57919E+4 0.00000E+0 0.00000E+0 0.00000E+02367400201782 
 1349.      2.10332E-1 1.57158E+4 0.00000E+0 0.00000E+0 0.00000E+02367400201783 
 1349.      2.12386E-1 1.56396E+4 0.00000E+0 0.00000E+0 0.00000E+02367400201784 
 1349.      2.14470E-1 1.55635E+4 0.00000E+0 0.00000E+0 0.00000E+02367400201785 
 1349.      2.16585E-1 1.54873E+4 0.00000E+0 0.00000E+0 0.00000E+02367400201786 
 1349.      2.18732E-1 1.54112E+4 0.00000E+0 0.00000E+0 0.00000E+02367400201787 
 1349.      2.20910E-1 1.53350E+4 0.00000E+0 0.00000E+0 0.00000E+02367400201788 
 1349.      2.23122E-1 1.52589E+4 0.00000E+0 0.00000E+0 0.00000E+02367400201789 
 1349.      2.25366E-1 1.51827E+4 0.00000E+0 0.00000E+0 0.00000E+02367400201790 
 1349.      2.27645E-1 1.51066E+4 0.00000E+0 0.00000E+0 0.00000E+02367400201791 
 1349.      2.29959E-1 1.50304E+4 0.00000E+0 0.00000E+0 0.00000E+02367400201792 
 1349.      2.32308E-1 1.49543E+4 0.00000E+0 0.00000E+0 0.00000E+02367400201793 
 1349.      2.34693E-1 1.48781E+4 0.00000E+0 0.00000E+0 0.00000E+02367400201794 
 1349.      2.37115E-1 1.48020E+4 0.00000E+0 0.00000E+0 0.00000E+02367400201795 
 1349.      2.39574E-1 1.47258E+4 0.00000E+0 0.00000E+0 0.00000E+02367400201796 
 1349.      2.42073E-1 1.46497E+4 0.00000E+0 0.00000E+0 0.00000E+02367400201797 
 1349.      2.44610E-1 1.45735E+4 0.00000E+0 0.00000E+0 0.00000E+02367400201798 
 1349.      2.47188E-1 1.44973E+4 0.00000E+0 0.00000E+0 0.00000E+02367400201799 
 1349.      2.49806E-1 1.44212E+4 0.00000E+0 0.00000E+0 0.00000E+02367400201800 
 1349.      2.52467E-1 1.43450E+4 0.00000E+0 0.00000E+0 0.00000E+02367400201801 
 1349.      2.55170E-1 1.42689E+4 0.00000E+0 0.00000E+0 0.00000E+02367400201802 
 1349.      2.57916E-1 1.41927E+4 0.00000E+0 0.00000E+0 0.00000E+02367400201803 
 1349.      2.60708E-1 1.41166E+4 0.00000E+0 0.00000E+0 0.00000E+02367400201804 
 1349.      2.63545E-1 1.40404E+4 0.00000E+0 0.00000E+0 0.00000E+02367400201805 
 1349.      2.66428E-1 1.39643E+4 0.00000E+0 0.00000E+0 0.00000E+02367400201806 
 1349.      2.69359E-1 1.38881E+4 0.00000E+0 0.00000E+0 0.00000E+02367400201807 
 1349.      2.72339E-1 1.38120E+4 0.00000E+0 0.00000E+0 0.00000E+02367400201808 
 1349.      2.75369E-1 1.37358E+4 0.00000E+0 0.00000E+0 0.00000E+02367400201809 
 1349.      2.78449E-1 1.36597E+4 0.00000E+0 0.00000E+0 0.00000E+02367400201810 
 1349.      2.81581E-1 1.35835E+4 0.00000E+0 0.00000E+0 0.00000E+02367400201811 
 1349.      2.84767E-1 1.35074E+4 0.00000E+0 0.00000E+0 0.00000E+02367400201812 
 1349.      2.88006E-1 1.34312E+4 0.00000E+0 0.00000E+0 0.00000E+02367400201813 
 1349.      2.91302E-1 1.33550E+4 0.00000E+0 0.00000E+0 0.00000E+02367400201814 
 1349.      2.94654E-1 1.32789E+4 0.00000E+0 0.00000E+0 0.00000E+02367400201815 
 1349.      2.98065E-1 1.32027E+4 0.00000E+0 0.00000E+0 0.00000E+02367400201816 
 1349.      3.01535E-1 1.31266E+4 0.00000E+0 0.00000E+0 0.00000E+02367400201817 
 1349.      3.05066E-1 1.30504E+4 0.00000E+0 0.00000E+0 0.00000E+02367400201818 
 1349.      3.08659E-1 1.29743E+4 0.00000E+0 0.00000E+0 0.00000E+02367400201819 
 1349.      3.12317E-1 1.28981E+4 0.00000E+0 0.00000E+0 0.00000E+02367400201820 
 1349.      3.16040E-1 1.28220E+4 0.00000E+0 0.00000E+0 0.00000E+02367400201821 
 1349.      3.19829E-1 1.27458E+4 0.00000E+0 0.00000E+0 0.00000E+02367400201822 
 1349.      3.23688E-1 1.26697E+4 0.00000E+0 0.00000E+0 0.00000E+02367400201823 
 1349.      3.27616E-1 1.25935E+4 0.00000E+0 0.00000E+0 0.00000E+02367400201824 
 1349.      3.31617E-1 1.25174E+4 0.00000E+0 0.00000E+0 0.00000E+02367400201825 
 1349.      3.35691E-1 1.24412E+4 0.00000E+0 0.00000E+0 0.00000E+02367400201826 
 1349.      3.39841E-1 1.23651E+4 0.00000E+0 0.00000E+0 0.00000E+02367400201827 
 1349.      3.44068E-1 1.22889E+4 0.00000E+0 0.00000E+0 0.00000E+02367400201828 
 1349.      3.48375E-1 1.22127E+4 0.00000E+0 0.00000E+0 0.00000E+02367400201829 
 1349.      3.52763E-1 1.21366E+4 0.00000E+0 0.00000E+0 0.00000E+02367400201830 
 1349.      3.57235E-1 1.20604E+4 0.00000E+0 0.00000E+0 0.00000E+02367400201831 
 1349.      3.61792E-1 1.19843E+4 0.00000E+0 0.00000E+0 0.00000E+02367400201832 
 1349.      3.66437E-1 1.19081E+4 0.00000E+0 0.00000E+0 0.00000E+02367400201833 
 1349.      3.71172E-1 1.18320E+4 0.00000E+0 0.00000E+0 0.00000E+02367400201834 
 1349.      3.75999E-1 1.17558E+4 0.00000E+0 0.00000E+0 0.00000E+02367400201835 
 1349.      3.80921E-1 1.16797E+4 0.00000E+0 0.00000E+0 0.00000E+02367400201836 
 1349.      3.85940E-1 1.16035E+4 0.00000E+0 0.00000E+0 0.00000E+02367400201837 
 1349.      3.91060E-1 1.15274E+4 0.00000E+0 0.00000E+0 0.00000E+02367400201838 
 1349.      3.96282E-1 1.14512E+4 0.00000E+0 0.00000E+0 0.00000E+02367400201839 
 1349.      4.01609E-1 1.13751E+4 0.00000E+0 0.00000E+0 0.00000E+02367400201840 
 1349.      4.07044E-1 1.12989E+4 0.00000E+0 0.00000E+0 0.00000E+02367400201841 
 1349.      4.12591E-1 1.12228E+4 0.00000E+0 0.00000E+0 0.00000E+02367400201842 
 1349.      4.18251E-1 1.11466E+4 0.00000E+0 0.00000E+0 0.00000E+02367400201843 
 1349.      4.24029E-1 1.10704E+4 0.00000E+0 0.00000E+0 0.00000E+02367400201844 
 1349.      4.29928E-1 1.09943E+4 0.00000E+0 0.00000E+0 0.00000E+02367400201845 
 1349.      4.35951E-1 1.09181E+4 0.00000E+0 0.00000E+0 0.00000E+02367400201846 
 1349.      4.42101E-1 1.08420E+4 0.00000E+0 0.00000E+0 0.00000E+02367400201847 
 1349.      4.48382E-1 1.07658E+4 0.00000E+0 0.00000E+0 0.00000E+02367400201848 
 1349.      4.54798E-1 1.06897E+4 0.00000E+0 0.00000E+0 0.00000E+02367400201849 
 1349.      4.61353E-1 1.06135E+4 0.00000E+0 0.00000E+0 0.00000E+02367400201850 
 1349.      4.68050E-1 1.05374E+4 0.00000E+0 0.00000E+0 0.00000E+02367400201851 
 1349.      4.74895E-1 1.04612E+4 0.00000E+0 0.00000E+0 0.00000E+02367400201852 
 1349.      4.81890E-1 1.03851E+4 0.00000E+0 0.00000E+0 0.00000E+02367400201853 
 1349.      4.89042E-1 1.03089E+4 0.00000E+0 0.00000E+0 0.00000E+02367400201854 
 1349.      4.96354E-1 1.02328E+4 0.00000E+0 0.00000E+0 0.00000E+02367400201855 
 1349.      5.03831E-1 1.01566E+4 0.00000E+0 0.00000E+0 0.00000E+02367400201856 
 1349.      5.11478E-1 1.00804E+4 0.00000E+0 0.00000E+0 0.00000E+02367400201857 
 1349.      5.19301E-1 1.00043E+4 0.00000E+0 0.00000E+0 0.00000E+02367400201858 
 1349.      5.27305E-1 9.92814E+3 0.00000E+0 0.00000E+0 0.00000E+02367400201859 
 1349.      5.35496E-1 9.85198E+3 0.00000E+0 0.00000E+0 0.00000E+02367400201860 
 1349.      5.43879E-1 9.77583E+3 0.00000E+0 0.00000E+0 0.00000E+02367400201861 
 1349.      5.52460E-1 9.69968E+3 0.00000E+0 0.00000E+0 0.00000E+02367400201862 
 1349.      5.61246E-1 9.62352E+3 0.00000E+0 0.00000E+0 0.00000E+02367400201863 
 1349.      5.70243E-1 9.54737E+3 0.00000E+0 0.00000E+0 0.00000E+02367400201864 
 1349.      5.79459E-1 9.47121E+3 0.00000E+0 0.00000E+0 0.00000E+02367400201865 
 1349.      5.88900E-1 9.39506E+3 0.00000E+0 0.00000E+0 0.00000E+02367400201866 
 1349.      5.98573E-1 9.31890E+3 0.00000E+0 0.00000E+0 0.00000E+02367400201867 
 1349.      6.08487E-1 9.24275E+3 0.00000E+0 0.00000E+0 0.00000E+02367400201868 
 1349.      6.18650E-1 9.16660E+3 0.00000E+0 0.00000E+0 0.00000E+02367400201869 
 1349.      6.29069E-1 9.09044E+3 0.00000E+0 0.00000E+0 0.00000E+02367400201870 
 1349.      6.39754E-1 9.01429E+3 0.00000E+0 0.00000E+0 0.00000E+02367400201871 
 1349.      6.50713E-1 8.93813E+3 0.00000E+0 0.00000E+0 0.00000E+02367400201872 
 1349.      6.61957E-1 8.86198E+3 0.00000E+0 0.00000E+0 0.00000E+02367400201873 
 1349.      6.73494E-1 8.78582E+3 0.00000E+0 0.00000E+0 0.00000E+02367400201874 
 1349.      6.85337E-1 8.70967E+3 0.00000E+0 0.00000E+0 0.00000E+02367400201875 
 1349.      6.97494E-1 8.63352E+3 0.00000E+0 0.00000E+0 0.00000E+02367400201876 
 1349.      7.09978E-1 8.55736E+3 0.00000E+0 0.00000E+0 0.00000E+02367400201877 
 1349.      7.22800E-1 8.48121E+3 0.00000E+0 0.00000E+0 0.00000E+02367400201878 
 1349.      7.35972E-1 8.40505E+3 0.00000E+0 0.00000E+0 0.00000E+02367400201879 
 1349.      7.49509E-1 8.32890E+3 0.00000E+0 0.00000E+0 0.00000E+02367400201880 
 1349.      7.63422E-1 8.25274E+3 0.00000E+0 0.00000E+0 0.00000E+02367400201881 
 1349.      7.77727E-1 8.17659E+3 0.00000E+0 0.00000E+0 0.00000E+02367400201882 
 1349.      7.92438E-1 8.10043E+3 0.00000E+0 0.00000E+0 0.00000E+02367400201883 
 1349.      8.07570E-1 8.02428E+3 0.00000E+0 0.00000E+0 0.00000E+02367400201884 
 1349.      8.23140E-1 7.94812E+3 0.00000E+0 0.00000E+0 0.00000E+02367400201885 
 1349.      8.39165E-1 7.87197E+3 0.00000E+0 0.00000E+0 0.00000E+02367400201886 
 1349.      8.55662E-1 7.79581E+3 0.00000E+0 0.00000E+0 0.00000E+02367400201887 
 1349.      8.72652E-1 7.71966E+3 0.00000E+0 0.00000E+0 0.00000E+02367400201888 
 1349.      8.90152E-1 7.64350E+3 0.00000E+0 0.00000E+0 0.00000E+02367400201889 
 1349.      9.08185E-1 7.56735E+3 0.00000E+0 0.00000E+0 0.00000E+02367400201890 
 1349.      9.26771E-1 7.49119E+3 0.00000E+0 0.00000E+0 0.00000E+02367400201891 
 1349.      9.45935E-1 7.41504E+3 0.00000E+0 0.00000E+0 0.00000E+02367400201892 
 1349.      9.65699E-1 7.33888E+3 0.00000E+0 0.00000E+0 0.00000E+02367400201893 
 1349.      9.86089E-1 7.26273E+3 0.00000E+0 0.00000E+0 0.00000E+02367400201894 
 1349.      1.00713E+0 7.18657E+3 0.00000E+0 0.00000E+0 0.00000E+02367400201895 
 1349.      1.02886E+0 7.11041E+3 0.00000E+0 0.00000E+0 0.00000E+02367400201896 
 1349.      1.05129E+0 7.03426E+3 0.00000E+0 0.00000E+0 0.00000E+02367400201897 
 1349.      1.07447E+0 6.95810E+3 0.00000E+0 0.00000E+0 0.00000E+02367400201898 
 1349.      1.09843E+0 6.88195E+3 0.00000E+0 0.00000E+0 0.00000E+02367400201899 
 1349.      1.12319E+0 6.80579E+3 0.00000E+0 0.00000E+0 0.00000E+02367400201900 
 1349.      1.14880E+0 6.72964E+3 0.00000E+0 0.00000E+0 0.00000E+02367400201901 
 1349.      1.17530E+0 6.65348E+3 0.00000E+0 0.00000E+0 0.00000E+02367400201902 
 1349.      1.20273E+0 6.57732E+3 0.00000E+0 0.00000E+0 0.00000E+02367400201903 
 1349.      1.23113E+0 6.50117E+3 0.00000E+0 0.00000E+0 0.00000E+02367400201904 
 1349.      1.26054E+0 6.42501E+3 0.00000E+0 0.00000E+0 0.00000E+02367400201905 
 1349.      1.29103E+0 6.34885E+3 0.00000E+0 0.00000E+0 0.00000E+02367400201906 
 1349.      1.32263E+0 6.27270E+3 0.00000E+0 0.00000E+0 0.00000E+02367400201907 
 1349.      1.35542E+0 6.19654E+3 0.00000E+0 0.00000E+0 0.00000E+02367400201908 
 1349.      1.38943E+0 6.12039E+3 0.00000E+0 0.00000E+0 0.00000E+02367400201909 
 1349.      1.42475E+0 6.04423E+3 0.00000E+0 0.00000E+0 0.00000E+02367400201910 
 1349.      1.46143E+0 5.96807E+3 0.00000E+0 0.00000E+0 0.00000E+02367400201911 
 1349.      1.49954E+0 5.89191E+3 0.00000E+0 0.00000E+0 0.00000E+02367400201912 
 1349.      1.53917E+0 5.81576E+3 9.92262E-3 1.17562E+1 9.35292E+02367400201913 
 1349.      1.58039E+0 5.73960E+3 2.52384E-2 7.80902E+0 9.13685E+02367400201914 
 1349.      1.62329E+0 5.66344E+3 2.61958E-2 7.64474E+0 9.11541E+02367400201915 
 1349.      1.66796E+0 5.58728E+3 1.32941E-2 1.44227E+1 8.58059E+02367400201916 
 1349.      1.71451E+0 5.51113E+3 1.22027E-2 1.48345E+1 8.90988E+02367400201917 
 1349.      1.76303E+0 5.43497E+3 1.58092E-3 7.14173E+1 1.21584E+12367400201918 
 1349.      1.81364E+0 5.35881E+3 3.62091E-3 2.75867E+1 9.34343E+02367400201919 
 1349.      1.86647E+0 5.28265E+3 2.05015E-2 1.02192E+1 9.19590E+02367400201920 
 1349.      1.92164E+0 5.20649E+3 4.43205E-2 5.89652E+0 9.24340E+02367400201921 
 1349.      1.97930E+0 5.13034E+3 2.48530E-2 1.01488E+1 9.61364E+02367400201922 
 1349.      2.03959E+0 5.05418E+3 1.38539E-2 1.44921E+1 9.32618E+02367400201923 
 1349.      2.10269E+0 4.97802E+3 1.74436E-2 1.33081E+1 9.99385E+02367400201924 
 1349.      2.16876E+0 4.90186E+3 2.21086E-2 1.13039E+1 9.18125E+02367400201925 
 1349.      2.23801E+0 4.82570E+3 3.00634E-2 8.84493E+0 9.87613E+02367400201926 
 1349.      2.31062E+0 4.74954E+3 3.84847E-2 7.93698E+0 9.35535E+02367400201927 
 1349.      2.38684E+0 4.67338E+3 7.31594E-2 4.54898E+0 8.91583E+02367400201928 
 1349.      2.46689E+0 4.59722E+3 1.04788E-1 3.79459E+0 8.90269E+02367400201929 
 1349.      2.55104E+0 4.52106E+3 7.63847E-2 5.15438E+0 9.16081E+02367400201930 
 1349.      2.63959E+0 4.44490E+3 6.45854E-2 5.90877E+0 8.91572E+02367400201931 
 1349.      2.73283E+0 4.36874E+3 4.18791E-2 8.98712E+0 9.04222E+02367400201932 
 1349.      2.83110E+0 4.29258E+3 3.03408E-2 9.06360E+0 8.71651E+02367400201933 
 1349.      2.93479E+0 4.21641E+3 4.50251E-2 7.91740E+0 8.95119E+02367400201934 
 1349.      3.04428E+0 4.14025E+3 5.09362E-2 8.03251E+0 9.19063E+02367400201935 
 1349.      3.16004E+0 4.06409E+3 4.36437E-2 9.22222E+0 9.28148E+02367400201936 
 1349.      3.28253E+0 3.98793E+3 4.50066E-2 9.48265E+0 8.90676E+02367400201937 
 1349.      3.41230E+0 3.91176E+3 3.35354E-2 1.22381E+1 8.99882E+02367400201938 
 1349.      3.54994E+0 3.83560E+3 3.34149E-2 1.13800E+1 9.18949E+02367400201939 
 1349.      3.69610E+0 3.75944E+3 5.26940E-2 8.89971E+0 8.76659E+02367400201940 
 1349.      3.85149E+0 3.68327E+3 3.71294E-2 1.12641E+1 9.80977E+02367400201941 
 1349.      4.01691E+0 3.60711E+3 3.83156E-2 1.14783E+1 9.41298E+02367400201942 
 1349.      4.19325E+0 3.53094E+3 7.18455E-2 6.93353E+0 9.12975E+02367400201943 
 1349.      4.38149E+0 3.45478E+3 7.43460E-2 7.08931E+0 8.95316E+02367400201944 
 1349.      4.58274E+0 3.37861E+3 5.89733E-2 9.02320E+0 8.63676E+02367400201945 
 1349.      4.79821E+0 3.30244E+3 4.72004E-2 1.02702E+1 9.04312E+02367400201946 
 1349.      5.02929E+0 3.22627E+3 4.93411E-2 9.60747E+0 8.86276E+02367400201947 
 1349.      5.27752E+0 3.15010E+3 4.86522E-2 1.02339E+1 8.88336E+02367400201948 
 1349.      5.54465E+0 3.07393E+3 4.55225E-2 1.02289E+1 8.88353E+02367400201949 
 1349.      5.83267E+0 2.99776E+3 3.92207E-2 1.15705E+1 8.52915E+02367400201950 
 1349.      6.14380E+0 2.92159E+3 3.24160E-2 1.33491E+1 8.33137E+02367400201951 
 1349.      6.48060E+0 2.84542E+3 3.56316E-2 1.25114E+1 9.01325E+02367400201952 
 1349.      6.84599E+0 2.76924E+3 3.41646E-2 1.27663E+1 9.19228E+02367400201953 
 1349.      7.24331E+0 2.69307E+3 2.64931E-2 1.37245E+1 8.89751E+02367400201954 
 1349.      7.67641E+0 2.61689E+3 2.19947E-2 1.88045E+1 9.47854E+02367400201955 
 1349.      1.40689E+1 1.94277E+3 3.31967E-3 9.57605E+1 3.45054E+12367400201956 
 1357.      1.43744E-1 1.90095E+4 0.00000E+0 0.00000E+0 0.00000E+02367400201957 
 1357.      1.44614E-1 1.89523E+4 0.00000E+0 0.00000E+0 0.00000E+02367400201958 
 1357.      1.45783E-1 1.88761E+4 0.00000E+0 0.00000E+0 0.00000E+02367400201959 
 1357.      1.46967E-1 1.88000E+4 0.00000E+0 0.00000E+0 0.00000E+02367400201960 
 1357.      1.48165E-1 1.87238E+4 0.00000E+0 0.00000E+0 0.00000E+02367400201961 
 1357.      1.49378E-1 1.86477E+4 0.00000E+0 0.00000E+0 0.00000E+02367400201962 
 1357.      1.50606E-1 1.85715E+4 0.00000E+0 0.00000E+0 0.00000E+02367400201963 
 1357.      1.51849E-1 1.84954E+4 0.00000E+0 0.00000E+0 0.00000E+02367400201964 
 1357.      1.53107E-1 1.84192E+4 0.00000E+0 0.00000E+0 0.00000E+02367400201965 
 1357.      1.54382E-1 1.83431E+4 0.00000E+0 0.00000E+0 0.00000E+02367400201966 
 1357.      1.55672E-1 1.82669E+4 0.00000E+0 0.00000E+0 0.00000E+02367400201967 
 1357.      1.56978E-1 1.81908E+4 0.00000E+0 0.00000E+0 0.00000E+02367400201968 
 1357.      1.58301E-1 1.81146E+4 0.00000E+0 0.00000E+0 0.00000E+02367400201969 
 1357.      1.59641E-1 1.80385E+4 0.00000E+0 0.00000E+0 0.00000E+02367400201970 
 1357.      1.60998E-1 1.79623E+4 0.00000E+0 0.00000E+0 0.00000E+02367400201971 
 1357.      1.62372E-1 1.78862E+4 0.00000E+0 0.00000E+0 0.00000E+02367400201972 
 1357.      1.63764E-1 1.78100E+4 0.00000E+0 0.00000E+0 0.00000E+02367400201973 
 1357.      1.65174E-1 1.77338E+4 0.00000E+0 0.00000E+0 0.00000E+02367400201974 
 1357.      1.66602E-1 1.76577E+4 0.00000E+0 0.00000E+0 0.00000E+02367400201975 
 1357.      1.68049E-1 1.75815E+4 0.00000E+0 0.00000E+0 0.00000E+02367400201976 
 1357.      1.69514E-1 1.75054E+4 0.00000E+0 0.00000E+0 0.00000E+02367400201977 
 1357.      1.70999E-1 1.74292E+4 0.00000E+0 0.00000E+0 0.00000E+02367400201978 
 1357.      1.72504E-1 1.73531E+4 0.00000E+0 0.00000E+0 0.00000E+02367400201979 
 1357.      1.74028E-1 1.72769E+4 0.00000E+0 0.00000E+0 0.00000E+02367400201980 
 1357.      1.75573E-1 1.72008E+4 0.00000E+0 0.00000E+0 0.00000E+02367400201981 
 1357.      1.77139E-1 1.71246E+4 0.00000E+0 0.00000E+0 0.00000E+02367400201982 
 1357.      1.78725E-1 1.70485E+4 0.00000E+0 0.00000E+0 0.00000E+02367400201983 
 1357.      1.80333E-1 1.69723E+4 0.00000E+0 0.00000E+0 0.00000E+02367400201984 
 1357.      1.81963E-1 1.68962E+4 0.00000E+0 0.00000E+0 0.00000E+02367400201985 
 1357.      1.83615E-1 1.68200E+4 0.00000E+0 0.00000E+0 0.00000E+02367400201986 
 1357.      1.85289E-1 1.67439E+4 0.00000E+0 0.00000E+0 0.00000E+02367400201987 
 1357.      1.86987E-1 1.66677E+4 0.00000E+0 0.00000E+0 0.00000E+02367400201988 
 1357.      1.88707E-1 1.65916E+4 0.00000E+0 0.00000E+0 0.00000E+02367400201989 
 1357.      1.90452E-1 1.65154E+4 0.00000E+0 0.00000E+0 0.00000E+02367400201990 
 1357.      1.92221E-1 1.64392E+4 0.00000E+0 0.00000E+0 0.00000E+02367400201991 
 1357.      1.94015E-1 1.63631E+4 0.00000E+0 0.00000E+0 0.00000E+02367400201992 
 1357.      1.95834E-1 1.62869E+4 0.00000E+0 0.00000E+0 0.00000E+02367400201993 
 1357.      1.97679E-1 1.62108E+4 0.00000E+0 0.00000E+0 0.00000E+02367400201994 
 1357.      1.99550E-1 1.61346E+4 0.00000E+0 0.00000E+0 0.00000E+02367400201995 
 1357.      2.01448E-1 1.60585E+4 0.00000E+0 0.00000E+0 0.00000E+02367400201996 
 1357.      2.03373E-1 1.59823E+4 0.00000E+0 0.00000E+0 0.00000E+02367400201997 
 1357.      2.05326E-1 1.59062E+4 0.00000E+0 0.00000E+0 0.00000E+02367400201998 
 1357.      2.07306E-1 1.58300E+4 0.00000E+0 0.00000E+0 0.00000E+02367400201999 
 1357.      2.09316E-1 1.57539E+4 0.00000E+0 0.00000E+0 0.00000E+02367400202000 
 1357.      2.11355E-1 1.56777E+4 0.00000E+0 0.00000E+0 0.00000E+02367400202001 
 1357.      2.13424E-1 1.56016E+4 0.00000E+0 0.00000E+0 0.00000E+02367400202002 
 1357.      2.15524E-1 1.55254E+4 0.00000E+0 0.00000E+0 0.00000E+02367400202003 
 1357.      2.17655E-1 1.54493E+4 0.00000E+0 0.00000E+0 0.00000E+02367400202004 
 1357.      2.19817E-1 1.53731E+4 0.00000E+0 0.00000E+0 0.00000E+02367400202005 
 1357.      2.22012E-1 1.52970E+4 0.00000E+0 0.00000E+0 0.00000E+02367400202006 
 1357.      2.24240E-1 1.52208E+4 0.00000E+0 0.00000E+0 0.00000E+02367400202007 
 1357.      2.26501E-1 1.51446E+4 0.00000E+0 0.00000E+0 0.00000E+02367400202008 
 1357.      2.28797E-1 1.50685E+4 0.00000E+0 0.00000E+0 0.00000E+02367400202009 
 1357.      2.31129E-1 1.49923E+4 0.00000E+0 0.00000E+0 0.00000E+02367400202010 
 1357.      2.33495E-1 1.49162E+4 0.00000E+0 0.00000E+0 0.00000E+02367400202011 
 1357.      2.35899E-1 1.48400E+4 0.00000E+0 0.00000E+0 0.00000E+02367400202012 
 1357.      2.38340E-1 1.47639E+4 0.00000E+0 0.00000E+0 0.00000E+02367400202013 
 1357.      2.40819E-1 1.46877E+4 0.00000E+0 0.00000E+0 0.00000E+02367400202014 
 1357.      2.43336E-1 1.46116E+4 0.00000E+0 0.00000E+0 0.00000E+02367400202015 
 1357.      2.45894E-1 1.45354E+4 0.00000E+0 0.00000E+0 0.00000E+02367400202016 
 1357.      2.48492E-1 1.44593E+4 0.00000E+0 0.00000E+0 0.00000E+02367400202017 
 1357.      2.51131E-1 1.43831E+4 0.00000E+0 0.00000E+0 0.00000E+02367400202018 
 1357.      2.53813E-1 1.43070E+4 0.00000E+0 0.00000E+0 0.00000E+02367400202019 
 1357.      2.56538E-1 1.42308E+4 0.00000E+0 0.00000E+0 0.00000E+02367400202020 
 1357.      2.59306E-1 1.41547E+4 0.00000E+0 0.00000E+0 0.00000E+02367400202021 
 1357.      2.62121E-1 1.40785E+4 0.00000E+0 0.00000E+0 0.00000E+02367400202022 
 1357.      2.64981E-1 1.40023E+4 0.00000E+0 0.00000E+0 0.00000E+02367400202023 
 1357.      2.67888E-1 1.39262E+4 0.00000E+0 0.00000E+0 0.00000E+02367400202024 
 1357.      2.70843E-1 1.38500E+4 0.00000E+0 0.00000E+0 0.00000E+02367400202025 
 1357.      2.73848E-1 1.37739E+4 0.00000E+0 0.00000E+0 0.00000E+02367400202026 
 1357.      2.76902E-1 1.36977E+4 0.00000E+0 0.00000E+0 0.00000E+02367400202027 
 1357.      2.80008E-1 1.36216E+4 0.00000E+0 0.00000E+0 0.00000E+02367400202028 
 1357.      2.83167E-1 1.35454E+4 0.00000E+0 0.00000E+0 0.00000E+02367400202029 
 1357.      2.86380E-1 1.34693E+4 0.00000E+0 0.00000E+0 0.00000E+02367400202030 
 1357.      2.89647E-1 1.33931E+4 0.00000E+0 0.00000E+0 0.00000E+02367400202031 
 1357.      2.92971E-1 1.33170E+4 0.00000E+0 0.00000E+0 0.00000E+02367400202032 
 1357.      2.96352E-1 1.32408E+4 0.00000E+0 0.00000E+0 0.00000E+02367400202033 
 1357.      2.99792E-1 1.31647E+4 0.00000E+0 0.00000E+0 0.00000E+02367400202034 
 1357.      3.03293E-1 1.30885E+4 0.00000E+0 0.00000E+0 0.00000E+02367400202035 
 1357.      3.06855E-1 1.30124E+4 0.00000E+0 0.00000E+0 0.00000E+02367400202036 
 1357.      3.10480E-1 1.29362E+4 0.00000E+0 0.00000E+0 0.00000E+02367400202037 
 1357.      3.14170E-1 1.28601E+4 0.00000E+0 0.00000E+0 0.00000E+02367400202038 
 1357.      3.17926E-1 1.27839E+4 0.00000E+0 0.00000E+0 0.00000E+02367400202039 
 1357.      3.21750E-1 1.27077E+4 0.00000E+0 0.00000E+0 0.00000E+02367400202040 
 1357.      3.25643E-1 1.26316E+4 0.00000E+0 0.00000E+0 0.00000E+02367400202041 
 1357.      3.29607E-1 1.25554E+4 0.00000E+0 0.00000E+0 0.00000E+02367400202042 
 1357.      3.33645E-1 1.24793E+4 0.00000E+0 0.00000E+0 0.00000E+02367400202043 
 1357.      3.37757E-1 1.24031E+4 0.00000E+0 0.00000E+0 0.00000E+02367400202044 
 1357.      3.41945E-1 1.23270E+4 0.00000E+0 0.00000E+0 0.00000E+02367400202045 
 1357.      3.46212E-1 1.22508E+4 0.00000E+0 0.00000E+0 0.00000E+02367400202046 
 1357.      3.50559E-1 1.21747E+4 0.00000E+0 0.00000E+0 0.00000E+02367400202047 
 1357.      3.54988E-1 1.20985E+4 0.00000E+0 0.00000E+0 0.00000E+02367400202048 
 1357.      3.59502E-1 1.20224E+4 0.00000E+0 0.00000E+0 0.00000E+02367400202049 
 1357.      3.64103E-1 1.19462E+4 0.00000E+0 0.00000E+0 0.00000E+02367400202050 
 1357.      3.68793E-1 1.18701E+4 0.00000E+0 0.00000E+0 0.00000E+02367400202051 
 1357.      3.73574E-1 1.17939E+4 0.00000E+0 0.00000E+0 0.00000E+02367400202052 
 1357.      3.78448E-1 1.17178E+4 0.00000E+0 0.00000E+0 0.00000E+02367400202053 
 1357.      3.83418E-1 1.16416E+4 0.00000E+0 0.00000E+0 0.00000E+02367400202054 
 1357.      3.88487E-1 1.15654E+4 0.00000E+0 0.00000E+0 0.00000E+02367400202055 
 1357.      3.93658E-1 1.14893E+4 0.00000E+0 0.00000E+0 0.00000E+02367400202056 
 1357.      3.98932E-1 1.14131E+4 0.00000E+0 0.00000E+0 0.00000E+02367400202057 
 1357.      4.04313E-1 1.13370E+4 0.00000E+0 0.00000E+0 0.00000E+02367400202058 
 1357.      4.09803E-1 1.12608E+4 0.00000E+0 0.00000E+0 0.00000E+02367400202059 
 1357.      4.15407E-1 1.11847E+4 0.00000E+0 0.00000E+0 0.00000E+02367400202060 
 1357.      4.21126E-1 1.11085E+4 0.00000E+0 0.00000E+0 0.00000E+02367400202061 
 1357.      4.26964E-1 1.10324E+4 0.00000E+0 0.00000E+0 0.00000E+02367400202062 
 1357.      4.32924E-1 1.09562E+4 0.00000E+0 0.00000E+0 0.00000E+02367400202063 
 1357.      4.39010E-1 1.08801E+4 0.00000E+0 0.00000E+0 0.00000E+02367400202064 
 1357.      4.45225E-1 1.08039E+4 0.00000E+0 0.00000E+0 0.00000E+02367400202065 
 1357.      4.51573E-1 1.07278E+4 0.00000E+0 0.00000E+0 0.00000E+02367400202066 
 1357.      4.58058E-1 1.06516E+4 0.00000E+0 0.00000E+0 0.00000E+02367400202067 
 1357.      4.64683E-1 1.05754E+4 0.00000E+0 0.00000E+0 0.00000E+02367400202068 
 1357.      4.71454E-1 1.04993E+4 0.00000E+0 0.00000E+0 0.00000E+02367400202069 
 1357.      4.78373E-1 1.04231E+4 0.00000E+0 0.00000E+0 0.00000E+02367400202070 
 1357.      4.85446E-1 1.03470E+4 0.00000E+0 0.00000E+0 0.00000E+02367400202071 
 1357.      4.92677E-1 1.02708E+4 0.00000E+0 0.00000E+0 0.00000E+02367400202072 
 1357.      5.00071E-1 1.01947E+4 0.00000E+0 0.00000E+0 0.00000E+02367400202073 
 1357.      5.07633E-1 1.01185E+4 0.00000E+0 0.00000E+0 0.00000E+02367400202074 
 1357.      5.15368E-1 1.00424E+4 0.00000E+0 0.00000E+0 0.00000E+02367400202075 
 1357.      5.23280E-1 9.96621E+3 0.00000E+0 0.00000E+0 0.00000E+02367400202076 
 1357.      5.31377E-1 9.89006E+3 0.00000E+0 0.00000E+0 0.00000E+02367400202077 
 1357.      5.39663E-1 9.81391E+3 0.00000E+0 0.00000E+0 0.00000E+02367400202078 
 1357.      5.48144E-1 9.73775E+3 0.00000E+0 0.00000E+0 0.00000E+02367400202079 
 1357.      5.56827E-1 9.66160E+3 0.00000E+0 0.00000E+0 0.00000E+02367400202080 
 1357.      5.65718E-1 9.58544E+3 0.00000E+0 0.00000E+0 0.00000E+02367400202081 
 1357.      5.74823E-1 9.50929E+3 0.00000E+0 0.00000E+0 0.00000E+02367400202082 
 1357.      5.84151E-1 9.43314E+3 0.00000E+0 0.00000E+0 0.00000E+02367400202083 
 1357.      5.93707E-1 9.35698E+3 0.00000E+0 0.00000E+0 0.00000E+02367400202084 
 1357.      6.03500E-1 9.28083E+3 0.00000E+0 0.00000E+0 0.00000E+02367400202085 
 1357.      6.13537E-1 9.20467E+3 0.00000E+0 0.00000E+0 0.00000E+02367400202086 
 1357.      6.23827E-1 9.12852E+3 0.00000E+0 0.00000E+0 0.00000E+02367400202087 
 1357.      6.34378E-1 9.05236E+3 0.00000E+0 0.00000E+0 0.00000E+02367400202088 
 1357.      6.45199E-1 8.97621E+3 0.00000E+0 0.00000E+0 0.00000E+02367400202089 
 1357.      6.56299E-1 8.90006E+3 0.00000E+0 0.00000E+0 0.00000E+02367400202090 
 1357.      6.67688E-1 8.82390E+3 0.00000E+0 0.00000E+0 0.00000E+02367400202091 
 1357.      6.79377E-1 8.74775E+3 0.00000E+0 0.00000E+0 0.00000E+02367400202092 
 1357.      6.91375E-1 8.67159E+3 0.00000E+0 0.00000E+0 0.00000E+02367400202093 
 1357.      7.03694E-1 8.59544E+3 0.00000E+0 0.00000E+0 0.00000E+02367400202094 
 1357.      7.16346E-1 8.51928E+3 0.00000E+0 0.00000E+0 0.00000E+02367400202095 
 1357.      7.29341E-1 8.44313E+3 0.00000E+0 0.00000E+0 0.00000E+02367400202096 
 1357.      7.42694E-1 8.36697E+3 0.00000E+0 0.00000E+0 0.00000E+02367400202097 
 1357.      7.56418E-1 8.29082E+3 0.00000E+0 0.00000E+0 0.00000E+02367400202098 
 1357.      7.70525E-1 8.21466E+3 0.00000E+0 0.00000E+0 0.00000E+02367400202099 
 1357.      7.85030E-1 8.13851E+3 0.00000E+0 0.00000E+0 0.00000E+02367400202100 
 1357.      7.99950E-1 8.06236E+3 0.00000E+0 0.00000E+0 0.00000E+02367400202101 
 1357.      8.15299E-1 7.98620E+3 0.00000E+0 0.00000E+0 0.00000E+02367400202102 
 1357.      8.31094E-1 7.91005E+3 0.00000E+0 0.00000E+0 0.00000E+02367400202103 
 1357.      8.47353E-1 7.83389E+3 0.00000E+0 0.00000E+0 0.00000E+02367400202104 
 1357.      8.64094E-1 7.75774E+3 0.00000E+0 0.00000E+0 0.00000E+02367400202105 
 1357.      8.81337E-1 7.68158E+3 0.00000E+0 0.00000E+0 0.00000E+02367400202106 
 1357.      8.99101E-1 7.60542E+3 0.00000E+0 0.00000E+0 0.00000E+02367400202107 
 1357.      9.17407E-1 7.52927E+3 0.00000E+0 0.00000E+0 0.00000E+02367400202108 
 1357.      9.36279E-1 7.45311E+3 0.00000E+0 0.00000E+0 0.00000E+02367400202109 
 1357.      9.55740E-1 7.37696E+3 0.00000E+0 0.00000E+0 0.00000E+02367400202110 
 1357.      9.75814E-1 7.30080E+3 0.00000E+0 0.00000E+0 0.00000E+02367400202111 
 1357.      9.96528E-1 7.22465E+3 0.00000E+0 0.00000E+0 0.00000E+02367400202112 
 1357.      1.01791E+0 7.14849E+3 0.00000E+0 0.00000E+0 0.00000E+02367400202113 
 1357.      1.03998E+0 7.07234E+3 0.00000E+0 0.00000E+0 0.00000E+02367400202114 
 1357.      1.06279E+0 6.99618E+3 0.00000E+0 0.00000E+0 0.00000E+02367400202115 
 1357.      1.08635E+0 6.92003E+3 0.00000E+0 0.00000E+0 0.00000E+02367400202116 
 1357.      1.11070E+0 6.84387E+3 0.00000E+0 0.00000E+0 0.00000E+02367400202117 
 1357.      1.13589E+0 6.76771E+3 0.00000E+0 0.00000E+0 0.00000E+02367400202118 
 1357.      1.16194E+0 6.69156E+3 0.00000E+0 0.00000E+0 0.00000E+02367400202119 
 1357.      1.18890E+0 6.61540E+3 0.00000E+0 0.00000E+0 0.00000E+02367400202120 
 1357.      1.21680E+0 6.53925E+3 0.00000E+0 0.00000E+0 0.00000E+02367400202121 
 1357.      1.24570E+0 6.46309E+3 0.00000E+0 0.00000E+0 0.00000E+02367400202122 
 1357.      1.27565E+0 6.38693E+3 0.00000E+0 0.00000E+0 0.00000E+02367400202123 
 1357.      1.30669E+0 6.31078E+3 0.00000E+0 0.00000E+0 0.00000E+02367400202124 
 1357.      1.33887E+0 6.23462E+3 0.00000E+0 0.00000E+0 0.00000E+02367400202125 
 1357.      1.37227E+0 6.15846E+3 0.00000E+0 0.00000E+0 0.00000E+02367400202126 
 1357.      1.40692E+0 6.08231E+3 0.00000E+0 0.00000E+0 0.00000E+02367400202127 
 1357.      1.44291E+0 6.00615E+3 0.00000E+0 0.00000E+0 0.00000E+02367400202128 
 1357.      1.48030E+0 5.92999E+3 0.00000E+0 0.00000E+0 0.00000E+02367400202129 
 1357.      1.51916E+0 5.85384E+3 0.00000E+0 0.00000E+0 0.00000E+02367400202130 
 1357.      1.55957E+0 5.77768E+3 0.00000E+0 0.00000E+0 0.00000E+02367400202131 
 1357.      1.60162E+0 5.70152E+3 0.00000E+0 0.00000E+0 0.00000E+02367400202132 
 1357.      1.64540E+0 5.62536E+3 1.39622E-2 4.14460E+0 6.27047E+02367400202133 
 1357.      1.69099E+0 5.54921E+3 2.79158E-2 2.80836E+0 6.25482E+02367400202134 
 1357.      1.73851E+0 5.47305E+3 2.72169E-2 2.90996E+0 6.16397E+02367400202135 
 1357.      1.78807E+0 5.39689E+3 3.90811E-2 2.17645E+0 6.16713E+02367400202136 
 1357.      1.83977E+0 5.32073E+3 7.12074E-2 1.56612E+0 6.25510E+02367400202137 
 1357.      1.89375E+0 5.24457E+3 1.35920E-1 1.23456E+0 6.27947E+02367400202138 
 1357.      1.95015E+0 5.16842E+3 1.36955E-1 1.37074E+0 6.24972E+02367400202139 
 1357.      2.00911E+0 5.09226E+3 1.43475E-1 1.29579E+0 6.18853E+02367400202140 
 1357.      2.07078E+0 5.01610E+3 1.63675E-1 1.20388E+0 6.12725E+02367400202141 
 1357.      2.13534E+0 4.93994E+3 2.14491E-1 1.08914E+0 6.13511E+02367400202142 
 1357.      2.20298E+0 4.86378E+3 2.84575E-1 1.02029E+0 6.16340E+02367400202143 
 1357.      2.27388E+0 4.78762E+3 2.58286E-1 1.10168E+0 6.16094E+02367400202144 
 1357.      2.34826E+0 4.71146E+3 2.79197E-1 1.05132E+0 6.20615E+02367400202145 
 1357.      2.42637E+0 4.63530E+3 3.64245E-1 9.79704E-1 6.24859E+02367400202146 
 1357.      2.50844E+0 4.55914E+3 3.48303E-1 1.05497E+0 6.20573E+02367400202147 
 1357.      2.59475E+0 4.48298E+3 2.71908E-1 1.14070E+0 6.17922E+02367400202148 
 1357.      2.68560E+0 4.40682E+3 2.44817E-1 1.15858E+0 6.13927E+02367400202149 
 1357.      2.78131E+0 4.33066E+3 2.59656E-1 1.12537E+0 6.11355E+02367400202150 
 1357.      2.88224E+0 4.25450E+3 2.62855E-1 1.14658E+0 6.12228E+02367400202151 
 1357.      2.98878E+0 4.17833E+3 2.84498E-1 1.12356E+0 6.13263E+02367400202152 
 1357.      3.10135E+0 4.10217E+3 2.77240E-1 1.16764E+0 6.11311E+02367400202153 
 1357.      3.22041E+0 4.02601E+3 2.44903E-1 1.24147E+0 6.09159E+02367400202154 
 1357.      3.34647E+0 3.94985E+3 2.12641E-1 1.28780E+0 6.08987E+02367400202155 
 1357.      3.48010E+0 3.87368E+3 2.08313E-1 1.34145E+0 6.08946E+02367400202156 
 1357.      3.62191E+0 3.79752E+3 2.54027E-1 1.21036E+0 6.10158E+02367400202157 
 1357.      3.77259E+0 3.72135E+3 2.69222E-1 1.23641E+0 6.10380E+02367400202158 
 1357.      3.93289E+0 3.64519E+3 2.38712E-1 1.31410E+0 6.07767E+02367400202159 
 1357.      4.10366E+0 3.56902E+3 2.36202E-1 1.31274E+0 6.09596E+02367400202160 
 1357.      4.28582E+0 3.49286E+3 2.33969E-1 1.34214E+0 6.16541E+02367400202161 
 1357.      4.48042E+0 3.41669E+3 2.42342E-1 1.34560E+0 6.26618E+02367400202162 
 1357.      4.68861E+0 3.34053E+3 1.82938E-1 1.57080E+0 6.18644E+02367400202163 
 1357.      4.91170E+0 3.26436E+3 1.76870E-1 1.51673E+0 6.15787E+02367400202164 
 1357.      5.15115E+0 3.18819E+3 2.02232E-1 1.44221E+0 6.16321E+02367400202165 
 1357.      5.40861E+0 3.11202E+3 2.01971E-1 1.47339E+0 6.20899E+02367400202166 
 1357.      5.68592E+0 3.03585E+3 1.85524E-1 1.52306E+0 6.17807E+02367400202167 
 1357.      5.98519E+0 2.95968E+3 1.68283E-1 1.54705E+0 6.18473E+02367400202168 
 1357.      6.30882E+0 2.88350E+3 1.52949E-1 1.61861E+0 6.19546E+02367400202169 
 1357.      6.65953E+0 2.80733E+3 1.36354E-1 1.77234E+0 6.18086E+02367400202170 
 1357.      7.04043E+0 2.73116E+3 1.37547E-1 1.80024E+0 6.24401E+02367400202171 
 1357.      7.45513E+0 2.65498E+3 1.17848E-1 2.12349E+0 6.21900E+02367400202172 
 1357.      7.90774E+0 2.57880E+3 1.12231E-1 2.27957E+0 6.17758E+02367400202173 
 1357.      8.40306E+0 2.50262E+3 1.02388E-1 2.60207E+0 6.21763E+02367400202174 
 1357.      8.94667E+0 2.42644E+3 9.21510E-2 3.03070E+0 6.19123E+02367400202175 
 1357.      9.54509E+0 2.35026E+3 8.16256E-2 3.52898E+0 6.21288E+02367400202176 
 1357.      1.02060E+1 2.27407E+3 7.38537E-2 4.09869E+0 6.32952E+02367400202177 
 1357.      1.09384E+1 2.19789E+3 6.31870E-2 5.00930E+0 6.29336E+02367400202178 
 1357.      1.17532E+1 2.12170E+3 5.23828E-2 6.59211E+0 6.43399E+02367400202179 
 1357.      1.26632E+1 2.04550E+3 5.73937E-2 6.65855E+0 6.13697E+02367400202180 
 1357.      1.36840E+1 1.96931E+3 5.10440E-2 8.03232E+0 6.24701E+02367400202181 
 1357.      1.48346E+1 1.89310E+3 4.28439E-2 1.08612E+1 6.29216E+02367400202182 
 1357.      1.61380E+1 1.81690E+3 3.53930E-2 1.34971E+1 6.05269E+02367400202183 
 1357.      1.76229E+1 1.74069E+3 2.33278E-2 1.98220E+1 6.02500E+02367400202184 
 1459.      6.38142E-2 2.85285E+4 0.00000E+0 0.00000E+0 0.00000E+02367400202185 
 1459.      6.39849E-2 2.84905E+4 0.00000E+0 0.00000E+0 0.00000E+02367400202186 
 1459.      6.41563E-2 2.84524E+4 0.00000E+0 0.00000E+0 0.00000E+02367400202187 
 1459.      6.43284E-2 2.84143E+4 0.00000E+0 0.00000E+0 0.00000E+02367400202188 
 1459.      6.45012E-2 2.83762E+4 0.00000E+0 0.00000E+0 0.00000E+02367400202189 
 1459.      6.46746E-2 2.83382E+4 0.00000E+0 0.00000E+0 0.00000E+02367400202190 
 1459.      6.48488E-2 2.83001E+4 0.00000E+0 0.00000E+0 0.00000E+02367400202191 
 1459.      6.50237E-2 2.82620E+4 0.00000E+0 0.00000E+0 0.00000E+02367400202192 
 1459.      6.51992E-2 2.82239E+4 0.00000E+0 0.00000E+0 0.00000E+02367400202193 
 1459.      6.53755E-2 2.81859E+4 0.00000E+0 0.00000E+0 0.00000E+02367400202194 
 1459.      6.55525E-2 2.81478E+4 0.00000E+0 0.00000E+0 0.00000E+02367400202195 
 1459.      6.57303E-2 2.81097E+4 0.00000E+0 0.00000E+0 0.00000E+02367400202196 
 1459.      6.59087E-2 2.80716E+4 0.00000E+0 0.00000E+0 0.00000E+02367400202197 
 1459.      6.60879E-2 2.80335E+4 0.00000E+0 0.00000E+0 0.00000E+02367400202198 
 1459.      6.62678E-2 2.79955E+4 0.00000E+0 0.00000E+0 0.00000E+02367400202199 
 1459.      6.64485E-2 2.79574E+4 0.00000E+0 0.00000E+0 0.00000E+02367400202200 
 1459.      6.66298E-2 2.79193E+4 0.00000E+0 0.00000E+0 0.00000E+02367400202201 
 1459.      6.68120E-2 2.78812E+4 0.00000E+0 0.00000E+0 0.00000E+02367400202202 
 1459.      6.69949E-2 2.78432E+4 0.00000E+0 0.00000E+0 0.00000E+02367400202203 
 1459.      6.71785E-2 2.78051E+4 0.00000E+0 0.00000E+0 0.00000E+02367400202204 
 1459.      6.73629E-2 2.77670E+4 0.00000E+0 0.00000E+0 0.00000E+02367400202205 
 1459.      6.75480E-2 2.77289E+4 0.00000E+0 0.00000E+0 0.00000E+02367400202206 
 1459.      6.77339E-2 2.76909E+4 0.00000E+0 0.00000E+0 0.00000E+02367400202207 
 1459.      6.79206E-2 2.76528E+4 0.00000E+0 0.00000E+0 0.00000E+02367400202208 
 1459.      6.81081E-2 2.76147E+4 0.00000E+0 0.00000E+0 0.00000E+02367400202209 
 1459.      6.82963E-2 2.75766E+4 0.00000E+0 0.00000E+0 0.00000E+02367400202210 
 1459.      6.84853E-2 2.75386E+4 0.00000E+0 0.00000E+0 0.00000E+02367400202211 
 1459.      6.86751E-2 2.75005E+4 0.00000E+0 0.00000E+0 0.00000E+02367400202212 
 1459.      6.88657E-2 2.74624E+4 0.00000E+0 0.00000E+0 0.00000E+02367400202213 
 1459.      6.90571E-2 2.74243E+4 0.00000E+0 0.00000E+0 0.00000E+02367400202214 
 1459.      6.92492E-2 2.73863E+4 0.00000E+0 0.00000E+0 0.00000E+02367400202215 
 1459.      6.94422E-2 2.73482E+4 0.00000E+0 0.00000E+0 0.00000E+02367400202216 
 1459.      6.96360E-2 2.73101E+4 0.00000E+0 0.00000E+0 0.00000E+02367400202217 
 1459.      6.98306E-2 2.72720E+4 0.00000E+0 0.00000E+0 0.00000E+02367400202218 
 1459.      7.00260E-2 2.72339E+4 0.00000E+0 0.00000E+0 0.00000E+02367400202219 
 1459.      7.02223E-2 2.71959E+4 0.00000E+0 0.00000E+0 0.00000E+02367400202220 
 1459.      7.04194E-2 2.71578E+4 0.00000E+0 0.00000E+0 0.00000E+02367400202221 
 1459.      7.06173E-2 2.71197E+4 0.00000E+0 0.00000E+0 0.00000E+02367400202222 
 1459.      7.08160E-2 2.70816E+4 0.00000E+0 0.00000E+0 0.00000E+02367400202223 
 1459.      7.10156E-2 2.70436E+4 0.00000E+0 0.00000E+0 0.00000E+02367400202224 
 1459.      7.12160E-2 2.70055E+4 0.00000E+0 0.00000E+0 0.00000E+02367400202225 
 1459.      7.14173E-2 2.69674E+4 0.00000E+0 0.00000E+0 0.00000E+02367400202226 
 1459.      7.16194E-2 2.69293E+4 0.00000E+0 0.00000E+0 0.00000E+02367400202227 
 1459.      7.18224E-2 2.68913E+4 0.00000E+0 0.00000E+0 0.00000E+02367400202228 
 1459.      7.20262E-2 2.68532E+4 0.00000E+0 0.00000E+0 0.00000E+02367400202229 
 1459.      7.22309E-2 2.68151E+4 0.00000E+0 0.00000E+0 0.00000E+02367400202230 
 1459.      7.24365E-2 2.67770E+4 0.00000E+0 0.00000E+0 0.00000E+02367400202231 
 1459.      7.26430E-2 2.67390E+4 0.00000E+0 0.00000E+0 0.00000E+02367400202232 
 1459.      7.28503E-2 2.67009E+4 0.00000E+0 0.00000E+0 0.00000E+02367400202233 
 1459.      7.30586E-2 2.66628E+4 0.00000E+0 0.00000E+0 0.00000E+02367400202234 
 1459.      7.32677E-2 2.66247E+4 0.00000E+0 0.00000E+0 0.00000E+02367400202235 
 1459.      7.34778E-2 2.65867E+4 0.00000E+0 0.00000E+0 0.00000E+02367400202236 
 1459.      7.36887E-2 2.65486E+4 0.00000E+0 0.00000E+0 0.00000E+02367400202237 
 1459.      7.39005E-2 2.65105E+4 0.00000E+0 0.00000E+0 0.00000E+02367400202238 
 1459.      7.41133E-2 2.64724E+4 0.00000E+0 0.00000E+0 0.00000E+02367400202239 
 1459.      7.43270E-2 2.64343E+4 0.00000E+0 0.00000E+0 0.00000E+02367400202240 
 1459.      7.45416E-2 2.63963E+4 0.00000E+0 0.00000E+0 0.00000E+02367400202241 
 1459.      7.47572E-2 2.63582E+4 0.00000E+0 0.00000E+0 0.00000E+02367400202242 
 1459.      7.49736E-2 2.63201E+4 0.00000E+0 0.00000E+0 0.00000E+02367400202243 
 1459.      7.51910E-2 2.62820E+4 0.00000E+0 0.00000E+0 0.00000E+02367400202244 
 1459.      7.54094E-2 2.62440E+4 0.00000E+0 0.00000E+0 0.00000E+02367400202245 
 1459.      7.56287E-2 2.62059E+4 0.00000E+0 0.00000E+0 0.00000E+02367400202246 
 1459.      7.58490E-2 2.61678E+4 0.00000E+0 0.00000E+0 0.00000E+02367400202247 
 1459.      7.60703E-2 2.61297E+4 0.00000E+0 0.00000E+0 0.00000E+02367400202248 
 1459.      7.62925E-2 2.60917E+4 0.00000E+0 0.00000E+0 0.00000E+02367400202249 
 1459.      7.65157E-2 2.60536E+4 0.00000E+0 0.00000E+0 0.00000E+02367400202250 
 1459.      7.67398E-2 2.60155E+4 0.00000E+0 0.00000E+0 0.00000E+02367400202251 
 1459.      7.69650E-2 2.59774E+4 0.00000E+0 0.00000E+0 0.00000E+02367400202252 
 1459.      7.71911E-2 2.59394E+4 0.00000E+0 0.00000E+0 0.00000E+02367400202253 
 1459.      7.74183E-2 2.59013E+4 0.00000E+0 0.00000E+0 0.00000E+02367400202254 
 1459.      7.76464E-2 2.58632E+4 0.00000E+0 0.00000E+0 0.00000E+02367400202255 
 1459.      7.78756E-2 2.58251E+4 0.00000E+0 0.00000E+0 0.00000E+02367400202256 
 1459.      7.81057E-2 2.57871E+4 0.00000E+0 0.00000E+0 0.00000E+02367400202257 
 1459.      7.83369E-2 2.57490E+4 0.00000E+0 0.00000E+0 0.00000E+02367400202258 
 1459.      7.85692E-2 2.57109E+4 0.00000E+0 0.00000E+0 0.00000E+02367400202259 
 1459.      7.88024E-2 2.56728E+4 0.00000E+0 0.00000E+0 0.00000E+02367400202260 
 1459.      7.90367E-2 2.56347E+4 0.00000E+0 0.00000E+0 0.00000E+02367400202261 
 1459.      7.92721E-2 2.55967E+4 0.00000E+0 0.00000E+0 0.00000E+02367400202262 
 1459.      7.95085E-2 2.55586E+4 0.00000E+0 0.00000E+0 0.00000E+02367400202263 
 1459.      7.97459E-2 2.55205E+4 0.00000E+0 0.00000E+0 0.00000E+02367400202264 
 1459.      7.99845E-2 2.54824E+4 0.00000E+0 0.00000E+0 0.00000E+02367400202265 
 1459.      8.02240E-2 2.54444E+4 0.00000E+0 0.00000E+0 0.00000E+02367400202266 
 1459.      8.04647E-2 2.54063E+4 0.00000E+0 0.00000E+0 0.00000E+02367400202267 
 1459.      8.07065E-2 2.53682E+4 0.00000E+0 0.00000E+0 0.00000E+02367400202268 
 1459.      8.09493E-2 2.53301E+4 0.00000E+0 0.00000E+0 0.00000E+02367400202269 
 1459.      8.11933E-2 2.52921E+4 0.00000E+0 0.00000E+0 0.00000E+02367400202270 
 1459.      8.14383E-2 2.52540E+4 0.00000E+0 0.00000E+0 0.00000E+02367400202271 
 1459.      8.16845E-2 2.52159E+4 0.00000E+0 0.00000E+0 0.00000E+02367400202272 
 1459.      8.19318E-2 2.51778E+4 0.00000E+0 0.00000E+0 0.00000E+02367400202273 
 1459.      8.21802E-2 2.51398E+4 0.00000E+0 0.00000E+0 0.00000E+02367400202274 
 1459.      8.24297E-2 2.51017E+4 0.00000E+0 0.00000E+0 0.00000E+02367400202275 
 1459.      8.26804E-2 2.50636E+4 0.00000E+0 0.00000E+0 0.00000E+02367400202276 
 1459.      8.29322E-2 2.50255E+4 0.00000E+0 0.00000E+0 0.00000E+02367400202277 
 1459.      8.31852E-2 2.49875E+4 0.00000E+0 0.00000E+0 0.00000E+02367400202278 
 1459.      8.34393E-2 2.49494E+4 0.00000E+0 0.00000E+0 0.00000E+02367400202279 
 1459.      8.36946E-2 2.49113E+4 0.00000E+0 0.00000E+0 0.00000E+02367400202280 
 1459.      8.39511E-2 2.48732E+4 0.00000E+0 0.00000E+0 0.00000E+02367400202281 
 1459.      8.42087E-2 2.48351E+4 0.00000E+0 0.00000E+0 0.00000E+02367400202282 
 1459.      8.44676E-2 2.47971E+4 0.00000E+0 0.00000E+0 0.00000E+02367400202283 
 1459.      8.47276E-2 2.47590E+4 0.00000E+0 0.00000E+0 0.00000E+02367400202284 
 1459.      8.49888E-2 2.47209E+4 0.00000E+0 0.00000E+0 0.00000E+02367400202285 
 1459.      8.52513E-2 2.46828E+4 0.00000E+0 0.00000E+0 0.00000E+02367400202286 
 1459.      8.55150E-2 2.46448E+4 0.00000E+0 0.00000E+0 0.00000E+02367400202287 
 1459.      8.57799E-2 2.46067E+4 0.00000E+0 0.00000E+0 0.00000E+02367400202288 
 1459.      8.60460E-2 2.45686E+4 0.00000E+0 0.00000E+0 0.00000E+02367400202289 
 1459.      8.63133E-2 2.45305E+4 0.00000E+0 0.00000E+0 0.00000E+02367400202290 
 1459.      8.65820E-2 2.44925E+4 0.00000E+0 0.00000E+0 0.00000E+02367400202291 
 1459.      8.68518E-2 2.44544E+4 0.00000E+0 0.00000E+0 0.00000E+02367400202292 
 1459.      8.71230E-2 2.44163E+4 0.00000E+0 0.00000E+0 0.00000E+02367400202293 
 1459.      8.73954E-2 2.43782E+4 0.00000E+0 0.00000E+0 0.00000E+02367400202294 
 1459.      8.76690E-2 2.43402E+4 0.00000E+0 0.00000E+0 0.00000E+02367400202295 
 1459.      8.79440E-2 2.43021E+4 0.00000E+0 0.00000E+0 0.00000E+02367400202296 
 1459.      8.82203E-2 2.42640E+4 0.00000E+0 0.00000E+0 0.00000E+02367400202297 
 1459.      8.84979E-2 2.42259E+4 0.00000E+0 0.00000E+0 0.00000E+02367400202298 
 1459.      8.87767E-2 2.41879E+4 0.00000E+0 0.00000E+0 0.00000E+02367400202299 
 1459.      8.90569E-2 2.41498E+4 0.00000E+0 0.00000E+0 0.00000E+02367400202300 
 1459.      8.93385E-2 2.41117E+4 0.00000E+0 0.00000E+0 0.00000E+02367400202301 
 1459.      8.96213E-2 2.40736E+4 0.00000E+0 0.00000E+0 0.00000E+02367400202302 
 1459.      8.99056E-2 2.40355E+4 0.00000E+0 0.00000E+0 0.00000E+02367400202303 
 1459.      9.01911E-2 2.39975E+4 0.00000E+0 0.00000E+0 0.00000E+02367400202304 
 1459.      9.04781E-2 2.39594E+4 0.00000E+0 0.00000E+0 0.00000E+02367400202305 
 1459.      9.07664E-2 2.39213E+4 0.00000E+0 0.00000E+0 0.00000E+02367400202306 
 1459.      9.10560E-2 2.38832E+4 0.00000E+0 0.00000E+0 0.00000E+02367400202307 
 1459.      9.13471E-2 2.38452E+4 0.00000E+0 0.00000E+0 0.00000E+02367400202308 
 1459.      9.16396E-2 2.38071E+4 0.00000E+0 0.00000E+0 0.00000E+02367400202309 
 1459.      9.19335E-2 2.37690E+4 0.00000E+0 0.00000E+0 0.00000E+02367400202310 
 1459.      9.22288E-2 2.37309E+4 0.00000E+0 0.00000E+0 0.00000E+02367400202311 
 1459.      9.25255E-2 2.36929E+4 0.00000E+0 0.00000E+0 0.00000E+02367400202312 
 1459.      9.28236E-2 2.36548E+4 0.00000E+0 0.00000E+0 0.00000E+02367400202313 
 1459.      9.31232E-2 2.36167E+4 0.00000E+0 0.00000E+0 0.00000E+02367400202314 
 1459.      9.34243E-2 2.35786E+4 0.00000E+0 0.00000E+0 0.00000E+02367400202315 
 1459.      9.37268E-2 2.35406E+4 0.00000E+0 0.00000E+0 0.00000E+02367400202316 
 1459.      9.40308E-2 2.35025E+4 0.00000E+0 0.00000E+0 0.00000E+02367400202317 
 1459.      9.43362E-2 2.34644E+4 0.00000E+0 0.00000E+0 0.00000E+02367400202318 
 1459.      9.46432E-2 2.34263E+4 0.00000E+0 0.00000E+0 0.00000E+02367400202319 
 1459.      9.49517E-2 2.33883E+4 0.00000E+0 0.00000E+0 0.00000E+02367400202320 
 1459.      9.52616E-2 2.33502E+4 0.00000E+0 0.00000E+0 0.00000E+02367400202321 
 1459.      9.55731E-2 2.33121E+4 0.00000E+0 0.00000E+0 0.00000E+02367400202322 
 1459.      9.58861E-2 2.32740E+4 0.00000E+0 0.00000E+0 0.00000E+02367400202323 
 1459.      9.62007E-2 2.32359E+4 0.00000E+0 0.00000E+0 0.00000E+02367400202324 
 1459.      9.65168E-2 2.31979E+4 0.00000E+0 0.00000E+0 0.00000E+02367400202325 
 1459.      9.68345E-2 2.31598E+4 0.00000E+0 0.00000E+0 0.00000E+02367400202326 
 1459.      9.71537E-2 2.31217E+4 0.00000E+0 0.00000E+0 0.00000E+02367400202327 
 1459.      9.74745E-2 2.30836E+4 0.00000E+0 0.00000E+0 0.00000E+02367400202328 
 1459.      9.77969E-2 2.30456E+4 0.00000E+0 0.00000E+0 0.00000E+02367400202329 
 1459.      9.81210E-2 2.30075E+4 0.00000E+0 0.00000E+0 0.00000E+02367400202330 
 1459.      9.84466E-2 2.29694E+4 0.00000E+0 0.00000E+0 0.00000E+02367400202331 
 1459.      9.87738E-2 2.29313E+4 0.00000E+0 0.00000E+0 0.00000E+02367400202332 
 1459.      9.91027E-2 2.28933E+4 0.00000E+0 0.00000E+0 0.00000E+02367400202333 
 1459.      9.94333E-2 2.28552E+4 0.00000E+0 0.00000E+0 0.00000E+02367400202334 
 1459.      9.97654E-2 2.28171E+4 0.00000E+0 0.00000E+0 0.00000E+02367400202335 
 1459.      1.00099E-1 2.27790E+4 0.00000E+0 0.00000E+0 0.00000E+02367400202336 
 1459.      1.00435E-1 2.27410E+4 0.00000E+0 0.00000E+0 0.00000E+02367400202337 
 1459.      1.00772E-1 2.27029E+4 0.00000E+0 0.00000E+0 0.00000E+02367400202338 
 1459.      1.01111E-1 2.26648E+4 0.00000E+0 0.00000E+0 0.00000E+02367400202339 
 1459.      1.01452E-1 2.26267E+4 0.00000E+0 0.00000E+0 0.00000E+02367400202340 
 1459.      1.01794E-1 2.25887E+4 0.00000E+0 0.00000E+0 0.00000E+02367400202341 
 1459.      1.02138E-1 2.25506E+4 0.00000E+0 0.00000E+0 0.00000E+02367400202342 
 1459.      1.02484E-1 2.25125E+4 0.00000E+0 0.00000E+0 0.00000E+02367400202343 
 1459.      1.02832E-1 2.24744E+4 0.00000E+0 0.00000E+0 0.00000E+02367400202344 
 1459.      1.03181E-1 2.24363E+4 0.00000E+0 0.00000E+0 0.00000E+02367400202345 
 1459.      1.03532E-1 2.23983E+4 0.00000E+0 0.00000E+0 0.00000E+02367400202346 
 1459.      1.03885E-1 2.23602E+4 0.00000E+0 0.00000E+0 0.00000E+02367400202347 
 1459.      1.04240E-1 2.23221E+4 0.00000E+0 0.00000E+0 0.00000E+02367400202348 
 1459.      1.04596E-1 2.22840E+4 0.00000E+0 0.00000E+0 0.00000E+02367400202349 
 1459.      1.04955E-1 2.22460E+4 0.00000E+0 0.00000E+0 0.00000E+02367400202350 
 1459.      1.05315E-1 2.22079E+4 0.00000E+0 0.00000E+0 0.00000E+02367400202351 
 1459.      1.05677E-1 2.21698E+4 0.00000E+0 0.00000E+0 0.00000E+02367400202352 
 1459.      1.06041E-1 2.21317E+4 0.00000E+0 0.00000E+0 0.00000E+02367400202353 
 1459.      1.06407E-1 2.20937E+4 0.00000E+0 0.00000E+0 0.00000E+02367400202354 
 1459.      1.06775E-1 2.20556E+4 0.00000E+0 0.00000E+0 0.00000E+02367400202355 
 1459.      1.07145E-1 2.20175E+4 0.00000E+0 0.00000E+0 0.00000E+02367400202356 
 1459.      1.07516E-1 2.19794E+4 0.00000E+0 0.00000E+0 0.00000E+02367400202357 
 1459.      1.07890E-1 2.19414E+4 0.00000E+0 0.00000E+0 0.00000E+02367400202358 
 1459.      1.08265E-1 2.19033E+4 0.00000E+0 0.00000E+0 0.00000E+02367400202359 
 1459.      1.08643E-1 2.18652E+4 0.00000E+0 0.00000E+0 0.00000E+02367400202360 
 1459.      1.09022E-1 2.18271E+4 0.00000E+0 0.00000E+0 0.00000E+02367400202361 
 1459.      1.09404E-1 2.17891E+4 0.00000E+0 0.00000E+0 0.00000E+02367400202362 
 1459.      1.09787E-1 2.17510E+4 0.00000E+0 0.00000E+0 0.00000E+02367400202363 
 1459.      1.10172E-1 2.17129E+4 0.00000E+0 0.00000E+0 0.00000E+02367400202364 
 1459.      1.10560E-1 2.16748E+4 0.00000E+0 0.00000E+0 0.00000E+02367400202365 
 1459.      1.10949E-1 2.16367E+4 0.00000E+0 0.00000E+0 0.00000E+02367400202366 
 1459.      1.11341E-1 2.15987E+4 0.00000E+0 0.00000E+0 0.00000E+02367400202367 
 1459.      1.11735E-1 2.15606E+4 0.00000E+0 0.00000E+0 0.00000E+02367400202368 
 1459.      1.12131E-1 2.15225E+4 0.00000E+0 0.00000E+0 0.00000E+02367400202369 
 1459.      1.12528E-1 2.14844E+4 0.00000E+0 0.00000E+0 0.00000E+02367400202370 
 1459.      1.12928E-1 2.14464E+4 0.00000E+0 0.00000E+0 0.00000E+02367400202371 
 1459.      1.13331E-1 2.14083E+4 0.00000E+0 0.00000E+0 0.00000E+02367400202372 
 1459.      1.13735E-1 2.13702E+4 0.00000E+0 0.00000E+0 0.00000E+02367400202373 
 1459.      1.14141E-1 2.13321E+4 0.00000E+0 0.00000E+0 0.00000E+02367400202374 
 1459.      1.14550E-1 2.12941E+4 0.00000E+0 0.00000E+0 0.00000E+02367400202375 
 1459.      1.14961E-1 2.12560E+4 0.00000E+0 0.00000E+0 0.00000E+02367400202376 
 1459.      1.15374E-1 2.12179E+4 0.00000E+0 0.00000E+0 0.00000E+02367400202377 
 1459.      1.15789E-1 2.11798E+4 0.00000E+0 0.00000E+0 0.00000E+02367400202378 
 1459.      1.16207E-1 2.11418E+4 0.00000E+0 0.00000E+0 0.00000E+02367400202379 
 1459.      1.16626E-1 2.11037E+4 0.00000E+0 0.00000E+0 0.00000E+02367400202380 
 1459.      1.17048E-1 2.10656E+4 0.00000E+0 0.00000E+0 0.00000E+02367400202381 
 1459.      1.17473E-1 2.10275E+4 0.00000E+0 0.00000E+0 0.00000E+02367400202382 
 1459.      1.17899E-1 2.09895E+4 0.00000E+0 0.00000E+0 0.00000E+02367400202383 
 1459.      1.18328E-1 2.09514E+4 0.00000E+0 0.00000E+0 0.00000E+02367400202384 
 1459.      1.18760E-1 2.09133E+4 0.00000E+0 0.00000E+0 0.00000E+02367400202385 
 1459.      1.19194E-1 2.08752E+4 0.00000E+0 0.00000E+0 0.00000E+02367400202386 
 1459.      1.19630E-1 2.08371E+4 0.00000E+0 0.00000E+0 0.00000E+02367400202387 
 1459.      1.20068E-1 2.07991E+4 0.00000E+0 0.00000E+0 0.00000E+02367400202388 
 1459.      1.20509E-1 2.07610E+4 0.00000E+0 0.00000E+0 0.00000E+02367400202389 
 1459.      1.20952E-1 2.07229E+4 0.00000E+0 0.00000E+0 0.00000E+02367400202390 
 1459.      1.21398E-1 2.06848E+4 0.00000E+0 0.00000E+0 0.00000E+02367400202391 
 1459.      1.21846E-1 2.06468E+4 0.00000E+0 0.00000E+0 0.00000E+02367400202392 
 1459.      1.22297E-1 2.06087E+4 0.00000E+0 0.00000E+0 0.00000E+02367400202393 
 1459.      1.22750E-1 2.05706E+4 0.00000E+0 0.00000E+0 0.00000E+02367400202394 
 1459.      1.23206E-1 2.05325E+4 0.00000E+0 0.00000E+0 0.00000E+02367400202395 
 1459.      1.23664E-1 2.04945E+4 0.00000E+0 0.00000E+0 0.00000E+02367400202396 
 1459.      1.24125E-1 2.04564E+4 0.00000E+0 0.00000E+0 0.00000E+02367400202397 
 1459.      1.24589E-1 2.04183E+4 0.00000E+0 0.00000E+0 0.00000E+02367400202398 
 1459.      1.25055E-1 2.03802E+4 0.00000E+0 0.00000E+0 0.00000E+02367400202399 
 1459.      1.25524E-1 2.03422E+4 0.00000E+0 0.00000E+0 0.00000E+02367400202400 
 1459.      1.25995E-1 2.03041E+4 0.00000E+0 0.00000E+0 0.00000E+02367400202401 
 1459.      1.26469E-1 2.02660E+4 0.00000E+0 0.00000E+0 0.00000E+02367400202402 
 1459.      1.26946E-1 2.02279E+4 0.00000E+0 0.00000E+0 0.00000E+02367400202403 
 1459.      1.27425E-1 2.01899E+4 0.00000E+0 0.00000E+0 0.00000E+02367400202404 
 1459.      1.27907E-1 2.01518E+4 0.00000E+0 0.00000E+0 0.00000E+02367400202405 
 1459.      1.28392E-1 2.01137E+4 0.00000E+0 0.00000E+0 0.00000E+02367400202406 
 1459.      1.28879E-1 2.00756E+4 0.00000E+0 0.00000E+0 0.00000E+02367400202407 
 1459.      1.29370E-1 2.00375E+4 0.00000E+0 0.00000E+0 0.00000E+02367400202408 
 1459.      1.29863E-1 1.99995E+4 0.00000E+0 0.00000E+0 0.00000E+02367400202409 
 1459.      1.30359E-1 1.99614E+4 0.00000E+0 0.00000E+0 0.00000E+02367400202410 
 1459.      1.30858E-1 1.99233E+4 0.00000E+0 0.00000E+0 0.00000E+02367400202411 
 1459.      1.31360E-1 1.98852E+4 0.00000E+0 0.00000E+0 0.00000E+02367400202412 
 1459.      1.31864E-1 1.98472E+4 0.00000E+0 0.00000E+0 0.00000E+02367400202413 
 1459.      1.32372E-1 1.98091E+4 0.00000E+0 0.00000E+0 0.00000E+02367400202414 
 1459.      1.32882E-1 1.97710E+4 0.00000E+0 0.00000E+0 0.00000E+02367400202415 
 1459.      1.33396E-1 1.97329E+4 0.00000E+0 0.00000E+0 0.00000E+02367400202416 
 1459.      1.33912E-1 1.96949E+4 0.00000E+0 0.00000E+0 0.00000E+02367400202417 
 1459.      1.34431E-1 1.96568E+4 0.00000E+0 0.00000E+0 0.00000E+02367400202418 
 1459.      1.34954E-1 1.96187E+4 0.00000E+0 0.00000E+0 0.00000E+02367400202419 
 1459.      1.35479E-1 1.95806E+4 0.00000E+0 0.00000E+0 0.00000E+02367400202420 
 1459.      1.36008E-1 1.95426E+4 0.00000E+0 0.00000E+0 0.00000E+02367400202421 
 1459.      1.36539E-1 1.95045E+4 0.00000E+0 0.00000E+0 0.00000E+02367400202422 
 1459.      1.37074E-1 1.94664E+4 0.00000E+0 0.00000E+0 0.00000E+02367400202423 
 1459.      1.37612E-1 1.94283E+4 0.00000E+0 0.00000E+0 0.00000E+02367400202424 
 1459.      1.38153E-1 1.93903E+4 0.00000E+0 0.00000E+0 0.00000E+02367400202425 
 1459.      1.38698E-1 1.93522E+4 0.00000E+0 0.00000E+0 0.00000E+02367400202426 
 1459.      1.39245E-1 1.93141E+4 0.00000E+0 0.00000E+0 0.00000E+02367400202427 
 1459.      1.39796E-1 1.92760E+4 0.00000E+0 0.00000E+0 0.00000E+02367400202428 
 1459.      1.40350E-1 1.92379E+4 0.00000E+0 0.00000E+0 0.00000E+02367400202429 
 1459.      1.40907E-1 1.91999E+4 0.00000E+0 0.00000E+0 0.00000E+02367400202430 
 1459.      1.41468E-1 1.91618E+4 0.00000E+0 0.00000E+0 0.00000E+02367400202431 
 1459.      1.42032E-1 1.91237E+4 0.00000E+0 0.00000E+0 0.00000E+02367400202432 
 1459.      1.42599E-1 1.90856E+4 0.00000E+0 0.00000E+0 0.00000E+02367400202433 
 1459.      1.43170E-1 1.90476E+4 0.00000E+0 0.00000E+0 0.00000E+02367400202434 
 1459.      1.43744E-1 1.90095E+4 0.00000E+0 0.00000E+0 0.00000E+02367400202435 
 1459.      1.44322E-1 1.89714E+4 0.00000E+0 0.00000E+0 0.00000E+02367400202436 
 1459.      1.44903E-1 1.89333E+4 0.00000E+0 0.00000E+0 0.00000E+02367400202437 
 1459.      1.45488E-1 1.88953E+4 0.00000E+0 0.00000E+0 0.00000E+02367400202438 
 1459.      1.46076E-1 1.88572E+4 0.00000E+0 0.00000E+0 0.00000E+02367400202439 
 1459.      1.46668E-1 1.88191E+4 0.00000E+0 0.00000E+0 0.00000E+02367400202440 
 1459.      1.47264E-1 1.87810E+4 0.00000E+0 0.00000E+0 0.00000E+02367400202441 
 1459.      1.47863E-1 1.87430E+4 0.00000E+0 0.00000E+0 0.00000E+02367400202442 
 1459.      1.48465E-1 1.87049E+4 0.00000E+0 0.00000E+0 0.00000E+02367400202443 
 1459.      1.49072E-1 1.86668E+4 0.00000E+0 0.00000E+0 0.00000E+02367400202444 
 1459.      1.49682E-1 1.86287E+4 0.00000E+0 0.00000E+0 0.00000E+02367400202445 
 1459.      1.50296E-1 1.85907E+4 0.00000E+0 0.00000E+0 0.00000E+02367400202446 
 1459.      1.50914E-1 1.85526E+4 0.00000E+0 0.00000E+0 0.00000E+02367400202447 
 1459.      1.51535E-1 1.85145E+4 0.00000E+0 0.00000E+0 0.00000E+02367400202448 
 1459.      1.52161E-1 1.84764E+4 0.00000E+0 0.00000E+0 0.00000E+02367400202449 
 1459.      1.52790E-1 1.84383E+4 0.00000E+0 0.00000E+0 0.00000E+02367400202450 
 1459.      1.53423E-1 1.84003E+4 0.00000E+0 0.00000E+0 0.00000E+02367400202451 
 1459.      1.54060E-1 1.83622E+4 0.00000E+0 0.00000E+0 0.00000E+02367400202452 
 1459.      1.54701E-1 1.83241E+4 0.00000E+0 0.00000E+0 0.00000E+02367400202453 
 1459.      1.55346E-1 1.82860E+4 0.00000E+0 0.00000E+0 0.00000E+02367400202454 
 1459.      1.55995E-1 1.82480E+4 0.00000E+0 0.00000E+0 0.00000E+02367400202455 
 1459.      1.56648E-1 1.82099E+4 0.00000E+0 0.00000E+0 0.00000E+02367400202456 
 1459.      1.57306E-1 1.81718E+4 0.00000E+0 0.00000E+0 0.00000E+02367400202457 
 1459.      1.57967E-1 1.81337E+4 0.00000E+0 0.00000E+0 0.00000E+02367400202458 
 1459.      1.58633E-1 1.80957E+4 0.00000E+0 0.00000E+0 0.00000E+02367400202459 
 1459.      1.59303E-1 1.80576E+4 0.00000E+0 0.00000E+0 0.00000E+02367400202460 
 1459.      1.59977E-1 1.80195E+4 0.00000E+0 0.00000E+0 0.00000E+02367400202461 
 1459.      1.60655E-1 1.79814E+4 0.00000E+0 0.00000E+0 0.00000E+02367400202462 
 1459.      1.61338E-1 1.79434E+4 0.00000E+0 0.00000E+0 0.00000E+02367400202463 
 1459.      1.62025E-1 1.79053E+4 0.00000E+0 0.00000E+0 0.00000E+02367400202464 
 1459.      1.62717E-1 1.78672E+4 0.00000E+0 0.00000E+0 0.00000E+02367400202465 
 1459.      1.63413E-1 1.78291E+4 0.00000E+0 0.00000E+0 0.00000E+02367400202466 
 1459.      1.64113E-1 1.77911E+4 0.00000E+0 0.00000E+0 0.00000E+02367400202467 
 1459.      1.64818E-1 1.77530E+4 0.00000E+0 0.00000E+0 0.00000E+02367400202468 
 1459.      1.65527E-1 1.77149E+4 0.00000E+0 0.00000E+0 0.00000E+02367400202469 
 1459.      1.66241E-1 1.76768E+4 0.00000E+0 0.00000E+0 0.00000E+02367400202470 
 1459.      1.66960E-1 1.76387E+4 0.00000E+0 0.00000E+0 0.00000E+02367400202471 
 1459.      1.67683E-1 1.76007E+4 0.00000E+0 0.00000E+0 0.00000E+02367400202472 
 1459.      1.68411E-1 1.75626E+4 0.00000E+0 0.00000E+0 0.00000E+02367400202473 
 1459.      1.69144E-1 1.75245E+4 0.00000E+0 0.00000E+0 0.00000E+02367400202474 
 1459.      1.69882E-1 1.74864E+4 0.00000E+0 0.00000E+0 0.00000E+02367400202475 
 1459.      1.70624E-1 1.74484E+4 0.00000E+0 0.00000E+0 0.00000E+02367400202476 
 1459.      1.71372E-1 1.74103E+4 0.00000E+0 0.00000E+0 0.00000E+02367400202477 
 1459.      1.72124E-1 1.73722E+4 0.00000E+0 0.00000E+0 0.00000E+02367400202478 
 1459.      1.72881E-1 1.73341E+4 0.00000E+0 0.00000E+0 0.00000E+02367400202479 
 1459.      1.73643E-1 1.72961E+4 0.00000E+0 0.00000E+0 0.00000E+02367400202480 
 1459.      1.74411E-1 1.72580E+4 0.00000E+0 0.00000E+0 0.00000E+02367400202481 
 1459.      1.75183E-1 1.72199E+4 0.00000E+0 0.00000E+0 0.00000E+02367400202482 
 1459.      1.75961E-1 1.71818E+4 0.00000E+0 0.00000E+0 0.00000E+02367400202483 
 1459.      1.76743E-1 1.71438E+4 0.00000E+0 0.00000E+0 0.00000E+02367400202484 
 1459.      1.77531E-1 1.71057E+4 0.00000E+0 0.00000E+0 0.00000E+02367400202485 
 1459.      1.78324E-1 1.70676E+4 0.00000E+0 0.00000E+0 0.00000E+02367400202486 
 1459.      1.79123E-1 1.70295E+4 0.00000E+0 0.00000E+0 0.00000E+02367400202487 
 1459.      1.79927E-1 1.69915E+4 0.00000E+0 0.00000E+0 0.00000E+02367400202488 
 1459.      1.80736E-1 1.69534E+4 0.00000E+0 0.00000E+0 0.00000E+02367400202489 
 1459.      1.81551E-1 1.69153E+4 0.00000E+0 0.00000E+0 0.00000E+02367400202490 
 1459.      1.82371E-1 1.68772E+4 0.00000E+0 0.00000E+0 0.00000E+02367400202491 
 1459.      1.83197E-1 1.68391E+4 0.00000E+0 0.00000E+0 0.00000E+02367400202492 
 1459.      1.84029E-1 1.68011E+4 0.00000E+0 0.00000E+0 0.00000E+02367400202493 
 1459.      1.84866E-1 1.67630E+4 0.00000E+0 0.00000E+0 0.00000E+02367400202494 
 1459.      1.85709E-1 1.67249E+4 0.00000E+0 0.00000E+0 0.00000E+02367400202495 
 1459.      1.86558E-1 1.66868E+4 0.00000E+0 0.00000E+0 0.00000E+02367400202496 
 1459.      1.87412E-1 1.66488E+4 0.00000E+0 0.00000E+0 0.00000E+02367400202497 
 1459.      1.88273E-1 1.66107E+4 0.00000E+0 0.00000E+0 0.00000E+02367400202498 
 1459.      1.89139E-1 1.65726E+4 0.00000E+0 0.00000E+0 0.00000E+02367400202499 
 1459.      1.90012E-1 1.65345E+4 0.00000E+0 0.00000E+0 0.00000E+02367400202500 
 1459.      1.90890E-1 1.64965E+4 0.00000E+0 0.00000E+0 0.00000E+02367400202501 
 1459.      1.91774E-1 1.64584E+4 0.00000E+0 0.00000E+0 0.00000E+02367400202502 
 1459.      1.92665E-1 1.64203E+4 0.00000E+0 0.00000E+0 0.00000E+02367400202503 
 1459.      1.93562E-1 1.63822E+4 0.00000E+0 0.00000E+0 0.00000E+02367400202504 
 1459.      1.94465E-1 1.63442E+4 0.00000E+0 0.00000E+0 0.00000E+02367400202505 
 1459.      1.95375E-1 1.63061E+4 0.00000E+0 0.00000E+0 0.00000E+02367400202506 
 1459.      1.96291E-1 1.62680E+4 0.00000E+0 0.00000E+0 0.00000E+02367400202507 
 1459.      1.97213E-1 1.62299E+4 0.00000E+0 0.00000E+0 0.00000E+02367400202508 
 1459.      1.98142E-1 1.61919E+4 0.00000E+0 0.00000E+0 0.00000E+02367400202509 
 1459.      1.99078E-1 1.61538E+4 0.00000E+0 0.00000E+0 0.00000E+02367400202510 
 1459.      2.00020E-1 1.61157E+4 0.00000E+0 0.00000E+0 0.00000E+02367400202511 
 1459.      2.00969E-1 1.60776E+4 0.00000E+0 0.00000E+0 0.00000E+02367400202512 
 1459.      2.01924E-1 1.60395E+4 0.00000E+0 0.00000E+0 0.00000E+02367400202513 
 1459.      2.02887E-1 1.60015E+4 0.00000E+0 0.00000E+0 0.00000E+02367400202514 
 1459.      2.03856E-1 1.59634E+4 0.00000E+0 0.00000E+0 0.00000E+02367400202515 
 1459.      2.04832E-1 1.59253E+4 0.00000E+0 0.00000E+0 0.00000E+02367400202516 
 1459.      2.05815E-1 1.58872E+4 0.00000E+0 0.00000E+0 0.00000E+02367400202517 
 1459.      2.06806E-1 1.58492E+4 0.00000E+0 0.00000E+0 0.00000E+02367400202518 
 1459.      2.07803E-1 1.58111E+4 0.00000E+0 0.00000E+0 0.00000E+02367400202519 
 1459.      2.08808E-1 1.57730E+4 0.00000E+0 0.00000E+0 0.00000E+02367400202520 
 1459.      2.09820E-1 1.57349E+4 0.00000E+0 0.00000E+0 0.00000E+02367400202521 
 1459.      2.10840E-1 1.56969E+4 0.00000E+0 0.00000E+0 0.00000E+02367400202522 
 1459.      2.11867E-1 1.56588E+4 0.00000E+0 0.00000E+0 0.00000E+02367400202523 
 1459.      2.12901E-1 1.56207E+4 0.00000E+0 0.00000E+0 0.00000E+02367400202524 
 1459.      2.13943E-1 1.55826E+4 0.00000E+0 0.00000E+0 0.00000E+02367400202525 
 1459.      2.14993E-1 1.55446E+4 0.00000E+0 0.00000E+0 0.00000E+02367400202526 
 1459.      2.16051E-1 1.55065E+4 0.00000E+0 0.00000E+0 0.00000E+02367400202527 
 1459.      2.17116E-1 1.54684E+4 0.00000E+0 0.00000E+0 0.00000E+02367400202528 
 1459.      2.18189E-1 1.54303E+4 0.00000E+0 0.00000E+0 0.00000E+02367400202529 
 1459.      2.19270E-1 1.53922E+4 0.00000E+0 0.00000E+0 0.00000E+02367400202530 
 1459.      2.20360E-1 1.53542E+4 0.00000E+0 0.00000E+0 0.00000E+02367400202531 
 1459.      2.21457E-1 1.53161E+4 0.00000E+0 0.00000E+0 0.00000E+02367400202532 
 1459.      2.22563E-1 1.52780E+4 0.00000E+0 0.00000E+0 0.00000E+02367400202533 
 1459.      2.23677E-1 1.52399E+4 0.00000E+0 0.00000E+0 0.00000E+02367400202534 
 1459.      2.24799E-1 1.52019E+4 0.00000E+0 0.00000E+0 0.00000E+02367400202535 
 1459.      2.25930E-1 1.51638E+4 0.00000E+0 0.00000E+0 0.00000E+02367400202536 
 1459.      2.27069E-1 1.51257E+4 0.00000E+0 0.00000E+0 0.00000E+02367400202537 
 1459.      2.28217E-1 1.50876E+4 0.00000E+0 0.00000E+0 0.00000E+02367400202538 
 1459.      2.29374E-1 1.50496E+4 0.00000E+0 0.00000E+0 0.00000E+02367400202539 
 1459.      2.30539E-1 1.50115E+4 0.00000E+0 0.00000E+0 0.00000E+02367400202540 
 1459.      2.31714E-1 1.49734E+4 0.00000E+0 0.00000E+0 0.00000E+02367400202541 
 1459.      2.32897E-1 1.49353E+4 0.00000E+0 0.00000E+0 0.00000E+02367400202542 
 1459.      2.34089E-1 1.48973E+4 0.00000E+0 0.00000E+0 0.00000E+02367400202543 
 1459.      2.35291E-1 1.48592E+4 0.00000E+0 0.00000E+0 0.00000E+02367400202544 
 1459.      2.36502E-1 1.48211E+4 0.00000E+0 0.00000E+0 0.00000E+02367400202545 
 1459.      2.37722E-1 1.47830E+4 0.00000E+0 0.00000E+0 0.00000E+02367400202546 
 1459.      2.38952E-1 1.47450E+4 0.00000E+0 0.00000E+0 0.00000E+02367400202547 
 1459.      2.40192E-1 1.47069E+4 0.00000E+0 0.00000E+0 0.00000E+02367400202548 
 1459.      2.41441E-1 1.46688E+4 0.00000E+0 0.00000E+0 0.00000E+02367400202549 
 1459.      2.42699E-1 1.46307E+4 0.00000E+0 0.00000E+0 0.00000E+02367400202550 
 1459.      2.43968E-1 1.45926E+4 0.00000E+0 0.00000E+0 0.00000E+02367400202551 
 1459.      2.45247E-1 1.45546E+4 0.00000E+0 0.00000E+0 0.00000E+02367400202552 
 1459.      2.46536E-1 1.45165E+4 0.00000E+0 0.00000E+0 0.00000E+02367400202553 
 1459.      2.47835E-1 1.44784E+4 0.00000E+0 0.00000E+0 0.00000E+02367400202554 
 1459.      2.49144E-1 1.44403E+4 0.00000E+0 0.00000E+0 0.00000E+02367400202555 
 1459.      2.50463E-1 1.44023E+4 0.00000E+0 0.00000E+0 0.00000E+02367400202556 
 1459.      2.51793E-1 1.43642E+4 0.00000E+0 0.00000E+0 0.00000E+02367400202557 
 1459.      2.53134E-1 1.43261E+4 0.00000E+0 0.00000E+0 0.00000E+02367400202558 
 1459.      2.54486E-1 1.42880E+4 0.00000E+0 0.00000E+0 0.00000E+02367400202559 
 1459.      2.55848E-1 1.42500E+4 0.00000E+0 0.00000E+0 0.00000E+02367400202560 
 1459.      2.57221E-1 1.42119E+4 0.00000E+0 0.00000E+0 0.00000E+02367400202561 
 1459.      2.58606E-1 1.41738E+4 0.00000E+0 0.00000E+0 0.00000E+02367400202562 
 1459.      2.60001E-1 1.41357E+4 0.00000E+0 0.00000E+0 0.00000E+02367400202563 
 1459.      2.61408E-1 1.40977E+4 0.00000E+0 0.00000E+0 0.00000E+02367400202564 
 1459.      2.62827E-1 1.40596E+4 0.00000E+0 0.00000E+0 0.00000E+02367400202565 
 1459.      2.64257E-1 1.40215E+4 0.00000E+0 0.00000E+0 0.00000E+02367400202566 
 1459.      2.65699E-1 1.39834E+4 0.00000E+0 0.00000E+0 0.00000E+02367400202567 
 1459.      2.67152E-1 1.39454E+4 0.00000E+0 0.00000E+0 0.00000E+02367400202568 
 1459.      2.68618E-1 1.39073E+4 0.00000E+0 0.00000E+0 0.00000E+02367400202569 
 1459.      2.70095E-1 1.38692E+4 0.00000E+0 0.00000E+0 0.00000E+02367400202570 
 1459.      2.71585E-1 1.38311E+4 0.00000E+0 0.00000E+0 0.00000E+02367400202571 
 1459.      2.73087E-1 1.37930E+4 0.00000E+0 0.00000E+0 0.00000E+02367400202572 
 1459.      2.74602E-1 1.37550E+4 0.00000E+0 0.00000E+0 0.00000E+02367400202573 
 1459.      2.76129E-1 1.37169E+4 0.00000E+0 0.00000E+0 0.00000E+02367400202574 
 1459.      2.77669E-1 1.36788E+4 0.00000E+0 0.00000E+0 0.00000E+02367400202575 
 1459.      2.79222E-1 1.36407E+4 0.00000E+0 0.00000E+0 0.00000E+02367400202576 
 1459.      2.80788E-1 1.36027E+4 0.00000E+0 0.00000E+0 0.00000E+02367400202577 
 1459.      2.82368E-1 1.35646E+4 0.00000E+0 0.00000E+0 0.00000E+02367400202578 
 1459.      2.83960E-1 1.35265E+4 0.00000E+0 0.00000E+0 0.00000E+02367400202579 
 1459.      2.85566E-1 1.34884E+4 0.00000E+0 0.00000E+0 0.00000E+02367400202580 
 1459.      2.87186E-1 1.34504E+4 0.00000E+0 0.00000E+0 0.00000E+02367400202581 
 1459.      2.88820E-1 1.34123E+4 0.00000E+0 0.00000E+0 0.00000E+02367400202582 
 1459.      2.90467E-1 1.33742E+4 0.00000E+0 0.00000E+0 0.00000E+02367400202583 
 1459.      2.92129E-1 1.33361E+4 0.00000E+0 0.00000E+0 0.00000E+02367400202584 
 1459.      2.93805E-1 1.32981E+4 0.00000E+0 0.00000E+0 0.00000E+02367400202585 
 1459.      2.95496E-1 1.32600E+4 0.00000E+0 0.00000E+0 0.00000E+02367400202586 
 1459.      2.97201E-1 1.32219E+4 0.00000E+0 0.00000E+0 0.00000E+02367400202587 
 1459.      2.98921E-1 1.31838E+4 0.00000E+0 0.00000E+0 0.00000E+02367400202588 
 1459.      3.00656E-1 1.31458E+4 0.00000E+0 0.00000E+0 0.00000E+02367400202589 
 1459.      3.02406E-1 1.31077E+4 0.00000E+0 0.00000E+0 0.00000E+02367400202590 
 1459.      3.04172E-1 1.30696E+4 0.00000E+0 0.00000E+0 0.00000E+02367400202591 
 1459.      3.05953E-1 1.30315E+4 0.00000E+0 0.00000E+0 0.00000E+02367400202592 
 1459.      3.07749E-1 1.29934E+4 0.00000E+0 0.00000E+0 0.00000E+02367400202593 
 1459.      3.09562E-1 1.29554E+4 0.00000E+0 0.00000E+0 0.00000E+02367400202594 
 1459.      3.11390E-1 1.29173E+4 0.00000E+0 0.00000E+0 0.00000E+02367400202595 
 1459.      3.13235E-1 1.28792E+4 0.00000E+0 0.00000E+0 0.00000E+02367400202596 
 1459.      3.15096E-1 1.28411E+4 0.00000E+0 0.00000E+0 0.00000E+02367400202597 
 1459.      3.16974E-1 1.28031E+4 0.00000E+0 0.00000E+0 0.00000E+02367400202598 
 1459.      3.18869E-1 1.27650E+4 0.00000E+0 0.00000E+0 0.00000E+02367400202599 
 1459.      3.20781E-1 1.27269E+4 0.00000E+0 0.00000E+0 0.00000E+02367400202600 
 1459.      3.22710E-1 1.26888E+4 0.00000E+0 0.00000E+0 0.00000E+02367400202601 
 1459.      3.24657E-1 1.26508E+4 0.00000E+0 0.00000E+0 0.00000E+02367400202602 
 1459.      3.26621E-1 1.26127E+4 0.00000E+0 0.00000E+0 0.00000E+02367400202603 
 1459.      3.28603E-1 1.25746E+4 0.00000E+0 0.00000E+0 0.00000E+02367400202604 
 1459.      3.30603E-1 1.25365E+4 0.00000E+0 0.00000E+0 0.00000E+02367400202605 
 1459.      3.32621E-1 1.24985E+4 0.00000E+0 0.00000E+0 0.00000E+02367400202606 
 1459.      3.34659E-1 1.24604E+4 0.00000E+0 0.00000E+0 0.00000E+02367400202607 
 1459.      3.36714E-1 1.24223E+4 0.00000E+0 0.00000E+0 0.00000E+02367400202608 
 1459.      3.38789E-1 1.23842E+4 0.00000E+0 0.00000E+0 0.00000E+02367400202609 
 1459.      3.40883E-1 1.23461E+4 0.00000E+0 0.00000E+0 0.00000E+02367400202610 
 1459.      3.42997E-1 1.23081E+4 0.00000E+0 0.00000E+0 0.00000E+02367400202611 
 1459.      3.45130E-1 1.22700E+4 0.00000E+0 0.00000E+0 0.00000E+02367400202612 
 1459.      3.47283E-1 1.22319E+4 0.00000E+0 0.00000E+0 0.00000E+02367400202613 
 1459.      3.49457E-1 1.21938E+4 0.00000E+0 0.00000E+0 0.00000E+02367400202614 
 1459.      3.51651E-1 1.21558E+4 0.00000E+0 0.00000E+0 0.00000E+02367400202615 
 1459.      3.53865E-1 1.21177E+4 0.00000E+0 0.00000E+0 0.00000E+02367400202616 
 1459.      3.56101E-1 1.20796E+4 0.00000E+0 0.00000E+0 0.00000E+02367400202617 
 1459.      3.58358E-1 1.20415E+4 0.00000E+0 0.00000E+0 0.00000E+02367400202618 
 1459.      3.60636E-1 1.20035E+4 0.00000E+0 0.00000E+0 0.00000E+02367400202619 
 1459.      3.62936E-1 1.19654E+4 0.00000E+0 0.00000E+0 0.00000E+02367400202620 
 1459.      3.65259E-1 1.19273E+4 0.00000E+0 0.00000E+0 0.00000E+02367400202621 
 1459.      3.67603E-1 1.18892E+4 0.00000E+0 0.00000E+0 0.00000E+02367400202622 
 1459.      3.69971E-1 1.18512E+4 0.00000E+0 0.00000E+0 0.00000E+02367400202623 
 1459.      3.72361E-1 1.18131E+4 0.00000E+0 0.00000E+0 0.00000E+02367400202624 
 1459.      3.74774E-1 1.17750E+4 0.00000E+0 0.00000E+0 0.00000E+02367400202625 
 1459.      3.77211E-1 1.17369E+4 0.00000E+0 0.00000E+0 0.00000E+02367400202626 
 1459.      3.79672E-1 1.16989E+4 0.00000E+0 0.00000E+0 0.00000E+02367400202627 
 1459.      3.82157E-1 1.16608E+4 0.00000E+0 0.00000E+0 0.00000E+02367400202628 
 1459.      3.84667E-1 1.16227E+4 0.00000E+0 0.00000E+0 0.00000E+02367400202629 
 1459.      3.87201E-1 1.15846E+4 0.00000E+0 0.00000E+0 0.00000E+02367400202630 
 1459.      3.89761E-1 1.15465E+4 0.00000E+0 0.00000E+0 0.00000E+02367400202631 
 1459.      3.92346E-1 1.15085E+4 0.00000E+0 0.00000E+0 0.00000E+02367400202632 
 1459.      3.94957E-1 1.14704E+4 0.00000E+0 0.00000E+0 0.00000E+02367400202633 
 1459.      3.97594E-1 1.14323E+4 0.00000E+0 0.00000E+0 0.00000E+02367400202634 
 1459.      4.00257E-1 1.13942E+4 0.00000E+0 0.00000E+0 0.00000E+02367400202635 
 1459.      4.02947E-1 1.13562E+4 0.00000E+0 0.00000E+0 0.00000E+02367400202636 
 1459.      4.05665E-1 1.13181E+4 0.00000E+0 0.00000E+0 0.00000E+02367400202637 
 1459.      4.08410E-1 1.12800E+4 0.00000E+0 0.00000E+0 0.00000E+02367400202638 
 1459.      4.11183E-1 1.12419E+4 0.00000E+0 0.00000E+0 0.00000E+02367400202639 
 1459.      4.13984E-1 1.12039E+4 0.00000E+0 0.00000E+0 0.00000E+02367400202640 
 1459.      4.16815E-1 1.11658E+4 0.00000E+0 0.00000E+0 0.00000E+02367400202641 
 1459.      4.19674E-1 1.11277E+4 0.00000E+0 0.00000E+0 0.00000E+02367400202642 
 1459.      4.22563E-1 1.10896E+4 0.00000E+0 0.00000E+0 0.00000E+02367400202643 
 1459.      4.25481E-1 1.10516E+4 0.00000E+0 0.00000E+0 0.00000E+02367400202644 
 1459.      4.28430E-1 1.10135E+4 0.00000E+0 0.00000E+0 0.00000E+02367400202645 
 1459.      4.31410E-1 1.09754E+4 0.00000E+0 0.00000E+0 0.00000E+02367400202646 
 1459.      4.34421E-1 1.09373E+4 0.00000E+0 0.00000E+0 0.00000E+02367400202647 
 1459.      4.37464E-1 1.08992E+4 0.00000E+0 0.00000E+0 0.00000E+02367400202648 
 1459.      4.40539E-1 1.08612E+4 0.00000E+0 0.00000E+0 0.00000E+02367400202649 
 1459.      4.43646E-1 1.08231E+4 0.00000E+0 0.00000E+0 0.00000E+02367400202650 
 1459.      4.46787E-1 1.07850E+4 0.00000E+0 0.00000E+0 0.00000E+02367400202651 
 1459.      4.49960E-1 1.07469E+4 0.00000E+0 0.00000E+0 0.00000E+02367400202652 
 1459.      4.53168E-1 1.07089E+4 0.00000E+0 0.00000E+0 0.00000E+02367400202653 
 1459.      4.56410E-1 1.06708E+4 0.00000E+0 0.00000E+0 0.00000E+02367400202654 
 1459.      4.59687E-1 1.06327E+4 0.00000E+0 0.00000E+0 0.00000E+02367400202655 
 1459.      4.63000E-1 1.05946E+4 0.00000E+0 0.00000E+0 0.00000E+02367400202656 
 1459.      4.66348E-1 1.05566E+4 0.00000E+0 0.00000E+0 0.00000E+02367400202657 
 1459.      4.69733E-1 1.05185E+4 0.00000E+0 0.00000E+0 0.00000E+02367400202658 
 1459.      4.73155E-1 1.04804E+4 0.00000E+0 0.00000E+0 0.00000E+02367400202659 
 1459.      4.76615E-1 1.04423E+4 0.00000E+0 0.00000E+0 0.00000E+02367400202660 
 1459.      4.80112E-1 1.04043E+4 0.00000E+0 0.00000E+0 0.00000E+02367400202661 
 1459.      4.83649E-1 1.03662E+4 0.00000E+0 0.00000E+0 0.00000E+02367400202662 
 1459.      4.87224E-1 1.03281E+4 0.00000E+0 0.00000E+0 0.00000E+02367400202663 
 1459.      4.90839E-1 1.02900E+4 0.00000E+0 0.00000E+0 0.00000E+02367400202664 
 1459.      4.94495E-1 1.02520E+4 0.00000E+0 0.00000E+0 0.00000E+02367400202665 
 1459.      4.98192E-1 1.02139E+4 0.00000E+0 0.00000E+0 0.00000E+02367400202666 
 1459.      5.01930E-1 1.01758E+4 0.00000E+0 0.00000E+0 0.00000E+02367400202667 
 1459.      5.05711E-1 1.01377E+4 0.00000E+0 0.00000E+0 0.00000E+02367400202668 
 1459.      5.09534E-1 1.00996E+4 0.00000E+0 0.00000E+0 0.00000E+02367400202669 
 1459.      5.13401E-1 1.00616E+4 0.00000E+0 0.00000E+0 0.00000E+02367400202670 
 1459.      5.17312E-1 1.00235E+4 0.00000E+0 0.00000E+0 0.00000E+02367400202671 
 1459.      5.21268E-1 9.98542E+3 0.00000E+0 0.00000E+0 0.00000E+02367400202672 
 1459.      5.25270E-1 9.94734E+3 0.00000E+0 0.00000E+0 0.00000E+02367400202673 
 1459.      5.29318E-1 9.90926E+3 0.00000E+0 0.00000E+0 0.00000E+02367400202674 
 1459.      5.33413E-1 9.87119E+3 0.00000E+0 0.00000E+0 0.00000E+02367400202675 
 1459.      5.37555E-1 9.83311E+3 0.00000E+0 0.00000E+0 0.00000E+02367400202676 
 1459.      5.41746E-1 9.79503E+3 0.00000E+0 0.00000E+0 0.00000E+02367400202677 
 1459.      5.45986E-1 9.75696E+3 0.00000E+0 0.00000E+0 0.00000E+02367400202678 
 1459.      5.50277E-1 9.71888E+3 0.00000E+0 0.00000E+0 0.00000E+02367400202679 
 1459.      5.54618E-1 9.68081E+3 0.00000E+0 0.00000E+0 0.00000E+02367400202680 
 1459.      5.59010E-1 9.64273E+3 0.00000E+0 0.00000E+0 0.00000E+02367400202681 
 1459.      5.63455E-1 9.60465E+3 0.00000E+0 0.00000E+0 0.00000E+02367400202682 
 1459.      5.67954E-1 9.56658E+3 0.00000E+0 0.00000E+0 0.00000E+02367400202683 
 1459.      5.72506E-1 9.52850E+3 0.00000E+0 0.00000E+0 0.00000E+02367400202684 
 1459.      5.77113E-1 9.49042E+3 0.00000E+0 0.00000E+0 0.00000E+02367400202685 
 1459.      5.81776E-1 9.45235E+3 0.00000E+0 0.00000E+0 0.00000E+02367400202686 
 1459.      5.86496E-1 9.41427E+3 0.00000E+0 0.00000E+0 0.00000E+02367400202687 
 1459.      5.91274E-1 9.37619E+3 0.00000E+0 0.00000E+0 0.00000E+02367400202688 
 1459.      5.96110E-1 9.33812E+3 0.00000E+0 0.00000E+0 0.00000E+02367400202689 
 1459.      6.01006E-1 9.30004E+3 0.00000E+0 0.00000E+0 0.00000E+02367400202690 
 1459.      6.05963E-1 9.26197E+3 0.00000E+0 0.00000E+0 0.00000E+02367400202691 
 1459.      6.10981E-1 9.22389E+3 0.00000E+0 0.00000E+0 0.00000E+02367400202692 
 1459.      6.16062E-1 9.18581E+3 0.00000E+0 0.00000E+0 0.00000E+02367400202693 
 1459.      6.21206E-1 9.14774E+3 0.00000E+0 0.00000E+0 0.00000E+02367400202694 
 1459.      6.26415E-1 9.10966E+3 0.00000E+0 0.00000E+0 0.00000E+02367400202695 
 1459.      6.31690E-1 9.07158E+3 0.00000E+0 0.00000E+0 0.00000E+02367400202696 
 1459.      6.37032E-1 9.03351E+3 0.00000E+0 0.00000E+0 0.00000E+02367400202697 
 1459.      6.42442E-1 8.99543E+3 0.00000E+0 0.00000E+0 0.00000E+02367400202698 
 1459.      6.47921E-1 8.95735E+3 0.00000E+0 0.00000E+0 0.00000E+02367400202699 
 1459.      6.53470E-1 8.91928E+3 0.00000E+0 0.00000E+0 0.00000E+02367400202700 
 1459.      6.59091E-1 8.88120E+3 0.00000E+0 0.00000E+0 0.00000E+02367400202701 
 1459.      6.64785E-1 8.84312E+3 0.00000E+0 0.00000E+0 0.00000E+02367400202702 
 1459.      6.70554E-1 8.80505E+3 0.00000E+0 0.00000E+0 0.00000E+02367400202703 
 1459.      6.76397E-1 8.76697E+3 0.00000E+0 0.00000E+0 0.00000E+02367400202704 
 1459.      6.82318E-1 8.72890E+3 0.00000E+0 0.00000E+0 0.00000E+02367400202705 
 1459.      6.88316E-1 8.69082E+3 0.00000E+0 0.00000E+0 0.00000E+02367400202706 
 1459.      6.94394E-1 8.65274E+3 0.00000E+0 0.00000E+0 0.00000E+02367400202707 
 1459.      7.00553E-1 8.61467E+3 0.00000E+0 0.00000E+0 0.00000E+02367400202708 
 1459.      7.06794E-1 8.57659E+3 0.00000E+0 0.00000E+0 0.00000E+02367400202709 
 1459.      7.13119E-1 8.53851E+3 0.00000E+0 0.00000E+0 0.00000E+02367400202710 
 1459.      7.19529E-1 8.50044E+3 0.00000E+0 0.00000E+0 0.00000E+02367400202711 
 1459.      7.26026E-1 8.46236E+3 0.00000E+0 0.00000E+0 0.00000E+02367400202712 
 1459.      7.32612E-1 8.42428E+3 0.00000E+0 0.00000E+0 0.00000E+02367400202713 
 1459.      7.39288E-1 8.38621E+3 0.00000E+0 0.00000E+0 0.00000E+02367400202714 
 1459.      7.46055E-1 8.34813E+3 0.00000E+0 0.00000E+0 0.00000E+02367400202715 
 1459.      7.52916E-1 8.31005E+3 0.00000E+0 0.00000E+0 0.00000E+02367400202716 
 1459.      7.59871E-1 8.27198E+3 0.00000E+0 0.00000E+0 0.00000E+02367400202717 
 1459.      7.66924E-1 8.23390E+3 0.00000E+0 0.00000E+0 0.00000E+02367400202718 
 1459.      7.74076E-1 8.19583E+3 0.00000E+0 0.00000E+0 0.00000E+02367400202719 
 1459.      7.81327E-1 8.15775E+3 0.00000E+0 0.00000E+0 0.00000E+02367400202720 
 1459.      7.88682E-1 8.11967E+3 0.00000E+0 0.00000E+0 0.00000E+02367400202721 
 1459.      7.96141E-1 8.08160E+3 0.00000E+0 0.00000E+0 0.00000E+02367400202722 
 1459.      8.03706E-1 8.04352E+3 0.00000E+0 0.00000E+0 0.00000E+02367400202723 
 1459.      8.11379E-1 8.00544E+3 0.00000E+0 0.00000E+0 0.00000E+02367400202724 
 1459.      8.19163E-1 7.96737E+3 0.00000E+0 0.00000E+0 0.00000E+02367400202725 
 1459.      8.27060E-1 7.92929E+3 0.00000E+0 0.00000E+0 0.00000E+02367400202726 
 1459.      8.35071E-1 7.89121E+3 0.00000E+0 0.00000E+0 0.00000E+02367400202727 
 1459.      8.43199E-1 7.85314E+3 0.00000E+0 0.00000E+0 0.00000E+02367400202728 
 1459.      8.51447E-1 7.81506E+3 0.00000E+0 0.00000E+0 0.00000E+02367400202729 
 1459.      8.59816E-1 7.77698E+3 0.00000E+0 0.00000E+0 0.00000E+02367400202730 
 1459.      8.68310E-1 7.73891E+3 0.00000E+0 0.00000E+0 0.00000E+02367400202731 
 1459.      8.76930E-1 7.70083E+3 0.00000E+0 0.00000E+0 0.00000E+02367400202732 
 1459.      8.85679E-1 7.66275E+3 0.00000E+0 0.00000E+0 0.00000E+02367400202733 
 1459.      8.94559E-1 7.62468E+3 0.00000E+0 0.00000E+0 0.00000E+02367400202734 
 1459.      9.03574E-1 7.58660E+3 0.00000E+0 0.00000E+0 0.00000E+02367400202735 
 1459.      9.12726E-1 7.54853E+3 0.00000E+0 0.00000E+0 0.00000E+02367400202736 
 1459.      9.22018E-1 7.51045E+3 0.00000E+0 0.00000E+0 0.00000E+02367400202737 
 1459.      9.31453E-1 7.47237E+3 0.00000E+0 0.00000E+0 0.00000E+02367400202738 
 1459.      9.41033E-1 7.43430E+3 0.00000E+0 0.00000E+0 0.00000E+02367400202739 
 1459.      9.50761E-1 7.39622E+3 0.00000E+0 0.00000E+0 0.00000E+02367400202740 
 1459.      9.60642E-1 7.35814E+3 0.00000E+0 0.00000E+0 0.00000E+02367400202741 
 1459.      9.70677E-1 7.32007E+3 0.00000E+0 0.00000E+0 0.00000E+02367400202742 
 1459.      9.80871E-1 7.28199E+3 0.00000E+0 0.00000E+0 0.00000E+02367400202743 
 1459.      9.91226E-1 7.24391E+3 0.00000E+0 0.00000E+0 0.00000E+02367400202744 
 1459.      1.00175E+0 7.20584E+3 0.00000E+0 0.00000E+0 0.00000E+02367400202745 
 1459.      1.01243E+0 7.16776E+3 0.00000E+0 0.00000E+0 0.00000E+02367400202746 
 1459.      1.02330E+0 7.12968E+3 0.00000E+0 0.00000E+0 0.00000E+02367400202747 
 1459.      1.03433E+0 7.09161E+3 0.00000E+0 0.00000E+0 0.00000E+02367400202748 
 1459.      1.04555E+0 7.05353E+3 0.00000E+0 0.00000E+0 0.00000E+02367400202749 
 1459.      1.05695E+0 7.01545E+3 0.00000E+0 0.00000E+0 0.00000E+02367400202750 
 1459.      1.06853E+0 6.97738E+3 0.00000E+0 0.00000E+0 0.00000E+02367400202751 
 1459.      1.08031E+0 6.93930E+3 0.00000E+0 0.00000E+0 0.00000E+02367400202752 
 1459.      1.09229E+0 6.90122E+3 0.00000E+0 0.00000E+0 0.00000E+02367400202753 
 1459.      1.10446E+0 6.86315E+3 0.00000E+0 0.00000E+0 0.00000E+02367400202754 
 1459.      1.11684E+0 6.82507E+3 0.00000E+0 0.00000E+0 0.00000E+02367400202755 
 1459.      1.12943E+0 6.78699E+3 0.00000E+0 0.00000E+0 0.00000E+02367400202756 
 1459.      1.14224E+0 6.74892E+3 0.00000E+0 0.00000E+0 0.00000E+02367400202757 
 1459.      1.15526E+0 6.71084E+3 0.00000E+0 0.00000E+0 0.00000E+02367400202758 
 1459.      1.16850E+0 6.67276E+3 0.00000E+0 0.00000E+0 0.00000E+02367400202759 
 1459.      1.18198E+0 6.63469E+3 0.00000E+0 0.00000E+0 0.00000E+02367400202760 
 1459.      1.19569E+0 6.59661E+3 0.00000E+0 0.00000E+0 0.00000E+02367400202761 
 1459.      1.20964E+0 6.55853E+3 0.00000E+0 0.00000E+0 0.00000E+02367400202762 
 1459.      1.22384E+0 6.52046E+3 0.00000E+0 0.00000E+0 0.00000E+02367400202763 
 1459.      1.23829E+0 6.48238E+3 0.00000E+0 0.00000E+0 0.00000E+02367400202764 
 1459.      1.25299E+0 6.44430E+3 0.00000E+0 0.00000E+0 0.00000E+02367400202765 
 1459.      1.26796E+0 6.40623E+3 0.00000E+0 0.00000E+0 0.00000E+02367400202766 
 1459.      1.28320E+0 6.36815E+3 0.00000E+0 0.00000E+0 0.00000E+02367400202767 
 1459.      1.29872E+0 6.33007E+3 0.00000E+0 0.00000E+0 0.00000E+02367400202768 
 1459.      1.31452E+0 6.29200E+3 0.00000E+0 0.00000E+0 0.00000E+02367400202769 
 1459.      1.33061E+0 6.25392E+3 0.00000E+0 0.00000E+0 0.00000E+02367400202770 
 1459.      1.34699E+0 6.21584E+3 0.00000E+0 0.00000E+0 0.00000E+02367400202771 
 1459.      1.36368E+0 6.17777E+3 0.00000E+0 0.00000E+0 0.00000E+02367400202772 
 1459.      1.38069E+0 6.13969E+3 0.00000E+0 0.00000E+0 0.00000E+02367400202773 
 1459.      1.39801E+0 6.10161E+3 0.00000E+0 0.00000E+0 0.00000E+02367400202774 
 1459.      1.41567E+0 6.06354E+3 0.00000E+0 0.00000E+0 0.00000E+02367400202775 
 1459.      1.43366E+0 6.02546E+3 0.00000E+0 0.00000E+0 0.00000E+02367400202776 
 1459.      1.45199E+0 5.98738E+3 0.00000E+0 0.00000E+0 0.00000E+02367400202777 
 1459.      1.47068E+0 5.94931E+3 0.00000E+0 0.00000E+0 0.00000E+02367400202778 
 1459.      1.48973E+0 5.91123E+3 0.00000E+0 0.00000E+0 0.00000E+02367400202779 
 1459.      1.50916E+0 5.87315E+3 0.00000E+0 0.00000E+0 0.00000E+02367400202780 
 1459.      1.52897E+0 5.83508E+3 0.00000E+0 0.00000E+0 0.00000E+02367400202781 
 1459.      1.55957E+0 5.77768E+3 6.78105E-3 1.42260E+1 5.53371E+02367400202782 
 1459.      1.60162E+0 5.70152E+3 7.31839E-3 1.50676E+1 5.53371E+02367400202783 
 1459.      1.64540E+0 5.62536E+3 6.13624E-3 1.79633E+1 5.53371E+02367400202784 
 1459.      1.71525E+0 5.50994E+3 3.01196E-3 2.18560E+1 5.53371E+02367400202785 
 1459.      1.81447E+0 5.35759E+3 1.90602E-3 3.28194E+1 5.53371E+02367400202786 
 1459.      1.89375E+0 5.24457E+3 1.18524E-2 1.07821E+1 5.53371E+02367400202787 
 1459.      1.95015E+0 5.16842E+3 9.65853E-3 1.49295E+1 5.53371E+02367400202788 
 1459.      2.02469E+0 5.07268E+3 5.00006E-3 1.83049E+1 5.53371E+02367400202789 
 1459.      2.10269E+0 4.97802E+3 5.19765E-3 2.15664E+1 5.53371E+02367400202790 
 1459.      2.16876E+0 4.90186E+3 6.58768E-3 2.06250E+1 5.53371E+02367400202791 
 1459.      2.23801E+0 4.82570E+3 8.95796E-3 1.43700E+1 5.53371E+02367400202792 
 1459.      2.31062E+0 4.74954E+3 1.14672E-2 1.45103E+1 5.53371E+02367400202793 
 1459.      2.38684E+0 4.67338E+3 2.17992E-2 8.22413E+0 5.53371E+02367400202794 
 1459.      2.46689E+0 4.59722E+3 3.12234E-2 6.79183E+0 5.53371E+02367400202795 
 1459.      2.55104E+0 4.52106E+3 2.27603E-2 9.18678E+0 5.53371E+02367400202796 
 1459.      2.63959E+0 4.44490E+3 1.92444E-2 1.05988E+1 5.53371E+02367400202797 
 1459.      2.73283E+0 4.36874E+3 1.24786E-2 1.61844E+1 5.53371E+02367400202798 
 1459.      2.83110E+0 4.29258E+3 9.04060E-3 1.77639E+1 5.53371E+02367400202799 
 1459.      2.93479E+0 4.21641E+3 1.34161E-2 1.45740E+1 5.53371E+02367400202800 
 1459.      3.04428E+0 4.14025E+3 1.51774E-2 1.46903E+1 5.53371E+02367400202801 
 1459.      3.16004E+0 4.06409E+3 1.30045E-2 1.69994E+1 5.53371E+02367400202802 
 1459.      3.28253E+0 3.98793E+3 1.34105E-2 1.76076E+1 5.53371E+02367400202803 
 1459.      3.41230E+0 3.91176E+3 9.99249E-3 2.29697E+1 5.53371E+02367400202804 
 1459.      3.54994E+0 3.83560E+3 9.95658E-3 2.00482E+1 5.53371E+02367400202805 
 1459.      3.69610E+0 3.75944E+3 1.57011E-2 1.66829E+1 5.53371E+02367400202806 
 1459.      3.85149E+0 3.68327E+3 1.10634E-2 1.80002E+1 5.53371E+02367400202807 
 1459.      4.01691E+0 3.60711E+3 1.14168E-2 2.00078E+1 5.53371E+02367400202808 
 1459.      4.19325E+0 3.53094E+3 2.14077E-2 1.29676E+1 5.53371E+02367400202809 
 1459.      4.38149E+0 3.45478E+3 2.21528E-2 1.31914E+1 5.53371E+02367400202810 
 1459.      4.58274E+0 3.37861E+3 1.75722E-2 1.66946E+1 5.53371E+02367400202811 
 1459.      4.79821E+0 3.30244E+3 1.40642E-2 1.78860E+1 5.53371E+02367400202812 
 1459.      5.02929E+0 3.22627E+3 1.47021E-2 1.77523E+1 5.53371E+02367400202813 
 1459.      5.27752E+0 3.15010E+3 1.44968E-2 1.89864E+1 5.53371E+02367400202814 
 1459.      5.54465E+0 3.07393E+3 1.35643E-2 1.89138E+1 5.53371E+02367400202815 
 1459.      5.83267E+0 2.99776E+3 1.16865E-2 2.14052E+1 5.63371E+02367400202816 
 1459.      6.22960E+0 2.90160E+3 9.16666E-3 2.15219E+1 5.63371E+02367400202817 
 1459.      6.65953E+0 2.80733E+3 1.11357E-2 2.24753E+1 5.63371E+02367400202818 
 1459.      7.04043E+0 2.73116E+3 9.50360E-3 2.13220E+1 5.63371E+02367400202819 
 1459.      7.81795E+0 2.59338E+3 6.91722E-3 2.33121E+1 5.63371E+02367400202820 
 1459.      9.29707E+0 2.38094E+3 3.51374E-3 3.94685E+1 5.63371E+02367400202821 
 1459.      1.05626E+1 2.23598E+3 2.62219E-3 1.22167E+2 5.63371E+02367400202822 
 1459.      1.11260E+1 2.17960E+3 0.00000E+0 0.00000E+0 0.00000E+02367400202823 
 1459.      1.15326E+1 2.14152E+3 0.00000E+0 0.00000E+0 0.00000E+02367400202824 
 1459.      1.19620E+1 2.10344E+3 0.00000E+0 0.00000E+0 0.00000E+02367400202825 
 1459.      1.24160E+1 2.06536E+3 0.00000E+0 0.00000E+0 0.00000E+02367400202826 
 1459.      1.28966E+1 2.02728E+3 0.00000E+0 0.00000E+0 0.00000E+02367400202827 
 1459.      1.36840E+1 1.96931E+31.29826E-153.37239E+145.53370E+122367400202828 
 1459.      1.45199E+1 1.91303E+3 0.00000E+0 0.00000E+0 0.00000E+02367400202829 
 1459.      1.51302E+1 1.87495E+3 0.00000E+0 0.00000E+0 0.00000E+02367400202830 
 1459.      1.57802E+1 1.83687E+3 0.00000E+0 0.00000E+0 0.00000E+02367400202831 
 1459.      1.68557E+1 1.77879E+32.63398E-152.20172E+145.73371E+122367400202832 
 1459.      1.80053E+1 1.72262E+3 0.00000E+0 0.00000E+0 0.00000E+02367400202833 
 1459.      1.88536E+1 1.68453E+3 0.00000E+0 0.00000E+0 0.00000E+02367400202834 
 2583.      6.38142E-2 2.85285E+4 0.00000E+0 0.00000E+0 0.00000E+02367400202835 
 2583.      6.39849E-2 2.84905E+4 0.00000E+0 0.00000E+0 0.00000E+02367400202836 
 2583.      6.41563E-2 2.84524E+4 0.00000E+0 0.00000E+0 0.00000E+02367400202837 
 2583.      6.43284E-2 2.84143E+4 0.00000E+0 0.00000E+0 0.00000E+02367400202838 
 2583.      6.45012E-2 2.83762E+4 0.00000E+0 0.00000E+0 0.00000E+02367400202839 
 2583.      6.46746E-2 2.83382E+4 0.00000E+0 0.00000E+0 0.00000E+02367400202840 
 2583.      6.48488E-2 2.83001E+4 0.00000E+0 0.00000E+0 0.00000E+02367400202841 
 2583.      6.50237E-2 2.82620E+4 0.00000E+0 0.00000E+0 0.00000E+02367400202842 
 2583.      6.51992E-2 2.82239E+4 0.00000E+0 0.00000E+0 0.00000E+02367400202843 
 2583.      6.53755E-2 2.81859E+4 0.00000E+0 0.00000E+0 0.00000E+02367400202844 
 2583.      6.55525E-2 2.81478E+4 0.00000E+0 0.00000E+0 0.00000E+02367400202845 
 2583.      6.57303E-2 2.81097E+4 0.00000E+0 0.00000E+0 0.00000E+02367400202846 
 2583.      6.59087E-2 2.80716E+4 0.00000E+0 0.00000E+0 0.00000E+02367400202847 
 2583.      6.60879E-2 2.80335E+4 0.00000E+0 0.00000E+0 0.00000E+02367400202848 
 2583.      6.62678E-2 2.79955E+4 0.00000E+0 0.00000E+0 0.00000E+02367400202849 
 2583.      6.64485E-2 2.79574E+4 0.00000E+0 0.00000E+0 0.00000E+02367400202850 
 2583.      6.66298E-2 2.79193E+4 0.00000E+0 0.00000E+0 0.00000E+02367400202851 
 2583.      6.68120E-2 2.78812E+4 0.00000E+0 0.00000E+0 0.00000E+02367400202852 
 2583.      6.69949E-2 2.78432E+4 0.00000E+0 0.00000E+0 0.00000E+02367400202853 
 2583.      6.71785E-2 2.78051E+4 0.00000E+0 0.00000E+0 0.00000E+02367400202854 
 2583.      6.73629E-2 2.77670E+4 0.00000E+0 0.00000E+0 0.00000E+02367400202855 
 2583.      6.75480E-2 2.77289E+4 0.00000E+0 0.00000E+0 0.00000E+02367400202856 
 2583.      6.77339E-2 2.76909E+4 0.00000E+0 0.00000E+0 0.00000E+02367400202857 
 2583.      6.79206E-2 2.76528E+4 0.00000E+0 0.00000E+0 0.00000E+02367400202858 
 2583.      6.81081E-2 2.76147E+4 0.00000E+0 0.00000E+0 0.00000E+02367400202859 
 2583.      6.82963E-2 2.75766E+4 0.00000E+0 0.00000E+0 0.00000E+02367400202860 
 2583.      6.84853E-2 2.75386E+4 0.00000E+0 0.00000E+0 0.00000E+02367400202861 
 2583.      6.86751E-2 2.75005E+4 0.00000E+0 0.00000E+0 0.00000E+02367400202862 
 2583.      6.88657E-2 2.74624E+4 0.00000E+0 0.00000E+0 0.00000E+02367400202863 
 2583.      6.90571E-2 2.74243E+4 0.00000E+0 0.00000E+0 0.00000E+02367400202864 
 2583.      6.92492E-2 2.73863E+4 0.00000E+0 0.00000E+0 0.00000E+02367400202865 
 2583.      6.94422E-2 2.73482E+4 0.00000E+0 0.00000E+0 0.00000E+02367400202866 
 2583.      6.96360E-2 2.73101E+4 0.00000E+0 0.00000E+0 0.00000E+02367400202867 
 2583.      6.98306E-2 2.72720E+4 0.00000E+0 0.00000E+0 0.00000E+02367400202868 
 2583.      7.00260E-2 2.72339E+4 0.00000E+0 0.00000E+0 0.00000E+02367400202869 
 2583.      7.02223E-2 2.71959E+4 0.00000E+0 0.00000E+0 0.00000E+02367400202870 
 2583.      7.04194E-2 2.71578E+4 0.00000E+0 0.00000E+0 0.00000E+02367400202871 
 2583.      7.06173E-2 2.71197E+4 0.00000E+0 0.00000E+0 0.00000E+02367400202872 
 2583.      7.08160E-2 2.70816E+4 0.00000E+0 0.00000E+0 0.00000E+02367400202873 
 2583.      7.10156E-2 2.70436E+4 0.00000E+0 0.00000E+0 0.00000E+02367400202874 
 2583.      7.12160E-2 2.70055E+4 0.00000E+0 0.00000E+0 0.00000E+02367400202875 
 2583.      7.14173E-2 2.69674E+4 0.00000E+0 0.00000E+0 0.00000E+02367400202876 
 2583.      7.16194E-2 2.69293E+4 0.00000E+0 0.00000E+0 0.00000E+02367400202877 
 2583.      7.18224E-2 2.68913E+4 0.00000E+0 0.00000E+0 0.00000E+02367400202878 
 2583.      7.20262E-2 2.68532E+4 0.00000E+0 0.00000E+0 0.00000E+02367400202879 
 2583.      7.22309E-2 2.68151E+4 0.00000E+0 0.00000E+0 0.00000E+02367400202880 
 2583.      7.24365E-2 2.67770E+4 0.00000E+0 0.00000E+0 0.00000E+02367400202881 
 2583.      7.26430E-2 2.67390E+4 0.00000E+0 0.00000E+0 0.00000E+02367400202882 
 2583.      7.28503E-2 2.67009E+4 0.00000E+0 0.00000E+0 0.00000E+02367400202883 
 2583.      7.30586E-2 2.66628E+4 0.00000E+0 0.00000E+0 0.00000E+02367400202884 
 2583.      7.32677E-2 2.66247E+4 0.00000E+0 0.00000E+0 0.00000E+02367400202885 
 2583.      7.34778E-2 2.65867E+4 0.00000E+0 0.00000E+0 0.00000E+02367400202886 
 2583.      7.36887E-2 2.65486E+4 0.00000E+0 0.00000E+0 0.00000E+02367400202887 
 2583.      7.39005E-2 2.65105E+4 0.00000E+0 0.00000E+0 0.00000E+02367400202888 
 2583.      7.41133E-2 2.64724E+4 0.00000E+0 0.00000E+0 0.00000E+02367400202889 
 2583.      7.43270E-2 2.64343E+4 0.00000E+0 0.00000E+0 0.00000E+02367400202890 
 2583.      7.45416E-2 2.63963E+4 0.00000E+0 0.00000E+0 0.00000E+02367400202891 
 2583.      7.47572E-2 2.63582E+4 0.00000E+0 0.00000E+0 0.00000E+02367400202892 
 2583.      7.49736E-2 2.63201E+4 0.00000E+0 0.00000E+0 0.00000E+02367400202893 
 2583.      7.51910E-2 2.62820E+4 0.00000E+0 0.00000E+0 0.00000E+02367400202894 
 2583.      7.54094E-2 2.62440E+4 0.00000E+0 0.00000E+0 0.00000E+02367400202895 
 2583.      7.56287E-2 2.62059E+4 0.00000E+0 0.00000E+0 0.00000E+02367400202896 
 2583.      7.58490E-2 2.61678E+4 0.00000E+0 0.00000E+0 0.00000E+02367400202897 
 2583.      7.60703E-2 2.61297E+4 0.00000E+0 0.00000E+0 0.00000E+02367400202898 
 2583.      7.62925E-2 2.60917E+4 0.00000E+0 0.00000E+0 0.00000E+02367400202899 
 2583.      7.65157E-2 2.60536E+4 0.00000E+0 0.00000E+0 0.00000E+02367400202900 
 2583.      7.67398E-2 2.60155E+4 0.00000E+0 0.00000E+0 0.00000E+02367400202901 
 2583.      7.69650E-2 2.59774E+4 0.00000E+0 0.00000E+0 0.00000E+02367400202902 
 2583.      7.71911E-2 2.59394E+4 0.00000E+0 0.00000E+0 0.00000E+02367400202903 
 2583.      7.74183E-2 2.59013E+4 0.00000E+0 0.00000E+0 0.00000E+02367400202904 
 2583.      7.76464E-2 2.58632E+4 0.00000E+0 0.00000E+0 0.00000E+02367400202905 
 2583.      7.78756E-2 2.58251E+4 0.00000E+0 0.00000E+0 0.00000E+02367400202906 
 2583.      7.81057E-2 2.57871E+4 0.00000E+0 0.00000E+0 0.00000E+02367400202907 
 2583.      7.83369E-2 2.57490E+4 0.00000E+0 0.00000E+0 0.00000E+02367400202908 
 2583.      7.85692E-2 2.57109E+4 0.00000E+0 0.00000E+0 0.00000E+02367400202909 
 2583.      7.88024E-2 2.56728E+4 0.00000E+0 0.00000E+0 0.00000E+02367400202910 
 2583.      7.90367E-2 2.56347E+4 0.00000E+0 0.00000E+0 0.00000E+02367400202911 
 2583.      7.92721E-2 2.55967E+4 0.00000E+0 0.00000E+0 0.00000E+02367400202912 
 2583.      7.95085E-2 2.55586E+4 0.00000E+0 0.00000E+0 0.00000E+02367400202913 
 2583.      7.97459E-2 2.55205E+4 0.00000E+0 0.00000E+0 0.00000E+02367400202914 
 2583.      7.99845E-2 2.54824E+4 0.00000E+0 0.00000E+0 0.00000E+02367400202915 
 2583.      8.02240E-2 2.54444E+4 0.00000E+0 0.00000E+0 0.00000E+02367400202916 
 2583.      8.04647E-2 2.54063E+4 0.00000E+0 0.00000E+0 0.00000E+02367400202917 
 2583.      8.07065E-2 2.53682E+4 0.00000E+0 0.00000E+0 0.00000E+02367400202918 
 2583.      8.09493E-2 2.53301E+4 0.00000E+0 0.00000E+0 0.00000E+02367400202919 
 2583.      8.11933E-2 2.52921E+4 0.00000E+0 0.00000E+0 0.00000E+02367400202920 
 2583.      8.14383E-2 2.52540E+4 0.00000E+0 0.00000E+0 0.00000E+02367400202921 
 2583.      8.16845E-2 2.52159E+4 0.00000E+0 0.00000E+0 0.00000E+02367400202922 
 2583.      8.19318E-2 2.51778E+4 0.00000E+0 0.00000E+0 0.00000E+02367400202923 
 2583.      8.21802E-2 2.51398E+4 0.00000E+0 0.00000E+0 0.00000E+02367400202924 
 2583.      8.24297E-2 2.51017E+4 0.00000E+0 0.00000E+0 0.00000E+02367400202925 
 2583.      8.26804E-2 2.50636E+4 0.00000E+0 0.00000E+0 0.00000E+02367400202926 
 2583.      8.29322E-2 2.50255E+4 0.00000E+0 0.00000E+0 0.00000E+02367400202927 
 2583.      8.31852E-2 2.49875E+4 0.00000E+0 0.00000E+0 0.00000E+02367400202928 
 2583.      8.34393E-2 2.49494E+4 0.00000E+0 0.00000E+0 0.00000E+02367400202929 
 2583.      8.36946E-2 2.49113E+4 0.00000E+0 0.00000E+0 0.00000E+02367400202930 
 2583.      8.39511E-2 2.48732E+4 0.00000E+0 0.00000E+0 0.00000E+02367400202931 
 2583.      8.42087E-2 2.48351E+4 0.00000E+0 0.00000E+0 0.00000E+02367400202932 
 2583.      8.44676E-2 2.47971E+4 0.00000E+0 0.00000E+0 0.00000E+02367400202933 
 2583.      8.47276E-2 2.47590E+4 0.00000E+0 0.00000E+0 0.00000E+02367400202934 
 2583.      8.49888E-2 2.47209E+4 0.00000E+0 0.00000E+0 0.00000E+02367400202935 
 2583.      8.52513E-2 2.46828E+4 0.00000E+0 0.00000E+0 0.00000E+02367400202936 
 2583.      8.55150E-2 2.46448E+4 0.00000E+0 0.00000E+0 0.00000E+02367400202937 
 2583.      8.57799E-2 2.46067E+4 0.00000E+0 0.00000E+0 0.00000E+02367400202938 
 2583.      8.60460E-2 2.45686E+4 0.00000E+0 0.00000E+0 0.00000E+02367400202939 
 2583.      8.63133E-2 2.45305E+4 0.00000E+0 0.00000E+0 0.00000E+02367400202940 
 2583.      8.65820E-2 2.44925E+4 0.00000E+0 0.00000E+0 0.00000E+02367400202941 
 2583.      8.68518E-2 2.44544E+4 0.00000E+0 0.00000E+0 0.00000E+02367400202942 
 2583.      8.71230E-2 2.44163E+4 0.00000E+0 0.00000E+0 0.00000E+02367400202943 
 2583.      8.73954E-2 2.43782E+4 0.00000E+0 0.00000E+0 0.00000E+02367400202944 
 2583.      8.76690E-2 2.43402E+4 0.00000E+0 0.00000E+0 0.00000E+02367400202945 
 2583.      8.79440E-2 2.43021E+4 0.00000E+0 0.00000E+0 0.00000E+02367400202946 
 2583.      8.82203E-2 2.42640E+4 0.00000E+0 0.00000E+0 0.00000E+02367400202947 
 2583.      8.84979E-2 2.42259E+4 0.00000E+0 0.00000E+0 0.00000E+02367400202948 
 2583.      8.87767E-2 2.41879E+4 0.00000E+0 0.00000E+0 0.00000E+02367400202949 
 2583.      8.90569E-2 2.41498E+4 0.00000E+0 0.00000E+0 0.00000E+02367400202950 
 2583.      8.93385E-2 2.41117E+4 0.00000E+0 0.00000E+0 0.00000E+02367400202951 
 2583.      8.96213E-2 2.40736E+4 0.00000E+0 0.00000E+0 0.00000E+02367400202952 
 2583.      8.99056E-2 2.40355E+4 0.00000E+0 0.00000E+0 0.00000E+02367400202953 
 2583.      9.01911E-2 2.39975E+4 0.00000E+0 0.00000E+0 0.00000E+02367400202954 
 2583.      9.04781E-2 2.39594E+4 0.00000E+0 0.00000E+0 0.00000E+02367400202955 
 2583.      9.07664E-2 2.39213E+4 0.00000E+0 0.00000E+0 0.00000E+02367400202956 
 2583.      9.10560E-2 2.38832E+4 0.00000E+0 0.00000E+0 0.00000E+02367400202957 
 2583.      9.13471E-2 2.38452E+4 0.00000E+0 0.00000E+0 0.00000E+02367400202958 
 2583.      9.16396E-2 2.38071E+4 0.00000E+0 0.00000E+0 0.00000E+02367400202959 
 2583.      9.19335E-2 2.37690E+4 0.00000E+0 0.00000E+0 0.00000E+02367400202960 
 2583.      9.22288E-2 2.37309E+4 0.00000E+0 0.00000E+0 0.00000E+02367400202961 
 2583.      9.25255E-2 2.36929E+4 0.00000E+0 0.00000E+0 0.00000E+02367400202962 
 2583.      9.28236E-2 2.36548E+4 0.00000E+0 0.00000E+0 0.00000E+02367400202963 
 2583.      9.31232E-2 2.36167E+4 0.00000E+0 0.00000E+0 0.00000E+02367400202964 
 2583.      9.34243E-2 2.35786E+4 0.00000E+0 0.00000E+0 0.00000E+02367400202965 
 2583.      9.37268E-2 2.35406E+4 0.00000E+0 0.00000E+0 0.00000E+02367400202966 
 2583.      9.40308E-2 2.35025E+4 0.00000E+0 0.00000E+0 0.00000E+02367400202967 
 2583.      9.43362E-2 2.34644E+4 0.00000E+0 0.00000E+0 0.00000E+02367400202968 
 2583.      9.46432E-2 2.34263E+4 0.00000E+0 0.00000E+0 0.00000E+02367400202969 
 2583.      9.49517E-2 2.33883E+4 0.00000E+0 0.00000E+0 0.00000E+02367400202970 
 2583.      9.52616E-2 2.33502E+4 0.00000E+0 0.00000E+0 0.00000E+02367400202971 
 2583.      9.55731E-2 2.33121E+4 0.00000E+0 0.00000E+0 0.00000E+02367400202972 
 2583.      9.58861E-2 2.32740E+4 0.00000E+0 0.00000E+0 0.00000E+02367400202973 
 2583.      9.62007E-2 2.32359E+4 0.00000E+0 0.00000E+0 0.00000E+02367400202974 
 2583.      9.65168E-2 2.31979E+4 0.00000E+0 0.00000E+0 0.00000E+02367400202975 
 2583.      9.68345E-2 2.31598E+4 0.00000E+0 0.00000E+0 0.00000E+02367400202976 
 2583.      9.71537E-2 2.31217E+4 0.00000E+0 0.00000E+0 0.00000E+02367400202977 
 2583.      9.74745E-2 2.30836E+4 0.00000E+0 0.00000E+0 0.00000E+02367400202978 
 2583.      9.77969E-2 2.30456E+4 0.00000E+0 0.00000E+0 0.00000E+02367400202979 
 2583.      9.81210E-2 2.30075E+4 0.00000E+0 0.00000E+0 0.00000E+02367400202980 
 2583.      9.84466E-2 2.29694E+4 0.00000E+0 0.00000E+0 0.00000E+02367400202981 
 2583.      9.87738E-2 2.29313E+4 0.00000E+0 0.00000E+0 0.00000E+02367400202982 
 2583.      9.91027E-2 2.28933E+4 0.00000E+0 0.00000E+0 0.00000E+02367400202983 
 2583.      9.94333E-2 2.28552E+4 0.00000E+0 0.00000E+0 0.00000E+02367400202984 
 2583.      9.97654E-2 2.28171E+4 0.00000E+0 0.00000E+0 0.00000E+02367400202985 
 2583.      1.00099E-1 2.27790E+4 0.00000E+0 0.00000E+0 0.00000E+02367400202986 
 2583.      1.00435E-1 2.27410E+4 0.00000E+0 0.00000E+0 0.00000E+02367400202987 
 2583.      1.00772E-1 2.27029E+4 0.00000E+0 0.00000E+0 0.00000E+02367400202988 
 2583.      1.01111E-1 2.26648E+4 0.00000E+0 0.00000E+0 0.00000E+02367400202989 
 2583.      1.01452E-1 2.26267E+4 0.00000E+0 0.00000E+0 0.00000E+02367400202990 
 2583.      1.01794E-1 2.25887E+4 0.00000E+0 0.00000E+0 0.00000E+02367400202991 
 2583.      1.02138E-1 2.25506E+4 0.00000E+0 0.00000E+0 0.00000E+02367400202992 
 2583.      1.02484E-1 2.25125E+4 0.00000E+0 0.00000E+0 0.00000E+02367400202993 
 2583.      1.02832E-1 2.24744E+4 0.00000E+0 0.00000E+0 0.00000E+02367400202994 
 2583.      1.03181E-1 2.24363E+4 0.00000E+0 0.00000E+0 0.00000E+02367400202995 
 2583.      1.03532E-1 2.23983E+4 0.00000E+0 0.00000E+0 0.00000E+02367400202996 
 2583.      1.03885E-1 2.23602E+4 0.00000E+0 0.00000E+0 0.00000E+02367400202997 
 2583.      1.04240E-1 2.23221E+4 0.00000E+0 0.00000E+0 0.00000E+02367400202998 
 2583.      1.04596E-1 2.22840E+4 0.00000E+0 0.00000E+0 0.00000E+02367400202999 
 2583.      1.04955E-1 2.22460E+4 0.00000E+0 0.00000E+0 0.00000E+02367400203000 
 2583.      1.05315E-1 2.22079E+4 0.00000E+0 0.00000E+0 0.00000E+02367400203001 
 2583.      1.05677E-1 2.21698E+4 0.00000E+0 0.00000E+0 0.00000E+02367400203002 
 2583.      1.06041E-1 2.21317E+4 0.00000E+0 0.00000E+0 0.00000E+02367400203003 
 2583.      1.06407E-1 2.20937E+4 0.00000E+0 0.00000E+0 0.00000E+02367400203004 
 2583.      1.06775E-1 2.20556E+4 0.00000E+0 0.00000E+0 0.00000E+02367400203005 
 2583.      1.07145E-1 2.20175E+4 0.00000E+0 0.00000E+0 0.00000E+02367400203006 
 2583.      1.07516E-1 2.19794E+4 0.00000E+0 0.00000E+0 0.00000E+02367400203007 
 2583.      1.07890E-1 2.19414E+4 0.00000E+0 0.00000E+0 0.00000E+02367400203008 
 2583.      1.08265E-1 2.19033E+4 0.00000E+0 0.00000E+0 0.00000E+02367400203009 
 2583.      1.08643E-1 2.18652E+4 0.00000E+0 0.00000E+0 0.00000E+02367400203010 
 2583.      1.09022E-1 2.18271E+4 0.00000E+0 0.00000E+0 0.00000E+02367400203011 
 2583.      1.09404E-1 2.17891E+4 0.00000E+0 0.00000E+0 0.00000E+02367400203012 
 2583.      1.09787E-1 2.17510E+4 0.00000E+0 0.00000E+0 0.00000E+02367400203013 
 2583.      1.10172E-1 2.17129E+4 0.00000E+0 0.00000E+0 0.00000E+02367400203014 
 2583.      1.10560E-1 2.16748E+4 0.00000E+0 0.00000E+0 0.00000E+02367400203015 
 2583.      1.10949E-1 2.16367E+4 0.00000E+0 0.00000E+0 0.00000E+02367400203016 
 2583.      1.11341E-1 2.15987E+4 0.00000E+0 0.00000E+0 0.00000E+02367400203017 
 2583.      1.11735E-1 2.15606E+4 0.00000E+0 0.00000E+0 0.00000E+02367400203018 
 2583.      1.12131E-1 2.15225E+4 0.00000E+0 0.00000E+0 0.00000E+02367400203019 
 2583.      1.12528E-1 2.14844E+4 0.00000E+0 0.00000E+0 0.00000E+02367400203020 
 2583.      1.12928E-1 2.14464E+4 0.00000E+0 0.00000E+0 0.00000E+02367400203021 
 2583.      1.13331E-1 2.14083E+4 0.00000E+0 0.00000E+0 0.00000E+02367400203022 
 2583.      1.13735E-1 2.13702E+4 0.00000E+0 0.00000E+0 0.00000E+02367400203023 
 2583.      1.14141E-1 2.13321E+4 0.00000E+0 0.00000E+0 0.00000E+02367400203024 
 2583.      1.14550E-1 2.12941E+4 0.00000E+0 0.00000E+0 0.00000E+02367400203025 
 2583.      1.14961E-1 2.12560E+4 0.00000E+0 0.00000E+0 0.00000E+02367400203026 
 2583.      1.15374E-1 2.12179E+4 0.00000E+0 0.00000E+0 0.00000E+02367400203027 
 2583.      1.15789E-1 2.11798E+4 0.00000E+0 0.00000E+0 0.00000E+02367400203028 
 2583.      1.16207E-1 2.11418E+4 0.00000E+0 0.00000E+0 0.00000E+02367400203029 
 2583.      1.16626E-1 2.11037E+4 0.00000E+0 0.00000E+0 0.00000E+02367400203030 
 2583.      1.17048E-1 2.10656E+4 0.00000E+0 0.00000E+0 0.00000E+02367400203031 
 2583.      1.17473E-1 2.10275E+4 0.00000E+0 0.00000E+0 0.00000E+02367400203032 
 2583.      1.17899E-1 2.09895E+4 0.00000E+0 0.00000E+0 0.00000E+02367400203033 
 2583.      1.18328E-1 2.09514E+4 0.00000E+0 0.00000E+0 0.00000E+02367400203034 
 2583.      1.18760E-1 2.09133E+4 0.00000E+0 0.00000E+0 0.00000E+02367400203035 
 2583.      1.19194E-1 2.08752E+4 0.00000E+0 0.00000E+0 0.00000E+02367400203036 
 2583.      1.19630E-1 2.08371E+4 0.00000E+0 0.00000E+0 0.00000E+02367400203037 
 2583.      1.20068E-1 2.07991E+4 0.00000E+0 0.00000E+0 0.00000E+02367400203038 
 2583.      1.20509E-1 2.07610E+4 0.00000E+0 0.00000E+0 0.00000E+02367400203039 
 2583.      1.20952E-1 2.07229E+4 0.00000E+0 0.00000E+0 0.00000E+02367400203040 
 2583.      1.21398E-1 2.06848E+4 0.00000E+0 0.00000E+0 0.00000E+02367400203041 
 2583.      1.21846E-1 2.06468E+4 0.00000E+0 0.00000E+0 0.00000E+02367400203042 
 2583.      1.22297E-1 2.06087E+4 0.00000E+0 0.00000E+0 0.00000E+02367400203043 
 2583.      1.22750E-1 2.05706E+4 0.00000E+0 0.00000E+0 0.00000E+02367400203044 
 2583.      1.23206E-1 2.05325E+4 0.00000E+0 0.00000E+0 0.00000E+02367400203045 
 2583.      1.23664E-1 2.04945E+4 0.00000E+0 0.00000E+0 0.00000E+02367400203046 
 2583.      1.24125E-1 2.04564E+4 0.00000E+0 0.00000E+0 0.00000E+02367400203047 
 2583.      1.24589E-1 2.04183E+4 0.00000E+0 0.00000E+0 0.00000E+02367400203048 
 2583.      1.25055E-1 2.03802E+4 0.00000E+0 0.00000E+0 0.00000E+02367400203049 
 2583.      1.25524E-1 2.03422E+4 0.00000E+0 0.00000E+0 0.00000E+02367400203050 
 2583.      1.25995E-1 2.03041E+4 0.00000E+0 0.00000E+0 0.00000E+02367400203051 
 2583.      1.26469E-1 2.02660E+4 0.00000E+0 0.00000E+0 0.00000E+02367400203052 
 2583.      1.26946E-1 2.02279E+4 0.00000E+0 0.00000E+0 0.00000E+02367400203053 
 2583.      1.27425E-1 2.01899E+4 0.00000E+0 0.00000E+0 0.00000E+02367400203054 
 2583.      1.27907E-1 2.01518E+4 0.00000E+0 0.00000E+0 0.00000E+02367400203055 
 2583.      1.28392E-1 2.01137E+4 0.00000E+0 0.00000E+0 0.00000E+02367400203056 
 2583.      1.28879E-1 2.00756E+4 0.00000E+0 0.00000E+0 0.00000E+02367400203057 
 2583.      1.29370E-1 2.00375E+4 0.00000E+0 0.00000E+0 0.00000E+02367400203058 
 2583.      1.29863E-1 1.99995E+4 0.00000E+0 0.00000E+0 0.00000E+02367400203059 
 2583.      1.30359E-1 1.99614E+4 0.00000E+0 0.00000E+0 0.00000E+02367400203060 
 2583.      1.30858E-1 1.99233E+4 0.00000E+0 0.00000E+0 0.00000E+02367400203061 
 2583.      1.31360E-1 1.98852E+4 0.00000E+0 0.00000E+0 0.00000E+02367400203062 
 2583.      1.31864E-1 1.98472E+4 0.00000E+0 0.00000E+0 0.00000E+02367400203063 
 2583.      1.32372E-1 1.98091E+4 0.00000E+0 0.00000E+0 0.00000E+02367400203064 
 2583.      1.32882E-1 1.97710E+4 0.00000E+0 0.00000E+0 0.00000E+02367400203065 
 2583.      1.33396E-1 1.97329E+4 0.00000E+0 0.00000E+0 0.00000E+02367400203066 
 2583.      1.33912E-1 1.96949E+4 0.00000E+0 0.00000E+0 0.00000E+02367400203067 
 2583.      1.34431E-1 1.96568E+4 0.00000E+0 0.00000E+0 0.00000E+02367400203068 
 2583.      1.34954E-1 1.96187E+4 0.00000E+0 0.00000E+0 0.00000E+02367400203069 
 2583.      1.35479E-1 1.95806E+4 0.00000E+0 0.00000E+0 0.00000E+02367400203070 
 2583.      1.36008E-1 1.95426E+4 0.00000E+0 0.00000E+0 0.00000E+02367400203071 
 2583.      1.36539E-1 1.95045E+4 0.00000E+0 0.00000E+0 0.00000E+02367400203072 
 2583.      1.37074E-1 1.94664E+4 0.00000E+0 0.00000E+0 0.00000E+02367400203073 
 2583.      1.37612E-1 1.94283E+4 0.00000E+0 0.00000E+0 0.00000E+02367400203074 
 2583.      1.38153E-1 1.93903E+4 0.00000E+0 0.00000E+0 0.00000E+02367400203075 
 2583.      1.38698E-1 1.93522E+4 0.00000E+0 0.00000E+0 0.00000E+02367400203076 
 2583.      1.39245E-1 1.93141E+4 0.00000E+0 0.00000E+0 0.00000E+02367400203077 
 2583.      1.39796E-1 1.92760E+4 0.00000E+0 0.00000E+0 0.00000E+02367400203078 
 2583.      1.40350E-1 1.92379E+4 0.00000E+0 0.00000E+0 0.00000E+02367400203079 
 2583.      1.40907E-1 1.91999E+4 0.00000E+0 0.00000E+0 0.00000E+02367400203080 
 2583.      1.41468E-1 1.91618E+4 0.00000E+0 0.00000E+0 0.00000E+02367400203081 
 2583.      1.42032E-1 1.91237E+4 0.00000E+0 0.00000E+0 0.00000E+02367400203082 
 2583.      1.42599E-1 1.90856E+4 0.00000E+0 0.00000E+0 0.00000E+02367400203083 
 2583.      1.43170E-1 1.90476E+4 0.00000E+0 0.00000E+0 0.00000E+02367400203084 
 2583.      1.43744E-1 1.90095E+4 0.00000E+0 0.00000E+0 0.00000E+02367400203085 
 2583.      1.44322E-1 1.89714E+4 0.00000E+0 0.00000E+0 0.00000E+02367400203086 
 2583.      1.44903E-1 1.89333E+4 0.00000E+0 0.00000E+0 0.00000E+02367400203087 
 2583.      1.45488E-1 1.88953E+4 0.00000E+0 0.00000E+0 0.00000E+02367400203088 
 2583.      1.46076E-1 1.88572E+4 0.00000E+0 0.00000E+0 0.00000E+02367400203089 
 2583.      1.46668E-1 1.88191E+4 0.00000E+0 0.00000E+0 0.00000E+02367400203090 
 2583.      1.47264E-1 1.87810E+4 0.00000E+0 0.00000E+0 0.00000E+02367400203091 
 2583.      1.47863E-1 1.87430E+4 0.00000E+0 0.00000E+0 0.00000E+02367400203092 
 2583.      1.48465E-1 1.87049E+4 0.00000E+0 0.00000E+0 0.00000E+02367400203093 
 2583.      1.49072E-1 1.86668E+4 0.00000E+0 0.00000E+0 0.00000E+02367400203094 
 2583.      1.49682E-1 1.86287E+4 0.00000E+0 0.00000E+0 0.00000E+02367400203095 
 2583.      1.50296E-1 1.85907E+4 0.00000E+0 0.00000E+0 0.00000E+02367400203096 
 2583.      1.50914E-1 1.85526E+4 0.00000E+0 0.00000E+0 0.00000E+02367400203097 
 2583.      1.51535E-1 1.85145E+4 0.00000E+0 0.00000E+0 0.00000E+02367400203098 
 2583.      1.52161E-1 1.84764E+4 0.00000E+0 0.00000E+0 0.00000E+02367400203099 
 2583.      1.52790E-1 1.84383E+4 0.00000E+0 0.00000E+0 0.00000E+02367400203100 
 2583.      1.53423E-1 1.84003E+4 0.00000E+0 0.00000E+0 0.00000E+02367400203101 
 2583.      1.54060E-1 1.83622E+4 0.00000E+0 0.00000E+0 0.00000E+02367400203102 
 2583.      1.54701E-1 1.83241E+4 0.00000E+0 0.00000E+0 0.00000E+02367400203103 
 2583.      1.55346E-1 1.82860E+4 0.00000E+0 0.00000E+0 0.00000E+02367400203104 
 2583.      1.55995E-1 1.82480E+4 0.00000E+0 0.00000E+0 0.00000E+02367400203105 
 2583.      1.56648E-1 1.82099E+4 0.00000E+0 0.00000E+0 0.00000E+02367400203106 
 2583.      1.57306E-1 1.81718E+4 0.00000E+0 0.00000E+0 0.00000E+02367400203107 
 2583.      1.57967E-1 1.81337E+4 0.00000E+0 0.00000E+0 0.00000E+02367400203108 
 2583.      1.58633E-1 1.80957E+4 0.00000E+0 0.00000E+0 0.00000E+02367400203109 
 2583.      1.59303E-1 1.80576E+4 0.00000E+0 0.00000E+0 0.00000E+02367400203110 
 2583.      1.59977E-1 1.80195E+4 0.00000E+0 0.00000E+0 0.00000E+02367400203111 
 2583.      1.60655E-1 1.79814E+4 0.00000E+0 0.00000E+0 0.00000E+02367400203112 
 2583.      1.61338E-1 1.79434E+4 0.00000E+0 0.00000E+0 0.00000E+02367400203113 
 2583.      1.62025E-1 1.79053E+4 0.00000E+0 0.00000E+0 0.00000E+02367400203114 
 2583.      1.62717E-1 1.78672E+4 0.00000E+0 0.00000E+0 0.00000E+02367400203115 
 2583.      1.63413E-1 1.78291E+4 0.00000E+0 0.00000E+0 0.00000E+02367400203116 
 2583.      1.64113E-1 1.77911E+4 0.00000E+0 0.00000E+0 0.00000E+02367400203117 
 2583.      1.64818E-1 1.77530E+4 0.00000E+0 0.00000E+0 0.00000E+02367400203118 
 2583.      1.65527E-1 1.77149E+4 0.00000E+0 0.00000E+0 0.00000E+02367400203119 
 2583.      1.66241E-1 1.76768E+4 0.00000E+0 0.00000E+0 0.00000E+02367400203120 
 2583.      1.66960E-1 1.76387E+4 0.00000E+0 0.00000E+0 0.00000E+02367400203121 
 2583.      1.67683E-1 1.76007E+4 0.00000E+0 0.00000E+0 0.00000E+02367400203122 
 2583.      1.68411E-1 1.75626E+4 0.00000E+0 0.00000E+0 0.00000E+02367400203123 
 2583.      1.69144E-1 1.75245E+4 0.00000E+0 0.00000E+0 0.00000E+02367400203124 
 2583.      1.69882E-1 1.74864E+4 0.00000E+0 0.00000E+0 0.00000E+02367400203125 
 2583.      1.70624E-1 1.74484E+4 0.00000E+0 0.00000E+0 0.00000E+02367400203126 
 2583.      1.71372E-1 1.74103E+4 0.00000E+0 0.00000E+0 0.00000E+02367400203127 
 2583.      1.72124E-1 1.73722E+4 0.00000E+0 0.00000E+0 0.00000E+02367400203128 
 2583.      1.72881E-1 1.73341E+4 0.00000E+0 0.00000E+0 0.00000E+02367400203129 
 2583.      1.73643E-1 1.72961E+4 0.00000E+0 0.00000E+0 0.00000E+02367400203130 
 2583.      1.74411E-1 1.72580E+4 0.00000E+0 0.00000E+0 0.00000E+02367400203131 
 2583.      1.75183E-1 1.72199E+4 0.00000E+0 0.00000E+0 0.00000E+02367400203132 
 2583.      1.75961E-1 1.71818E+4 0.00000E+0 0.00000E+0 0.00000E+02367400203133 
 2583.      1.76743E-1 1.71438E+4 0.00000E+0 0.00000E+0 0.00000E+02367400203134 
 2583.      1.77531E-1 1.71057E+4 0.00000E+0 0.00000E+0 0.00000E+02367400203135 
 2583.      1.78324E-1 1.70676E+4 0.00000E+0 0.00000E+0 0.00000E+02367400203136 
 2583.      1.79123E-1 1.70295E+4 0.00000E+0 0.00000E+0 0.00000E+02367400203137 
 2583.      1.79927E-1 1.69915E+4 0.00000E+0 0.00000E+0 0.00000E+02367400203138 
 2583.      1.80736E-1 1.69534E+4 0.00000E+0 0.00000E+0 0.00000E+02367400203139 
 2583.      1.81551E-1 1.69153E+4 0.00000E+0 0.00000E+0 0.00000E+02367400203140 
 2583.      1.82371E-1 1.68772E+4 0.00000E+0 0.00000E+0 0.00000E+02367400203141 
 2583.      1.83197E-1 1.68391E+4 0.00000E+0 0.00000E+0 0.00000E+02367400203142 
 2583.      1.84029E-1 1.68011E+4 0.00000E+0 0.00000E+0 0.00000E+02367400203143 
 2583.      1.84866E-1 1.67630E+4 0.00000E+0 0.00000E+0 0.00000E+02367400203144 
 2583.      1.85709E-1 1.67249E+4 0.00000E+0 0.00000E+0 0.00000E+02367400203145 
 2583.      1.86558E-1 1.66868E+4 0.00000E+0 0.00000E+0 0.00000E+02367400203146 
 2583.      1.87412E-1 1.66488E+4 0.00000E+0 0.00000E+0 0.00000E+02367400203147 
 2583.      1.88273E-1 1.66107E+4 0.00000E+0 0.00000E+0 0.00000E+02367400203148 
 2583.      1.89139E-1 1.65726E+4 0.00000E+0 0.00000E+0 0.00000E+02367400203149 
 2583.      1.90012E-1 1.65345E+4 0.00000E+0 0.00000E+0 0.00000E+02367400203150 
 2583.      1.90890E-1 1.64965E+4 0.00000E+0 0.00000E+0 0.00000E+02367400203151 
 2583.      1.91774E-1 1.64584E+4 0.00000E+0 0.00000E+0 0.00000E+02367400203152 
 2583.      1.92665E-1 1.64203E+4 0.00000E+0 0.00000E+0 0.00000E+02367400203153 
 2583.      1.93562E-1 1.63822E+4 0.00000E+0 0.00000E+0 0.00000E+02367400203154 
 2583.      1.94465E-1 1.63442E+4 0.00000E+0 0.00000E+0 0.00000E+02367400203155 
 2583.      1.95375E-1 1.63061E+4 0.00000E+0 0.00000E+0 0.00000E+02367400203156 
 2583.      1.96291E-1 1.62680E+4 0.00000E+0 0.00000E+0 0.00000E+02367400203157 
 2583.      1.97213E-1 1.62299E+4 0.00000E+0 0.00000E+0 0.00000E+02367400203158 
 2583.      1.98142E-1 1.61919E+4 0.00000E+0 0.00000E+0 0.00000E+02367400203159 
 2583.      1.99078E-1 1.61538E+4 0.00000E+0 0.00000E+0 0.00000E+02367400203160 
 2583.      2.00020E-1 1.61157E+4 0.00000E+0 0.00000E+0 0.00000E+02367400203161 
 2583.      2.00969E-1 1.60776E+4 0.00000E+0 0.00000E+0 0.00000E+02367400203162 
 2583.      2.01924E-1 1.60395E+4 0.00000E+0 0.00000E+0 0.00000E+02367400203163 
 2583.      2.02887E-1 1.60015E+4 0.00000E+0 0.00000E+0 0.00000E+02367400203164 
 2583.      2.03856E-1 1.59634E+4 0.00000E+0 0.00000E+0 0.00000E+02367400203165 
 2583.      2.04832E-1 1.59253E+4 0.00000E+0 0.00000E+0 0.00000E+02367400203166 
 2583.      2.05815E-1 1.58872E+4 0.00000E+0 0.00000E+0 0.00000E+02367400203167 
 2583.      2.06806E-1 1.58492E+4 0.00000E+0 0.00000E+0 0.00000E+02367400203168 
 2583.      2.07803E-1 1.58111E+4 0.00000E+0 0.00000E+0 0.00000E+02367400203169 
 2583.      2.08808E-1 1.57730E+4 0.00000E+0 0.00000E+0 0.00000E+02367400203170 
 2583.      2.09820E-1 1.57349E+4 0.00000E+0 0.00000E+0 0.00000E+02367400203171 
 2583.      2.10840E-1 1.56969E+4 0.00000E+0 0.00000E+0 0.00000E+02367400203172 
 2583.      2.11867E-1 1.56588E+4 0.00000E+0 0.00000E+0 0.00000E+02367400203173 
 2583.      2.12901E-1 1.56207E+4 0.00000E+0 0.00000E+0 0.00000E+02367400203174 
 2583.      2.13943E-1 1.55826E+4 0.00000E+0 0.00000E+0 0.00000E+02367400203175 
 2583.      2.14993E-1 1.55446E+4 0.00000E+0 0.00000E+0 0.00000E+02367400203176 
 2583.      2.16051E-1 1.55065E+4 0.00000E+0 0.00000E+0 0.00000E+02367400203177 
 2583.      2.17116E-1 1.54684E+4 0.00000E+0 0.00000E+0 0.00000E+02367400203178 
 2583.      2.18189E-1 1.54303E+4 0.00000E+0 0.00000E+0 0.00000E+02367400203179 
 2583.      2.19270E-1 1.53922E+4 0.00000E+0 0.00000E+0 0.00000E+02367400203180 
 2583.      2.20360E-1 1.53542E+4 0.00000E+0 0.00000E+0 0.00000E+02367400203181 
 2583.      2.21457E-1 1.53161E+4 0.00000E+0 0.00000E+0 0.00000E+02367400203182 
 2583.      2.22563E-1 1.52780E+4 0.00000E+0 0.00000E+0 0.00000E+02367400203183 
 2583.      2.23677E-1 1.52399E+4 0.00000E+0 0.00000E+0 0.00000E+02367400203184 
 2583.      2.24799E-1 1.52019E+4 0.00000E+0 0.00000E+0 0.00000E+02367400203185 
 2583.      2.25930E-1 1.51638E+4 0.00000E+0 0.00000E+0 0.00000E+02367400203186 
 2583.      2.27069E-1 1.51257E+4 0.00000E+0 0.00000E+0 0.00000E+02367400203187 
 2583.      2.28217E-1 1.50876E+4 0.00000E+0 0.00000E+0 0.00000E+02367400203188 
 2583.      2.29374E-1 1.50496E+4 0.00000E+0 0.00000E+0 0.00000E+02367400203189 
 2583.      2.30539E-1 1.50115E+4 0.00000E+0 0.00000E+0 0.00000E+02367400203190 
 2583.      2.31714E-1 1.49734E+4 0.00000E+0 0.00000E+0 0.00000E+02367400203191 
 2583.      2.32897E-1 1.49353E+4 0.00000E+0 0.00000E+0 0.00000E+02367400203192 
 2583.      2.34089E-1 1.48973E+4 0.00000E+0 0.00000E+0 0.00000E+02367400203193 
 2583.      2.35291E-1 1.48592E+4 0.00000E+0 0.00000E+0 0.00000E+02367400203194 
 2583.      2.36502E-1 1.48211E+4 0.00000E+0 0.00000E+0 0.00000E+02367400203195 
 2583.      2.37722E-1 1.47830E+4 0.00000E+0 0.00000E+0 0.00000E+02367400203196 
 2583.      2.38952E-1 1.47450E+4 0.00000E+0 0.00000E+0 0.00000E+02367400203197 
 2583.      2.40192E-1 1.47069E+4 0.00000E+0 0.00000E+0 0.00000E+02367400203198 
 2583.      2.41441E-1 1.46688E+4 0.00000E+0 0.00000E+0 0.00000E+02367400203199 
 2583.      2.42699E-1 1.46307E+4 0.00000E+0 0.00000E+0 0.00000E+02367400203200 
 2583.      2.43968E-1 1.45926E+4 0.00000E+0 0.00000E+0 0.00000E+02367400203201 
 2583.      2.45247E-1 1.45546E+4 0.00000E+0 0.00000E+0 0.00000E+02367400203202 
 2583.      2.46536E-1 1.45165E+4 0.00000E+0 0.00000E+0 0.00000E+02367400203203 
 2583.      2.47835E-1 1.44784E+4 0.00000E+0 0.00000E+0 0.00000E+02367400203204 
 2583.      2.49144E-1 1.44403E+4 0.00000E+0 0.00000E+0 0.00000E+02367400203205 
 2583.      2.50463E-1 1.44023E+4 0.00000E+0 0.00000E+0 0.00000E+02367400203206 
 2583.      2.51793E-1 1.43642E+4 0.00000E+0 0.00000E+0 0.00000E+02367400203207 
 2583.      2.53134E-1 1.43261E+4 0.00000E+0 0.00000E+0 0.00000E+02367400203208 
 2583.      2.54486E-1 1.42880E+4 0.00000E+0 0.00000E+0 0.00000E+02367400203209 
 2583.      2.55848E-1 1.42500E+4 0.00000E+0 0.00000E+0 0.00000E+02367400203210 
 2583.      2.57221E-1 1.42119E+4 0.00000E+0 0.00000E+0 0.00000E+02367400203211 
 2583.      2.58606E-1 1.41738E+4 0.00000E+0 0.00000E+0 0.00000E+02367400203212 
 2583.      2.60001E-1 1.41357E+4 0.00000E+0 0.00000E+0 0.00000E+02367400203213 
 2583.      2.61408E-1 1.40977E+4 0.00000E+0 0.00000E+0 0.00000E+02367400203214 
 2583.      2.62827E-1 1.40596E+4 0.00000E+0 0.00000E+0 0.00000E+02367400203215 
 2583.      2.64257E-1 1.40215E+4 0.00000E+0 0.00000E+0 0.00000E+02367400203216 
 2583.      2.65699E-1 1.39834E+4 0.00000E+0 0.00000E+0 0.00000E+02367400203217 
 2583.      2.67152E-1 1.39454E+4 0.00000E+0 0.00000E+0 0.00000E+02367400203218 
 2583.      2.68618E-1 1.39073E+4 0.00000E+0 0.00000E+0 0.00000E+02367400203219 
 2583.      2.70095E-1 1.38692E+4 0.00000E+0 0.00000E+0 0.00000E+02367400203220 
 2583.      2.71585E-1 1.38311E+4 0.00000E+0 0.00000E+0 0.00000E+02367400203221 
 2583.      2.73087E-1 1.37930E+4 0.00000E+0 0.00000E+0 0.00000E+02367400203222 
 2583.      2.74602E-1 1.37550E+4 0.00000E+0 0.00000E+0 0.00000E+02367400203223 
 2583.      2.76129E-1 1.37169E+4 0.00000E+0 0.00000E+0 0.00000E+02367400203224 
 2583.      2.77669E-1 1.36788E+4 0.00000E+0 0.00000E+0 0.00000E+02367400203225 
 2583.      2.79222E-1 1.36407E+4 0.00000E+0 0.00000E+0 0.00000E+02367400203226 
 2583.      2.80788E-1 1.36027E+4 0.00000E+0 0.00000E+0 0.00000E+02367400203227 
 2583.      2.82368E-1 1.35646E+4 0.00000E+0 0.00000E+0 0.00000E+02367400203228 
 2583.      2.83960E-1 1.35265E+4 0.00000E+0 0.00000E+0 0.00000E+02367400203229 
 2583.      2.85566E-1 1.34884E+4 0.00000E+0 0.00000E+0 0.00000E+02367400203230 
 2583.      2.87186E-1 1.34504E+4 0.00000E+0 0.00000E+0 0.00000E+02367400203231 
 2583.      2.88820E-1 1.34123E+4 0.00000E+0 0.00000E+0 0.00000E+02367400203232 
 2583.      2.90467E-1 1.33742E+4 0.00000E+0 0.00000E+0 0.00000E+02367400203233 
 2583.      2.92129E-1 1.33361E+4 0.00000E+0 0.00000E+0 0.00000E+02367400203234 
 2583.      2.93805E-1 1.32981E+4 0.00000E+0 0.00000E+0 0.00000E+02367400203235 
 2583.      2.95496E-1 1.32600E+4 0.00000E+0 0.00000E+0 0.00000E+02367400203236 
 2583.      2.97201E-1 1.32219E+4 0.00000E+0 0.00000E+0 0.00000E+02367400203237 
 2583.      2.98921E-1 1.31838E+4 0.00000E+0 0.00000E+0 0.00000E+02367400203238 
 2583.      3.00656E-1 1.31458E+4 0.00000E+0 0.00000E+0 0.00000E+02367400203239 
 2583.      3.02406E-1 1.31077E+4 0.00000E+0 0.00000E+0 0.00000E+02367400203240 
 2583.      3.04172E-1 1.30696E+4 0.00000E+0 0.00000E+0 0.00000E+02367400203241 
 2583.      3.05953E-1 1.30315E+4 0.00000E+0 0.00000E+0 0.00000E+02367400203242 
 2583.      3.07749E-1 1.29934E+4 0.00000E+0 0.00000E+0 0.00000E+02367400203243 
 2583.      3.09562E-1 1.29554E+4 0.00000E+0 0.00000E+0 0.00000E+02367400203244 
 2583.      3.11390E-1 1.29173E+4 0.00000E+0 0.00000E+0 0.00000E+02367400203245 
 2583.      3.13235E-1 1.28792E+4 0.00000E+0 0.00000E+0 0.00000E+02367400203246 
 2583.      3.15096E-1 1.28411E+4 0.00000E+0 0.00000E+0 0.00000E+02367400203247 
 2583.      3.16974E-1 1.28031E+4 0.00000E+0 0.00000E+0 0.00000E+02367400203248 
 2583.      3.18869E-1 1.27650E+4 0.00000E+0 0.00000E+0 0.00000E+02367400203249 
 2583.      3.20781E-1 1.27269E+4 0.00000E+0 0.00000E+0 0.00000E+02367400203250 
 2583.      3.22710E-1 1.26888E+4 0.00000E+0 0.00000E+0 0.00000E+02367400203251 
 2583.      3.24657E-1 1.26508E+4 0.00000E+0 0.00000E+0 0.00000E+02367400203252 
 2583.      3.26621E-1 1.26127E+4 0.00000E+0 0.00000E+0 0.00000E+02367400203253 
 2583.      3.28603E-1 1.25746E+4 0.00000E+0 0.00000E+0 0.00000E+02367400203254 
 2583.      3.30603E-1 1.25365E+4 0.00000E+0 0.00000E+0 0.00000E+02367400203255 
 2583.      3.32621E-1 1.24985E+4 0.00000E+0 0.00000E+0 0.00000E+02367400203256 
 2583.      3.34659E-1 1.24604E+4 0.00000E+0 0.00000E+0 0.00000E+02367400203257 
 2583.      3.36714E-1 1.24223E+4 0.00000E+0 0.00000E+0 0.00000E+02367400203258 
 2583.      3.38789E-1 1.23842E+4 0.00000E+0 0.00000E+0 0.00000E+02367400203259 
 2583.      3.40883E-1 1.23461E+4 0.00000E+0 0.00000E+0 0.00000E+02367400203260 
 2583.      3.42997E-1 1.23081E+4 0.00000E+0 0.00000E+0 0.00000E+02367400203261 
 2583.      3.45130E-1 1.22700E+4 0.00000E+0 0.00000E+0 0.00000E+02367400203262 
 2583.      3.47283E-1 1.22319E+4 0.00000E+0 0.00000E+0 0.00000E+02367400203263 
 2583.      3.49457E-1 1.21938E+4 0.00000E+0 0.00000E+0 0.00000E+02367400203264 
 2583.      3.51651E-1 1.21558E+4 0.00000E+0 0.00000E+0 0.00000E+02367400203265 
 2583.      3.53865E-1 1.21177E+4 0.00000E+0 0.00000E+0 0.00000E+02367400203266 
 2583.      3.56101E-1 1.20796E+4 0.00000E+0 0.00000E+0 0.00000E+02367400203267 
 2583.      3.58358E-1 1.20415E+4 0.00000E+0 0.00000E+0 0.00000E+02367400203268 
 2583.      3.60636E-1 1.20035E+4 0.00000E+0 0.00000E+0 0.00000E+02367400203269 
 2583.      3.62936E-1 1.19654E+4 0.00000E+0 0.00000E+0 0.00000E+02367400203270 
 2583.      3.65259E-1 1.19273E+4 0.00000E+0 0.00000E+0 0.00000E+02367400203271 
 2583.      3.67603E-1 1.18892E+4 0.00000E+0 0.00000E+0 0.00000E+02367400203272 
 2583.      3.69971E-1 1.18512E+4 0.00000E+0 0.00000E+0 0.00000E+02367400203273 
 2583.      3.72361E-1 1.18131E+4 0.00000E+0 0.00000E+0 0.00000E+02367400203274 
 2583.      3.74774E-1 1.17750E+4 0.00000E+0 0.00000E+0 0.00000E+02367400203275 
 2583.      3.77211E-1 1.17369E+4 0.00000E+0 0.00000E+0 0.00000E+02367400203276 
 2583.      3.79672E-1 1.16989E+4 0.00000E+0 0.00000E+0 0.00000E+02367400203277 
 2583.      3.82157E-1 1.16608E+4 0.00000E+0 0.00000E+0 0.00000E+02367400203278 
 2583.      3.84667E-1 1.16227E+4 0.00000E+0 0.00000E+0 0.00000E+02367400203279 
 2583.      3.87201E-1 1.15846E+4 0.00000E+0 0.00000E+0 0.00000E+02367400203280 
 2583.      3.89761E-1 1.15465E+4 0.00000E+0 0.00000E+0 0.00000E+02367400203281 
 2583.      3.92346E-1 1.15085E+4 0.00000E+0 0.00000E+0 0.00000E+02367400203282 
 2583.      3.94957E-1 1.14704E+4 0.00000E+0 0.00000E+0 0.00000E+02367400203283 
 2583.      3.97594E-1 1.14323E+4 0.00000E+0 0.00000E+0 0.00000E+02367400203284 
 2583.      4.00257E-1 1.13942E+4 0.00000E+0 0.00000E+0 0.00000E+02367400203285 
 2583.      4.02947E-1 1.13562E+4 0.00000E+0 0.00000E+0 0.00000E+02367400203286 
 2583.      4.05665E-1 1.13181E+4 0.00000E+0 0.00000E+0 0.00000E+02367400203287 
 2583.      4.08410E-1 1.12800E+4 0.00000E+0 0.00000E+0 0.00000E+02367400203288 
 2583.      4.11183E-1 1.12419E+4 0.00000E+0 0.00000E+0 0.00000E+02367400203289 
 2583.      4.13984E-1 1.12039E+4 0.00000E+0 0.00000E+0 0.00000E+02367400203290 
 2583.      4.16815E-1 1.11658E+4 0.00000E+0 0.00000E+0 0.00000E+02367400203291 
 2583.      4.19674E-1 1.11277E+4 0.00000E+0 0.00000E+0 0.00000E+02367400203292 
 2583.      4.22563E-1 1.10896E+4 0.00000E+0 0.00000E+0 0.00000E+02367400203293 
 2583.      4.25481E-1 1.10516E+4 0.00000E+0 0.00000E+0 0.00000E+02367400203294 
 2583.      4.28430E-1 1.10135E+4 0.00000E+0 0.00000E+0 0.00000E+02367400203295 
 2583.      4.31410E-1 1.09754E+4 0.00000E+0 0.00000E+0 0.00000E+02367400203296 
 2583.      4.34421E-1 1.09373E+4 0.00000E+0 0.00000E+0 0.00000E+02367400203297 
 2583.      4.37464E-1 1.08992E+4 0.00000E+0 0.00000E+0 0.00000E+02367400203298 
 2583.      4.40539E-1 1.08612E+4 0.00000E+0 0.00000E+0 0.00000E+02367400203299 
 2583.      4.43646E-1 1.08231E+4 0.00000E+0 0.00000E+0 0.00000E+02367400203300 
 2583.      4.46787E-1 1.07850E+4 0.00000E+0 0.00000E+0 0.00000E+02367400203301 
 2583.      4.49960E-1 1.07469E+4 0.00000E+0 0.00000E+0 0.00000E+02367400203302 
 2583.      4.53168E-1 1.07089E+4 0.00000E+0 0.00000E+0 0.00000E+02367400203303 
 2583.      4.56410E-1 1.06708E+4 0.00000E+0 0.00000E+0 0.00000E+02367400203304 
 2583.      4.59687E-1 1.06327E+4 0.00000E+0 0.00000E+0 0.00000E+02367400203305 
 2583.      4.63000E-1 1.05946E+4 0.00000E+0 0.00000E+0 0.00000E+02367400203306 
 2583.      4.66348E-1 1.05566E+4 0.00000E+0 0.00000E+0 0.00000E+02367400203307 
 2583.      4.69733E-1 1.05185E+4 0.00000E+0 0.00000E+0 0.00000E+02367400203308 
 2583.      4.73155E-1 1.04804E+4 0.00000E+0 0.00000E+0 0.00000E+02367400203309 
 2583.      4.76615E-1 1.04423E+4 0.00000E+0 0.00000E+0 0.00000E+02367400203310 
 2583.      4.80112E-1 1.04043E+4 0.00000E+0 0.00000E+0 0.00000E+02367400203311 
 2583.      4.83649E-1 1.03662E+4 0.00000E+0 0.00000E+0 0.00000E+02367400203312 
 2583.      4.87224E-1 1.03281E+4 0.00000E+0 0.00000E+0 0.00000E+02367400203313 
 2583.      4.90839E-1 1.02900E+4 0.00000E+0 0.00000E+0 0.00000E+02367400203314 
 2583.      4.94495E-1 1.02520E+4 0.00000E+0 0.00000E+0 0.00000E+02367400203315 
 2583.      4.98192E-1 1.02139E+4 0.00000E+0 0.00000E+0 0.00000E+02367400203316 
 2583.      5.01930E-1 1.01758E+4 0.00000E+0 0.00000E+0 0.00000E+02367400203317 
 2583.      5.05711E-1 1.01377E+4 0.00000E+0 0.00000E+0 0.00000E+02367400203318 
 2583.      5.09534E-1 1.00996E+4 0.00000E+0 0.00000E+0 0.00000E+02367400203319 
 2583.      5.13401E-1 1.00616E+4 0.00000E+0 0.00000E+0 0.00000E+02367400203320 
 2583.      5.17312E-1 1.00235E+4 0.00000E+0 0.00000E+0 0.00000E+02367400203321 
 2583.      5.21268E-1 9.98542E+3 0.00000E+0 0.00000E+0 0.00000E+02367400203322 
 2583.      5.25270E-1 9.94734E+3 0.00000E+0 0.00000E+0 0.00000E+02367400203323 
 2583.      5.29318E-1 9.90926E+3 0.00000E+0 0.00000E+0 0.00000E+02367400203324 
 2583.      5.33413E-1 9.87119E+3 0.00000E+0 0.00000E+0 0.00000E+02367400203325 
 2583.      5.37555E-1 9.83311E+3 0.00000E+0 0.00000E+0 0.00000E+02367400203326 
 2583.      5.41746E-1 9.79503E+3 0.00000E+0 0.00000E+0 0.00000E+02367400203327 
 2583.      5.45986E-1 9.75696E+3 0.00000E+0 0.00000E+0 0.00000E+02367400203328 
 2583.      5.50277E-1 9.71888E+3 0.00000E+0 0.00000E+0 0.00000E+02367400203329 
 2583.      5.54618E-1 9.68081E+3 0.00000E+0 0.00000E+0 0.00000E+02367400203330 
 2583.      5.59010E-1 9.64273E+3 0.00000E+0 0.00000E+0 0.00000E+02367400203331 
 2583.      5.63455E-1 9.60465E+3 0.00000E+0 0.00000E+0 0.00000E+02367400203332 
 2583.      5.67954E-1 9.56658E+3 0.00000E+0 0.00000E+0 0.00000E+02367400203333 
 2583.      5.72506E-1 9.52850E+3 0.00000E+0 0.00000E+0 0.00000E+02367400203334 
 2583.      5.77113E-1 9.49042E+3 0.00000E+0 0.00000E+0 0.00000E+02367400203335 
 2583.      5.81776E-1 9.45235E+3 0.00000E+0 0.00000E+0 0.00000E+02367400203336 
 2583.      5.86496E-1 9.41427E+3 0.00000E+0 0.00000E+0 0.00000E+02367400203337 
 2583.      5.91274E-1 9.37619E+3 0.00000E+0 0.00000E+0 0.00000E+02367400203338 
 2583.      5.96110E-1 9.33812E+3 0.00000E+0 0.00000E+0 0.00000E+02367400203339 
 2583.      6.01006E-1 9.30004E+3 0.00000E+0 0.00000E+0 0.00000E+02367400203340 
 2583.      6.05963E-1 9.26197E+3 0.00000E+0 0.00000E+0 0.00000E+02367400203341 
 2583.      6.10981E-1 9.22389E+3 0.00000E+0 0.00000E+0 0.00000E+02367400203342 
 2583.      6.16062E-1 9.18581E+3 0.00000E+0 0.00000E+0 0.00000E+02367400203343 
 2583.      6.21206E-1 9.14774E+3 0.00000E+0 0.00000E+0 0.00000E+02367400203344 
 2583.      6.26415E-1 9.10966E+3 0.00000E+0 0.00000E+0 0.00000E+02367400203345 
 2583.      6.31690E-1 9.07158E+3 0.00000E+0 0.00000E+0 0.00000E+02367400203346 
 2583.      6.37032E-1 9.03351E+3 0.00000E+0 0.00000E+0 0.00000E+02367400203347 
 2583.      6.42442E-1 8.99543E+3 0.00000E+0 0.00000E+0 0.00000E+02367400203348 
 2583.      6.47921E-1 8.95735E+3 0.00000E+0 0.00000E+0 0.00000E+02367400203349 
 2583.      6.53470E-1 8.91928E+3 0.00000E+0 0.00000E+0 0.00000E+02367400203350 
 2583.      6.59091E-1 8.88120E+3 0.00000E+0 0.00000E+0 0.00000E+02367400203351 
 2583.      6.64785E-1 8.84312E+3 0.00000E+0 0.00000E+0 0.00000E+02367400203352 
 2583.      6.70554E-1 8.80505E+3 0.00000E+0 0.00000E+0 0.00000E+02367400203353 
 2583.      6.76397E-1 8.76697E+3 0.00000E+0 0.00000E+0 0.00000E+02367400203354 
 2583.      6.82318E-1 8.72890E+3 0.00000E+0 0.00000E+0 0.00000E+02367400203355 
 2583.      6.88316E-1 8.69082E+3 0.00000E+0 0.00000E+0 0.00000E+02367400203356 
 2583.      6.94394E-1 8.65274E+3 0.00000E+0 0.00000E+0 0.00000E+02367400203357 
 2583.      7.00553E-1 8.61467E+3 0.00000E+0 0.00000E+0 0.00000E+02367400203358 
 2583.      7.06794E-1 8.57659E+3 0.00000E+0 0.00000E+0 0.00000E+02367400203359 
 2583.      7.13119E-1 8.53851E+3 0.00000E+0 0.00000E+0 0.00000E+02367400203360 
 2583.      7.19529E-1 8.50044E+3 0.00000E+0 0.00000E+0 0.00000E+02367400203361 
 2583.      7.26026E-1 8.46236E+3 0.00000E+0 0.00000E+0 0.00000E+02367400203362 
 2583.      7.32612E-1 8.42428E+3 0.00000E+0 0.00000E+0 0.00000E+02367400203363 
 2583.      7.39288E-1 8.38621E+3 0.00000E+0 0.00000E+0 0.00000E+02367400203364 
 2583.      7.46055E-1 8.34813E+3 0.00000E+0 0.00000E+0 0.00000E+02367400203365 
 2583.      7.52916E-1 8.31005E+3 0.00000E+0 0.00000E+0 0.00000E+02367400203366 
 2583.      7.59871E-1 8.27198E+3 0.00000E+0 0.00000E+0 0.00000E+02367400203367 
 2583.      7.66924E-1 8.23390E+3 0.00000E+0 0.00000E+0 0.00000E+02367400203368 
 2583.      7.74076E-1 8.19583E+3 0.00000E+0 0.00000E+0 0.00000E+02367400203369 
 2583.      7.81327E-1 8.15775E+3 0.00000E+0 0.00000E+0 0.00000E+02367400203370 
 2583.      7.88682E-1 8.11967E+3 0.00000E+0 0.00000E+0 0.00000E+02367400203371 
 2583.      7.96141E-1 8.08160E+3 0.00000E+0 0.00000E+0 0.00000E+02367400203372 
 2583.      8.03706E-1 8.04352E+3 0.00000E+0 0.00000E+0 0.00000E+02367400203373 
 2583.      8.11379E-1 8.00544E+3 0.00000E+0 0.00000E+0 0.00000E+02367400203374 
 2583.      8.19163E-1 7.96737E+3 0.00000E+0 0.00000E+0 0.00000E+02367400203375 
 2583.      8.27060E-1 7.92929E+3 0.00000E+0 0.00000E+0 0.00000E+02367400203376 
 2583.      8.35071E-1 7.89121E+3 0.00000E+0 0.00000E+0 0.00000E+02367400203377 
 2583.      8.43199E-1 7.85314E+3 0.00000E+0 0.00000E+0 0.00000E+02367400203378 
 2583.      8.51447E-1 7.81506E+3 0.00000E+0 0.00000E+0 0.00000E+02367400203379 
 2583.      8.59816E-1 7.77698E+3 0.00000E+0 0.00000E+0 0.00000E+02367400203380 
 2583.      8.68310E-1 7.73891E+3 0.00000E+0 0.00000E+0 0.00000E+02367400203381 
 2583.      8.76930E-1 7.70083E+3 0.00000E+0 0.00000E+0 0.00000E+02367400203382 
 2583.      8.85679E-1 7.66275E+3 0.00000E+0 0.00000E+0 0.00000E+02367400203383 
 2583.      8.94559E-1 7.62468E+3 0.00000E+0 0.00000E+0 0.00000E+02367400203384 
 2583.      9.03574E-1 7.58660E+3 0.00000E+0 0.00000E+0 0.00000E+02367400203385 
 2583.      9.12726E-1 7.54853E+3 0.00000E+0 0.00000E+0 0.00000E+02367400203386 
 2583.      9.22018E-1 7.51045E+3 0.00000E+0 0.00000E+0 0.00000E+02367400203387 
 2583.      9.31453E-1 7.47237E+3 0.00000E+0 0.00000E+0 0.00000E+02367400203388 
 2583.      9.41033E-1 7.43430E+3 0.00000E+0 0.00000E+0 0.00000E+02367400203389 
 2583.      9.50761E-1 7.39622E+3 0.00000E+0 0.00000E+0 0.00000E+02367400203390 
 2583.      9.60642E-1 7.35814E+3 0.00000E+0 0.00000E+0 0.00000E+02367400203391 
 2583.      9.70677E-1 7.32007E+3 0.00000E+0 0.00000E+0 0.00000E+02367400203392 
 2583.      9.80871E-1 7.28199E+3 0.00000E+0 0.00000E+0 0.00000E+02367400203393 
 2583.      9.91226E-1 7.24391E+3 0.00000E+0 0.00000E+0 0.00000E+02367400203394 
 2583.      1.00175E+0 7.20584E+3 0.00000E+0 0.00000E+0 0.00000E+02367400203395 
 2583.      1.01243E+0 7.16776E+3 0.00000E+0 0.00000E+0 0.00000E+02367400203396 
 2583.      1.02330E+0 7.12968E+3 0.00000E+0 0.00000E+0 0.00000E+02367400203397 
 2583.      1.03433E+0 7.09161E+3 0.00000E+0 0.00000E+0 0.00000E+02367400203398 
 2583.      1.04555E+0 7.05353E+3 0.00000E+0 0.00000E+0 0.00000E+02367400203399 
 2583.      1.05695E+0 7.01545E+3 0.00000E+0 0.00000E+0 0.00000E+02367400203400 
 2583.      1.06853E+0 6.97738E+3 0.00000E+0 0.00000E+0 0.00000E+02367400203401 
 2583.      1.08031E+0 6.93930E+3 0.00000E+0 0.00000E+0 0.00000E+02367400203402 
 2583.      1.09229E+0 6.90122E+3 0.00000E+0 0.00000E+0 0.00000E+02367400203403 
 2583.      1.10446E+0 6.86315E+3 0.00000E+0 0.00000E+0 0.00000E+02367400203404 
 2583.      1.11684E+0 6.82507E+3 0.00000E+0 0.00000E+0 0.00000E+02367400203405 
 2583.      1.12943E+0 6.78699E+3 0.00000E+0 0.00000E+0 0.00000E+02367400203406 
 2583.      1.14224E+0 6.74892E+3 0.00000E+0 0.00000E+0 0.00000E+02367400203407 
 2583.      1.15526E+0 6.71084E+3 0.00000E+0 0.00000E+0 0.00000E+02367400203408 
 2583.      1.16850E+0 6.67276E+3 0.00000E+0 0.00000E+0 0.00000E+02367400203409 
 2583.      1.18198E+0 6.63469E+3 0.00000E+0 0.00000E+0 0.00000E+02367400203410 
 2583.      1.19569E+0 6.59661E+3 0.00000E+0 0.00000E+0 0.00000E+02367400203411 
 2583.      1.20964E+0 6.55853E+3 0.00000E+0 0.00000E+0 0.00000E+02367400203412 
 2583.      1.22384E+0 6.52046E+3 0.00000E+0 0.00000E+0 0.00000E+02367400203413 
 2583.      1.23829E+0 6.48238E+3 0.00000E+0 0.00000E+0 0.00000E+02367400203414 
 2583.      1.25299E+0 6.44430E+3 0.00000E+0 0.00000E+0 0.00000E+02367400203415 
 2583.      1.26796E+0 6.40623E+3 0.00000E+0 0.00000E+0 0.00000E+02367400203416 
 2583.      1.28320E+0 6.36815E+3 0.00000E+0 0.00000E+0 0.00000E+02367400203417 
 2583.      1.29872E+0 6.33007E+3 0.00000E+0 0.00000E+0 0.00000E+02367400203418 
 2583.      1.31452E+0 6.29200E+3 0.00000E+0 0.00000E+0 0.00000E+02367400203419 
 2583.      1.33061E+0 6.25392E+3 0.00000E+0 0.00000E+0 0.00000E+02367400203420 
 2583.      1.34699E+0 6.21584E+3 0.00000E+0 0.00000E+0 0.00000E+02367400203421 
 2583.      1.36368E+0 6.17777E+3 0.00000E+0 0.00000E+0 0.00000E+02367400203422 
 2583.      1.38069E+0 6.13969E+3 0.00000E+0 0.00000E+0 0.00000E+02367400203423 
 2583.      1.39801E+0 6.10161E+3 0.00000E+0 0.00000E+0 0.00000E+02367400203424 
 2583.      1.41567E+0 6.06354E+3 0.00000E+0 0.00000E+0 0.00000E+02367400203425 
 2583.      1.43366E+0 6.02546E+3 0.00000E+0 0.00000E+0 0.00000E+02367400203426 
 2583.      1.45199E+0 5.98738E+3 0.00000E+0 0.00000E+0 0.00000E+02367400203427 
 2583.      1.47068E+0 5.94931E+3 0.00000E+0 0.00000E+0 0.00000E+02367400203428 
 2583.      1.48973E+0 5.91123E+3 0.00000E+0 0.00000E+0 0.00000E+02367400203429 
 2583.      1.50916E+0 5.87315E+3 0.00000E+0 0.00000E+0 0.00000E+02367400203430 
 2583.      1.52897E+0 5.83508E+3 0.00000E+0 0.00000E+0 0.00000E+02367400203431 
 2583.      1.54917E+0 5.79700E+3 0.00000E+0 0.00000E+0 0.00000E+02367400203432 
 2583.      1.56977E+0 5.75892E+3 0.00000E+0 0.00000E+0 0.00000E+02367400203433 
 2583.      1.59079E+0 5.72085E+3 0.00000E+0 0.00000E+0 0.00000E+02367400203434 
 2583.      1.61224E+0 5.68277E+3 0.00000E+0 0.00000E+0 0.00000E+02367400203435 
 2583.      1.63412E+0 5.64469E+3 0.00000E+0 0.00000E+0 0.00000E+02367400203436 
 2583.      1.65645E+0 5.60662E+3 0.00000E+0 0.00000E+0 0.00000E+02367400203437 
 2583.      1.67924E+0 5.56854E+3 0.00000E+0 0.00000E+0 0.00000E+02367400203438 
 2583.      1.70251E+0 5.53046E+3 0.00000E+0 0.00000E+0 0.00000E+02367400203439 
 2583.      1.72626E+0 5.49239E+3 0.00000E+0 0.00000E+0 0.00000E+02367400203440 
 2583.      1.75051E+0 5.45431E+3 0.00000E+0 0.00000E+0 0.00000E+02367400203441 
 2583.      1.77528E+0 5.41623E+3 0.00000E+0 0.00000E+0 0.00000E+02367400203442 
 2583.      1.80058E+0 5.37816E+3 0.00000E+0 0.00000E+0 0.00000E+02367400203443 
 2583.      1.82643E+0 5.34008E+3 0.00000E+0 0.00000E+0 0.00000E+02367400203444 
 2583.      1.85283E+0 5.30200E+3 0.00000E+0 0.00000E+0 0.00000E+02367400203445 
 2583.      1.87981E+0 5.26392E+3 0.00000E+0 0.00000E+0 0.00000E+02367400203446 
 2583.      1.90739E+0 5.22585E+3 0.00000E+0 0.00000E+0 0.00000E+02367400203447 
 2583.      1.93558E+0 5.18777E+3 0.00000E+0 0.00000E+0 0.00000E+02367400203448 
 2583.      1.96440E+0 5.14969E+3 0.00000E+0 0.00000E+0 0.00000E+02367400203449 
 2583.      1.99387E+0 5.11162E+3 0.00000E+0 0.00000E+0 0.00000E+02367400203450 
 2583.      2.02401E+0 5.07354E+3 0.00000E+0 0.00000E+0 0.00000E+02367400203451 
 2583.      2.05483E+0 5.03546E+3 0.00000E+0 0.00000E+0 0.00000E+02367400203452 
 2583.      2.08637E+0 4.99739E+3 0.00000E+0 0.00000E+0 0.00000E+02367400203453 
 2583.      2.11864E+0 4.95931E+3 0.00000E+0 0.00000E+0 0.00000E+02367400203454 
 2583.      2.15166E+0 4.92123E+3 0.00000E+0 0.00000E+0 0.00000E+02367400203455 
 2583.      2.18547E+0 4.88315E+3 0.00000E+0 0.00000E+0 0.00000E+02367400203456 
 2583.      2.22008E+0 4.84508E+3 0.00000E+0 0.00000E+0 0.00000E+02367400203457 
 2583.      2.25551E+0 4.80700E+3 0.00000E+0 0.00000E+0 0.00000E+02367400203458 
 2583.      2.29181E+0 4.76892E+3 0.00000E+0 0.00000E+0 0.00000E+02367400203459 
 2583.      2.32899E+0 4.73085E+3 0.00000E+0 0.00000E+0 0.00000E+02367400203460 
 2583.      2.36708E+0 4.69277E+3 0.00000E+0 0.00000E+0 0.00000E+02367400203461 
 2583.      2.40611E+0 4.65469E+3 0.00000E+0 0.00000E+0 0.00000E+02367400203462 
 2583.      2.44612E+0 4.61662E+3 0.00000E+0 0.00000E+0 0.00000E+02367400203463 
 2583.      2.48714E+0 4.57854E+3 0.00000E+0 0.00000E+0 0.00000E+02367400203464 
 2583.      2.52920E+0 4.54046E+3 0.00000E+0 0.00000E+0 0.00000E+02367400203465 
 2583.      2.57234E+0 4.50238E+3 0.00000E+0 0.00000E+0 0.00000E+02367400203466 
 2583.      2.61659E+0 4.46431E+3 0.00000E+0 0.00000E+0 0.00000E+02367400203467 
 2583.      2.66199E+0 4.42623E+3 0.00000E+0 0.00000E+0 0.00000E+02367400203468 
 2583.      2.70859E+0 4.38815E+3 0.00000E+0 0.00000E+0 0.00000E+02367400203469 
 2583.      2.78131E+0 4.33066E+3 7.32089E-5 1.14222E+2 7.03371E+02367400203470 
 2583.      2.88224E+0 4.25450E+3 2.14283E-4 1.72567E+2 7.03371E+02367400203471 
 2583.      2.96105E+0 4.19777E+3 0.00000E+0 0.00000E+0 0.00000E+02367400203472 
 2583.      3.16678E+0 4.05978E+3 1.29042E-3 2.64971E+1 7.03371E+02367400203473 
 2583.      3.41230E+0 3.91176E+3 3.16578E-3 2.21221E+1 7.03371E+02367400203474 
 2583.      3.54994E+0 3.83560E+3 8.94421E-3 1.35861E+1 7.03371E+02367400203475 
 2583.      3.69610E+0 3.75944E+3 7.93844E-3 1.56018E+1 7.03371E+02367400203476 
 2583.      3.93681E+0 3.64339E+3 2.96808E-3 2.29374E+1 7.03371E+02367400203477 
 2583.      4.19325E+0 3.53094E+3 5.33199E-3 2.34892E+1 7.03371E+02367400203478 
 2583.      4.38149E+0 3.45478E+3 6.47130E-3 2.22160E+1 7.03371E+02367400203479 
 2583.      4.58274E+0 3.37861E+3 1.25438E-2 1.33443E+1 7.03371E+02367400203480 
 2583.      4.79821E+0 3.30244E+3 1.30700E-2 1.27994E+1 7.03371E+02367400203481 
 2583.      5.02929E+0 3.22627E+3 8.55048E-3 1.77621E+1 7.03371E+02367400203482 
 2583.      5.34548E+0 3.13018E+3 6.82554E-3 1.91909E+1 7.03371E+02367400203483 
 2583.      5.68592E+0 3.03585E+3 1.15133E-2 1.44440E+1 7.08460E+02367400203484 
 2583.      5.98519E+0 2.95968E+3 1.16563E-2 1.47033E+1 7.13371E+02367400203485 
 2583.      6.30882E+0 2.88350E+3 1.18056E-2 1.48746E+1 7.13371E+02367400203486 
 2583.      6.75663E+0 2.78730E+3 6.95321E-3 1.98348E+1 7.13371E+02367400203487 
 2583.      7.24331E+0 2.69307E+3 7.39462E-3 2.48687E+1 7.13371E+02367400203488 
 2583.      7.79724E+0 2.59678E+3 8.36719E-3 1.95858E+1 7.13371E+02367400203489 
 2583.      8.40306E+0 2.50262E+3 8.26511E-3 2.42320E+1 7.13371E+02367400203490 
 2583.      9.26046E+0 2.38557E+3 7.08159E-3 2.31046E+1 7.13371E+02367400203491 
 2583.      1.08001E+1 2.21167E+3 6.59052E-3 2.43268E+1 7.14932E+02367400203492 
 2583.      1.32785E+1 1.99852E+3 4.31169E-3 3.93793E+1 7.10248E+02367400203493 
 2583.      1.70540E+1 1.76869E+3 5.06888E-3 3.46330E+1 7.17835E+02367400203494 
ENDDATA           3485          0                                 2367400203495 
ENDSUBENT         3494          0                                 2367400299999 
SUBENT        23674003   20251215                             23232367400300001 
BIB                  3          7                                 2367400300002 
REACTION   (9-F-19(N,INL)9-F-19,PAR,SIG)                          2367400300003 
ANALYSIS   Sum of the gamma production cross sections for the     2367400300004 
            transition from the level minus sum of the gamma      2367400300005 
            production cross sections for the transitions feeding 2367400300006 
            the level                                             2367400300007 
STATUS     (TABLE,,J.K.Knijpstra+,J,EPJ/A,61,233,2025) Fig.5      2367400300008 
           (DEP,23674002) gamma production dataset                2367400300009 
ENDBIB               7          0                                 2367400300010 
NOCOMMON             0          0                                 2367400300011 
DATA                 6       4190                                 2367400300012 
E          EN         TOF        DATA       ERR-S      ERR-SYS    2367400300013 
KEV        MEV        NSEC       B          PER-CENT   PER-CENT   2367400300014 
  110.      6.38142E-2 2.85285E+4 0.00000E+0 0.00000E+0 0.00000E+02367400300015 
  110.      6.39851E-2 2.84904E+4 0.00000E+0 0.00000E+0 0.00000E+02367400300016 
  110.      6.41565E-2 2.84523E+4 0.00000E+0 0.00000E+0 0.00000E+02367400300017 
  110.      6.43286E-2 2.84143E+4 0.00000E+0 0.00000E+0 0.00000E+02367400300018 
  110.      6.45013E-2 2.83762E+4 0.00000E+0 0.00000E+0 0.00000E+02367400300019 
  110.      6.46748E-2 2.83381E+4 0.00000E+0 0.00000E+0 0.00000E+02367400300020 
  110.      6.48490E-2 2.83000E+4 0.00000E+0 0.00000E+0 0.00000E+02367400300021 
  110.      6.50238E-2 2.82620E+4 0.00000E+0 0.00000E+0 0.00000E+02367400300022 
  110.      6.51994E-2 2.82239E+4 0.00000E+0 0.00000E+0 0.00000E+02367400300023 
  110.      6.53757E-2 2.81858E+4 0.00000E+0 0.00000E+0 0.00000E+02367400300024 
  110.      6.55527E-2 2.81477E+4 0.00000E+0 0.00000E+0 0.00000E+02367400300025 
  110.      6.57304E-2 2.81097E+4 0.00000E+0 0.00000E+0 0.00000E+02367400300026 
  110.      6.59089E-2 2.80716E+4 0.00000E+0 0.00000E+0 0.00000E+02367400300027 
  110.      6.60881E-2 2.80335E+4 0.00000E+0 0.00000E+0 0.00000E+02367400300028 
  110.      6.62680E-2 2.79954E+4 0.00000E+0 0.00000E+0 0.00000E+02367400300029 
  110.      6.64486E-2 2.79574E+4 0.00000E+0 0.00000E+0 0.00000E+02367400300030 
  110.      6.66300E-2 2.79193E+4 0.00000E+0 0.00000E+0 0.00000E+02367400300031 
  110.      6.68122E-2 2.78812E+4 0.00000E+0 0.00000E+0 0.00000E+02367400300032 
  110.      6.69951E-2 2.78431E+4 0.00000E+0 0.00000E+0 0.00000E+02367400300033 
  110.      6.71787E-2 2.78050E+4 0.00000E+0 0.00000E+0 0.00000E+02367400300034 
  110.      6.73631E-2 2.77670E+4 0.00000E+0 0.00000E+0 0.00000E+02367400300035 
  110.      6.75482E-2 2.77289E+4 0.00000E+0 0.00000E+0 0.00000E+02367400300036 
  110.      6.77341E-2 2.76908E+4 0.00000E+0 0.00000E+0 0.00000E+02367400300037 
  110.      6.79208E-2 2.76527E+4 0.00000E+0 0.00000E+0 0.00000E+02367400300038 
  110.      6.81083E-2 2.76147E+4 0.00000E+0 0.00000E+0 0.00000E+02367400300039 
  110.      6.82965E-2 2.75766E+4 0.00000E+0 0.00000E+0 0.00000E+02367400300040 
  110.      6.84855E-2 2.75385E+4 0.00000E+0 0.00000E+0 0.00000E+02367400300041 
  110.      6.86753E-2 2.75004E+4 0.00000E+0 0.00000E+0 0.00000E+02367400300042 
  110.      6.88659E-2 2.74624E+4 0.00000E+0 0.00000E+0 0.00000E+02367400300043 
  110.      6.90573E-2 2.74243E+4 0.00000E+0 0.00000E+0 0.00000E+02367400300044 
  110.      6.92494E-2 2.73862E+4 0.00000E+0 0.00000E+0 0.00000E+02367400300045 
  110.      6.94424E-2 2.73481E+4 0.00000E+0 0.00000E+0 0.00000E+02367400300046 
  110.      6.96362E-2 2.73101E+4 0.00000E+0 0.00000E+0 0.00000E+02367400300047 
  110.      6.98308E-2 2.72720E+4 0.00000E+0 0.00000E+0 0.00000E+02367400300048 
  110.      7.00262E-2 2.72339E+4 0.00000E+0 0.00000E+0 0.00000E+02367400300049 
  110.      7.02225E-2 2.71958E+4 0.00000E+0 0.00000E+0 0.00000E+02367400300050 
  110.      7.04196E-2 2.71577E+4 0.00000E+0 0.00000E+0 0.00000E+02367400300051 
  110.      7.06175E-2 2.71197E+4 0.00000E+0 0.00000E+0 0.00000E+02367400300052 
  110.      7.08162E-2 2.70816E+4 0.00000E+0 0.00000E+0 0.00000E+02367400300053 
  110.      7.10158E-2 2.70435E+4 0.00000E+0 0.00000E+0 0.00000E+02367400300054 
  110.      7.12162E-2 2.70054E+4 0.00000E+0 0.00000E+0 0.00000E+02367400300055 
  110.      7.14175E-2 2.69674E+4 0.00000E+0 0.00000E+0 0.00000E+02367400300056 
  110.      7.16196E-2 2.69293E+4 0.00000E+0 0.00000E+0 0.00000E+02367400300057 
  110.      7.18226E-2 2.68912E+4 0.00000E+0 0.00000E+0 0.00000E+02367400300058 
  110.      7.20264E-2 2.68531E+4 0.00000E+0 0.00000E+0 0.00000E+02367400300059 
  110.      7.22311E-2 2.68151E+4 0.00000E+0 0.00000E+0 0.00000E+02367400300060 
  110.      7.24367E-2 2.67770E+4 0.00000E+0 0.00000E+0 0.00000E+02367400300061 
  110.      7.26432E-2 2.67389E+4 0.00000E+0 0.00000E+0 0.00000E+02367400300062 
  110.      7.28506E-2 2.67008E+4 0.00000E+0 0.00000E+0 0.00000E+02367400300063 
  110.      7.30588E-2 2.66628E+4 0.00000E+0 0.00000E+0 0.00000E+02367400300064 
  110.      7.32679E-2 2.66247E+4 0.00000E+0 0.00000E+0 0.00000E+02367400300065 
  110.      7.34780E-2 2.65866E+4 0.00000E+0 0.00000E+0 0.00000E+02367400300066 
  110.      7.36889E-2 2.65485E+4 0.00000E+0 0.00000E+0 0.00000E+02367400300067 
  110.      7.39007E-2 2.65105E+4 0.00000E+0 0.00000E+0 0.00000E+02367400300068 
  110.      7.41135E-2 2.64724E+4 0.00000E+0 0.00000E+0 0.00000E+02367400300069 
  110.      7.43272E-2 2.64343E+4 0.00000E+0 0.00000E+0 0.00000E+02367400300070 
  110.      7.45419E-2 2.63962E+4 0.00000E+0 0.00000E+0 0.00000E+02367400300071 
  110.      7.47574E-2 2.63582E+4 0.00000E+0 0.00000E+0 0.00000E+02367400300072 
  110.      7.49738E-2 2.63201E+4 0.00000E+0 0.00000E+0 0.00000E+02367400300073 
  110.      7.51912E-2 2.62820E+4 0.00000E+0 0.00000E+0 0.00000E+02367400300074 
  110.      7.54096E-2 2.62439E+4 0.00000E+0 0.00000E+0 0.00000E+02367400300075 
  110.      7.56290E-2 2.62059E+4 0.00000E+0 0.00000E+0 0.00000E+02367400300076 
  110.      7.58492E-2 2.61678E+4 0.00000E+0 0.00000E+0 0.00000E+02367400300077 
  110.      7.60705E-2 2.61297E+4 0.00000E+0 0.00000E+0 0.00000E+02367400300078 
  110.      7.62927E-2 2.60916E+4 0.00000E+0 0.00000E+0 0.00000E+02367400300079 
  110.      7.65159E-2 2.60535E+4 0.00000E+0 0.00000E+0 0.00000E+02367400300080 
  110.      7.67401E-2 2.60155E+4 0.00000E+0 0.00000E+0 0.00000E+02367400300081 
  110.      7.69652E-2 2.59774E+4 0.00000E+0 0.00000E+0 0.00000E+02367400300082 
  110.      7.71914E-2 2.59393E+4 0.00000E+0 0.00000E+0 0.00000E+02367400300083 
  110.      7.74185E-2 2.59012E+4 0.00000E+0 0.00000E+0 0.00000E+02367400300084 
  110.      7.76467E-2 2.58632E+4 0.00000E+0 0.00000E+0 0.00000E+02367400300085 
  110.      7.78758E-2 2.58251E+4 0.00000E+0 0.00000E+0 0.00000E+02367400300086 
  110.      7.81060E-2 2.57870E+4 0.00000E+0 0.00000E+0 0.00000E+02367400300087 
  110.      7.83372E-2 2.57489E+4 0.00000E+0 0.00000E+0 0.00000E+02367400300088 
  110.      7.85694E-2 2.57109E+4 0.00000E+0 0.00000E+0 0.00000E+02367400300089 
  110.      7.88027E-2 2.56728E+4 0.00000E+0 0.00000E+0 0.00000E+02367400300090 
  110.      7.90370E-2 2.56347E+4 0.00000E+0 0.00000E+0 0.00000E+02367400300091 
  110.      7.92723E-2 2.55966E+4 0.00000E+0 0.00000E+0 0.00000E+02367400300092 
  110.      7.95087E-2 2.55586E+4 0.00000E+0 0.00000E+0 0.00000E+02367400300093 
  110.      7.97462E-2 2.55205E+4 0.00000E+0 0.00000E+0 0.00000E+02367400300094 
  110.      7.99847E-2 2.54824E+4 0.00000E+0 0.00000E+0 0.00000E+02367400300095 
  110.      8.02243E-2 2.54443E+4 0.00000E+0 0.00000E+0 0.00000E+02367400300096 
  110.      8.04650E-2 2.54063E+4 0.00000E+0 0.00000E+0 0.00000E+02367400300097 
  110.      8.07068E-2 2.53682E+4 0.00000E+0 0.00000E+0 0.00000E+02367400300098 
  110.      8.09496E-2 2.53301E+4 0.00000E+0 0.00000E+0 0.00000E+02367400300099 
  110.      8.11936E-2 2.52920E+4 0.00000E+0 0.00000E+0 0.00000E+02367400300100 
  110.      8.14386E-2 2.52539E+4 0.00000E+0 0.00000E+0 0.00000E+02367400300101 
  110.      8.16848E-2 2.52159E+4 0.00000E+0 0.00000E+0 0.00000E+02367400300102 
  110.      8.19321E-2 2.51778E+4 0.00000E+0 0.00000E+0 0.00000E+02367400300103 
  110.      8.21805E-2 2.51397E+4 0.00000E+0 0.00000E+0 0.00000E+02367400300104 
  110.      8.24300E-2 2.51016E+4 0.00000E+0 0.00000E+0 0.00000E+02367400300105 
  110.      8.26807E-2 2.50636E+4 0.00000E+0 0.00000E+0 0.00000E+02367400300106 
  110.      8.29325E-2 2.50255E+4 0.00000E+0 0.00000E+0 0.00000E+02367400300107 
  110.      8.31855E-2 2.49874E+4 0.00000E+0 0.00000E+0 0.00000E+02367400300108 
  110.      8.34396E-2 2.49493E+4 0.00000E+0 0.00000E+0 0.00000E+02367400300109 
  110.      8.36949E-2 2.49113E+4 0.00000E+0 0.00000E+0 0.00000E+02367400300110 
  110.      8.39514E-2 2.48732E+4 0.00000E+0 0.00000E+0 0.00000E+02367400300111 
  110.      8.42090E-2 2.48351E+4 0.00000E+0 0.00000E+0 0.00000E+02367400300112 
  110.      8.44679E-2 2.47970E+4 0.00000E+0 0.00000E+0 0.00000E+02367400300113 
  110.      8.47279E-2 2.47590E+4 0.00000E+0 0.00000E+0 0.00000E+02367400300114 
  110.      8.49891E-2 2.47209E+4 0.00000E+0 0.00000E+0 0.00000E+02367400300115 
  110.      8.52516E-2 2.46828E+4 0.00000E+0 0.00000E+0 0.00000E+02367400300116 
  110.      8.55153E-2 2.46447E+4 0.00000E+0 0.00000E+0 0.00000E+02367400300117 
  110.      8.57802E-2 2.46066E+4 0.00000E+0 0.00000E+0 0.00000E+02367400300118 
  110.      8.60463E-2 2.45686E+4 0.00000E+0 0.00000E+0 0.00000E+02367400300119 
  110.      8.63136E-2 2.45305E+4 0.00000E+0 0.00000E+0 0.00000E+02367400300120 
  110.      8.65823E-2 2.44924E+4 0.00000E+0 0.00000E+0 0.00000E+02367400300121 
  110.      8.68522E-2 2.44543E+4 0.00000E+0 0.00000E+0 0.00000E+02367400300122 
  110.      8.71233E-2 2.44163E+4 0.00000E+0 0.00000E+0 0.00000E+02367400300123 
  110.      8.73957E-2 2.43782E+4 0.00000E+0 0.00000E+0 0.00000E+02367400300124 
  110.      8.76694E-2 2.43401E+4 0.00000E+0 0.00000E+0 0.00000E+02367400300125 
  110.      8.79443E-2 2.43020E+4 0.00000E+0 0.00000E+0 0.00000E+02367400300126 
  110.      8.82206E-2 2.42640E+4 0.00000E+0 0.00000E+0 0.00000E+02367400300127 
  110.      8.84982E-2 2.42259E+4 0.00000E+0 0.00000E+0 0.00000E+02367400300128 
  110.      8.87770E-2 2.41878E+4 0.00000E+0 0.00000E+0 0.00000E+02367400300129 
  110.      8.90572E-2 2.41497E+4 0.00000E+0 0.00000E+0 0.00000E+02367400300130 
  110.      8.93388E-2 2.41117E+4 0.00000E+0 0.00000E+0 0.00000E+02367400300131 
  110.      8.96217E-2 2.40736E+4 0.00000E+0 0.00000E+0 0.00000E+02367400300132 
  110.      8.99059E-2 2.40355E+4 0.00000E+0 0.00000E+0 0.00000E+02367400300133 
  110.      9.01915E-2 2.39974E+4 0.00000E+0 0.00000E+0 0.00000E+02367400300134 
  110.      9.04784E-2 2.39593E+4 0.00000E+0 0.00000E+0 0.00000E+02367400300135 
  110.      9.07667E-2 2.39213E+4 0.00000E+0 0.00000E+0 0.00000E+02367400300136 
  110.      9.10564E-2 2.38832E+4 0.00000E+0 0.00000E+0 0.00000E+02367400300137 
  110.      9.13474E-2 2.38451E+4 0.00000E+0 0.00000E+0 0.00000E+02367400300138 
  110.      9.16399E-2 2.38070E+4 0.00000E+0 0.00000E+0 0.00000E+02367400300139 
  110.      9.19338E-2 2.37690E+4 0.00000E+0 0.00000E+0 0.00000E+02367400300140 
  110.      9.22291E-2 2.37309E+4 0.00000E+0 0.00000E+0 0.00000E+02367400300141 
  110.      9.25258E-2 2.36928E+4 0.00000E+0 0.00000E+0 0.00000E+02367400300142 
  110.      9.28240E-2 2.36547E+4 0.00000E+0 0.00000E+0 0.00000E+02367400300143 
  110.      9.31236E-2 2.36167E+4 0.00000E+0 0.00000E+0 0.00000E+02367400300144 
  110.      9.34246E-2 2.35786E+4 0.00000E+0 0.00000E+0 0.00000E+02367400300145 
  110.      9.37272E-2 2.35405E+4 0.00000E+0 0.00000E+0 0.00000E+02367400300146 
  110.      9.40312E-2 2.35024E+4 0.00000E+0 0.00000E+0 0.00000E+02367400300147 
  110.      9.43366E-2 2.34644E+4 0.00000E+0 0.00000E+0 0.00000E+02367400300148 
  110.      9.46436E-2 2.34263E+4 0.00000E+0 0.00000E+0 0.00000E+02367400300149 
  110.      9.49521E-2 2.33882E+4 0.00000E+0 0.00000E+0 0.00000E+02367400300150 
  110.      9.52620E-2 2.33501E+4 0.00000E+0 0.00000E+0 0.00000E+02367400300151 
  110.      9.55735E-2 2.33121E+4 0.00000E+0 0.00000E+0 0.00000E+02367400300152 
  110.      9.58865E-2 2.32740E+4 0.00000E+0 0.00000E+0 0.00000E+02367400300153 
  110.      9.62011E-2 2.32359E+4 0.00000E+0 0.00000E+0 0.00000E+02367400300154 
  110.      9.65172E-2 2.31978E+4 0.00000E+0 0.00000E+0 0.00000E+02367400300155 
  110.      9.68349E-2 2.31597E+4 0.00000E+0 0.00000E+0 0.00000E+02367400300156 
  110.      9.71541E-2 2.31217E+4 0.00000E+0 0.00000E+0 0.00000E+02367400300157 
  110.      9.74749E-2 2.30836E+4 0.00000E+0 0.00000E+0 0.00000E+02367400300158 
  110.      9.77973E-2 2.30455E+4 0.00000E+0 0.00000E+0 0.00000E+02367400300159 
  110.      9.81214E-2 2.30074E+4 0.00000E+0 0.00000E+0 0.00000E+02367400300160 
  110.      9.84470E-2 2.29694E+4 0.00000E+0 0.00000E+0 0.00000E+02367400300161 
  110.      9.87742E-2 2.29313E+4 0.00000E+0 0.00000E+0 0.00000E+02367400300162 
  110.      9.91031E-2 2.28932E+4 0.00000E+0 0.00000E+0 0.00000E+02367400300163 
  110.      9.94337E-2 2.28551E+4 0.00000E+0 0.00000E+0 0.00000E+02367400300164 
  110.      9.97658E-2 2.28171E+4 0.00000E+0 0.00000E+0 0.00000E+02367400300165 
  110.      1.00100E-1 2.27790E+4 0.00000E+0 0.00000E+0 0.00000E+02367400300166 
  110.      1.00435E-1 2.27409E+4 0.00000E+0 0.00000E+0 0.00000E+02367400300167 
  110.      1.00773E-1 2.27028E+4 0.00000E+0 0.00000E+0 0.00000E+02367400300168 
  110.      1.01111E-1 2.26647E+4 0.00000E+0 0.00000E+0 0.00000E+02367400300169 
  110.      1.01452E-1 2.26267E+4 0.00000E+0 0.00000E+0 0.00000E+02367400300170 
  110.      1.01794E-1 2.25886E+4 0.00000E+0 0.00000E+0 0.00000E+02367400300171 
  110.      1.02139E-1 2.25505E+4 0.00000E+0 0.00000E+0 0.00000E+02367400300172 
  110.      1.02485E-1 2.25124E+4 0.00000E+0 0.00000E+0 0.00000E+02367400300173 
  110.      1.02832E-1 2.24743E+4 0.00000E+0 0.00000E+0 0.00000E+02367400300174 
  110.      1.03181E-1 2.24363E+4 0.00000E+0 0.00000E+0 0.00000E+02367400300175 
  110.      1.03532E-1 2.23982E+4 0.00000E+0 0.00000E+0 0.00000E+02367400300176 
  110.      1.03886E-1 2.23601E+4 0.00000E+0 0.00000E+0 0.00000E+02367400300177 
  110.      1.04240E-1 2.23221E+4 0.00000E+0 0.00000E+0 0.00000E+02367400300178 
  110.      1.04597E-1 2.22840E+4 0.00000E+0 0.00000E+0 0.00000E+02367400300179 
  110.      1.04955E-1 2.22459E+4 0.00000E+0 0.00000E+0 0.00000E+02367400300180 
  110.      1.05316E-1 2.22078E+4 0.00000E+0 0.00000E+0 0.00000E+02367400300181 
  110.      1.05678E-1 2.21698E+4 0.00000E+0 0.00000E+0 0.00000E+02367400300182 
  110.      1.06041E-1 2.21317E+4 0.00000E+0 0.00000E+0 0.00000E+02367400300183 
  110.      1.06407E-1 2.20936E+4 0.00000E+0 0.00000E+0 0.00000E+02367400300184 
  110.      1.06775E-1 2.20555E+4 0.00000E+0 0.00000E+0 0.00000E+02367400300185 
  110.      1.07145E-1 2.20174E+4 0.00000E+0 0.00000E+0 0.00000E+02367400300186 
  110.      1.07517E-1 2.19794E+4 0.00000E+0 0.00000E+0 0.00000E+02367400300187 
  110.      1.07890E-1 2.19413E+4 0.00000E+0 0.00000E+0 0.00000E+02367400300188 
  110.      1.08266E-1 2.19032E+4 0.00000E+0 0.00000E+0 0.00000E+02367400300189 
  110.      1.08643E-1 2.18651E+4 0.00000E+0 0.00000E+0 0.00000E+02367400300190 
  110.      1.09023E-1 2.18271E+4 0.00000E+0 0.00000E+0 0.00000E+02367400300191 
  110.      1.09404E-1 2.17890E+4 0.00000E+0 0.00000E+0 0.00000E+02367400300192 
  110.      1.09788E-1 2.17509E+4 0.00000E+0 0.00000E+0 0.00000E+02367400300193 
  110.      1.10173E-1 2.17129E+4 0.00000E+0 0.00000E+0 0.00000E+02367400300194 
  110.      1.10560E-1 2.16748E+4 0.00000E+0 0.00000E+0 0.00000E+02367400300195 
  110.      1.10950E-1 2.16367E+4 0.00000E+0 0.00000E+0 0.00000E+02367400300196 
  110.      1.11341E-1 2.15986E+4 0.00000E+0 0.00000E+0 0.00000E+02367400300197 
  110.      1.11736E-1 2.15605E+4 0.00000E+0 0.00000E+0 0.00000E+02367400300198 
  110.      1.12131E-1 2.15224E+4 0.00000E+0 0.00000E+0 0.00000E+02367400300199 
  110.      1.12529E-1 2.14844E+4 0.00000E+0 0.00000E+0 0.00000E+02367400300200 
  110.      1.12929E-1 2.14463E+4 0.00000E+0 0.00000E+0 0.00000E+02367400300201 
  110.      1.13331E-1 2.14082E+4 0.00000E+0 0.00000E+0 0.00000E+02367400300202 
  110.      1.13736E-1 2.13701E+4 0.00000E+0 0.00000E+0 0.00000E+02367400300203 
  110.      1.14142E-1 2.13321E+4 0.00000E+0 0.00000E+0 0.00000E+02367400300204 
  110.      1.14550E-1 2.12940E+4 0.00000E+0 0.00000E+0 0.00000E+02367400300205 
  110.      1.14961E-1 2.12559E+4 6.04271E-2 6.91911E+1 5.53371E+02367400300206 
  110.      1.15375E-1 2.12178E+4 3.16936E-2 3.26776E+1 5.53370E+02367400300207 
  110.      1.15790E-1 2.11798E+4 8.40347E-2 4.96739E+1 5.53370E+02367400300208 
  110.      1.16207E-1 2.11417E+4 1.36450E-1 3.30048E+1 5.53372E+02367400300209 
  110.      1.16627E-1 2.11036E+4 1.69700E-1 2.84296E+1 5.53371E+02367400300210 
  110.      1.17049E-1 2.10656E+4 1.19182E-1 3.55543E+1 5.53370E+02367400300211 
  110.      1.17473E-1 2.10275E+4 2.13036E-1 2.31111E+1 5.53371E+02367400300212 
  110.      1.17900E-1 2.09894E+4 1.34548E-1 1.74652E+1 5.53372E+02367400300213 
  110.      1.18329E-1 2.09514E+4 1.89458E-1 2.65715E+1 5.53373E+02367400300214 
  110.      1.18761E-1 2.09132E+4 3.16924E-1 1.78566E+1 5.53372E+02367400300215 
  110.      1.19194E-1 2.08751E+4 2.54777E-1 2.27149E+1 5.53370E+02367400300216 
  110.      1.19631E-1 2.08371E+4 2.28840E-1 2.24372E+1 5.53369E+02367400300217 
  110.      1.20069E-1 2.07990E+4 1.47697E-1 2.74563E+1 5.53371E+02367400300218 
  110.      1.20509E-1 2.07610E+4 2.27377E-1 2.02090E+1 5.53372E+02367400300219 
  110.      1.20953E-1 2.07229E+4 1.94252E-1 2.26927E+1 5.53374E+02367400300220 
  110.      1.21399E-1 2.06848E+4 2.38490E-1 1.84346E+1 5.53373E+02367400300221 
  110.      1.21847E-1 2.06467E+4 1.83478E-1 2.19050E+1 5.53369E+02367400300222 
  110.      1.22298E-1 2.06087E+4 1.99963E-1 2.14098E+1 5.53372E+02367400300223 
  110.      1.22751E-1 2.05706E+4 2.79960E-1 1.70649E+1 5.53372E+02367400300224 
  110.      1.23206E-1 2.05325E+4 3.47914E-1 1.60712E+1 5.53369E+02367400300225 
  110.      1.23665E-1 2.04944E+4 2.56200E-1 1.83017E+1 5.53368E+02367400300226 
  110.      1.24126E-1 2.04564E+4 3.20336E-1 1.70300E+1 5.53372E+02367400300227 
  110.      1.24589E-1 2.04183E+4 2.94271E-1 1.85184E+1 5.53371E+02367400300228 
  110.      1.25056E-1 2.03802E+4 2.90922E-1 1.93326E+1 5.53372E+02367400300229 
  110.      1.25524E-1 2.03421E+4 3.97124E-1 1.70823E+1 5.53371E+02367400300230 
  110.      1.25996E-1 2.03040E+4 3.45612E-1 1.62305E+1 5.53369E+02367400300231 
  110.      1.26470E-1 2.02659E+4 3.23794E-1 1.58937E+1 5.53370E+02367400300232 
  110.      1.26947E-1 2.02279E+4 3.80882E-1 1.38597E+1 5.53371E+02367400300233 
  110.      1.27426E-1 2.01898E+4 2.98705E-1 1.56080E+1 5.53369E+02367400300234 
  110.      1.27908E-1 2.01517E+4 3.05431E-1 1.49513E+1 5.53369E+02367400300235 
  110.      1.28393E-1 2.01136E+4 2.93937E-1 1.41099E+1 5.53370E+02367400300236 
  110.      1.28880E-1 2.00756E+4 2.46949E-1 1.65991E+1 5.53369E+02367400300237 
  110.      1.29370E-1 2.00375E+4 2.48347E-1 1.62308E+1 5.53371E+02367400300238 
  110.      1.29864E-1 1.99994E+4 2.57147E-1 1.57767E+1 5.53372E+02367400300239 
  110.      1.30360E-1 1.99613E+4 2.64309E-1 1.52568E+1 5.53371E+02367400300240 
  110.      1.30859E-1 1.99232E+4 2.79192E-1 1.52038E+1 5.53372E+02367400300241 
  110.      1.31360E-1 1.98852E+4 3.78560E-1 1.31208E+1 5.53371E+02367400300242 
  110.      1.31865E-1 1.98471E+4 3.80601E-1 1.27783E+1 5.53370E+02367400300243 
  110.      1.32373E-1 1.98090E+4 3.65233E-1 1.30724E+1 5.53370E+02367400300244 
  110.      1.32883E-1 1.97709E+4 4.21500E-1 1.24289E+1 5.53369E+02367400300245 
  110.      1.33397E-1 1.97329E+4 4.48327E-1 1.23643E+1 5.53371E+02367400300246 
  110.      1.33913E-1 1.96948E+4 3.84793E-1 1.41850E+1 5.53370E+02367400300247 
  110.      1.34432E-1 1.96567E+4 5.12827E-1 1.32753E+1 5.53370E+02367400300248 
  110.      1.34954E-1 1.96187E+4 4.27986E-1 1.37294E+1 5.53371E+02367400300249 
  110.      1.35480E-1 1.95806E+4 4.33242E-1 1.41160E+1 5.53372E+02367400300250 
  110.      1.36008E-1 1.95425E+4 4.74337E-1 1.47679E+1 5.53370E+02367400300251 
  110.      1.36540E-1 1.95044E+4 4.88609E-1 1.48396E+1 5.53371E+02367400300252 
  110.      1.37075E-1 1.94664E+4 3.89552E-1 1.42740E+1 5.53372E+02367400300253 
  110.      1.37613E-1 1.94283E+4 3.87681E-1 1.52048E+1 5.53370E+02367400300254 
  110.      1.38154E-1 1.93902E+4 2.70405E-1 1.73860E+1 5.53370E+02367400300255 
  110.      1.38699E-1 1.93521E+4 3.22797E-1 1.54453E+1 5.53369E+02367400300256 
  110.      1.39246E-1 1.93140E+4 2.11755E-1 1.97241E+1 5.53371E+02367400300257 
  110.      1.39797E-1 1.92760E+4 2.35565E-1 1.77945E+1 5.53372E+02367400300258 
  110.      1.40351E-1 1.92379E+4 2.06452E-1 1.98827E+1 5.53368E+02367400300259 
  110.      1.40908E-1 1.91998E+4 2.25126E-1 1.84034E+1 5.53370E+02367400300260 
  110.      1.41469E-1 1.91617E+4 1.80870E-1 1.22032E+1 5.53370E+02367400300261 
  110.      1.42033E-1 1.91237E+4 2.72324E-1 1.56971E+1 5.53370E+02367400300262 
  110.      1.42600E-1 1.90856E+4 2.94817E-1 1.60594E+1 5.53370E+02367400300263 
  110.      1.43171E-1 1.90475E+4 3.07472E-1 1.59939E+1 5.53371E+02367400300264 
  110.      1.43745E-1 1.90095E+4 2.72158E-1 1.69034E+1 5.53370E+02367400300265 
  110.      1.44323E-1 1.89714E+4 3.14974E-1 1.56020E+1 5.53369E+02367400300266 
  110.      1.44904E-1 1.89333E+4 2.58508E-1 1.69304E+1 5.53372E+02367400300267 
  110.      1.45489E-1 1.88952E+4 2.62599E-1 1.52841E+1 5.53372E+02367400300268 
  110.      1.46077E-1 1.88571E+4 2.53886E-1 1.47328E+1 5.53370E+02367400300269 
  110.      1.46669E-1 1.88191E+4 2.26753E-1 1.47059E+1 5.53369E+02367400300270 
  110.      1.47265E-1 1.87810E+4 2.24000E-1 1.50444E+1 5.53371E+02367400300271 
  110.      1.47864E-1 1.87429E+4 2.29596E-1 1.49748E+1 5.53368E+02367400300272 
  110.      1.48466E-1 1.87048E+4 2.44772E-1 1.44894E+1 5.53368E+02367400300273 
  110.      1.49073E-1 1.86667E+4 2.76364E-1 1.40010E+1 5.53368E+02367400300274 
  110.      1.49683E-1 1.86287E+4 2.96599E-1 1.35497E+1 5.53370E+02367400300275 
  110.      1.50297E-1 1.85906E+4 2.54545E-1 1.46664E+1 5.53372E+02367400300276 
  110.      1.50915E-1 1.85525E+4 3.20293E-1 1.34161E+1 5.53371E+02367400300277 
  110.      1.51536E-1 1.85144E+4 3.36621E-1 1.28203E+1 5.53370E+02367400300278 
  110.      1.52162E-1 1.84763E+4 3.45150E-1 1.20603E+1 5.53371E+02367400300279 
  110.      1.52791E-1 1.84383E+4 3.40538E-1 1.23871E+1 5.53371E+02367400300280 
  110.      1.53424E-1 1.84002E+4 4.00545E-1 1.16622E+1 5.53371E+02367400300281 
  110.      1.54061E-1 1.83621E+4 3.59854E-1 1.27367E+1 5.53369E+02367400300282 
  110.      1.54702E-1 1.83241E+4 2.75633E-1 1.40090E+1 5.53370E+02367400300283 
  110.      1.55347E-1 1.82860E+4 3.62255E-1 1.29254E+1 5.53370E+02367400300284 
  110.      1.55996E-1 1.82479E+4 2.97110E-1 1.35972E+1 5.53371E+02367400300285 
  110.      1.56649E-1 1.82098E+4 3.48359E-1 1.43538E+1 5.53369E+02367400300286 
  110.      1.57307E-1 1.81718E+4 3.31386E-1 1.34340E+1 5.53370E+02367400300287 
  110.      1.57968E-1 1.81337E+4 3.39460E-1 1.26378E+1 5.53370E+02367400300288 
  110.      1.58634E-1 1.80956E+4 3.49795E-1 1.21716E+1 5.53370E+02367400300289 
  110.      1.59304E-1 1.80575E+4 3.31980E-1 1.15877E+1 5.53371E+02367400300290 
  110.      1.59978E-1 1.80194E+4 3.00014E-1 1.20408E+1 5.53371E+02367400300291 
  110.      1.60656E-1 1.79814E+4 3.56720E-1 1.23421E+1 5.53370E+02367400300292 
  110.      1.61339E-1 1.79433E+4 3.46495E-1 1.16180E+1 5.63370E+02367400300293 
  110.      1.62026E-1 1.79052E+4 3.44185E-1 1.12237E+1 5.63371E+02367400300294 
  110.      1.62718E-1 1.78671E+4 3.74183E-1 1.08116E+1 5.63371E+02367400300295 
  110.      1.63414E-1 1.78290E+4 4.35327E-1 1.03744E+1 5.63370E+02367400300296 
  110.      1.64114E-1 1.77910E+4 4.43588E-1 1.01099E+1 5.63370E+02367400300297 
  110.      1.64819E-1 1.77529E+4 3.86100E-1 1.06441E+1 5.63372E+02367400300298 
  110.      1.65528E-1 1.77148E+4 3.63431E-1 1.02099E+1 5.63372E+02367400300299 
  110.      1.66242E-1 1.76768E+4 3.45314E-1 1.02935E+1 5.63371E+02367400300300 
  110.      1.66961E-1 1.76387E+4 3.28986E-1 1.05483E+1 5.63370E+02367400300301 
  110.      1.67684E-1 1.76006E+4 3.35541E-1 1.04903E+1 5.63371E+02367400300302 
  110.      1.68412E-1 1.75626E+4 3.17769E-1 9.72993E+0 5.63371E+02367400300303 
  110.      1.69145E-1 1.75245E+4 3.05458E-1 9.64394E+0 5.63370E+02367400300304 
  110.      1.69883E-1 1.74864E+4 3.11816E-1 9.57215E+0 5.63371E+02367400300305 
  110.      1.70625E-1 1.74483E+4 3.24701E-1 9.61408E+0 5.63371E+02367400300306 
  110.      1.71373E-1 1.74102E+4 4.33265E-1 8.89363E+0 5.63371E+02367400300307 
  110.      1.72125E-1 1.73721E+4 3.96062E-1 8.82849E+0 5.63371E+02367400300308 
  110.      1.72882E-1 1.73341E+4 4.14760E-1 8.91947E+0 5.63372E+02367400300309 
  110.      1.73644E-1 1.72960E+4 3.98895E-1 8.58732E+0 5.63371E+02367400300310 
  110.      1.74412E-1 1.72579E+4 3.99000E-1 9.09276E+0 5.63371E+02367400300311 
  110.      1.75185E-1 1.72198E+4 4.21790E-1 8.82470E+0 5.73371E+02367400300312 
  110.      1.75962E-1 1.71818E+4 4.21495E-1 9.33409E+0 5.73371E+02367400300313 
  110.      1.76744E-1 1.71437E+4 4.56732E-1 8.53354E+0 5.73371E+02367400300314 
  110.      1.77532E-1 1.71056E+4 4.66944E-1 8.42463E+0 5.73371E+02367400300315 
  110.      1.78326E-1 1.70676E+4 4.30591E-1 8.87524E+0 5.73370E+02367400300316 
  110.      1.79124E-1 1.70295E+4 4.69569E-1 8.58272E+0 5.73370E+02367400300317 
  110.      1.79928E-1 1.69914E+4 5.62317E-1 8.55585E+0 5.73371E+02367400300318 
  110.      1.80737E-1 1.69533E+4 5.50628E-1 8.61088E+0 5.73371E+02367400300319 
  110.      1.81552E-1 1.69152E+4 5.72368E-1 8.25579E+0 5.73371E+02367400300320 
  110.      1.82372E-1 1.68772E+4 5.67722E-1 8.37588E+0 5.73370E+02367400300321 
  110.      1.83198E-1 1.68391E+4 5.83493E-1 8.11490E+0 5.73371E+02367400300322 
  110.      1.84030E-1 1.68010E+4 5.70426E-1 8.07128E+0 5.73370E+02367400300323 
  110.      1.84867E-1 1.67629E+4 5.62515E-1 7.97333E+0 5.73371E+02367400300324 
  110.      1.85711E-1 1.67249E+4 5.32900E-1 7.92237E+0 5.73370E+02367400300325 
  110.      1.86559E-1 1.66868E+4 4.94280E-1 8.20108E+0 5.73369E+02367400300326 
  110.      1.87414E-1 1.66487E+4 4.29095E-1 8.11389E+0 5.63369E+02367400300327 
  110.      1.88274E-1 1.66106E+4 4.94002E-1 8.07624E+0 5.63370E+02367400300328 
  110.      1.89141E-1 1.65725E+4 5.20824E-1 7.77599E+0 5.63371E+02367400300329 
  110.      1.90013E-1 1.65345E+4 5.26567E-1 7.69912E+0 5.63370E+02367400300330 
  110.      1.90891E-1 1.64964E+4 5.46973E-1 7.72005E+0 5.63370E+02367400300331 
  110.      1.91776E-1 1.64583E+4 5.93556E-1 8.00137E+0 5.63371E+02367400300332 
  110.      1.92666E-1 1.64203E+4 5.87667E-1 7.77057E+0 5.63370E+02367400300333 
  110.      1.93563E-1 1.63822E+4 6.41050E-1 7.62828E+0 5.63371E+02367400300334 
  110.      1.94467E-1 1.63441E+4 6.27780E-1 7.77470E+0 5.63371E+02367400300335 
  110.      1.95376E-1 1.63060E+4 6.75782E-1 7.67166E+0 5.63371E+02367400300336 
  110.      1.96292E-1 1.62679E+4 7.32366E-1 7.45116E+0 5.63371E+02367400300337 
  110.      1.97215E-1 1.62299E+4 6.97472E-1 7.21120E+0 5.63370E+02367400300338 
  110.      1.98144E-1 1.61918E+4 7.37125E-1 7.22631E+0 5.63371E+02367400300339 
  110.      1.99080E-1 1.61537E+4 7.42418E-1 7.25836E+0 5.63370E+02367400300340 
  110.      2.00022E-1 1.61156E+4 7.73291E-1 7.12174E+0 5.63371E+02367400300341 
  110.      2.00970E-1 1.60775E+4 7.26746E-1 7.11740E+0 5.63370E+02367400300342 
  110.      2.01926E-1 1.60395E+4 7.60313E-1 6.91810E+0 5.63371E+02367400300343 
  110.      2.02889E-1 1.60014E+4 7.75610E-1 6.87699E+0 5.63371E+02367400300344 
  110.      2.03858E-1 1.59633E+4 8.20241E-1 7.06394E+0 5.63371E+02367400300345 
  110.      2.04834E-1 1.59253E+4 8.17124E-1 7.05794E+0 5.63371E+02367400300346 
  110.      2.05817E-1 1.58872E+4 8.33074E-1 6.82790E+0 5.63371E+02367400300347 
  110.      2.06808E-1 1.58491E+4 8.52812E-1 6.84046E+0 5.63370E+02367400300348 
  110.      2.07805E-1 1.58110E+4 9.08291E-1 6.68071E+0 5.63370E+02367400300349 
  110.      2.08810E-1 1.57730E+4 9.55204E-1 6.96031E+0 5.63371E+02367400300350 
  110.      2.09822E-1 1.57349E+4 1.00738E+0 6.92804E+0 5.63369E+02367400300351 
  110.      2.10842E-1 1.56968E+4 1.04242E+0 6.90326E+0 5.63369E+02367400300352 
  110.      2.11869E-1 1.56587E+4 1.06534E+0 6.73928E+0 5.63371E+02367400300353 
  110.      2.12903E-1 1.56206E+4 1.12187E+0 6.65736E+0 5.63372E+02367400300354 
  110.      2.13945E-1 1.55826E+4 1.19670E+0 6.63814E+0 5.63371E+02367400300355 
  110.      2.14995E-1 1.55445E+4 1.24672E+0 6.44892E+0 5.63369E+02367400300356 
  110.      2.16053E-1 1.55064E+4 1.32265E+0 6.46753E+0 5.63371E+02367400300357 
  110.      2.17118E-1 1.54683E+4 1.40167E+0 6.56858E+0 5.63372E+02367400300358 
  110.      2.18191E-1 1.54303E+4 1.38008E+0 6.32985E+0 5.63370E+02367400300359 
  110.      2.19272E-1 1.53922E+4 1.28236E+0 6.23149E+0 5.63369E+02367400300360 
  110.      2.20362E-1 1.53541E+4 1.31687E+0 6.09972E+0 5.63370E+02367400300361 
  110.      2.21459E-1 1.53160E+4 1.34334E+0 5.93358E+0 5.63371E+02367400300362 
  110.      2.22565E-1 1.52779E+4 1.41050E+0 5.94312E+0 5.63369E+02367400300363 
  110.      2.23679E-1 1.52399E+4 1.37569E+0 5.96574E+0 5.63372E+02367400300364 
  110.      2.24801E-1 1.52018E+4 1.42921E+0 5.82224E+0 5.63371E+02367400300365 
  110.      2.25932E-1 1.51637E+4 1.44497E+0 5.72602E+0 5.63371E+02367400300366 
  110.      2.27071E-1 1.51256E+4 1.46516E+0 5.65521E+0 5.63371E+02367400300367 
  110.      2.28219E-1 1.50876E+4 1.47567E+0 5.55027E+0 5.63369E+02367400300368 
  110.      2.29376E-1 1.50495E+4 1.53484E+0 5.55098E+0 5.63369E+02367400300369 
  110.      2.30542E-1 1.50114E+4 1.50096E+0 5.46731E+0 5.63369E+02367400300370 
  110.      2.31716E-1 1.49733E+4 1.49953E+0 5.36738E+0 5.63372E+02367400300371 
  110.      2.32899E-1 1.49353E+4 1.49672E+0 5.36943E+0 5.63371E+02367400300372 
  110.      2.34092E-1 1.48972E+4 1.55604E+0 5.46246E+0 5.63372E+02367400300373 
  110.      2.35293E-1 1.48591E+4 1.62616E+0 5.53914E+0 5.63372E+02367400300374 
  110.      2.36504E-1 1.48210E+4 1.75116E+0 5.51122E+0 5.63370E+02367400300375 
  110.      2.37725E-1 1.47830E+4 1.83306E+0 5.44659E+0 5.63369E+02367400300376 
  110.      2.38955E-1 1.47449E+4 1.94259E+0 5.47527E+0 5.63372E+02367400300377 
  110.      2.40194E-1 1.47068E+4 2.01798E+0 5.50734E+0 5.63370E+02367400300378 
  110.      2.41443E-1 1.46687E+4 2.02811E+0 5.62164E+0 5.63367E+02367400300379 
  110.      2.42702E-1 1.46307E+4 2.06799E+0 5.42802E+0 5.63373E+02367400300380 
  110.      2.43970E-1 1.45926E+4 2.02168E+0 5.42880E+0 5.63373E+02367400300381 
  110.      2.45249E-1 1.45545E+4 2.04994E+0 5.37494E+0 5.63373E+02367400300382 
  110.      2.46538E-1 1.45164E+4 1.94660E+0 5.30648E+0 5.63372E+02367400300383 
  110.      2.47837E-1 1.44783E+4 2.05098E+0 5.42472E+0 5.63370E+02367400300384 
  110.      2.49146E-1 1.44403E+4 1.96027E+0 5.30478E+0 5.63371E+02367400300385 
  110.      2.50466E-1 1.44022E+4 1.97533E+0 5.32422E+0 5.63369E+02367400300386 
  110.      2.51796E-1 1.43641E+4 1.91076E+0 5.21617E+0 5.63367E+02367400300387 
  110.      2.53137E-1 1.43260E+4 1.96853E+0 5.23467E+0 5.63370E+02367400300388 
  110.      2.54489E-1 1.42880E+4 1.86495E+0 5.14393E+0 5.63372E+02367400300389 
  110.      2.55851E-1 1.42499E+4 1.85051E+0 5.12965E+0 5.63369E+02367400300390 
  110.      2.57224E-1 1.42118E+4 1.81169E+0 4.95871E+0 5.63375E+02367400300391 
  110.      2.58609E-1 1.41737E+4 1.79854E+0 4.91536E+0 5.63374E+02367400300392 
  110.      2.60004E-1 1.41357E+4 1.86722E+0 4.91414E+0 5.63372E+02367400300393 
  110.      2.61411E-1 1.40976E+4 1.85802E+0 4.84259E+0 5.63374E+02367400300394 
  110.      2.62830E-1 1.40595E+4 1.95916E+0 4.85578E+0 5.63369E+02367400300395 
  110.      2.64260E-1 1.40214E+4 2.00256E+0 4.84989E+0 5.63369E+02367400300396 
  110.      2.65702E-1 1.39833E+4 2.11943E+0 4.93439E+0 5.63368E+02367400300397 
  110.      2.67155E-1 1.39453E+4 2.25450E+0 4.97339E+0 5.63371E+02367400300398 
  110.      2.68621E-1 1.39072E+4 2.17627E+0 4.91364E+0 5.63372E+02367400300399 
  110.      2.70098E-1 1.38691E+4 1.90756E+0 4.90112E+0 5.63369E+02367400300400 
  110.      2.71588E-1 1.38310E+4 1.66533E+0 4.90329E+0 5.63371E+02367400300401 
  110.      2.73090E-1 1.37930E+4 1.38209E+0 4.83756E+0 5.63371E+02367400300402 
  110.      2.74605E-1 1.37549E+4 1.26310E+0 4.87121E+0 5.63371E+02367400300403 
  110.      2.76132E-1 1.37168E+4 1.18174E+0 4.88859E+0 5.63372E+02367400300404 
  110.      2.77672E-1 1.36787E+4 1.13063E+0 4.95823E+0 5.63371E+02367400300405 
  110.      2.79225E-1 1.36407E+4 1.02054E+0 4.74977E+0 5.63368E+02367400300406 
  110.      2.80791E-1 1.36026E+4 9.98946E-1 4.65947E+0 5.63371E+02367400300407 
  110.      2.82371E-1 1.35645E+4 9.70642E-1 4.70866E+0 5.63370E+02367400300408 
  110.      2.83963E-1 1.35264E+4 9.38381E-1 4.65388E+0 5.63370E+02367400300409 
  110.      2.85569E-1 1.34884E+4 8.50943E-1 4.65910E+0 5.63370E+02367400300410 
  110.      2.87189E-1 1.34503E+4 7.62775E-1 4.54615E+0 5.63371E+02367400300411 
  110.      2.88823E-1 1.34122E+4 7.16873E-1 4.55273E+0 5.63370E+02367400300412 
  110.      2.90471E-1 1.33741E+4 6.75123E-1 4.50731E+0 5.63371E+02367400300413 
  110.      2.92133E-1 1.33361E+4 6.15658E-1 4.36897E+0 5.53371E+02367400300414 
  110.      2.93809E-1 1.32980E+4 5.91751E-1 4.39075E+0 5.53371E+02367400300415 
  110.      2.95500E-1 1.32599E+4 5.82885E-1 4.44208E+0 5.53370E+02367400300416 
  110.      2.97205E-1 1.32218E+4 5.59659E-1 4.31872E+0 5.53371E+02367400300417 
  110.      2.98925E-1 1.31837E+4 5.53539E-1 4.34985E+0 5.53370E+02367400300418 
  110.      3.00660E-1 1.31457E+4 5.28716E-1 4.48751E+0 5.53371E+02367400300419 
  110.      3.02410E-1 1.31076E+4 5.12998E-1 4.49051E+0 5.53371E+02367400300420 
  110.      3.04176E-1 1.30695E+4 4.78505E-1 4.56348E+0 5.53371E+02367400300421 
  110.      3.05957E-1 1.30314E+4 4.99089E-1 4.64693E+0 5.53370E+02367400300422 
  110.      3.07753E-1 1.29934E+4 4.46803E-1 4.61279E+0 5.53371E+02367400300423 
  110.      3.09566E-1 1.29553E+4 4.32527E-1 4.65441E+0 5.53371E+02367400300424 
  110.      3.11394E-1 1.29172E+4 4.18378E-1 4.64805E+0 5.53370E+02367400300425 
  110.      3.13239E-1 1.28791E+4 3.68696E-1 4.65259E+0 5.53369E+02367400300426 
  110.      3.15100E-1 1.28411E+4 3.10882E-1 4.68583E+0 5.53371E+02367400300427 
  110.      3.16978E-1 1.28030E+4 3.24100E-1 4.74792E+0 5.53369E+02367400300428 
  110.      3.18873E-1 1.27649E+4 3.08825E-1 4.57641E+0 5.53372E+02367400300429 
  110.      3.20785E-1 1.27268E+4 2.82662E-1 4.55346E+0 5.53371E+02367400300430 
  110.      3.22715E-1 1.26887E+4 2.67579E-1 4.54789E+0 5.53369E+02367400300431 
  110.      3.24661E-1 1.26507E+4 2.54622E-1 4.59151E+0 5.53373E+02367400300432 
  110.      3.26626E-1 1.26126E+4 2.58347E-1 4.53441E+0 5.53372E+02367400300433 
  110.      3.28607E-1 1.25745E+4 2.45851E-1 4.64704E+0 5.53372E+02367400300434 
  110.      3.30607E-1 1.25364E+4 2.48113E-1 4.46143E+0 5.53373E+02367400300435 
  110.      3.32626E-1 1.24984E+4 2.24925E-1 4.53716E+0 5.53371E+02367400300436 
  110.      3.34663E-1 1.24603E+4 2.13427E-1 4.50372E+0 5.53369E+02367400300437 
  110.      3.36719E-1 1.24222E+4 2.16610E-1 4.55736E+0 5.53368E+02367400300438 
  110.      3.38794E-1 1.23841E+4 2.28405E-1 4.37867E+0 5.53372E+02367400300439 
  110.      3.40888E-1 1.23461E+4 2.23793E-1 4.38918E+0 5.53373E+02367400300440 
  110.      3.43002E-1 1.23080E+4 2.17787E-1 4.41738E+0 5.53371E+02367400300441 
  110.      3.45135E-1 1.22699E+4 2.15143E-1 4.57333E+0 5.53371E+02367400300442 
  110.      3.47288E-1 1.22318E+4 2.19885E-1 4.50661E+0 5.53371E+02367400300443 
  110.      3.49462E-1 1.21937E+4 2.32700E-1 4.45763E+0 5.53369E+02367400300444 
  110.      3.51656E-1 1.21557E+4 2.12474E-1 4.30985E+0 5.53371E+02367400300445 
  110.      3.53870E-1 1.21176E+4 2.16750E-1 4.35394E+0 5.53370E+02367400300446 
  110.      3.56106E-1 1.20795E+4 2.17455E-1 4.30139E+0 5.53370E+02367400300447 
  110.      3.58363E-1 1.20414E+4 2.07533E-1 4.35433E+0 5.53367E+02367400300448 
  110.      3.60642E-1 1.20034E+4 1.99278E-1 4.23968E+0 5.53368E+02367400300449 
  110.      3.62942E-1 1.19653E+4 2.05570E-1 4.25778E+0 5.53374E+02367400300450 
  110.      3.65264E-1 1.19272E+4 1.91357E-1 4.18452E+0 5.53374E+02367400300451 
  110.      3.67609E-1 1.18891E+4 2.16103E-1 4.07731E+0 5.53370E+02367400300452 
  110.      3.69976E-1 1.18511E+4 2.31540E-1 4.06166E+0 5.53373E+02367400300453 
  110.      3.72367E-1 1.18130E+4 2.89028E-1 3.92183E+0 5.53369E+02367400300454 
  110.      3.74780E-1 1.17749E+4 2.88482E-1 4.11221E+0 5.63370E+02367400300455 
  110.      3.77217E-1 1.17368E+4 3.02934E-1 4.01216E+0 5.63370E+02367400300456 
  110.      3.79678E-1 1.16988E+4 3.35838E-1 3.98993E+0 5.63373E+02367400300457 
  110.      3.82163E-1 1.16607E+4 4.14629E-1 3.89669E+0 5.63371E+02367400300458 
  110.      3.84673E-1 1.16226E+4 3.40608E-1 3.96056E+0 5.63372E+02367400300459 
  110.      3.87208E-1 1.15845E+4 1.96885E-1 4.43273E+0 5.63369E+02367400300460 
  110.      3.89767E-1 1.15465E+4 1.65097E-1 4.44149E+0 5.63372E+02367400300461 
  110.      3.92352E-1 1.15084E+4 1.46389E-1 4.56107E+0 5.63372E+02367400300462 
  110.      3.94964E-1 1.14703E+4 1.45770E-1 4.54391E+0 5.63372E+02367400300463 
  110.      3.97601E-1 1.14322E+4 1.40020E-1 4.66959E+0 5.63370E+02367400300464 
  110.      4.00264E-1 1.13941E+4 1.35957E-1 4.65460E+0 5.63369E+02367400300465 
  110.      4.02954E-1 1.13561E+4 1.21961E-1 4.85861E+0 5.63372E+02367400300466 
  110.      4.05672E-1 1.13180E+4 1.29393E-1 4.60807E+0 5.63369E+02367400300467 
  110.      4.08417E-1 1.12799E+4 1.31151E-1 4.71341E+0 5.63373E+02367400300468 
  110.      4.11190E-1 1.12418E+4 1.40405E-1 4.55364E+0 5.63370E+02367400300469 
  110.      4.13992E-1 1.12038E+4 1.59355E-1 4.30665E+0 5.63370E+02367400300470 
  110.      4.16822E-1 1.11657E+4 1.57137E-1 4.35949E+0 5.63371E+02367400300471 
  110.      4.19682E-1 1.11276E+4 1.36436E-1 4.39387E+0 5.63370E+02367400300472 
  110.      4.22570E-1 1.10895E+4 1.15896E-1 4.64021E+0 5.63371E+02367400300473 
  110.      4.25489E-1 1.10515E+4 9.21879E-2 4.81515E+0 5.63371E+02367400300474 
  110.      4.28438E-1 1.10134E+4 7.59483E-2 5.31409E+0 5.63370E+02367400300475 
  110.      4.31418E-1 1.09753E+4 8.74282E-2 4.77389E+0 5.63371E+02367400300476 
  110.      4.34429E-1 1.09372E+4 7.86015E-2 5.05844E+0 5.63371E+02367400300477 
  110.      4.37472E-1 1.08991E+4 8.64040E-2 4.64966E+0 5.63371E+02367400300478 
  110.      4.40547E-1 1.08611E+4 7.75365E-2 4.68455E+0 5.63371E+02367400300479 
  110.      4.43655E-1 1.08230E+4 7.86243E-2 4.61272E+0 5.63370E+02367400300480 
  110.      4.46795E-1 1.07849E+4 8.49530E-2 4.46867E+0 5.63370E+02367400300481 
  110.      4.49969E-1 1.07468E+4 8.42292E-2 4.37577E+0 5.63370E+02367400300482 
  110.      4.53176E-1 1.07088E+4 8.31115E-2 4.35242E+0 5.63371E+02367400300483 
  110.      4.56419E-1 1.06707E+4 8.90873E-2 4.17871E+0 5.63371E+02367400300484 
  110.      4.59696E-1 1.06326E+4 1.00860E-1 3.93000E+0 5.63369E+02367400300485 
  110.      4.63009E-1 1.05945E+4 1.12995E-1 3.88913E+0 5.63370E+02367400300486 
  110.      4.66357E-1 1.05565E+4 1.18932E-1 3.76497E+0 5.63368E+02367400300487 
  110.      4.69742E-1 1.05184E+4 1.44627E-1 3.40064E+0 5.63372E+02367400300488 
  110.      4.73164E-1 1.04803E+4 1.77140E-1 3.24940E+0 5.63372E+02367400300489 
  110.      4.76624E-1 1.04422E+4 2.29261E-1 3.06042E+0 5.63371E+02367400300490 
  110.      4.80122E-1 1.04042E+4 2.96085E-1 2.95865E+0 5.63372E+02367400300491 
  110.      4.83658E-1 1.03661E+4 3.78423E-1 2.91745E+0 5.63372E+02367400300492 
  110.      4.87234E-1 1.03280E+4 4.11584E-1 2.85745E+0 5.63372E+02367400300493 
  110.      4.90849E-1 1.02899E+4 4.15130E-1 2.85082E+0 5.53371E+02367400300494 
  110.      4.94505E-1 1.02518E+4 3.28149E-1 2.89661E+0 5.53371E+02367400300495 
  110.      4.98202E-1 1.02138E+4 2.22689E-1 3.19854E+0 5.53368E+02367400300496 
  110.      5.01941E-1 1.01757E+4 1.60965E-1 3.34882E+0 5.53371E+02367400300497 
  110.      5.05722E-1 1.01376E+4 1.28478E-1 3.42038E+0 5.53371E+02367400300498 
  110.      5.09545E-1 1.00995E+4 1.08113E-1 3.60372E+0 5.53368E+02367400300499 
  110.      5.13412E-1 1.00615E+4 8.08031E-2 3.98483E+0 5.63371E+02367400300500 
  110.      5.17323E-1 1.00234E+4 7.78901E-2 3.88247E+0 5.63371E+02367400300501 
  110.      5.21280E-1 9.98531E+3 6.72953E-2 4.03683E+0 5.63371E+02367400300502 
  110.      5.25281E-1 9.94723E+3 6.21390E-2 4.14735E+0 5.63371E+02367400300503 
  110.      5.29330E-1 9.90915E+3 5.41739E-2 4.30816E+0 5.63371E+02367400300504 
  110.      5.33425E-1 9.87107E+3 5.53468E-2 4.13879E+0 5.63371E+02367400300505 
  110.      5.37567E-1 9.83300E+3 5.47081E-2 4.21841E+0 5.63370E+02367400300506 
  110.      5.41758E-1 9.79493E+3 5.23911E-2 4.28704E+0 5.63371E+02367400300507 
  110.      5.45999E-1 9.75685E+3 5.02746E-2 4.30215E+0 5.63370E+02367400300508 
  110.      5.50289E-1 9.71877E+3 5.22348E-2 4.17352E+0 5.63370E+02367400300509 
  110.      5.54631E-1 9.68069E+3 5.11061E-2 4.33586E+0 5.63371E+02367400300510 
  110.      5.59023E-1 9.64262E+3 4.37301E-2 4.68677E+0 5.63372E+02367400300511 
  110.      5.63469E-1 9.60454E+3 4.70798E-2 4.37088E+0 5.63371E+02367400300512 
  110.      5.67967E-1 9.56646E+3 4.64202E-2 4.51881E+0 5.63371E+02367400300513 
  110.      5.72520E-1 9.52839E+3 4.51979E-2 4.33799E+0 5.63371E+02367400300514 
  110.      5.77127E-1 9.49031E+3 5.71810E-2 3.74308E+0 5.63371E+02367400300515 
  110.      5.81790E-1 9.45224E+3 6.32850E-2 3.71906E+0 5.63370E+02367400300516 
  110.      5.86510E-1 9.41416E+3 8.10527E-2 3.23128E+0 5.63371E+02367400300517 
  110.      5.91288E-1 9.37608E+3 9.72490E-2 3.09645E+0 5.53370E+02367400300518 
  110.      5.96125E-1 9.33800E+3 8.14026E-2 3.35968E+0 5.53371E+02367400300519 
  110.      6.01021E-1 9.29993E+3 6.02336E-2 3.79383E+0 5.53371E+02367400300520 
  110.      6.05978E-1 9.26185E+3 4.89453E-2 4.12040E+0 5.53371E+02367400300521 
  110.      6.10997E-1 9.22377E+3 4.07125E-2 4.54121E+0 5.53371E+02367400300522 
  110.      6.16078E-1 9.18569E+3 4.23656E-2 4.30472E+0 5.53371E+02367400300523 
  110.      6.21222E-1 9.14762E+3 4.17695E-2 4.45476E+0 5.53370E+02367400300524 
  110.      6.26432E-1 9.10954E+3 4.23984E-2 4.30474E+0 5.53370E+02367400300525 
  110.      6.31707E-1 9.07146E+3 4.06229E-2 4.37780E+0 5.53370E+02367400300526 
  110.      6.37049E-1 9.03338E+3 4.22461E-2 4.25282E+0 5.53369E+02367400300527 
  110.      6.42459E-1 8.99531E+3 3.80722E-2 4.48661E+0 5.53372E+02367400300528 
  110.      6.47938E-1 8.95723E+3 3.74806E-2 4.39427E+0 5.53369E+02367400300529 
  110.      6.53488E-1 8.91916E+3 4.07459E-2 4.13848E+0 5.53371E+02367400300530 
  110.      6.59109E-1 8.88108E+3 4.10927E-2 4.10326E+0 5.53371E+02367400300531 
  110.      6.64804E-1 8.84300E+3 4.30112E-2 3.95320E+0 5.53370E+02367400300532 
  110.      6.70573E-1 8.80492E+3 4.89975E-2 3.76958E+0 5.53371E+02367400300533 
  110.      6.76416E-1 8.76685E+3 4.68464E-2 3.87586E+0 5.53370E+02367400300534 
  110.      6.82337E-1 8.72877E+3 5.62228E-2 3.46874E+0 5.53372E+02367400300535 
  110.      6.88336E-1 8.69069E+3 5.69423E-2 3.50432E+0 5.53371E+02367400300536 
  110.      6.94414E-1 8.65262E+3 6.69721E-2 3.27359E+0 5.53371E+02367400300537 
  110.      7.00573E-1 8.61454E+3 7.36541E-2 3.16870E+0 5.53370E+02367400300538 
  110.      7.06815E-1 8.57646E+3 8.56036E-2 2.98785E+0 5.53370E+02367400300539 
  110.      7.13140E-1 8.53839E+3 9.32130E-2 2.84184E+0 5.53370E+02367400300540 
  110.      7.19551E-1 8.50031E+3 1.07523E-1 2.68293E+0 5.53368E+02367400300541 
  110.      7.26048E-1 8.46223E+3 1.18126E-1 2.59079E+0 5.53369E+02367400300542 
  110.      7.32635E-1 8.42415E+3 1.31530E-1 2.49706E+0 5.53370E+02367400300543 
  110.      7.39311E-1 8.38608E+3 1.37281E-1 2.45269E+0 5.53370E+02367400300544 
  110.      7.46078E-1 8.34800E+3 1.49789E-1 2.34645E+0 5.53371E+02367400300545 
  110.      7.52939E-1 8.30992E+3 1.77081E-1 2.19882E+0 5.53372E+02367400300546 
  110.      7.59895E-1 8.27185E+3 2.19240E-1 2.08992E+0 5.53371E+02367400300547 
  110.      7.66949E-1 8.23377E+3 2.67306E-1 1.99213E+0 5.53370E+02367400300548 
  110.      7.74101E-1 8.19569E+3 3.31628E-1 1.93982E+0 5.53370E+02367400300549 
  110.      7.81353E-1 8.15762E+3 4.01195E-1 1.89760E+0 5.53372E+02367400300550 
  110.      7.88708E-1 8.11954E+3 4.34410E-1 1.83764E+0 5.53371E+02367400300551 
  110.      7.96168E-1 8.08146E+3 4.20157E-1 1.86661E+0 5.53372E+02367400300552 
  110.      8.03733E-1 8.04338E+3 3.50996E-1 1.91131E+0 5.53371E+02367400300553 
  110.      8.11407E-1 8.00531E+3 2.74694E-1 1.98057E+0 5.53372E+02367400300554 
  110.      8.19191E-1 7.96723E+3 2.28602E-1 2.00273E+0 5.53368E+02367400300555 
  110.      8.27089E-1 7.92915E+3 2.06701E-1 2.02803E+0 5.53369E+02367400300556 
  110.      8.35100E-1 7.89108E+3 2.08228E-1 1.97527E+0 5.53369E+02367400300557 
  110.      8.43229E-1 7.85300E+3 2.45471E-1 1.89861E+0 5.53369E+02367400300558 
  110.      8.51477E-1 7.81492E+3 2.72054E-1 1.83471E+0 5.53372E+02367400300559 
  110.      8.59847E-1 7.77684E+3 1.51803E-1 2.20697E+0 5.53369E+02367400300560 
  110.      8.68341E-1 7.73877E+3 1.01467E-1 2.39724E+0 5.53373E+02367400300561 
  110.      8.76962E-1 7.70069E+3 8.47918E-2 2.43795E+0 5.53371E+02367400300562 
  110.      8.85712E-1 7.66261E+3 8.30531E-2 2.41589E+0 5.53371E+02367400300563 
  110.      8.94593E-1 7.62454E+3 8.23703E-2 2.41213E+0 5.53371E+02367400300564 
  110.      9.03608E-1 7.58646E+3 8.29187E-2 2.37511E+0 5.53371E+02367400300565 
  110.      9.12761E-1 7.54838E+3 8.77391E-2 2.26251E+0 5.53371E+02367400300566 
  110.      9.22054E-1 7.51030E+3 9.15374E-2 2.21265E+0 5.53371E+02367400300567 
  110.      9.31489E-1 7.47223E+3 9.77163E-2 2.16388E+0 5.53371E+02367400300568 
  110.      9.41070E-1 7.43415E+3 9.63727E-2 2.18163E+0 5.53370E+02367400300569 
  110.      9.50799E-1 7.39607E+3 9.70995E-2 2.17492E+0 5.53371E+02367400300570 
  110.      9.60681E-1 7.35800E+3 1.05478E-1 2.10673E+0 5.63370E+02367400300571 
  110.      9.70717E-1 7.31992E+3 1.10828E-1 2.08387E+0 5.63369E+02367400300572 
  110.      9.80911E-1 7.28184E+3 1.18414E-1 2.05254E+0 5.63369E+02367400300573 
  110.      9.91268E-1 7.24376E+3 1.28226E-1 2.00406E+0 5.63369E+02367400300574 
  110.      1.00179E+0 7.20568E+3 1.34367E-1 1.95995E+0 5.53369E+02367400300575 
  110.      1.01248E+0 7.16761E+3 1.40050E-1 1.90373E+0 5.53371E+02367400300576 
  110.      1.02334E+0 7.12953E+3 1.45323E-1 1.87316E+0 5.53369E+02367400300577 
  110.      1.03438E+0 7.09145E+3 1.58251E-1 1.82754E+0 5.53371E+02367400300578 
  110.      1.04560E+0 7.05337E+3 1.70955E-1 1.78363E+0 5.53370E+02367400300579 
  110.      1.05700E+0 7.01529E+3 1.85670E-1 1.74233E+0 5.53369E+02367400300580 
  110.      1.06858E+0 6.97723E+3 2.06267E-1 1.70032E+0 5.53370E+02367400300581 
  110.      1.08036E+0 6.93915E+3 2.29574E-1 1.65267E+0 5.53373E+02367400300582 
  110.      1.09234E+0 6.90107E+3 2.67513E-1 1.60112E+0 5.53371E+02367400300583 
  110.      1.10451E+0 6.86299E+3 2.87646E-1 1.58112E+0 5.53371E+02367400300584 
  110.      1.11689E+0 6.82492E+3 3.03536E-1 1.58092E+0 5.53371E+02367400300585 
  110.      1.12948E+0 6.78683E+3 3.15302E-1 1.56820E+0 5.53371E+02367400300586 
  110.      1.14229E+0 6.74875E+3 3.13082E-1 1.56783E+0 5.53369E+02367400300587 
  110.      1.15531E+0 6.71067E+3 2.71669E-1 1.59724E+0 5.53368E+02367400300588 
  110.      1.16856E+0 6.67261E+3 2.35493E-1 1.64306E+0 5.53371E+02367400300589 
  110.      1.18204E+0 6.63453E+3 2.21887E-1 1.64477E+0 5.53372E+02367400300590 
  110.      1.19575E+0 6.59645E+3 2.25991E-1 1.62466E+0 5.53372E+02367400300591 
  110.      1.20970E+0 6.55837E+3 2.55349E-1 1.55727E+0 5.53368E+02367400300592 
  110.      1.22390E+0 6.52029E+3 3.12362E-1 1.50255E+0 5.53371E+02367400300593 
  110.      1.23835E+0 6.48221E+3 3.31289E-1 1.51440E+0 5.53369E+02367400300594 
  110.      1.25306E+0 6.44414E+3 2.87812E-1 1.55834E+0 5.53372E+02367400300595 
  110.      1.26803E+0 6.40606E+3 2.35535E-1 1.61578E+0 5.53370E+02367400300596 
  110.      1.28327E+0 6.36798E+3 1.65574E-1 1.76586E+0 5.53371E+02367400300597 
  110.      1.29879E+0 6.32990E+3 1.11718E-1 1.98201E+0 5.53372E+02367400300598 
  110.      1.31459E+0 6.29181E+3 9.19538E-2 2.04519E+0 5.53933E+02367400300599 
  110.      1.33068E+0 6.25374E+3 7.99724E-2 2.12274E+0 5.53371E+02367400300600 
  110.      1.34707E+0 6.21567E+3 7.66847E-2 2.13597E+0 5.59578E+02367400300601 
  110.      1.36376E+0 6.17760E+3 8.21802E-2 2.02392E+0 5.54829E+02367400300602 
  110.      1.38077E+0 6.13952E+3 9.11008E-2 1.90102E+0 5.53371E+02367400300603 
  110.      1.39809E+0 6.10144E+3 1.03053E-1 1.82696E+0 5.57365E+02367400300604 
  110.      1.41575E+0 6.06335E+3 1.24004E-1 1.75313E+0 5.61743E+02367400300605 
  110.      1.43375E+0 6.02527E+3 1.54885E-1 1.67037E+0 5.85979E+02367400300606 
  110.      1.45208E+0 5.98720E+3 1.77859E-1 1.72772E+0 6.50224E+02367400300607 
  110.      1.47077E+0 5.94913E+3 2.05164E-1 1.69788E+0 6.21250E+02367400300608 
  110.      1.48983E+0 5.91105E+3 2.33726E-1 1.59152E+0 5.83364E+02367400300609 
  110.      1.50926E+0 5.87297E+3 2.39442E-1 1.57009E+0 5.83423E+02367400300610 
  110.      1.52907E+0 5.83489E+3 2.47156E-1 1.56928E+0 5.83837E+02367400300611 
  110.      1.54927E+0 5.79681E+3 2.53518E-1 1.70126E+0 6.51790E+02367400300612 
  110.      1.56988E+0 5.75874E+3 2.59396E-1 1.75514E+0 6.69942E+02367400300613 
  110.      1.59090E+0 5.72066E+3 2.45240E-1 1.80945E+0 6.75308E+02367400300614 
  110.      1.61235E+0 5.68258E+3 2.48401E-1 1.80789E+0 6.94636E+02367400300615 
  110.      1.63423E+0 5.64450E+3 2.12673E-1 2.05575E+0 8.17226E+02367400300616 
  110.      1.65657E+0 5.60642E+3 1.65314E-1 2.37380E+0 7.76679E+02367400300617 
  110.      1.67936E+0 5.56834E+3 1.49118E-1 2.31273E+0 7.26394E+02367400300618 
  110.      1.70263E+0 5.53026E+3 1.44272E-1 2.24714E+0 7.16685E+02367400300619 
  110.      1.72639E+0 5.49219E+3 1.37791E-1 2.30140E+0 7.03740E+02367400300620 
  110.      1.75064E+0 5.45411E+3 1.36847E-1 2.22780E+0 6.76438E+02367400300621 
  110.      1.77541E+0 5.41603E+3 1.28477E-1 2.08698E+0 6.63020E+02367400300622 
  110.      1.80072E+0 5.37795E+3 1.34349E-1 2.08080E+0 6.53819E+02367400300623 
  110.      1.82657E+0 5.33987E+3 1.42991E-1 2.07432E+0 6.71901E+02367400300624 
  110.      1.85298E+0 5.30180E+3 1.58549E-1 2.19082E+0 7.09079E+02367400300625 
  110.      1.87996E+0 5.26372E+3 1.75905E-1 2.23626E+0 8.04100E+02367400300626 
  110.      1.90754E+0 5.22564E+3 1.77892E-1 2.44910E+0 9.49309E+02367400300627 
  110.      1.93574E+0 5.18756E+3 1.86976E-1 2.45993E+0 9.23421E+02367400300628 
  110.      1.96456E+0 5.14948E+3 2.00590E-1 2.38778E+0 8.96082E+02367400300629 
  110.      1.99404E+0 5.11140E+3 2.16369E-1 2.29961E+0 8.89700E+02367400300630 
  110.      2.02418E+0 5.07332E+3 2.38749E-1 2.19220E+0 8.42316E+02367400300631 
  110.      2.05501E+0 5.03525E+3 2.70076E-1 1.92529E+0 7.56030E+02367400300632 
  110.      2.08655E+0 4.99717E+3 2.92562E-1 1.90230E+0 7.28252E+02367400300633 
  110.      2.11883E+0 4.95909E+3 2.90721E-1 1.86951E+0 7.06840E+02367400300634 
  110.      2.15186E+0 4.92101E+3 2.83179E-1 1.88647E+0 7.13234E+02367400300635 
  110.      2.18567E+0 4.88293E+3 2.85708E-1 1.93387E+0 7.53087E+02367400300636 
  110.      2.22029E+0 4.84485E+3 2.45406E-1 2.25965E+0 9.29863E+02367400300637 
  110.      2.25573E+0 4.80677E+3 1.86218E-1 2.88496E+0 1.09404E+12367400300638 
  110.      2.29203E+0 4.76869E+3 1.67292E-1 3.08562E+0 1.07666E+12367400300639 
  110.      2.32922E+0 4.73061E+3 1.64795E-1 3.00871E+0 1.01757E+12367400300640 
  110.      2.36732E+0 4.69254E+3 1.75920E-1 2.87344E+0 1.02562E+12367400300641 
  110.      2.40636E+0 4.65446E+3 1.64320E-1 3.20684E+0 1.28547E+12367400300642 
  110.      2.44637E+0 4.61638E+3 1.45481E-1 3.86078E+0 1.55166E+12367400300643 
  110.      2.48740E+0 4.57830E+3 1.33641E-1 4.19738E+0 1.53557E+12367400300644 
  110.      2.52947E+0 4.54022E+3 1.51379E-1 3.62360E+0 1.27923E+12367400300645 
  110.      2.57262E+0 4.50214E+3 1.75477E-1 3.17432E+0 1.11508E+12367400300646 
  110.      2.61688E+0 4.46406E+3 1.81732E-1 3.08579E+0 1.11684E+12367400300647 
  110.      2.66229E+0 4.42598E+3 1.90371E-1 3.06186E+0 1.09268E+12367400300648 
  110.      2.70890E+0 4.38790E+3 1.83452E-1 3.21523E+0 1.10561E+12367400300649 
  110.      2.75675E+0 4.34982E+3 1.65709E-1 3.39870E+0 1.08034E+12367400300650 
  110.      2.80588E+0 4.31174E+3 1.56740E-1 3.46560E+0 1.10029E+12367400300651 
  110.      2.85633E+0 4.27366E+3 1.66021E-1 2.85529E+0 9.85018E+02367400300652 
  110.      2.90816E+0 4.23558E+3 1.66262E-1 3.27073E+0 1.05695E+12367400300653 
  110.      2.96142E+0 4.19750E+3 1.65512E-1 3.41108E+0 1.11859E+12367400300654 
  110.      3.01615E+0 4.15942E+3 1.74609E-1 3.43071E+0 1.13401E+12367400300655 
  110.      3.07242E+0 4.12134E+3 1.62712E-1 3.81641E+0 1.27956E+12367400300656 
  110.      3.13028E+0 4.08326E+3 1.76434E-1 3.53829E+0 1.11658E+12367400300657 
  110.      3.18980E+0 4.04518E+3 1.85672E-1 3.33838E+0 1.10693E+12367400300658 
  110.      3.25103E+0 4.00710E+3 1.77683E-1 3.64258E+0 1.20058E+12367400300659 
  110.      3.31404E+0 3.96902E+3 1.78423E-1 3.70449E+0 1.16917E+12367400300660 
  110.      3.37891E+0 3.93094E+3 1.80029E-1 3.60484E+0 1.14331E+12367400300661 
  110.      3.44570E+0 3.89286E+3 1.89995E-1 3.59223E+0 1.14075E+12367400300662 
  110.      3.51450E+0 3.85478E+3 2.00119E-1 3.39522E+0 1.08424E+12367400300663 
  110.      3.58539E+0 3.81670E+3 1.68179E-1 3.84939E+0 1.27970E+12367400300664 
  110.      3.65844E+0 3.77862E+3 1.43670E-1 4.68444E+0 1.42677E+12367400300665 
  110.      3.73376E+0 3.74054E+3 1.35407E-1 4.78732E+0 1.35290E+12367400300666 
  110.      3.81142E+0 3.70246E+3 1.33490E-1 4.47643E+0 1.21366E+12367400300667 
  110.      3.89155E+0 3.66438E+3 1.29519E-1 4.48115E+0 1.25219E+12367400300668 
  110.      3.97424E+0 3.62630E+3 1.36226E-1 4.24202E+0 1.12436E+12367400300669 
  110.      4.05959E+0 3.58822E+3 1.27994E-1 4.78669E+0 1.29427E+12367400300670 
  110.      4.14773E+0 3.55014E+3 1.29980E-1 4.88800E+0 1.38652E+12367400300671 
  110.      4.23878E+0 3.51206E+3 1.11696E-1 5.80397E+0 1.70094E+12367400300672 
  110.      4.33286E+0 3.47397E+3 1.11940E-1 6.02669E+0 1.74172E+12367400300673 
  110.      4.43013E+0 3.43589E+3 1.08442E-1 6.12911E+0 1.70183E+12367400300674 
  110.      4.53071E+0 3.39781E+3 8.97487E-2 7.48265E+0 2.09356E+12367400300675 
  110.      4.63477E+0 3.35973E+3 1.01718E-1 6.55386E+0 1.68666E+12367400300676 
  110.      4.74246E+0 3.32165E+3 8.91817E-2 6.90510E+0 1.84941E+12367400300677 
  110.      4.85396E+0 3.28357E+3 9.65816E-2 6.61658E+0 1.63040E+12367400300678 
  110.      4.96945E+0 3.24548E+3 9.87673E-2 6.20618E+0 1.64786E+12367400300679 
  110.      5.08912E+0 3.20740E+3 9.74913E-2 6.40219E+0 1.68637E+12367400300680 
  110.      5.21319E+0 3.16932E+3 1.06532E-1 6.03091E+0 1.51314E+12367400300681 
  110.      5.34186E+0 3.13124E+3 9.81240E-2 6.40972E+0 1.66331E+12367400300682 
  110.      5.47536E+0 3.09315E+3 9.93987E-2 6.22276E+0 1.60430E+12367400300683 
  110.      5.61395E+0 3.05507E+3 9.24321E-2 6.42574E+0 1.68600E+12367400300684 
  110.      5.75788E+0 3.01699E+3 6.82894E-2 8.53139E+0 2.10966E+12367400300685 
  110.      5.90745E+0 2.97890E+3 5.77646E-2 9.46377E+0 2.21216E+12367400300686 
  110.      6.06294E+0 2.94082E+3 5.77723E-2 9.20855E+0 2.13416E+12367400300687 
  110.      6.22466E+0 2.90274E+3 5.56215E-2 9.46350E+0 2.06255E+12367400300688 
  110.      6.39297E+0 2.86465E+3 5.65112E-2 9.34732E+0 1.96915E+12367400300689 
  110.      6.56823E+0 2.82657E+3 4.26778E-2 1.22897E+1 2.67769E+12367400300690 
  110.      6.75083E+0 2.78848E+3 5.26838E-2 9.88108E+0 2.00291E+12367400300691 
  110.      6.94117E+0 2.75040E+3 4.45619E-2 1.14034E+1 2.49605E+12367400300692 
  110.      7.13971E+0 2.71232E+3 3.82604E-2 1.34441E+1 2.59203E+12367400300693 
  110.      7.34693E+0 2.67423E+3 3.90004E-2 1.13133E+1 2.45391E+12367400300694 
  110.      7.56334E+0 2.63614E+3 3.64026E-2 1.19351E+1 2.35778E+12367400300695 
  110.      7.78949E+0 2.59806E+3 3.01722E-2 1.88812E+1 2.79119E+12367400300696 
  110.      8.02599E+0 2.55997E+3 2.33840E-2 2.47153E+1 3.40969E+12367400300697 
  110.      8.27348E+0 2.52189E+3 2.54010E-2 2.53514E+1 2.91425E+12367400300698 
  110.      8.53265E+0 2.48380E+3 1.84583E-2 3.61455E+1 3.83907E+12367400300699 
  110.      8.80425E+0 2.44571E+3 2.49536E-2 2.01086E+1 2.47360E+12367400300700 
  110.      9.08910E+0 2.40763E+3 6.78583E-3 7.25938E+1 9.08503E+12367400300701 
  110.      9.38807E+0 2.36954E+3 6.48735E-3 7.50970E+1 7.27496E+12367400300702 
  110.      9.70213E+0 2.33145E+3 9.31733E-3 5.88953E+1 5.00434E+12367400300703 
  110.      1.00323E+1 2.29336E+3 1.21709E-2 3.69633E+1 3.32331E+12367400300704 
  110.      1.03797E+1 2.25527E+3 9.62927E-3 4.91523E+1 3.70608E+12367400300705 
  110.      1.07456E+1 2.21718E+3-2.43144E-3 2.34519E+2 1.46055E+22367400300706 
  110.      1.11313E+1 2.17909E+3 2.40310E-3 2.16747E+2 1.11765E+22367400300707 
  110.      1.15383E+1 2.14100E+3 2.43352E-3 2.19371E+2 1.18375E+22367400300708 
  110.      1.19681E+1 2.10291E+3 1.31010E-3 4.15364E+2 2.02560E+22367400300709 
  110.      1.24227E+1 2.06482E+3 1.51480E-4 4.91375E+3 1.87632E+32367400300710 
  110.      1.29038E+1 2.02673E+3-2.78058E-3 2.15306E+2 9.37321E+12367400300711 
  110.      1.34136E+1 1.98863E+3 3.07374E-4 2.49669E+3 6.41901E+22367400300712 
  110.      1.39545E+1 1.95054E+3 3.25483E-3 2.61843E+2 6.33295E+12367400300713 
  110.      1.45290E+1 1.91245E+3 1.99793E-3 4.95440E+2 1.09645E+22367400300714 
  110.      1.51401E+1 1.87435E+3-5.73478E-3 1.43788E+2 3.91148E+12367400300715 
  110.      1.57910E+1 1.83625E+3-1.28643E-2 8.35628E+1 9.86420E+02367400300716 
  110.      1.64851E+1 1.79816E+3-5.23877E-3 1.78403E+2 3.02831E+12367400300717 
  110.      1.72264E+1 1.76006E+3-1.00128E-2 5.20841E+1 2.36917E+12367400300718 
  110.      1.80194E+1 1.72196E+3-7.06546E-3 7.39919E+1 1.88041E+12367400300719 
  110.      1.88536E+1 1.68453E+3-9.31527E-4 1.08092E+3 2.11646E+22367400300720 
  197.      6.38142E-2 2.85285E+4 0.00000E+0 0.00000E+0 0.00000E+02367400300721 
  197.      6.39851E-2 2.84904E+4 0.00000E+0 0.00000E+0 0.00000E+02367400300722 
  197.      6.41565E-2 2.84523E+4 0.00000E+0 0.00000E+0 0.00000E+02367400300723 
  197.      6.43286E-2 2.84143E+4 0.00000E+0 0.00000E+0 0.00000E+02367400300724 
  197.      6.45013E-2 2.83762E+4 0.00000E+0 0.00000E+0 0.00000E+02367400300725 
  197.      6.46748E-2 2.83381E+4 0.00000E+0 0.00000E+0 0.00000E+02367400300726 
  197.      6.48490E-2 2.83000E+4 0.00000E+0 0.00000E+0 0.00000E+02367400300727 
  197.      6.50238E-2 2.82620E+4 0.00000E+0 0.00000E+0 0.00000E+02367400300728 
  197.      6.51994E-2 2.82239E+4 0.00000E+0 0.00000E+0 0.00000E+02367400300729 
  197.      6.53757E-2 2.81858E+4 0.00000E+0 0.00000E+0 0.00000E+02367400300730 
  197.      6.55527E-2 2.81477E+4 0.00000E+0 0.00000E+0 0.00000E+02367400300731 
  197.      6.57304E-2 2.81097E+4 0.00000E+0 0.00000E+0 0.00000E+02367400300732 
  197.      6.59089E-2 2.80716E+4 0.00000E+0 0.00000E+0 0.00000E+02367400300733 
  197.      6.60881E-2 2.80335E+4 0.00000E+0 0.00000E+0 0.00000E+02367400300734 
  197.      6.62680E-2 2.79954E+4 0.00000E+0 0.00000E+0 0.00000E+02367400300735 
  197.      6.64486E-2 2.79574E+4 0.00000E+0 0.00000E+0 0.00000E+02367400300736 
  197.      6.66300E-2 2.79193E+4 0.00000E+0 0.00000E+0 0.00000E+02367400300737 
  197.      6.68122E-2 2.78812E+4 0.00000E+0 0.00000E+0 0.00000E+02367400300738 
  197.      6.69951E-2 2.78431E+4 0.00000E+0 0.00000E+0 0.00000E+02367400300739 
  197.      6.71787E-2 2.78050E+4 0.00000E+0 0.00000E+0 0.00000E+02367400300740 
  197.      6.73631E-2 2.77670E+4 0.00000E+0 0.00000E+0 0.00000E+02367400300741 
  197.      6.75482E-2 2.77289E+4 0.00000E+0 0.00000E+0 0.00000E+02367400300742 
  197.      6.77341E-2 2.76908E+4 0.00000E+0 0.00000E+0 0.00000E+02367400300743 
  197.      6.79208E-2 2.76527E+4 0.00000E+0 0.00000E+0 0.00000E+02367400300744 
  197.      6.81083E-2 2.76147E+4 0.00000E+0 0.00000E+0 0.00000E+02367400300745 
  197.      6.82965E-2 2.75766E+4 0.00000E+0 0.00000E+0 0.00000E+02367400300746 
  197.      6.84855E-2 2.75385E+4 0.00000E+0 0.00000E+0 0.00000E+02367400300747 
  197.      6.86753E-2 2.75004E+4 0.00000E+0 0.00000E+0 0.00000E+02367400300748 
  197.      6.88659E-2 2.74624E+4 0.00000E+0 0.00000E+0 0.00000E+02367400300749 
  197.      6.90573E-2 2.74243E+4 0.00000E+0 0.00000E+0 0.00000E+02367400300750 
  197.      6.92494E-2 2.73862E+4 0.00000E+0 0.00000E+0 0.00000E+02367400300751 
  197.      6.94424E-2 2.73481E+4 0.00000E+0 0.00000E+0 0.00000E+02367400300752 
  197.      6.96362E-2 2.73101E+4 0.00000E+0 0.00000E+0 0.00000E+02367400300753 
  197.      6.98308E-2 2.72720E+4 0.00000E+0 0.00000E+0 0.00000E+02367400300754 
  197.      7.00262E-2 2.72339E+4 0.00000E+0 0.00000E+0 0.00000E+02367400300755 
  197.      7.02225E-2 2.71958E+4 0.00000E+0 0.00000E+0 0.00000E+02367400300756 
  197.      7.04196E-2 2.71577E+4 0.00000E+0 0.00000E+0 0.00000E+02367400300757 
  197.      7.06175E-2 2.71197E+4 0.00000E+0 0.00000E+0 0.00000E+02367400300758 
  197.      7.08162E-2 2.70816E+4 0.00000E+0 0.00000E+0 0.00000E+02367400300759 
  197.      7.10158E-2 2.70435E+4 0.00000E+0 0.00000E+0 0.00000E+02367400300760 
  197.      7.12162E-2 2.70054E+4 0.00000E+0 0.00000E+0 0.00000E+02367400300761 
  197.      7.14175E-2 2.69674E+4 0.00000E+0 0.00000E+0 0.00000E+02367400300762 
  197.      7.16196E-2 2.69293E+4 0.00000E+0 0.00000E+0 0.00000E+02367400300763 
  197.      7.18226E-2 2.68912E+4 0.00000E+0 0.00000E+0 0.00000E+02367400300764 
  197.      7.20264E-2 2.68531E+4 0.00000E+0 0.00000E+0 0.00000E+02367400300765 
  197.      7.22311E-2 2.68151E+4 0.00000E+0 0.00000E+0 0.00000E+02367400300766 
  197.      7.24367E-2 2.67770E+4 0.00000E+0 0.00000E+0 0.00000E+02367400300767 
  197.      7.26432E-2 2.67389E+4 0.00000E+0 0.00000E+0 0.00000E+02367400300768 
  197.      7.28506E-2 2.67008E+4 0.00000E+0 0.00000E+0 0.00000E+02367400300769 
  197.      7.30588E-2 2.66628E+4 0.00000E+0 0.00000E+0 0.00000E+02367400300770 
  197.      7.32679E-2 2.66247E+4 0.00000E+0 0.00000E+0 0.00000E+02367400300771 
  197.      7.34780E-2 2.65866E+4 0.00000E+0 0.00000E+0 0.00000E+02367400300772 
  197.      7.36889E-2 2.65485E+4 0.00000E+0 0.00000E+0 0.00000E+02367400300773 
  197.      7.39007E-2 2.65105E+4 0.00000E+0 0.00000E+0 0.00000E+02367400300774 
  197.      7.41135E-2 2.64724E+4 0.00000E+0 0.00000E+0 0.00000E+02367400300775 
  197.      7.43272E-2 2.64343E+4 0.00000E+0 0.00000E+0 0.00000E+02367400300776 
  197.      7.45419E-2 2.63962E+4 0.00000E+0 0.00000E+0 0.00000E+02367400300777 
  197.      7.47574E-2 2.63582E+4 0.00000E+0 0.00000E+0 0.00000E+02367400300778 
  197.      7.49738E-2 2.63201E+4 0.00000E+0 0.00000E+0 0.00000E+02367400300779 
  197.      7.51912E-2 2.62820E+4 0.00000E+0 0.00000E+0 0.00000E+02367400300780 
  197.      7.54096E-2 2.62439E+4 0.00000E+0 0.00000E+0 0.00000E+02367400300781 
  197.      7.56290E-2 2.62059E+4 0.00000E+0 0.00000E+0 0.00000E+02367400300782 
  197.      7.58492E-2 2.61678E+4 0.00000E+0 0.00000E+0 0.00000E+02367400300783 
  197.      7.60705E-2 2.61297E+4 0.00000E+0 0.00000E+0 0.00000E+02367400300784 
  197.      7.62927E-2 2.60916E+4 0.00000E+0 0.00000E+0 0.00000E+02367400300785 
  197.      7.65159E-2 2.60535E+4 0.00000E+0 0.00000E+0 0.00000E+02367400300786 
  197.      7.67401E-2 2.60155E+4 0.00000E+0 0.00000E+0 0.00000E+02367400300787 
  197.      7.69652E-2 2.59774E+4 0.00000E+0 0.00000E+0 0.00000E+02367400300788 
  197.      7.71914E-2 2.59393E+4 0.00000E+0 0.00000E+0 0.00000E+02367400300789 
  197.      7.74185E-2 2.59012E+4 0.00000E+0 0.00000E+0 0.00000E+02367400300790 
  197.      7.76467E-2 2.58632E+4 0.00000E+0 0.00000E+0 0.00000E+02367400300791 
  197.      7.78758E-2 2.58251E+4 0.00000E+0 0.00000E+0 0.00000E+02367400300792 
  197.      7.81060E-2 2.57870E+4 0.00000E+0 0.00000E+0 0.00000E+02367400300793 
  197.      7.83372E-2 2.57489E+4 0.00000E+0 0.00000E+0 0.00000E+02367400300794 
  197.      7.85694E-2 2.57109E+4 0.00000E+0 0.00000E+0 0.00000E+02367400300795 
  197.      7.88027E-2 2.56728E+4 0.00000E+0 0.00000E+0 0.00000E+02367400300796 
  197.      7.90370E-2 2.56347E+4 0.00000E+0 0.00000E+0 0.00000E+02367400300797 
  197.      7.92723E-2 2.55966E+4 0.00000E+0 0.00000E+0 0.00000E+02367400300798 
  197.      7.95087E-2 2.55586E+4 0.00000E+0 0.00000E+0 0.00000E+02367400300799 
  197.      7.97462E-2 2.55205E+4 0.00000E+0 0.00000E+0 0.00000E+02367400300800 
  197.      7.99847E-2 2.54824E+4 0.00000E+0 0.00000E+0 0.00000E+02367400300801 
  197.      8.02243E-2 2.54443E+4 0.00000E+0 0.00000E+0 0.00000E+02367400300802 
  197.      8.04650E-2 2.54063E+4 0.00000E+0 0.00000E+0 0.00000E+02367400300803 
  197.      8.07068E-2 2.53682E+4 0.00000E+0 0.00000E+0 0.00000E+02367400300804 
  197.      8.09496E-2 2.53301E+4 0.00000E+0 0.00000E+0 0.00000E+02367400300805 
  197.      8.11936E-2 2.52920E+4 0.00000E+0 0.00000E+0 0.00000E+02367400300806 
  197.      8.14386E-2 2.52539E+4 0.00000E+0 0.00000E+0 0.00000E+02367400300807 
  197.      8.16848E-2 2.52159E+4 0.00000E+0 0.00000E+0 0.00000E+02367400300808 
  197.      8.19321E-2 2.51778E+4 0.00000E+0 0.00000E+0 0.00000E+02367400300809 
  197.      8.21805E-2 2.51397E+4 0.00000E+0 0.00000E+0 0.00000E+02367400300810 
  197.      8.24300E-2 2.51016E+4 0.00000E+0 0.00000E+0 0.00000E+02367400300811 
  197.      8.26807E-2 2.50636E+4 0.00000E+0 0.00000E+0 0.00000E+02367400300812 
  197.      8.29325E-2 2.50255E+4 0.00000E+0 0.00000E+0 0.00000E+02367400300813 
  197.      8.31855E-2 2.49874E+4 0.00000E+0 0.00000E+0 0.00000E+02367400300814 
  197.      8.34396E-2 2.49493E+4 0.00000E+0 0.00000E+0 0.00000E+02367400300815 
  197.      8.36949E-2 2.49113E+4 0.00000E+0 0.00000E+0 0.00000E+02367400300816 
  197.      8.39514E-2 2.48732E+4 0.00000E+0 0.00000E+0 0.00000E+02367400300817 
  197.      8.42090E-2 2.48351E+4 0.00000E+0 0.00000E+0 0.00000E+02367400300818 
  197.      8.44679E-2 2.47970E+4 0.00000E+0 0.00000E+0 0.00000E+02367400300819 
  197.      8.47279E-2 2.47590E+4 0.00000E+0 0.00000E+0 0.00000E+02367400300820 
  197.      8.49891E-2 2.47209E+4 0.00000E+0 0.00000E+0 0.00000E+02367400300821 
  197.      8.52516E-2 2.46828E+4 0.00000E+0 0.00000E+0 0.00000E+02367400300822 
  197.      8.55153E-2 2.46447E+4 0.00000E+0 0.00000E+0 0.00000E+02367400300823 
  197.      8.57802E-2 2.46066E+4 0.00000E+0 0.00000E+0 0.00000E+02367400300824 
  197.      8.60463E-2 2.45686E+4 0.00000E+0 0.00000E+0 0.00000E+02367400300825 
  197.      8.63136E-2 2.45305E+4 0.00000E+0 0.00000E+0 0.00000E+02367400300826 
  197.      8.65823E-2 2.44924E+4 0.00000E+0 0.00000E+0 0.00000E+02367400300827 
  197.      8.68522E-2 2.44543E+4 0.00000E+0 0.00000E+0 0.00000E+02367400300828 
  197.      8.71233E-2 2.44163E+4 0.00000E+0 0.00000E+0 0.00000E+02367400300829 
  197.      8.73957E-2 2.43782E+4 0.00000E+0 0.00000E+0 0.00000E+02367400300830 
  197.      8.76694E-2 2.43401E+4 0.00000E+0 0.00000E+0 0.00000E+02367400300831 
  197.      8.79443E-2 2.43020E+4 0.00000E+0 0.00000E+0 0.00000E+02367400300832 
  197.      8.82206E-2 2.42640E+4 0.00000E+0 0.00000E+0 0.00000E+02367400300833 
  197.      8.84982E-2 2.42259E+4 0.00000E+0 0.00000E+0 0.00000E+02367400300834 
  197.      8.87770E-2 2.41878E+4 0.00000E+0 0.00000E+0 0.00000E+02367400300835 
  197.      8.90572E-2 2.41497E+4 0.00000E+0 0.00000E+0 0.00000E+02367400300836 
  197.      8.93388E-2 2.41117E+4 0.00000E+0 0.00000E+0 0.00000E+02367400300837 
  197.      8.96217E-2 2.40736E+4 0.00000E+0 0.00000E+0 0.00000E+02367400300838 
  197.      8.99059E-2 2.40355E+4 0.00000E+0 0.00000E+0 0.00000E+02367400300839 
  197.      9.01915E-2 2.39974E+4 0.00000E+0 0.00000E+0 0.00000E+02367400300840 
  197.      9.04784E-2 2.39593E+4 0.00000E+0 0.00000E+0 0.00000E+02367400300841 
  197.      9.07667E-2 2.39213E+4 0.00000E+0 0.00000E+0 0.00000E+02367400300842 
  197.      9.10564E-2 2.38832E+4 0.00000E+0 0.00000E+0 0.00000E+02367400300843 
  197.      9.13474E-2 2.38451E+4 0.00000E+0 0.00000E+0 0.00000E+02367400300844 
  197.      9.16399E-2 2.38070E+4 0.00000E+0 0.00000E+0 0.00000E+02367400300845 
  197.      9.19338E-2 2.37690E+4 0.00000E+0 0.00000E+0 0.00000E+02367400300846 
  197.      9.22291E-2 2.37309E+4 0.00000E+0 0.00000E+0 0.00000E+02367400300847 
  197.      9.25258E-2 2.36928E+4 0.00000E+0 0.00000E+0 0.00000E+02367400300848 
  197.      9.28240E-2 2.36547E+4 0.00000E+0 0.00000E+0 0.00000E+02367400300849 
  197.      9.31236E-2 2.36167E+4 0.00000E+0 0.00000E+0 0.00000E+02367400300850 
  197.      9.34246E-2 2.35786E+4 0.00000E+0 0.00000E+0 0.00000E+02367400300851 
  197.      9.37272E-2 2.35405E+4 0.00000E+0 0.00000E+0 0.00000E+02367400300852 
  197.      9.40312E-2 2.35024E+4 0.00000E+0 0.00000E+0 0.00000E+02367400300853 
  197.      9.43366E-2 2.34644E+4 0.00000E+0 0.00000E+0 0.00000E+02367400300854 
  197.      9.46436E-2 2.34263E+4 0.00000E+0 0.00000E+0 0.00000E+02367400300855 
  197.      9.49521E-2 2.33882E+4 0.00000E+0 0.00000E+0 0.00000E+02367400300856 
  197.      9.52620E-2 2.33501E+4 0.00000E+0 0.00000E+0 0.00000E+02367400300857 
  197.      9.55735E-2 2.33121E+4 0.00000E+0 0.00000E+0 0.00000E+02367400300858 
  197.      9.58865E-2 2.32740E+4 0.00000E+0 0.00000E+0 0.00000E+02367400300859 
  197.      9.62011E-2 2.32359E+4 0.00000E+0 0.00000E+0 0.00000E+02367400300860 
  197.      9.65172E-2 2.31978E+4 0.00000E+0 0.00000E+0 0.00000E+02367400300861 
  197.      9.68349E-2 2.31597E+4 0.00000E+0 0.00000E+0 0.00000E+02367400300862 
  197.      9.71541E-2 2.31217E+4 0.00000E+0 0.00000E+0 0.00000E+02367400300863 
  197.      9.74749E-2 2.30836E+4 0.00000E+0 0.00000E+0 0.00000E+02367400300864 
  197.      9.77973E-2 2.30455E+4 0.00000E+0 0.00000E+0 0.00000E+02367400300865 
  197.      9.81214E-2 2.30074E+4 0.00000E+0 0.00000E+0 0.00000E+02367400300866 
  197.      9.84470E-2 2.29694E+4 0.00000E+0 0.00000E+0 0.00000E+02367400300867 
  197.      9.87742E-2 2.29313E+4 0.00000E+0 0.00000E+0 0.00000E+02367400300868 
  197.      9.91031E-2 2.28932E+4 0.00000E+0 0.00000E+0 0.00000E+02367400300869 
  197.      9.94337E-2 2.28551E+4 0.00000E+0 0.00000E+0 0.00000E+02367400300870 
  197.      9.97658E-2 2.28171E+4 0.00000E+0 0.00000E+0 0.00000E+02367400300871 
  197.      1.00100E-1 2.27790E+4 0.00000E+0 0.00000E+0 0.00000E+02367400300872 
  197.      1.00435E-1 2.27409E+4 0.00000E+0 0.00000E+0 0.00000E+02367400300873 
  197.      1.00773E-1 2.27028E+4 0.00000E+0 0.00000E+0 0.00000E+02367400300874 
  197.      1.01111E-1 2.26647E+4 0.00000E+0 0.00000E+0 0.00000E+02367400300875 
  197.      1.01452E-1 2.26267E+4 0.00000E+0 0.00000E+0 0.00000E+02367400300876 
  197.      1.01794E-1 2.25886E+4 0.00000E+0 0.00000E+0 0.00000E+02367400300877 
  197.      1.02139E-1 2.25505E+4 0.00000E+0 0.00000E+0 0.00000E+02367400300878 
  197.      1.02485E-1 2.25124E+4 0.00000E+0 0.00000E+0 0.00000E+02367400300879 
  197.      1.02832E-1 2.24743E+4 0.00000E+0 0.00000E+0 0.00000E+02367400300880 
  197.      1.03181E-1 2.24363E+4 0.00000E+0 0.00000E+0 0.00000E+02367400300881 
  197.      1.03532E-1 2.23982E+4 0.00000E+0 0.00000E+0 0.00000E+02367400300882 
  197.      1.03886E-1 2.23601E+4 0.00000E+0 0.00000E+0 0.00000E+02367400300883 
  197.      1.04240E-1 2.23221E+4 0.00000E+0 0.00000E+0 0.00000E+02367400300884 
  197.      1.04597E-1 2.22840E+4 0.00000E+0 0.00000E+0 0.00000E+02367400300885 
  197.      1.04955E-1 2.22459E+4 0.00000E+0 0.00000E+0 0.00000E+02367400300886 
  197.      1.05316E-1 2.22078E+4 0.00000E+0 0.00000E+0 0.00000E+02367400300887 
  197.      1.05678E-1 2.21698E+4 0.00000E+0 0.00000E+0 0.00000E+02367400300888 
  197.      1.06041E-1 2.21317E+4 0.00000E+0 0.00000E+0 0.00000E+02367400300889 
  197.      1.06407E-1 2.20936E+4 0.00000E+0 0.00000E+0 0.00000E+02367400300890 
  197.      1.06775E-1 2.20555E+4 0.00000E+0 0.00000E+0 0.00000E+02367400300891 
  197.      1.07145E-1 2.20174E+4 0.00000E+0 0.00000E+0 0.00000E+02367400300892 
  197.      1.07517E-1 2.19794E+4 0.00000E+0 0.00000E+0 0.00000E+02367400300893 
  197.      1.07890E-1 2.19413E+4 0.00000E+0 0.00000E+0 0.00000E+02367400300894 
  197.      1.08266E-1 2.19032E+4 0.00000E+0 0.00000E+0 0.00000E+02367400300895 
  197.      1.08643E-1 2.18651E+4 0.00000E+0 0.00000E+0 0.00000E+02367400300896 
  197.      1.09023E-1 2.18271E+4 0.00000E+0 0.00000E+0 0.00000E+02367400300897 
  197.      1.09404E-1 2.17890E+4 0.00000E+0 0.00000E+0 0.00000E+02367400300898 
  197.      1.09788E-1 2.17509E+4 0.00000E+0 0.00000E+0 0.00000E+02367400300899 
  197.      1.10173E-1 2.17129E+4 0.00000E+0 0.00000E+0 0.00000E+02367400300900 
  197.      1.10560E-1 2.16748E+4 0.00000E+0 0.00000E+0 0.00000E+02367400300901 
  197.      1.10950E-1 2.16367E+4 0.00000E+0 0.00000E+0 0.00000E+02367400300902 
  197.      1.11341E-1 2.15986E+4 0.00000E+0 0.00000E+0 0.00000E+02367400300903 
  197.      1.11736E-1 2.15605E+4 0.00000E+0 0.00000E+0 0.00000E+02367400300904 
  197.      1.12131E-1 2.15224E+4 0.00000E+0 0.00000E+0 0.00000E+02367400300905 
  197.      1.12529E-1 2.14844E+4 0.00000E+0 0.00000E+0 0.00000E+02367400300906 
  197.      1.12929E-1 2.14463E+4 0.00000E+0 0.00000E+0 0.00000E+02367400300907 
  197.      1.13331E-1 2.14082E+4 0.00000E+0 0.00000E+0 0.00000E+02367400300908 
  197.      1.13736E-1 2.13701E+4 0.00000E+0 0.00000E+0 0.00000E+02367400300909 
  197.      1.14142E-1 2.13321E+4 0.00000E+0 0.00000E+0 0.00000E+02367400300910 
  197.      1.14550E-1 2.12940E+4 0.00000E+0 0.00000E+0 0.00000E+02367400300911 
  197.      1.14961E-1 2.12559E+4 0.00000E+0 0.00000E+0 0.00000E+02367400300912 
  197.      1.15375E-1 2.12178E+4 0.00000E+0 0.00000E+0 0.00000E+02367400300913 
  197.      1.15790E-1 2.11798E+4 0.00000E+0 0.00000E+0 0.00000E+02367400300914 
  197.      1.16207E-1 2.11417E+4 0.00000E+0 0.00000E+0 0.00000E+02367400300915 
  197.      1.16627E-1 2.11036E+4 0.00000E+0 0.00000E+0 0.00000E+02367400300916 
  197.      1.17049E-1 2.10656E+4 0.00000E+0 0.00000E+0 0.00000E+02367400300917 
  197.      1.17473E-1 2.10275E+4 0.00000E+0 0.00000E+0 0.00000E+02367400300918 
  197.      1.17900E-1 2.09894E+4 0.00000E+0 0.00000E+0 0.00000E+02367400300919 
  197.      1.18329E-1 2.09514E+4 0.00000E+0 0.00000E+0 0.00000E+02367400300920 
  197.      1.18761E-1 2.09132E+4 0.00000E+0 0.00000E+0 0.00000E+02367400300921 
  197.      1.19194E-1 2.08751E+4 0.00000E+0 0.00000E+0 0.00000E+02367400300922 
  197.      1.19631E-1 2.08371E+4 0.00000E+0 0.00000E+0 0.00000E+02367400300923 
  197.      1.20069E-1 2.07990E+4 0.00000E+0 0.00000E+0 0.00000E+02367400300924 
  197.      1.20509E-1 2.07610E+4 0.00000E+0 0.00000E+0 0.00000E+02367400300925 
  197.      1.20953E-1 2.07229E+4 0.00000E+0 0.00000E+0 0.00000E+02367400300926 
  197.      1.21399E-1 2.06848E+4 0.00000E+0 0.00000E+0 0.00000E+02367400300927 
  197.      1.21847E-1 2.06467E+4 0.00000E+0 0.00000E+0 0.00000E+02367400300928 
  197.      1.22298E-1 2.06087E+4 0.00000E+0 0.00000E+0 0.00000E+02367400300929 
  197.      1.22751E-1 2.05706E+4 0.00000E+0 0.00000E+0 0.00000E+02367400300930 
  197.      1.23206E-1 2.05325E+4 0.00000E+0 0.00000E+0 0.00000E+02367400300931 
  197.      1.23665E-1 2.04944E+4 0.00000E+0 0.00000E+0 0.00000E+02367400300932 
  197.      1.24126E-1 2.04564E+4 0.00000E+0 0.00000E+0 0.00000E+02367400300933 
  197.      1.24589E-1 2.04183E+4 0.00000E+0 0.00000E+0 0.00000E+02367400300934 
  197.      1.25056E-1 2.03802E+4 0.00000E+0 0.00000E+0 0.00000E+02367400300935 
  197.      1.25524E-1 2.03421E+4 0.00000E+0 0.00000E+0 0.00000E+02367400300936 
  197.      1.25996E-1 2.03040E+4 0.00000E+0 0.00000E+0 0.00000E+02367400300937 
  197.      1.26470E-1 2.02659E+4 0.00000E+0 0.00000E+0 0.00000E+02367400300938 
  197.      1.26947E-1 2.02279E+4 0.00000E+0 0.00000E+0 0.00000E+02367400300939 
  197.      1.27426E-1 2.01898E+4 0.00000E+0 0.00000E+0 0.00000E+02367400300940 
  197.      1.27908E-1 2.01517E+4 0.00000E+0 0.00000E+0 0.00000E+02367400300941 
  197.      1.28393E-1 2.01136E+4 0.00000E+0 0.00000E+0 0.00000E+02367400300942 
  197.      1.28880E-1 2.00756E+4 0.00000E+0 0.00000E+0 0.00000E+02367400300943 
  197.      1.29370E-1 2.00375E+4 0.00000E+0 0.00000E+0 0.00000E+02367400300944 
  197.      1.29864E-1 1.99994E+4 0.00000E+0 0.00000E+0 0.00000E+02367400300945 
  197.      1.30360E-1 1.99613E+4 0.00000E+0 0.00000E+0 0.00000E+02367400300946 
  197.      1.30859E-1 1.99232E+4 0.00000E+0 0.00000E+0 0.00000E+02367400300947 
  197.      1.31360E-1 1.98852E+4 0.00000E+0 0.00000E+0 0.00000E+02367400300948 
  197.      1.31865E-1 1.98471E+4 0.00000E+0 0.00000E+0 0.00000E+02367400300949 
  197.      1.32373E-1 1.98090E+4 0.00000E+0 0.00000E+0 0.00000E+02367400300950 
  197.      1.32883E-1 1.97709E+4 0.00000E+0 0.00000E+0 0.00000E+02367400300951 
  197.      1.33397E-1 1.97329E+4 0.00000E+0 0.00000E+0 0.00000E+02367400300952 
  197.      1.33913E-1 1.96948E+4 0.00000E+0 0.00000E+0 0.00000E+02367400300953 
  197.      1.34432E-1 1.96567E+4 0.00000E+0 0.00000E+0 0.00000E+02367400300954 
  197.      1.34954E-1 1.96187E+4 0.00000E+0 0.00000E+0 0.00000E+02367400300955 
  197.      1.35480E-1 1.95806E+4 0.00000E+0 0.00000E+0 0.00000E+02367400300956 
  197.      1.36008E-1 1.95425E+4 0.00000E+0 0.00000E+0 0.00000E+02367400300957 
  197.      1.36540E-1 1.95044E+4 0.00000E+0 0.00000E+0 0.00000E+02367400300958 
  197.      1.37075E-1 1.94664E+4 0.00000E+0 0.00000E+0 0.00000E+02367400300959 
  197.      1.37613E-1 1.94283E+4 0.00000E+0 0.00000E+0 0.00000E+02367400300960 
  197.      1.38154E-1 1.93902E+4 0.00000E+0 0.00000E+0 0.00000E+02367400300961 
  197.      1.38699E-1 1.93521E+4 0.00000E+0 0.00000E+0 0.00000E+02367400300962 
  197.      1.39246E-1 1.93140E+4 0.00000E+0 0.00000E+0 0.00000E+02367400300963 
  197.      1.39797E-1 1.92760E+4 0.00000E+0 0.00000E+0 0.00000E+02367400300964 
  197.      1.40351E-1 1.92379E+4 0.00000E+0 0.00000E+0 0.00000E+02367400300965 
  197.      1.40908E-1 1.91998E+4 0.00000E+0 0.00000E+0 0.00000E+02367400300966 
  197.      1.41469E-1 1.91617E+4 0.00000E+0 0.00000E+0 0.00000E+02367400300967 
  197.      1.42033E-1 1.91237E+4 0.00000E+0 0.00000E+0 0.00000E+02367400300968 
  197.      1.42600E-1 1.90856E+4 0.00000E+0 0.00000E+0 0.00000E+02367400300969 
  197.      1.43171E-1 1.90475E+4 0.00000E+0 0.00000E+0 0.00000E+02367400300970 
  197.      1.43745E-1 1.90095E+4 0.00000E+0 0.00000E+0 0.00000E+02367400300971 
  197.      1.44323E-1 1.89714E+4 0.00000E+0 0.00000E+0 0.00000E+02367400300972 
  197.      1.44904E-1 1.89333E+4 0.00000E+0 0.00000E+0 0.00000E+02367400300973 
  197.      1.45489E-1 1.88952E+4 0.00000E+0 0.00000E+0 0.00000E+02367400300974 
  197.      1.46077E-1 1.88571E+4 0.00000E+0 0.00000E+0 0.00000E+02367400300975 
  197.      1.46669E-1 1.88191E+4 0.00000E+0 0.00000E+0 0.00000E+02367400300976 
  197.      1.47265E-1 1.87810E+4 0.00000E+0 0.00000E+0 0.00000E+02367400300977 
  197.      1.47864E-1 1.87429E+4 0.00000E+0 0.00000E+0 0.00000E+02367400300978 
  197.      1.48466E-1 1.87048E+4 0.00000E+0 0.00000E+0 0.00000E+02367400300979 
  197.      1.49073E-1 1.86667E+4 0.00000E+0 0.00000E+0 0.00000E+02367400300980 
  197.      1.49683E-1 1.86287E+4 0.00000E+0 0.00000E+0 0.00000E+02367400300981 
  197.      1.50297E-1 1.85906E+4 0.00000E+0 0.00000E+0 0.00000E+02367400300982 
  197.      1.50915E-1 1.85525E+4 0.00000E+0 0.00000E+0 0.00000E+02367400300983 
  197.      1.51536E-1 1.85144E+4 0.00000E+0 0.00000E+0 0.00000E+02367400300984 
  197.      1.52162E-1 1.84763E+4 0.00000E+0 0.00000E+0 0.00000E+02367400300985 
  197.      1.52791E-1 1.84383E+4 0.00000E+0 0.00000E+0 0.00000E+02367400300986 
  197.      1.53424E-1 1.84002E+4 0.00000E+0 0.00000E+0 0.00000E+02367400300987 
  197.      1.54061E-1 1.83621E+4 0.00000E+0 0.00000E+0 0.00000E+02367400300988 
  197.      1.54702E-1 1.83241E+4 0.00000E+0 0.00000E+0 0.00000E+02367400300989 
  197.      1.55347E-1 1.82860E+4 0.00000E+0 0.00000E+0 0.00000E+02367400300990 
  197.      1.55996E-1 1.82479E+4 0.00000E+0 0.00000E+0 0.00000E+02367400300991 
  197.      1.56649E-1 1.82098E+4 0.00000E+0 0.00000E+0 0.00000E+02367400300992 
  197.      1.57307E-1 1.81718E+4 0.00000E+0 0.00000E+0 0.00000E+02367400300993 
  197.      1.57968E-1 1.81337E+4 0.00000E+0 0.00000E+0 0.00000E+02367400300994 
  197.      1.58634E-1 1.80956E+4 0.00000E+0 0.00000E+0 0.00000E+02367400300995 
  197.      1.59304E-1 1.80575E+4 0.00000E+0 0.00000E+0 0.00000E+02367400300996 
  197.      1.59978E-1 1.80194E+4 0.00000E+0 0.00000E+0 0.00000E+02367400300997 
  197.      1.60656E-1 1.79814E+4 0.00000E+0 0.00000E+0 0.00000E+02367400300998 
  197.      1.61339E-1 1.79433E+4 0.00000E+0 0.00000E+0 0.00000E+02367400300999 
  197.      1.62026E-1 1.79052E+4 0.00000E+0 0.00000E+0 0.00000E+02367400301000 
  197.      1.62718E-1 1.78671E+4 0.00000E+0 0.00000E+0 0.00000E+02367400301001 
  197.      1.63414E-1 1.78290E+4 0.00000E+0 0.00000E+0 0.00000E+02367400301002 
  197.      1.64114E-1 1.77910E+4 0.00000E+0 0.00000E+0 0.00000E+02367400301003 
  197.      1.64819E-1 1.77529E+4 0.00000E+0 0.00000E+0 0.00000E+02367400301004 
  197.      1.65528E-1 1.77148E+4 0.00000E+0 0.00000E+0 0.00000E+02367400301005 
  197.      1.66242E-1 1.76768E+4 0.00000E+0 0.00000E+0 0.00000E+02367400301006 
  197.      1.66961E-1 1.76387E+4 0.00000E+0 0.00000E+0 0.00000E+02367400301007 
  197.      1.67684E-1 1.76006E+4 0.00000E+0 0.00000E+0 0.00000E+02367400301008 
  197.      1.68412E-1 1.75626E+4 0.00000E+0 0.00000E+0 0.00000E+02367400301009 
  197.      1.69145E-1 1.75245E+4 0.00000E+0 0.00000E+0 0.00000E+02367400301010 
  197.      1.69883E-1 1.74864E+4 0.00000E+0 0.00000E+0 0.00000E+02367400301011 
  197.      1.70625E-1 1.74483E+4 0.00000E+0 0.00000E+0 0.00000E+02367400301012 
  197.      1.71373E-1 1.74102E+4 0.00000E+0 0.00000E+0 0.00000E+02367400301013 
  197.      1.72125E-1 1.73721E+4 0.00000E+0 0.00000E+0 0.00000E+02367400301014 
  197.      1.72882E-1 1.73341E+4 0.00000E+0 0.00000E+0 0.00000E+02367400301015 
  197.      1.73644E-1 1.72960E+4 0.00000E+0 0.00000E+0 0.00000E+02367400301016 
  197.      1.74412E-1 1.72579E+4 0.00000E+0 0.00000E+0 0.00000E+02367400301017 
  197.      1.75185E-1 1.72198E+4 0.00000E+0 0.00000E+0 0.00000E+02367400301018 
  197.      1.75962E-1 1.71818E+4 0.00000E+0 0.00000E+0 0.00000E+02367400301019 
  197.      1.76744E-1 1.71437E+4 0.00000E+0 0.00000E+0 0.00000E+02367400301020 
  197.      1.77532E-1 1.71056E+4 0.00000E+0 0.00000E+0 0.00000E+02367400301021 
  197.      1.78326E-1 1.70676E+4 0.00000E+0 0.00000E+0 0.00000E+02367400301022 
  197.      1.79124E-1 1.70295E+4 0.00000E+0 0.00000E+0 0.00000E+02367400301023 
  197.      1.79928E-1 1.69914E+4 0.00000E+0 0.00000E+0 0.00000E+02367400301024 
  197.      1.80737E-1 1.69533E+4 0.00000E+0 0.00000E+0 0.00000E+02367400301025 
  197.      1.81552E-1 1.69152E+4 0.00000E+0 0.00000E+0 0.00000E+02367400301026 
  197.      1.82372E-1 1.68772E+4 0.00000E+0 0.00000E+0 0.00000E+02367400301027 
  197.      1.83198E-1 1.68391E+4 0.00000E+0 0.00000E+0 0.00000E+02367400301028 
  197.      1.84030E-1 1.68010E+4 0.00000E+0 0.00000E+0 0.00000E+02367400301029 
  197.      1.84867E-1 1.67629E+4 0.00000E+0 0.00000E+0 0.00000E+02367400301030 
  197.      1.85711E-1 1.67249E+4 0.00000E+0 0.00000E+0 0.00000E+02367400301031 
  197.      1.86559E-1 1.66868E+4 0.00000E+0 0.00000E+0 0.00000E+02367400301032 
  197.      1.87414E-1 1.66487E+4 0.00000E+0 0.00000E+0 0.00000E+02367400301033 
  197.      1.88274E-1 1.66106E+4 0.00000E+0 0.00000E+0 0.00000E+02367400301034 
  197.      1.89141E-1 1.65725E+4 0.00000E+0 0.00000E+0 0.00000E+02367400301035 
  197.      1.90013E-1 1.65345E+4 0.00000E+0 0.00000E+0 0.00000E+02367400301036 
  197.      1.90891E-1 1.64964E+4 0.00000E+0 0.00000E+0 0.00000E+02367400301037 
  197.      1.91776E-1 1.64583E+4 0.00000E+0 0.00000E+0 0.00000E+02367400301038 
  197.      1.92666E-1 1.64203E+4 0.00000E+0 0.00000E+0 0.00000E+02367400301039 
  197.      1.93563E-1 1.63822E+4 0.00000E+0 0.00000E+0 0.00000E+02367400301040 
  197.      1.94467E-1 1.63441E+4 0.00000E+0 0.00000E+0 0.00000E+02367400301041 
  197.      1.95376E-1 1.63060E+4 0.00000E+0 0.00000E+0 0.00000E+02367400301042 
  197.      1.96292E-1 1.62679E+4 0.00000E+0 0.00000E+0 0.00000E+02367400301043 
  197.      1.97215E-1 1.62299E+4 0.00000E+0 0.00000E+0 0.00000E+02367400301044 
  197.      1.98144E-1 1.61918E+4 0.00000E+0 0.00000E+0 0.00000E+02367400301045 
  197.      1.99080E-1 1.61537E+4 0.00000E+0 0.00000E+0 0.00000E+02367400301046 
  197.      2.00022E-1 1.61156E+4 0.00000E+0 0.00000E+0 0.00000E+02367400301047 
  197.      2.00970E-1 1.60775E+4 0.00000E+0 0.00000E+0 0.00000E+02367400301048 
  197.      2.01926E-1 1.60395E+4 0.00000E+0 0.00000E+0 0.00000E+02367400301049 
  197.      2.02889E-1 1.60014E+4 0.00000E+0 0.00000E+0 0.00000E+02367400301050 
  197.      2.03858E-1 1.59633E+4 0.00000E+0 0.00000E+0 0.00000E+02367400301051 
  197.      2.04834E-1 1.59253E+4 0.00000E+0 0.00000E+0 0.00000E+02367400301052 
  197.      2.05817E-1 1.58872E+4 0.00000E+0 0.00000E+0 0.00000E+02367400301053 
  197.      2.06808E-1 1.58491E+4 0.00000E+0 0.00000E+0 0.00000E+02367400301054 
  197.      2.07805E-1 1.58110E+4 1.54993E-2 3.56514E+1 5.63371E+02367400301055 
  197.      2.08810E-1 1.57730E+4 6.35308E-3 5.06408E+1 5.23258E+12367400301056 
  197.      2.09822E-1 1.57349E+4 7.37296E-3 3.93789E+1 2.91259E+12367400301057 
  197.      2.10842E-1 1.56968E+4 1.48102E-3 7.38991E+1 6.51690E+12367400301058 
  197.      2.11869E-1 1.56587E+4 1.22940E-3 6.69279E+1 3.80460E+12367400301059 
  197.      2.12903E-1 1.56206E+4 2.61151E-3 5.67021E+1 4.14886E+12367400301060 
  197.      2.13945E-1 1.55826E+4 3.97042E-3 6.30749E+1 5.26826E+12367400301061 
  197.      2.14995E-1 1.55445E+4 1.86582E-2 3.46766E+1 3.54902E+12367400301062 
  197.      2.16053E-1 1.55064E+4 1.18332E-2 4.11775E+1 4.18331E+12367400301063 
  197.      2.17118E-1 1.54683E+4 4.83851E-3 6.35423E+1 5.38354E+12367400301064 
  197.      2.18191E-1 1.54303E+4 1.93800E-3 9.33117E+1 5.82874E+12367400301065 
  197.      2.19272E-1 1.53922E+4 9.54431E-3 4.40978E+1 3.51013E+12367400301066 
  197.      2.20362E-1 1.53541E+4 3.06238E-3 6.48290E+1 5.26424E+12367400301067 
  197.      2.21459E-1 1.53160E+4 1.75072E-3 6.47254E+1 4.29138E+12367400301068 
  197.      2.22565E-1 1.52779E+4 3.96641E-4 1.26670E+2 8.80290E+12367400301069 
  197.      2.23679E-1 1.52399E+4 4.60124E-4 1.28108E+2 6.24819E+12367400301070 
  197.      2.24801E-1 1.52018E+4 3.01074E-3 5.70909E+1 2.79071E+12367400301071 
  197.      2.25932E-1 1.51637E+4 9.74109E-3 3.13494E+1 4.73073E+12367400301072 
  197.      2.27071E-1 1.51256E+4 5.10895E-3 3.94838E+1 5.63286E+12367400301073 
  197.      2.28219E-1 1.50876E+4 7.29850E-3 3.99001E+1 3.68041E+12367400301074 
  197.      2.29376E-1 1.50495E+4 1.67830E-2 2.95646E+1 3.71526E+12367400301075 
  197.      2.30542E-1 1.50114E+4 1.69380E-2 2.89817E+1 3.27352E+12367400301076 
  197.      2.31716E-1 1.49733E+4 2.82499E-2 2.35520E+1 1.74256E+12367400301077 
  197.      2.32899E-1 1.49353E+4 3.52166E-2 2.32888E+1 2.25752E+12367400301078 
  197.      2.34092E-1 1.48972E+4 2.16555E-2 2.66296E+1 1.76004E+12367400301079 
  197.      2.35293E-1 1.48591E+4 1.80911E-2 2.58642E+1 2.27255E+12367400301080 
  197.      2.36504E-1 1.48210E+4 1.93350E-2 2.36672E+1 3.64632E+12367400301081 
  197.      2.37725E-1 1.47830E+4 3.57576E-2 2.08939E+1 2.41533E+12367400301082 
  197.      2.38955E-1 1.47449E+4 4.79821E-2 2.01077E+1 3.40760E+12367400301083 
  197.      2.40194E-1 1.47068E+4 2.42472E-2 2.53887E+1 4.35539E+12367400301084 
  197.      2.41443E-1 1.46687E+4 2.73946E-2 2.46910E+1 2.92833E+12367400301085 
  197.      2.42702E-1 1.46307E+4 4.38811E-2 1.93231E+1 2.70476E+12367400301086 
  197.      2.43970E-1 1.45926E+4 3.86457E-2 1.93021E+1 1.95893E+12367400301087 
  197.      2.45249E-1 1.45545E+4 3.28473E-2 1.98473E+1 2.35960E+12367400301088 
  197.      2.46538E-1 1.45164E+4 4.38725E-2 1.93108E+1 1.83378E+12367400301089 
  197.      2.47837E-1 1.44783E+4 6.64877E-2 1.77692E+1 1.76885E+12367400301090 
  197.      2.49146E-1 1.44403E+4 7.28954E-2 1.62636E+1 1.46805E+12367400301091 
  197.      2.50466E-1 1.44022E+4 6.35477E-2 1.62429E+1 1.86879E+12367400301092 
  197.      2.51796E-1 1.43641E+4 5.96076E-2 1.64709E+1 1.86963E+12367400301093 
  197.      2.53137E-1 1.43260E+4 6.69020E-2 1.61541E+1 1.90885E+12367400301094 
  197.      2.54489E-1 1.42880E+4 6.72285E-2 1.53118E+1 2.28845E+12367400301095 
  197.      2.55851E-1 1.42499E+4 6.93399E-2 1.52978E+1 1.77226E+12367400301096 
  197.      2.57224E-1 1.42118E+4 8.20969E-2 1.48604E+1 1.55488E+12367400301097 
  197.      2.58609E-1 1.41737E+4 1.03821E-1 1.37305E+1 1.18031E+12367400301098 
  197.      2.60004E-1 1.41357E+4 1.14511E-1 1.29968E+1 9.88490E+02367400301099 
  197.      2.61411E-1 1.40976E+4 1.20585E-1 1.23726E+1 1.23966E+12367400301100 
  197.      2.62830E-1 1.40595E+4 1.48010E-1 1.20616E+1 1.03281E+12367400301101 
  197.      2.64260E-1 1.40214E+4 1.62843E-1 1.20902E+1 1.01665E+12367400301102 
  197.      2.65702E-1 1.39833E+4 1.95790E-1 1.18534E+1 1.30899E+12367400301103 
  197.      2.67155E-1 1.39453E+4 2.12638E-1 1.14113E+1 1.23563E+12367400301104 
  197.      2.68621E-1 1.39072E+4 2.50106E-1 1.12264E+1 8.58720E+02367400301105 
  197.      2.70098E-1 1.38691E+4 2.68924E-1 1.09119E+1 9.31966E+02367400301106 
  197.      2.71588E-1 1.38310E+4 3.09046E-1 1.06490E+1 1.01989E+12367400301107 
  197.      2.73090E-1 1.37930E+4 3.69203E-1 1.05759E+1 9.72108E+02367400301108 
  197.      2.74605E-1 1.37549E+4 4.44921E-1 1.03261E+1 8.43642E+02367400301109 
  197.      2.76132E-1 1.37168E+4 5.02826E-1 1.00591E+1 7.02967E+02367400301110 
  197.      2.77672E-1 1.36787E+4 5.41926E-1 9.65772E+0 8.63282E+02367400301111 
  197.      2.79225E-1 1.36407E+4 6.03821E-1 9.39113E+0 9.35072E+02367400301112 
  197.      2.80791E-1 1.36026E+4 6.79789E-1 9.39767E+0 9.98132E+02367400301113 
  197.      2.82371E-1 1.35645E+4 6.65693E-1 9.33995E+0 7.17535E+02367400301114 
  197.      2.83963E-1 1.35264E+4 5.84072E-1 9.34729E+0 7.53392E+02367400301115 
  197.      2.85569E-1 1.34884E+4 4.67046E-1 9.36038E+0 9.43881E+02367400301116 
  197.      2.87189E-1 1.34503E+4 4.05118E-1 9.30154E+0 7.51272E+02367400301117 
  197.      2.88823E-1 1.34122E+4 3.53274E-1 9.33802E+0 7.35157E+02367400301118 
  197.      2.90471E-1 1.33741E+4 3.36750E-1 9.38898E+0 8.97993E+02367400301119 
  197.      2.92133E-1 1.33361E+4 2.93457E-1 9.32218E+0 8.33802E+02367400301120 
  197.      2.93809E-1 1.32980E+4 2.82754E-1 9.23916E+0 7.56541E+02367400301121 
  197.      2.95500E-1 1.32599E+4 2.77284E-1 9.18719E+0 9.63788E+02367400301122 
  197.      2.97205E-1 1.32218E+4 2.89218E-1 9.16022E+0 8.53719E+02367400301123 
  197.      2.98925E-1 1.31837E+4 3.02139E-1 9.17349E+0 9.04309E+02367400301124 
  197.      3.00660E-1 1.31457E+4 3.00693E-1 9.12585E+0 8.43931E+02367400301125 
  197.      3.02410E-1 1.31076E+4 3.24347E-1 9.10303E+0 7.41666E+02367400301126 
  197.      3.04176E-1 1.30695E+4 3.64050E-1 9.04216E+0 7.21937E+02367400301127 
  197.      3.05957E-1 1.30314E+4 4.27438E-1 9.11126E+0 7.84640E+02367400301128 
  197.      3.07753E-1 1.29934E+4 4.71183E-1 9.06599E+0 9.45915E+02367400301129 
  197.      3.09566E-1 1.29553E+4 4.43443E-1 8.95204E+0 9.37354E+02367400301130 
  197.      3.11394E-1 1.29172E+4 3.97881E-1 8.99068E+0 7.54014E+02367400301131 
  197.      3.13239E-1 1.28791E+4 3.47127E-1 8.85831E+0 8.87073E+02367400301132 
  197.      3.15100E-1 1.28411E+4 3.36266E-1 8.78195E+0 7.62700E+02367400301133 
  197.      3.16978E-1 1.28030E+4 3.46556E-1 8.80602E+0 8.65664E+02367400301134 
  197.      3.18873E-1 1.27649E+4 3.88924E-1 8.66156E+0 6.89091E+02367400301135 
  197.      3.20785E-1 1.27268E+4 4.18304E-1 8.59671E+0 8.63193E+02367400301136 
  197.      3.22715E-1 1.26887E+4 4.35018E-1 8.44420E+0 7.98965E+02367400301137 
  197.      3.24661E-1 1.26507E+4 4.62103E-1 8.32247E+0 9.20156E+02367400301138 
  197.      3.26626E-1 1.26126E+4 5.12237E-1 8.27687E+0 9.01153E+02367400301139 
  197.      3.28607E-1 1.25745E+4 5.20536E-1 8.20867E+0 7.88935E+02367400301140 
  197.      3.30607E-1 1.25364E+4 5.41007E-1 8.03716E+0 7.60397E+02367400301141 
  197.      3.32626E-1 1.24984E+4 5.66998E-1 7.90098E+0 8.67652E+02367400301142 
  197.      3.34663E-1 1.24603E+4 5.87122E-1 7.78411E+0 8.06618E+02367400301143 
  197.      3.36719E-1 1.24222E+4 6.22807E-1 7.77156E+0 7.68124E+02367400301144 
  197.      3.38794E-1 1.23841E+4 6.75439E-1 7.67467E+0 8.28763E+02367400301145 
  197.      3.40888E-1 1.23461E+4 7.25346E-1 7.63637E+0 6.37179E+02367400301146 
  197.      3.43002E-1 1.23080E+4 7.76104E-1 7.61303E+0 7.30026E+02367400301147 
  197.      3.45135E-1 1.22699E+4 8.23828E-1 7.63787E+0 7.12183E+02367400301148 
  197.      3.47288E-1 1.22318E+4 9.03072E-1 7.71007E+0 7.34727E+02367400301149 
  197.      3.49462E-1 1.21937E+4 9.46388E-1 7.59211E+0 6.87214E+02367400301150 
  197.      3.51656E-1 1.21557E+4 9.47757E-1 7.42510E+0 7.58948E+02367400301151 
  197.      3.53870E-1 1.21176E+4 9.64989E-1 7.33597E+0 7.74826E+02367400301152 
  197.      3.56106E-1 1.20795E+4 9.58929E-1 7.29701E+0 8.25213E+02367400301153 
  197.      3.58363E-1 1.20414E+4 9.03568E-1 7.15769E+0 7.73471E+02367400301154 
  197.      3.60642E-1 1.20034E+4 9.09920E-1 7.04262E+0 6.76785E+02367400301155 
  197.      3.62942E-1 1.19653E+4 9.77932E-1 7.01293E+0 7.42165E+02367400301156 
  197.      3.65264E-1 1.19272E+4 1.01947E+0 6.92485E+0 7.10523E+02367400301157 
  197.      3.67609E-1 1.18891E+4 1.11823E+0 6.91554E+0 7.55303E+02367400301158 
  197.      3.69976E-1 1.18511E+4 1.21793E+0 6.95021E+0 9.21695E+02367400301159 
  197.      3.72367E-1 1.18130E+4 1.33429E+0 6.94851E+0 8.01040E+02367400301160 
  197.      3.74780E-1 1.17749E+4 1.36199E+0 6.99148E+0 7.55336E+02367400301161 
  197.      3.77217E-1 1.17368E+4 1.41852E+0 6.95687E+0 7.86926E+02367400301162 
  197.      3.79678E-1 1.16988E+4 1.47889E+0 6.95359E+0 6.52881E+02367400301163 
  197.      3.82163E-1 1.16607E+4 1.56838E+0 6.97599E+0 8.49985E+02367400301164 
  197.      3.84673E-1 1.16226E+4 1.48789E+0 6.92780E+0 8.29793E+02367400301165 
  197.      3.87208E-1 1.15845E+4 1.41598E+0 6.95023E+0 7.69961E+02367400301166 
  197.      3.89767E-1 1.15465E+4 1.42444E+0 6.96816E+0 7.01792E+02367400301167 
  197.      3.92352E-1 1.15084E+4 1.39801E+0 6.90989E+0 8.37798E+02367400301168 
  197.      3.94964E-1 1.14703E+4 1.28466E+0 6.84809E+0 1.06555E+12367400301169 
  197.      3.97601E-1 1.14322E+4 1.30448E+0 6.93618E+0 8.49289E+02367400301170 
  197.      4.00264E-1 1.13941E+4 1.32990E+0 6.89729E+0 9.91293E+02367400301171 
  197.      4.02954E-1 1.13561E+4 1.20972E+0 6.86449E+0 1.18436E+12367400301172 
  197.      4.05672E-1 1.13180E+4 1.28489E+0 6.89503E+0 9.83430E+02367400301173 
  197.      4.08417E-1 1.12799E+4 1.27038E+0 6.82406E+0 8.23683E+02367400301174 
  197.      4.11190E-1 1.12418E+4 1.30104E+0 6.74797E+0 8.51004E+02367400301175 
  197.      4.13992E-1 1.12038E+4 1.45897E+0 6.65694E+0 7.62723E+02367400301176 
  197.      4.16822E-1 1.11657E+4 1.52305E+0 6.61725E+0 8.34536E+02367400301177 
  197.      4.19682E-1 1.11276E+4 1.43985E+0 6.51343E+0 8.39268E+02367400301178 
  197.      4.22570E-1 1.10895E+4 1.29718E+0 6.51197E+0 7.38564E+02367400301179 
  197.      4.25489E-1 1.10515E+4 1.15533E+0 6.42654E+0 6.84141E+02367400301180 
  197.      4.28438E-1 1.10134E+4 1.00617E+0 6.40183E+0 8.56597E+02367400301181 
  197.      4.31418E-1 1.09753E+4 9.36953E-1 6.33696E+0 7.84344E+02367400301182 
  197.      4.34429E-1 1.09372E+4 8.95378E-1 6.27613E+0 6.72599E+02367400301183 
  197.      4.37472E-1 1.08991E+4 8.69453E-1 6.15547E+0 7.56644E+02367400301184 
  197.      4.40547E-1 1.08611E+4 8.17077E-1 5.98174E+0 7.05433E+02367400301185 
  197.      4.43655E-1 1.08230E+4 8.05683E-1 5.92453E+0 6.93461E+02367400301186 
  197.      4.46795E-1 1.07849E+4 8.24382E-1 5.89708E+0 6.84000E+02367400301187 
  197.      4.49969E-1 1.07468E+4 8.27153E-1 5.81409E+0 7.00793E+02367400301188 
  197.      4.53176E-1 1.07088E+4 8.02727E-1 5.74457E+0 7.00523E+02367400301189 
  197.      4.56419E-1 1.06707E+4 7.66740E-1 5.65778E+0 7.42060E+02367400301190 
  197.      4.59696E-1 1.06326E+4 7.46307E-1 5.62180E+0 6.74856E+02367400301191 
  197.      4.63009E-1 1.05945E+4 7.46566E-1 5.61540E+0 7.12985E+02367400301192 
  197.      4.66357E-1 1.05565E+4 7.15564E-1 5.56966E+0 7.09992E+02367400301193 
  197.      4.69742E-1 1.05184E+4 7.07451E-1 5.49700E+0 6.89570E+02367400301194 
  197.      4.73164E-1 1.04803E+4 6.94678E-1 5.47215E+0 6.48201E+02367400301195 
  197.      4.76624E-1 1.04422E+4 6.79148E-1 5.42154E+0 7.39828E+02367400301196 
  197.      4.80122E-1 1.04042E+4 6.95250E-1 5.39674E+0 7.61841E+02367400301197 
  197.      4.83658E-1 1.03661E+4 6.93516E-1 5.32931E+0 7.08984E+02367400301198 
  197.      4.87234E-1 1.03280E+4 6.78886E-1 5.30677E+0 7.65352E+02367400301199 
  197.      4.90849E-1 1.02899E+4 6.71249E-1 5.30709E+0 6.96387E+02367400301200 
  197.      4.94505E-1 1.02518E+4 6.65406E-1 5.28817E+0 6.37197E+02367400301201 
  197.      4.98202E-1 1.02138E+4 6.46903E-1 5.28611E+0 7.65090E+02367400301202 
  197.      5.01941E-1 1.01757E+4 5.91575E-1 5.25146E+0 8.80879E+02367400301203 
  197.      5.05722E-1 1.01376E+4 5.83067E-1 5.24283E+0 7.48372E+02367400301204 
  197.      5.09545E-1 1.00995E+4 6.06794E-1 5.20735E+0 8.11842E+02367400301205 
  197.      5.13412E-1 1.00615E+4 5.77609E-1 5.13458E+0 7.03789E+02367400301206 
  197.      5.17323E-1 1.00234E+4 5.42188E-1 5.08263E+0 6.60822E+02367400301207 
  197.      5.21280E-1 9.98531E+3 5.19293E-1 5.04769E+0 7.20757E+02367400301208 
  197.      5.25281E-1 9.94723E+3 5.15855E-1 5.01356E+0 8.17474E+02367400301209 
  197.      5.29330E-1 9.90915E+3 4.98675E-1 4.91882E+0 8.17737E+02367400301210 
  197.      5.33425E-1 9.87107E+3 4.98898E-1 4.94145E+0 7.11799E+02367400301211 
  197.      5.37567E-1 9.83300E+3 5.20193E-1 4.92329E+0 7.93004E+02367400301212 
  197.      5.41758E-1 9.79493E+3 5.23881E-1 4.93246E+0 8.49244E+02367400301213 
  197.      5.45999E-1 9.75685E+3 5.21141E-1 4.87970E+0 6.47201E+02367400301214 
  197.      5.50289E-1 9.71877E+3 4.96843E-1 4.81031E+0 7.94923E+02367400301215 
  197.      5.54631E-1 9.68069E+3 5.07267E-1 4.79911E+0 9.17257E+02367400301216 
  197.      5.59023E-1 9.64262E+3 4.81299E-1 4.76625E+0 1.04779E+12367400301217 
  197.      5.63469E-1 9.60454E+3 4.95761E-1 4.72234E+0 1.01429E+12367400301218 
  197.      5.67967E-1 9.56646E+3 4.89208E-1 4.62198E+0 7.96731E+02367400301219 
  197.      5.72520E-1 9.52839E+3 4.71307E-1 4.59843E+0 8.73049E+02367400301220 
  197.      5.77127E-1 9.49031E+3 4.96009E-1 4.50937E+0 7.45950E+02367400301221 
  197.      5.81790E-1 9.45224E+3 4.98967E-1 4.48909E+0 6.38467E+02367400301222 
  197.      5.86510E-1 9.41416E+3 4.98677E-1 4.46632E+0 8.05441E+02367400301223 
  197.      5.91288E-1 9.37608E+3 4.80699E-1 4.43964E+0 7.66292E+02367400301224 
  197.      5.96125E-1 9.33800E+3 4.49603E-1 4.37995E+0 7.67788E+02367400301225 
  197.      6.01021E-1 9.29993E+3 4.59172E-1 4.35022E+0 6.31866E+02367400301226 
  197.      6.05978E-1 9.26185E+3 4.94405E-1 4.32963E+0 7.11279E+02367400301227 
  197.      6.10997E-1 9.22377E+3 5.43727E-1 4.29443E+0 6.74291E+02367400301228 
  197.      6.16078E-1 9.18569E+3 5.67302E-1 4.27675E+0 8.76457E+02367400301229 
  197.      6.21222E-1 9.14762E+3 5.10755E-1 4.27083E+0 6.82713E+02367400301230 
  197.      6.26432E-1 9.10954E+3 4.47474E-1 4.24974E+0 6.70750E+02367400301231 
  197.      6.31707E-1 9.07146E+3 4.09866E-1 4.25888E+0 7.45156E+02367400301232 
  197.      6.37049E-1 9.03338E+3 4.01253E-1 4.25158E+0 6.51041E+02367400301233 
  197.      6.42459E-1 8.99531E+3 4.00934E-1 4.20401E+0 7.01978E+02367400301234 
  197.      6.47938E-1 8.95723E+3 4.05586E-1 4.12963E+0 7.50889E+02367400301235 
  197.      6.53488E-1 8.91916E+3 3.98819E-1 4.05944E+0 6.94548E+02367400301236 
  197.      6.59109E-1 8.88108E+3 3.93284E-1 4.03581E+0 6.89387E+02367400301237 
  197.      6.64804E-1 8.84300E+3 4.05441E-1 4.00167E+0 7.13004E+02367400301238 
  197.      6.70573E-1 8.80492E+3 4.26268E-1 3.98411E+0 7.64700E+02367400301239 
  197.      6.76416E-1 8.76685E+3 4.34924E-1 3.94455E+0 6.44382E+02367400301240 
  197.      6.82337E-1 8.72877E+3 4.50420E-1 3.91142E+0 6.18891E+02367400301241 
  197.      6.88336E-1 8.69069E+3 4.71005E-1 3.87457E+0 6.72108E+02367400301242 
  197.      6.94414E-1 8.65262E+3 5.03362E-1 3.89048E+0 6.12126E+02367400301243 
  197.      7.00573E-1 8.61454E+3 5.38211E-1 3.87835E+0 6.06351E+02367400301244 
  197.      7.06815E-1 8.57646E+3 5.70720E-1 3.87093E+0 6.52532E+02367400301245 
  197.      7.13140E-1 8.53839E+3 6.04990E-1 3.84715E+0 6.50199E+02367400301246 
  197.      7.19551E-1 8.50031E+3 6.32443E-1 3.79607E+0 6.52313E+02367400301247 
  197.      7.26048E-1 8.46223E+3 6.49718E-1 3.78118E+0 6.22667E+02367400301248 
  197.      7.32635E-1 8.42415E+3 6.75737E-1 3.78017E+0 6.93191E+02367400301249 
  197.      7.39311E-1 8.38608E+3 6.53273E-1 3.74568E+0 5.91338E+02367400301250 
  197.      7.46078E-1 8.34800E+3 6.10412E-1 3.71466E+0 6.46332E+02367400301251 
  197.      7.52939E-1 8.30992E+3 5.64678E-1 3.69882E+0 5.98417E+02367400301252 
  197.      7.59895E-1 8.27185E+3 5.19858E-1 3.69337E+0 5.94241E+02367400301253 
  197.      7.66949E-1 8.23377E+3 4.80583E-1 3.68022E+0 7.17531E+02367400301254 
  197.      7.74101E-1 8.19569E+3 4.61040E-1 3.65231E+0 6.21016E+02367400301255 
  197.      7.81353E-1 8.15762E+3 4.47697E-1 3.60941E+0 6.80833E+02367400301256 
  197.      7.88708E-1 8.11954E+3 4.47877E-1 3.57603E+0 6.18574E+02367400301257 
  197.      7.96168E-1 8.08146E+3 4.56889E-1 3.57087E+0 6.54518E+02367400301258 
  197.      8.03733E-1 8.04338E+3 4.79509E-1 3.56227E+0 6.89197E+02367400301259 
  197.      8.11407E-1 8.00531E+3 5.01542E-1 3.50748E+0 6.94442E+02367400301260 
  197.      8.19191E-1 7.96723E+3 5.00413E-1 3.43662E+0 7.04378E+02367400301261 
  197.      8.27089E-1 7.92915E+3 5.23231E-1 3.40079E+0 6.31666E+02367400301262 
  197.      8.35100E-1 7.89108E+3 5.53740E-1 3.35746E+0 6.57220E+02367400301263 
  197.      8.43229E-1 7.85300E+3 5.77893E-1 3.32731E+0 6.16358E+02367400301264 
  197.      8.51477E-1 7.81492E+3 5.93826E-1 3.29657E+0 6.34711E+02367400301265 
  197.      8.59847E-1 7.77684E+3 6.01048E-1 3.25295E+0 6.57771E+02367400301266 
  197.      8.68341E-1 7.73877E+3 6.45464E-1 3.20103E+0 5.78914E+02367400301267 
  197.      8.76962E-1 7.70069E+3 6.85505E-1 3.15671E+0 6.35542E+02367400301268 
  197.      8.85712E-1 7.66261E+3 7.35329E-1 3.13641E+0 6.26469E+02367400301269 
  197.      8.94593E-1 7.62454E+3 7.85808E-1 3.10661E+0 6.21340E+02367400301270 
  197.      9.03608E-1 7.58646E+3 8.29584E-1 3.08981E+0 6.59336E+02367400301271 
  197.      9.12761E-1 7.54838E+3 8.34207E-1 3.05698E+0 6.97169E+02367400301272 
  197.      9.22054E-1 7.51030E+3 7.79925E-1 3.06853E+0 6.71430E+02367400301273 
  197.      9.31489E-1 7.47223E+3 6.69477E-1 3.11361E+0 6.34017E+02367400301274 
  197.      9.41070E-1 7.43415E+3 5.53231E-1 3.15364E+0 5.96702E+02367400301275 
  197.      9.50799E-1 7.39607E+3 4.49477E-1 3.18610E+0 6.72553E+02367400301276 
  197.      9.60681E-1 7.35800E+3 3.85352E-1 3.20247E+0 6.95761E+02367400301277 
  197.      9.70717E-1 7.31992E+3 3.58014E-1 3.20879E+0 6.80353E+02367400301278 
  197.      9.80911E-1 7.28184E+3 3.46464E-1 3.19834E+0 6.53586E+02367400301279 
  197.      9.91268E-1 7.24376E+3 3.62816E-1 3.16681E+0 6.26293E+02367400301280 
  197.      1.00179E+0 7.20568E+3 3.85238E-1 3.09853E+0 6.53521E+02367400301281 
  197.      1.01248E+0 7.16761E+3 4.21818E-1 3.04513E+0 6.99970E+02367400301282 
  197.      1.02334E+0 7.12953E+3 4.42108E-1 3.00015E+0 6.85832E+02367400301283 
  197.      1.03438E+0 7.09145E+3 4.75348E-1 2.95617E+0 6.20596E+02367400301284 
  197.      1.04560E+0 7.05337E+3 5.17476E-1 2.92404E+0 6.52898E+02367400301285 
  197.      1.05700E+0 7.01529E+3 5.53912E-1 2.89694E+0 6.39515E+02367400301286 
  197.      1.06858E+0 6.97723E+3 5.88505E-1 2.87367E+0 6.55655E+02367400301287 
  197.      1.08036E+0 6.93915E+3 6.30600E-1 2.85668E+0 6.27288E+02367400301288 
  197.      1.09234E+0 6.90107E+3 6.54868E-1 2.85713E+0 7.58170E+02367400301289 
  197.      1.10451E+0 6.86299E+3 6.23612E-1 2.85694E+0 6.20668E+02367400301290 
  197.      1.11689E+0 6.82492E+3 5.87523E-1 2.85211E+0 6.89663E+02367400301291 
  197.      1.12948E+0 6.78683E+3 5.82456E-1 2.83160E+0 6.41568E+02367400301292 
  197.      1.14229E+0 6.74875E+3 5.97497E-1 2.81061E+0 6.45044E+02367400301293 
  197.      1.15531E+0 6.71067E+3 6.11106E-1 2.79449E+0 6.18970E+02367400301294 
  197.      1.16856E+0 6.67261E+3 6.20027E-1 2.79623E+0 6.09830E+02367400301295 
  197.      1.18204E+0 6.63453E+3 6.31246E-1 2.79530E+0 6.25211E+02367400301296 
  197.      1.19575E+0 6.59645E+3 6.25531E-1 2.77622E+0 6.35903E+02367400301297 
  197.      1.20970E+0 6.55837E+3 6.19031E-1 2.75668E+0 6.35380E+02367400301298 
  197.      1.22390E+0 6.52029E+3 6.03766E-1 2.75772E+0 6.27140E+02367400301299 
  197.      1.23835E+0 6.48221E+3 5.68681E-1 2.76348E+0 6.40888E+02367400301300 
  197.      1.25306E+0 6.44414E+3 5.45179E-1 2.75906E+0 6.22073E+02367400301301 
  197.      1.26803E+0 6.40606E+3 5.37442E-1 2.75152E+0 6.49826E+02367400301302 
  197.      1.28327E+0 6.36798E+3 5.10824E-1 2.73597E+0 6.34242E+02367400301303 
  197.      1.29879E+0 6.32990E+3 5.09410E-1 2.72350E+0 6.42736E+02367400301304 
  197.      1.31459E+0 6.29181E+3 5.03070E-1 2.70306E+0 6.27978E+02367400301305 
  197.      1.33068E+0 6.25374E+3 4.91599E-1 2.69024E+0 7.21391E+02367400301306 
  197.      1.34707E+0 6.21567E+3 4.50677E-1 2.69148E+0 6.62274E+02367400301307 
  197.      1.36376E+0 6.17760E+3 4.21919E-1 2.70173E+0 6.35430E+02367400301308 
  197.      1.38077E+0 6.13952E+3 4.09536E-1 2.69568E+0 6.07036E+02367400301309 
  197.      1.39809E+0 6.10144E+3 4.05701E-1 2.68414E+0 6.06111E+02367400301310 
  197.      1.41575E+0 6.06335E+3 4.14041E-1 2.66761E+0 7.10410E+02367400301311 
  197.      1.43375E+0 6.02527E+3 4.46405E-1 2.65765E+0 6.54383E+02367400301312 
  197.      1.45208E+0 5.98720E+3 5.00144E-1 2.64652E+0 6.53126E+02367400301313 
  197.      1.47077E+0 5.94913E+3 5.62754E-1 2.62013E+0 6.60864E+02367400301314 
  197.      1.48983E+0 5.91105E+3 6.26787E-1 2.60081E+0 5.95640E+02367400301315 
  197.      1.50926E+0 5.87297E+3 6.83557E-1 2.58726E+0 6.21309E+02367400301316 
  197.      1.52907E+0 5.83489E+3 7.26803E-1 2.58978E+0 6.40199E+02367400301317 
  197.      1.54927E+0 5.79681E+3 7.28953E-1 2.60383E+0 6.34273E+02367400301318 
  197.      1.56988E+0 5.75874E+3 7.12372E-1 2.61428E+0 6.52119E+02367400301319 
  197.      1.59090E+0 5.72066E+3 6.64418E-1 2.61247E+0 6.09138E+02367400301320 
  197.      1.61235E+0 5.68258E+3 6.04920E-1 2.61994E+0 7.13115E+02367400301321 
  197.      1.63423E+0 5.64450E+3 5.13209E-1 2.64841E+0 7.09948E+02367400301322 
  197.      1.65657E+0 5.60642E+3 4.17960E-1 2.83656E+0 7.15897E+02367400301323 
  197.      1.67936E+0 5.56834E+3 3.81678E-1 2.85963E+0 6.85696E+02367400301324 
  197.      1.70263E+0 5.53026E+3 3.61294E-1 2.86415E+0 6.99993E+02367400301325 
  197.      1.72639E+0 5.49219E+3 3.63384E-1 2.84620E+0 7.14626E+02367400301326 
  197.      1.75064E+0 5.45411E+3 3.63790E-1 2.86829E+0 6.96961E+02367400301327 
  197.      1.77541E+0 5.41603E+3 3.69358E-1 2.89592E+0 7.32850E+02367400301328 
  197.      1.80072E+0 5.37795E+3 3.84746E-1 2.95800E+0 8.48594E+02367400301329 
  197.      1.82657E+0 5.33987E+3 3.99188E-1 3.04615E+0 8.16723E+02367400301330 
  197.      1.85298E+0 5.30180E+3 4.22574E-1 3.14274E+0 9.43891E+02367400301331 
  197.      1.87996E+0 5.26372E+3 4.46254E-1 3.36345E+0 9.67219E+02367400301332 
  197.      1.90754E+0 5.22564E+3 4.82778E-1 3.46580E+0 1.07687E+12367400301333 
  197.      1.93574E+0 5.18756E+3 5.03508E-1 3.39603E+0 1.15035E+12367400301334 
  197.      1.96456E+0 5.14948E+3 4.61930E-1 3.45068E+0 1.03009E+12367400301335 
  197.      1.99404E+0 5.11140E+3 3.82170E-1 3.68005E+0 1.10805E+12367400301336 
  197.      2.02418E+0 5.07332E+3 3.16965E-1 4.00470E+0 1.35186E+12367400301337 
  197.      2.05501E+0 5.03525E+3 2.90404E-1 4.17527E+0 1.28011E+12367400301338 
  197.      2.08655E+0 4.99717E+3 2.74845E-1 4.44371E+0 1.39406E+12367400301339 
  197.      2.11883E+0 4.95909E+3 2.80142E-1 4.59037E+0 1.45152E+12367400301340 
  197.      2.15186E+0 4.92101E+3 2.73202E-1 4.98980E+0 1.74721E+12367400301341 
  197.      2.18567E+0 4.88293E+3 2.87305E-1 5.26064E+0 1.82123E+12367400301342 
  197.      2.22029E+0 4.84485E+3 2.93250E-1 5.41716E+0 1.91696E+12367400301343 
  197.      2.25573E+0 4.80677E+3 3.23442E-1 4.92005E+0 1.62271E+12367400301344 
  197.      2.29203E+0 4.76869E+3 3.20912E-1 4.85984E+0 1.59125E+12367400301345 
  197.      2.32922E+0 4.73061E+3 2.92256E-1 5.28941E+0 1.80307E+12367400301346 
  197.      2.36732E+0 4.69254E+3 2.80885E-1 5.61612E+0 1.81490E+12367400301347 
  197.      2.40636E+0 4.65446E+3 2.31458E-1 6.88763E+0 2.35069E+12367400301348 
  197.      2.44637E+0 4.61638E+3 1.67798E-1 9.76181E+0 3.52377E+12367400301349 
  197.      2.48740E+0 4.57830E+3 1.89301E-1 8.76546E+0 3.08823E+12367400301350 
  197.      2.52947E+0 4.54022E+3 2.59978E-1 6.36808E+0 2.13182E+12367400301351 
  197.      2.57262E+0 4.50214E+3 2.87736E-1 5.66871E+0 1.82125E+12367400301352 
  197.      2.61688E+0 4.46406E+3 2.92237E-1 5.43053E+0 1.73885E+12367400301353 
  197.      2.66229E+0 4.42598E+3 2.79982E-1 5.51651E+0 1.76947E+12367400301354 
  197.      2.70890E+0 4.38790E+3 2.76099E-1 5.49800E+0 1.81283E+12367400301355 
  197.      2.75675E+0 4.34982E+3 2.46192E-1 5.97289E+0 1.96914E+12367400301356 
  197.      2.80588E+0 4.31174E+3 2.18941E-1 6.58627E+0 2.05574E+12367400301357 
  197.      2.85633E+0 4.27366E+3 2.18314E-1 6.58846E+0 2.16648E+12367400301358 
  197.      2.90816E+0 4.23558E+3 2.22929E-1 6.60254E+0 2.13674E+12367400301359 
  197.      2.96142E+0 4.19750E+3 2.21242E-1 6.89372E+0 2.45697E+12367400301360 
  197.      3.01615E+0 4.15942E+3 2.03601E-1 7.31005E+0 2.41765E+12367400301361 
  197.      3.07242E+0 4.12134E+3 1.73956E-1 8.13819E+0 2.71061E+12367400301362 
  197.      3.13028E+0 4.08326E+3 1.67986E-1 8.30178E+0 2.57253E+12367400301363 
  197.      3.18980E+0 4.04518E+3 1.78715E-1 7.81877E+0 2.46849E+12367400301364 
  197.      3.25103E+0 4.00710E+3 2.27862E-1 6.31331E+0 1.89041E+12367400301365 
  197.      3.31404E+0 3.96902E+3 2.86817E-1 5.31107E+0 1.52280E+12367400301366 
  197.      3.37891E+0 3.93094E+3 2.81911E-1 5.60921E+0 1.60874E+12367400301367 
  197.      3.44570E+0 3.89286E+3 3.07171E-1 5.34754E+0 1.49027E+12367400301368 
  197.      3.51450E+0 3.85478E+3 3.32947E-1 5.02790E+0 1.50695E+12367400301369 
  197.      3.58539E+0 3.81670E+3 2.81248E-1 5.94041E+0 1.76394E+12367400301370 
  197.      3.65844E+0 3.77862E+3 2.29187E-1 6.95725E+0 2.26046E+12367400301371 
  197.      3.73376E+0 3.74054E+3 1.95354E-1 7.83742E+0 2.35955E+12367400301372 
  197.      3.81142E+0 3.70246E+3 1.80246E-1 8.11341E+0 2.75108E+12367400301373 
  197.      3.89155E+0 3.66438E+3 1.98465E-1 7.37716E+0 2.13662E+12367400301374 
  197.      3.97424E+0 3.62630E+3 2.28612E-1 6.58559E+0 1.92871E+12367400301375 
  197.      4.05959E+0 3.58822E+3 2.26812E-1 6.77257E+0 2.00169E+12367400301376 
  197.      4.14773E+0 3.55014E+3 2.33861E-1 6.70211E+0 1.97896E+12367400301377 
  197.      4.23878E+0 3.51206E+3 2.17678E-1 7.11898E+0 2.04309E+12367400301378 
  197.      4.33286E+0 3.47397E+3 2.19449E-1 6.89014E+0 2.12996E+12367400301379 
  197.      4.43013E+0 3.43589E+3 2.05501E-1 7.48148E+0 2.23322E+12367400301380 
  197.      4.53071E+0 3.39781E+3 2.09599E-1 7.17704E+0 2.15645E+12367400301381 
  197.      4.63477E+0 3.35973E+3 2.45341E-1 6.10294E+0 1.69505E+12367400301382 
  197.      4.74246E+0 3.32165E+3 2.53306E-1 5.76212E+0 1.60815E+12367400301383 
  197.      4.85396E+0 3.28357E+3 2.49630E-1 5.74999E+0 1.62497E+12367400301384 
  197.      4.96945E+0 3.24548E+3 2.29134E-1 6.16778E+0 1.78484E+12367400301385 
  197.      5.08912E+0 3.20740E+3 2.46973E-1 6.12812E+0 1.74920E+12367400301386 
  197.      5.21319E+0 3.16932E+3 2.53250E-1 6.23927E+0 1.76629E+12367400301387 
  197.      5.34186E+0 3.13124E+3 2.50862E-1 6.19486E+0 1.69745E+12367400301388 
  197.      5.47536E+0 3.09315E+3 2.46987E-1 6.12514E+0 1.61340E+12367400301389 
  197.      5.61395E+0 3.05507E+3 2.27731E-1 6.45921E+0 1.74774E+12367400301390 
  197.      5.75788E+0 3.01699E+3 2.23067E-1 6.12546E+0 1.68930E+12367400301391 
  197.      5.90745E+0 2.97890E+3 1.85077E-1 6.58110E+0 1.86506E+12367400301392 
  197.      6.06294E+0 2.94082E+3 1.67239E-1 6.76025E+0 1.98048E+12367400301393 
  197.      6.22466E+0 2.90274E+3 1.69534E-1 6.38943E+0 1.95588E+12367400301394 
  197.      6.39297E+0 2.86465E+3 1.59242E-1 6.53081E+0 1.89245E+12367400301395 
  197.      6.56823E+0 2.82657E+3 1.55928E-1 6.44682E+0 2.00045E+12367400301396 
  197.      6.75083E+0 2.78848E+3 1.62433E-1 6.03682E+0 1.62757E+12367400301397 
  197.      6.94117E+0 2.75040E+3 1.48733E-1 6.78629E+0 1.98006E+12367400301398 
  197.      7.13971E+0 2.71232E+3 1.43375E-1 6.57501E+0 1.80981E+12367400301399 
  197.      7.34693E+0 2.67423E+3 1.43298E-1 6.33984E+0 1.69293E+12367400301400 
  197.      7.56334E+0 2.63614E+3 1.27420E-1 6.92653E+0 1.89712E+12367400301401 
  197.      7.78949E+0 2.59806E+3 1.23038E-1 7.08668E+0 1.95455E+12367400301402 
  197.      8.02599E+0 2.55997E+3 1.30065E-1 7.07070E+0 1.75631E+12367400301403 
  197.      8.27348E+0 2.52189E+3 1.21490E-1 7.21492E+0 1.87164E+12367400301404 
  197.      8.53265E+0 2.48380E+3 1.19443E-1 7.66961E+0 1.82963E+12367400301405 
  197.      8.80425E+0 2.44571E+3 1.22984E-1 7.53658E+0 1.92239E+12367400301406 
  197.      9.08910E+0 2.40763E+3 1.10923E-1 8.07946E+0 1.74840E+12367400301407 
  197.      9.38807E+0 2.36954E+3 9.85767E-2 9.02901E+0 1.79055E+12367400301408 
  197.      9.70213E+0 2.33145E+3 9.34761E-2 9.43726E+0 1.93015E+12367400301409 
  197.      1.00323E+1 2.29336E+3 7.30662E-2 1.22324E+1 2.20346E+12367400301410 
  197.      1.03797E+1 2.25527E+3 7.99314E-2 1.11608E+1 2.12057E+12367400301411 
  197.      1.07456E+1 2.21718E+3 8.28380E-2 1.09548E+1 2.08374E+12367400301412 
  197.      1.11313E+1 2.17909E+3 6.76162E-2 1.33732E+1 2.20913E+12367400301413 
  197.      1.15383E+1 2.14100E+3 6.15495E-2 1.44174E+1 2.07168E+12367400301414 
  197.      1.19681E+1 2.10291E+3 4.60503E-2 1.80650E+1 2.95756E+12367400301415 
  197.      1.24227E+1 2.06482E+3 2.82817E-2 2.82209E+1 4.01459E+12367400301416 
  197.      1.29038E+1 2.02673E+3 2.10582E-2 4.11736E+1 6.03654E+12367400301417 
  197.      1.34136E+1 1.98863E+3 2.07923E-2 3.87445E+1 5.80916E+12367400301418 
  197.      1.39545E+1 1.95054E+3 3.03403E-2 3.00305E+1 3.89076E+12367400301419 
  197.      1.45290E+1 1.91245E+3 3.09962E-2 2.91236E+1 3.50085E+12367400301420 
  197.      1.51401E+1 1.87435E+3 1.25261E-2 7.06913E+1 7.95937E+12367400301421 
  197.      1.57910E+1 1.83625E+3 1.36737E-2 5.93948E+1 6.42814E+12367400301422 
  197.      1.64851E+1 1.79816E+3 5.35275E-3 1.96867E+2 1.33183E+22367400301423 
  197.      1.72264E+1 1.76006E+3 1.19206E-2 7.44946E+1 7.58580E+12367400301424 
  197.      1.80194E+1 1.72196E+3 2.44334E-2 3.56015E+1 2.78702E+12367400301425 
  197.      1.88536E+1 1.68453E+3 2.95533E-2 2.80103E+1 1.84594E+12367400301426 
 1346.      6.38142E-2 2.85285E+4 0.00000E+0 0.00000E+0 0.00000E+02367400301427 
 1346.      6.39851E-2 2.84904E+4 0.00000E+0 0.00000E+0 0.00000E+02367400301428 
 1346.      6.41565E-2 2.84523E+4 0.00000E+0 0.00000E+0 0.00000E+02367400301429 
 1346.      6.43286E-2 2.84143E+4 0.00000E+0 0.00000E+0 0.00000E+02367400301430 
 1346.      6.45013E-2 2.83762E+4 0.00000E+0 0.00000E+0 0.00000E+02367400301431 
 1346.      6.46748E-2 2.83381E+4 0.00000E+0 0.00000E+0 0.00000E+02367400301432 
 1346.      6.48490E-2 2.83000E+4 0.00000E+0 0.00000E+0 0.00000E+02367400301433 
 1346.      6.50238E-2 2.82620E+4 0.00000E+0 0.00000E+0 0.00000E+02367400301434 
 1346.      6.51994E-2 2.82239E+4 0.00000E+0 0.00000E+0 0.00000E+02367400301435 
 1346.      6.53757E-2 2.81858E+4 0.00000E+0 0.00000E+0 0.00000E+02367400301436 
 1346.      6.55527E-2 2.81477E+4 0.00000E+0 0.00000E+0 0.00000E+02367400301437 
 1346.      6.57304E-2 2.81097E+4 0.00000E+0 0.00000E+0 0.00000E+02367400301438 
 1346.      6.59089E-2 2.80716E+4 0.00000E+0 0.00000E+0 0.00000E+02367400301439 
 1346.      6.60881E-2 2.80335E+4 0.00000E+0 0.00000E+0 0.00000E+02367400301440 
 1346.      6.62680E-2 2.79954E+4 0.00000E+0 0.00000E+0 0.00000E+02367400301441 
 1346.      6.64486E-2 2.79574E+4 0.00000E+0 0.00000E+0 0.00000E+02367400301442 
 1346.      6.66300E-2 2.79193E+4 0.00000E+0 0.00000E+0 0.00000E+02367400301443 
 1346.      6.68122E-2 2.78812E+4 0.00000E+0 0.00000E+0 0.00000E+02367400301444 
 1346.      6.69951E-2 2.78431E+4 0.00000E+0 0.00000E+0 0.00000E+02367400301445 
 1346.      6.71787E-2 2.78050E+4 0.00000E+0 0.00000E+0 0.00000E+02367400301446 
 1346.      6.73631E-2 2.77670E+4 0.00000E+0 0.00000E+0 0.00000E+02367400301447 
 1346.      6.75482E-2 2.77289E+4 0.00000E+0 0.00000E+0 0.00000E+02367400301448 
 1346.      6.77341E-2 2.76908E+4 0.00000E+0 0.00000E+0 0.00000E+02367400301449 
 1346.      6.79208E-2 2.76527E+4 0.00000E+0 0.00000E+0 0.00000E+02367400301450 
 1346.      6.81083E-2 2.76147E+4 0.00000E+0 0.00000E+0 0.00000E+02367400301451 
 1346.      6.82965E-2 2.75766E+4 0.00000E+0 0.00000E+0 0.00000E+02367400301452 
 1346.      6.84855E-2 2.75385E+4 0.00000E+0 0.00000E+0 0.00000E+02367400301453 
 1346.      6.86753E-2 2.75004E+4 0.00000E+0 0.00000E+0 0.00000E+02367400301454 
 1346.      6.88659E-2 2.74624E+4 0.00000E+0 0.00000E+0 0.00000E+02367400301455 
 1346.      6.90573E-2 2.74243E+4 0.00000E+0 0.00000E+0 0.00000E+02367400301456 
 1346.      6.92494E-2 2.73862E+4 0.00000E+0 0.00000E+0 0.00000E+02367400301457 
 1346.      6.94424E-2 2.73481E+4 0.00000E+0 0.00000E+0 0.00000E+02367400301458 
 1346.      6.96362E-2 2.73101E+4 0.00000E+0 0.00000E+0 0.00000E+02367400301459 
 1346.      6.98308E-2 2.72720E+4 0.00000E+0 0.00000E+0 0.00000E+02367400301460 
 1346.      7.00262E-2 2.72339E+4 0.00000E+0 0.00000E+0 0.00000E+02367400301461 
 1346.      7.02225E-2 2.71958E+4 0.00000E+0 0.00000E+0 0.00000E+02367400301462 
 1346.      7.04196E-2 2.71577E+4 0.00000E+0 0.00000E+0 0.00000E+02367400301463 
 1346.      7.06175E-2 2.71197E+4 0.00000E+0 0.00000E+0 0.00000E+02367400301464 
 1346.      7.08162E-2 2.70816E+4 0.00000E+0 0.00000E+0 0.00000E+02367400301465 
 1346.      7.10158E-2 2.70435E+4 0.00000E+0 0.00000E+0 0.00000E+02367400301466 
 1346.      7.12162E-2 2.70054E+4 0.00000E+0 0.00000E+0 0.00000E+02367400301467 
 1346.      7.14175E-2 2.69674E+4 0.00000E+0 0.00000E+0 0.00000E+02367400301468 
 1346.      7.16196E-2 2.69293E+4 0.00000E+0 0.00000E+0 0.00000E+02367400301469 
 1346.      7.18226E-2 2.68912E+4 0.00000E+0 0.00000E+0 0.00000E+02367400301470 
 1346.      7.20264E-2 2.68531E+4 0.00000E+0 0.00000E+0 0.00000E+02367400301471 
 1346.      7.22311E-2 2.68151E+4 0.00000E+0 0.00000E+0 0.00000E+02367400301472 
 1346.      7.24367E-2 2.67770E+4 0.00000E+0 0.00000E+0 0.00000E+02367400301473 
 1346.      7.26432E-2 2.67389E+4 0.00000E+0 0.00000E+0 0.00000E+02367400301474 
 1346.      7.28506E-2 2.67008E+4 0.00000E+0 0.00000E+0 0.00000E+02367400301475 
 1346.      7.30588E-2 2.66628E+4 0.00000E+0 0.00000E+0 0.00000E+02367400301476 
 1346.      7.32679E-2 2.66247E+4 0.00000E+0 0.00000E+0 0.00000E+02367400301477 
 1346.      7.34780E-2 2.65866E+4 0.00000E+0 0.00000E+0 0.00000E+02367400301478 
 1346.      7.36889E-2 2.65485E+4 0.00000E+0 0.00000E+0 0.00000E+02367400301479 
 1346.      7.39007E-2 2.65105E+4 0.00000E+0 0.00000E+0 0.00000E+02367400301480 
 1346.      7.41135E-2 2.64724E+4 0.00000E+0 0.00000E+0 0.00000E+02367400301481 
 1346.      7.43272E-2 2.64343E+4 0.00000E+0 0.00000E+0 0.00000E+02367400301482 
 1346.      7.45419E-2 2.63962E+4 0.00000E+0 0.00000E+0 0.00000E+02367400301483 
 1346.      7.47574E-2 2.63582E+4 0.00000E+0 0.00000E+0 0.00000E+02367400301484 
 1346.      7.49738E-2 2.63201E+4 0.00000E+0 0.00000E+0 0.00000E+02367400301485 
 1346.      7.51912E-2 2.62820E+4 0.00000E+0 0.00000E+0 0.00000E+02367400301486 
 1346.      7.54096E-2 2.62439E+4 0.00000E+0 0.00000E+0 0.00000E+02367400301487 
 1346.      7.56290E-2 2.62059E+4 0.00000E+0 0.00000E+0 0.00000E+02367400301488 
 1346.      7.58492E-2 2.61678E+4 0.00000E+0 0.00000E+0 0.00000E+02367400301489 
 1346.      7.60705E-2 2.61297E+4 0.00000E+0 0.00000E+0 0.00000E+02367400301490 
 1346.      7.62927E-2 2.60916E+4 0.00000E+0 0.00000E+0 0.00000E+02367400301491 
 1346.      7.65159E-2 2.60535E+4 0.00000E+0 0.00000E+0 0.00000E+02367400301492 
 1346.      7.67401E-2 2.60155E+4 0.00000E+0 0.00000E+0 0.00000E+02367400301493 
 1346.      7.69652E-2 2.59774E+4 0.00000E+0 0.00000E+0 0.00000E+02367400301494 
 1346.      7.71914E-2 2.59393E+4 0.00000E+0 0.00000E+0 0.00000E+02367400301495 
 1346.      7.74185E-2 2.59012E+4 0.00000E+0 0.00000E+0 0.00000E+02367400301496 
 1346.      7.76467E-2 2.58632E+4 0.00000E+0 0.00000E+0 0.00000E+02367400301497 
 1346.      7.78758E-2 2.58251E+4 0.00000E+0 0.00000E+0 0.00000E+02367400301498 
 1346.      7.81060E-2 2.57870E+4 0.00000E+0 0.00000E+0 0.00000E+02367400301499 
 1346.      7.83372E-2 2.57489E+4 0.00000E+0 0.00000E+0 0.00000E+02367400301500 
 1346.      7.85694E-2 2.57109E+4 0.00000E+0 0.00000E+0 0.00000E+02367400301501 
 1346.      7.88027E-2 2.56728E+4 0.00000E+0 0.00000E+0 0.00000E+02367400301502 
 1346.      7.90370E-2 2.56347E+4 0.00000E+0 0.00000E+0 0.00000E+02367400301503 
 1346.      7.92723E-2 2.55966E+4 0.00000E+0 0.00000E+0 0.00000E+02367400301504 
 1346.      7.95087E-2 2.55586E+4 0.00000E+0 0.00000E+0 0.00000E+02367400301505 
 1346.      7.97462E-2 2.55205E+4 0.00000E+0 0.00000E+0 0.00000E+02367400301506 
 1346.      7.99847E-2 2.54824E+4 0.00000E+0 0.00000E+0 0.00000E+02367400301507 
 1346.      8.02243E-2 2.54443E+4 0.00000E+0 0.00000E+0 0.00000E+02367400301508 
 1346.      8.04650E-2 2.54063E+4 0.00000E+0 0.00000E+0 0.00000E+02367400301509 
 1346.      8.07068E-2 2.53682E+4 0.00000E+0 0.00000E+0 0.00000E+02367400301510 
 1346.      8.09496E-2 2.53301E+4 0.00000E+0 0.00000E+0 0.00000E+02367400301511 
 1346.      8.11936E-2 2.52920E+4 0.00000E+0 0.00000E+0 0.00000E+02367400301512 
 1346.      8.14386E-2 2.52539E+4 0.00000E+0 0.00000E+0 0.00000E+02367400301513 
 1346.      8.16848E-2 2.52159E+4 0.00000E+0 0.00000E+0 0.00000E+02367400301514 
 1346.      8.19321E-2 2.51778E+4 0.00000E+0 0.00000E+0 0.00000E+02367400301515 
 1346.      8.21805E-2 2.51397E+4 0.00000E+0 0.00000E+0 0.00000E+02367400301516 
 1346.      8.24300E-2 2.51016E+4 0.00000E+0 0.00000E+0 0.00000E+02367400301517 
 1346.      8.26807E-2 2.50636E+4 0.00000E+0 0.00000E+0 0.00000E+02367400301518 
 1346.      8.29325E-2 2.50255E+4 0.00000E+0 0.00000E+0 0.00000E+02367400301519 
 1346.      8.31855E-2 2.49874E+4 0.00000E+0 0.00000E+0 0.00000E+02367400301520 
 1346.      8.34396E-2 2.49493E+4 0.00000E+0 0.00000E+0 0.00000E+02367400301521 
 1346.      8.36949E-2 2.49113E+4 0.00000E+0 0.00000E+0 0.00000E+02367400301522 
 1346.      8.39514E-2 2.48732E+4 0.00000E+0 0.00000E+0 0.00000E+02367400301523 
 1346.      8.42090E-2 2.48351E+4 0.00000E+0 0.00000E+0 0.00000E+02367400301524 
 1346.      8.44679E-2 2.47970E+4 0.00000E+0 0.00000E+0 0.00000E+02367400301525 
 1346.      8.47279E-2 2.47590E+4 0.00000E+0 0.00000E+0 0.00000E+02367400301526 
 1346.      8.49891E-2 2.47209E+4 0.00000E+0 0.00000E+0 0.00000E+02367400301527 
 1346.      8.52516E-2 2.46828E+4 0.00000E+0 0.00000E+0 0.00000E+02367400301528 
 1346.      8.55153E-2 2.46447E+4 0.00000E+0 0.00000E+0 0.00000E+02367400301529 
 1346.      8.57802E-2 2.46066E+4 0.00000E+0 0.00000E+0 0.00000E+02367400301530 
 1346.      8.60463E-2 2.45686E+4 0.00000E+0 0.00000E+0 0.00000E+02367400301531 
 1346.      8.63136E-2 2.45305E+4 0.00000E+0 0.00000E+0 0.00000E+02367400301532 
 1346.      8.65823E-2 2.44924E+4 0.00000E+0 0.00000E+0 0.00000E+02367400301533 
 1346.      8.68522E-2 2.44543E+4 0.00000E+0 0.00000E+0 0.00000E+02367400301534 
 1346.      8.71233E-2 2.44163E+4 0.00000E+0 0.00000E+0 0.00000E+02367400301535 
 1346.      8.73957E-2 2.43782E+4 0.00000E+0 0.00000E+0 0.00000E+02367400301536 
 1346.      8.76694E-2 2.43401E+4 0.00000E+0 0.00000E+0 0.00000E+02367400301537 
 1346.      8.79443E-2 2.43020E+4 0.00000E+0 0.00000E+0 0.00000E+02367400301538 
 1346.      8.82206E-2 2.42640E+4 0.00000E+0 0.00000E+0 0.00000E+02367400301539 
 1346.      8.84982E-2 2.42259E+4 0.00000E+0 0.00000E+0 0.00000E+02367400301540 
 1346.      8.87770E-2 2.41878E+4 0.00000E+0 0.00000E+0 0.00000E+02367400301541 
 1346.      8.90572E-2 2.41497E+4 0.00000E+0 0.00000E+0 0.00000E+02367400301542 
 1346.      8.93388E-2 2.41117E+4 0.00000E+0 0.00000E+0 0.00000E+02367400301543 
 1346.      8.96217E-2 2.40736E+4 0.00000E+0 0.00000E+0 0.00000E+02367400301544 
 1346.      8.99059E-2 2.40355E+4 0.00000E+0 0.00000E+0 0.00000E+02367400301545 
 1346.      9.01915E-2 2.39974E+4 0.00000E+0 0.00000E+0 0.00000E+02367400301546 
 1346.      9.04784E-2 2.39593E+4 0.00000E+0 0.00000E+0 0.00000E+02367400301547 
 1346.      9.07667E-2 2.39213E+4 0.00000E+0 0.00000E+0 0.00000E+02367400301548 
 1346.      9.10564E-2 2.38832E+4 0.00000E+0 0.00000E+0 0.00000E+02367400301549 
 1346.      9.13474E-2 2.38451E+4 0.00000E+0 0.00000E+0 0.00000E+02367400301550 
 1346.      9.16399E-2 2.38070E+4 0.00000E+0 0.00000E+0 0.00000E+02367400301551 
 1346.      9.19338E-2 2.37690E+4 0.00000E+0 0.00000E+0 0.00000E+02367400301552 
 1346.      9.22291E-2 2.37309E+4 0.00000E+0 0.00000E+0 0.00000E+02367400301553 
 1346.      9.25258E-2 2.36928E+4 0.00000E+0 0.00000E+0 0.00000E+02367400301554 
 1346.      9.28240E-2 2.36547E+4 0.00000E+0 0.00000E+0 0.00000E+02367400301555 
 1346.      9.31236E-2 2.36167E+4 0.00000E+0 0.00000E+0 0.00000E+02367400301556 
 1346.      9.34246E-2 2.35786E+4 0.00000E+0 0.00000E+0 0.00000E+02367400301557 
 1346.      9.37272E-2 2.35405E+4 0.00000E+0 0.00000E+0 0.00000E+02367400301558 
 1346.      9.40312E-2 2.35024E+4 0.00000E+0 0.00000E+0 0.00000E+02367400301559 
 1346.      9.43366E-2 2.34644E+4 0.00000E+0 0.00000E+0 0.00000E+02367400301560 
 1346.      9.46436E-2 2.34263E+4 0.00000E+0 0.00000E+0 0.00000E+02367400301561 
 1346.      9.49521E-2 2.33882E+4 0.00000E+0 0.00000E+0 0.00000E+02367400301562 
 1346.      9.52620E-2 2.33501E+4 0.00000E+0 0.00000E+0 0.00000E+02367400301563 
 1346.      9.55735E-2 2.33121E+4 0.00000E+0 0.00000E+0 0.00000E+02367400301564 
 1346.      9.58865E-2 2.32740E+4 0.00000E+0 0.00000E+0 0.00000E+02367400301565 
 1346.      9.62011E-2 2.32359E+4 0.00000E+0 0.00000E+0 0.00000E+02367400301566 
 1346.      9.65172E-2 2.31978E+4 0.00000E+0 0.00000E+0 0.00000E+02367400301567 
 1346.      9.68349E-2 2.31597E+4 0.00000E+0 0.00000E+0 0.00000E+02367400301568 
 1346.      9.71541E-2 2.31217E+4 0.00000E+0 0.00000E+0 0.00000E+02367400301569 
 1346.      9.74749E-2 2.30836E+4 0.00000E+0 0.00000E+0 0.00000E+02367400301570 
 1346.      9.77973E-2 2.30455E+4 0.00000E+0 0.00000E+0 0.00000E+02367400301571 
 1346.      9.81214E-2 2.30074E+4 0.00000E+0 0.00000E+0 0.00000E+02367400301572 
 1346.      9.84470E-2 2.29694E+4 0.00000E+0 0.00000E+0 0.00000E+02367400301573 
 1346.      9.87742E-2 2.29313E+4 0.00000E+0 0.00000E+0 0.00000E+02367400301574 
 1346.      9.91031E-2 2.28932E+4 0.00000E+0 0.00000E+0 0.00000E+02367400301575 
 1346.      9.94337E-2 2.28551E+4 0.00000E+0 0.00000E+0 0.00000E+02367400301576 
 1346.      9.97658E-2 2.28171E+4 0.00000E+0 0.00000E+0 0.00000E+02367400301577 
 1346.      1.00100E-1 2.27790E+4 0.00000E+0 0.00000E+0 0.00000E+02367400301578 
 1346.      1.00435E-1 2.27409E+4 0.00000E+0 0.00000E+0 0.00000E+02367400301579 
 1346.      1.00773E-1 2.27028E+4 0.00000E+0 0.00000E+0 0.00000E+02367400301580 
 1346.      1.01111E-1 2.26647E+4 0.00000E+0 0.00000E+0 0.00000E+02367400301581 
 1346.      1.01452E-1 2.26267E+4 0.00000E+0 0.00000E+0 0.00000E+02367400301582 
 1346.      1.01794E-1 2.25886E+4 0.00000E+0 0.00000E+0 0.00000E+02367400301583 
 1346.      1.02139E-1 2.25505E+4 0.00000E+0 0.00000E+0 0.00000E+02367400301584 
 1346.      1.02485E-1 2.25124E+4 0.00000E+0 0.00000E+0 0.00000E+02367400301585 
 1346.      1.02832E-1 2.24743E+4 0.00000E+0 0.00000E+0 0.00000E+02367400301586 
 1346.      1.03181E-1 2.24363E+4 0.00000E+0 0.00000E+0 0.00000E+02367400301587 
 1346.      1.03532E-1 2.23982E+4 0.00000E+0 0.00000E+0 0.00000E+02367400301588 
 1346.      1.03886E-1 2.23601E+4 0.00000E+0 0.00000E+0 0.00000E+02367400301589 
 1346.      1.04240E-1 2.23221E+4 0.00000E+0 0.00000E+0 0.00000E+02367400301590 
 1346.      1.04597E-1 2.22840E+4 0.00000E+0 0.00000E+0 0.00000E+02367400301591 
 1346.      1.04955E-1 2.22459E+4 0.00000E+0 0.00000E+0 0.00000E+02367400301592 
 1346.      1.05316E-1 2.22078E+4 0.00000E+0 0.00000E+0 0.00000E+02367400301593 
 1346.      1.05678E-1 2.21698E+4 0.00000E+0 0.00000E+0 0.00000E+02367400301594 
 1346.      1.06041E-1 2.21317E+4 0.00000E+0 0.00000E+0 0.00000E+02367400301595 
 1346.      1.06407E-1 2.20936E+4 0.00000E+0 0.00000E+0 0.00000E+02367400301596 
 1346.      1.06775E-1 2.20555E+4 0.00000E+0 0.00000E+0 0.00000E+02367400301597 
 1346.      1.07145E-1 2.20174E+4 0.00000E+0 0.00000E+0 0.00000E+02367400301598 
 1346.      1.07517E-1 2.19794E+4 0.00000E+0 0.00000E+0 0.00000E+02367400301599 
 1346.      1.07890E-1 2.19413E+4 0.00000E+0 0.00000E+0 0.00000E+02367400301600 
 1346.      1.08266E-1 2.19032E+4 0.00000E+0 0.00000E+0 0.00000E+02367400301601 
 1346.      1.08643E-1 2.18651E+4 0.00000E+0 0.00000E+0 0.00000E+02367400301602 
 1346.      1.09023E-1 2.18271E+4 0.00000E+0 0.00000E+0 0.00000E+02367400301603 
 1346.      1.09404E-1 2.17890E+4 0.00000E+0 0.00000E+0 0.00000E+02367400301604 
 1346.      1.09788E-1 2.17509E+4 0.00000E+0 0.00000E+0 0.00000E+02367400301605 
 1346.      1.10173E-1 2.17129E+4 0.00000E+0 0.00000E+0 0.00000E+02367400301606 
 1346.      1.10560E-1 2.16748E+4 0.00000E+0 0.00000E+0 0.00000E+02367400301607 
 1346.      1.10950E-1 2.16367E+4 0.00000E+0 0.00000E+0 0.00000E+02367400301608 
 1346.      1.11341E-1 2.15986E+4 0.00000E+0 0.00000E+0 0.00000E+02367400301609 
 1346.      1.11736E-1 2.15605E+4 0.00000E+0 0.00000E+0 0.00000E+02367400301610 
 1346.      1.12131E-1 2.15224E+4 0.00000E+0 0.00000E+0 0.00000E+02367400301611 
 1346.      1.12529E-1 2.14844E+4 0.00000E+0 0.00000E+0 0.00000E+02367400301612 
 1346.      1.12929E-1 2.14463E+4 0.00000E+0 0.00000E+0 0.00000E+02367400301613 
 1346.      1.13331E-1 2.14082E+4 0.00000E+0 0.00000E+0 0.00000E+02367400301614 
 1346.      1.13736E-1 2.13701E+4 0.00000E+0 0.00000E+0 0.00000E+02367400301615 
 1346.      1.14142E-1 2.13321E+4 0.00000E+0 0.00000E+0 0.00000E+02367400301616 
 1346.      1.14550E-1 2.12940E+4 0.00000E+0 0.00000E+0 0.00000E+02367400301617 
 1346.      1.14961E-1 2.12559E+4 0.00000E+0 0.00000E+0 0.00000E+02367400301618 
 1346.      1.15375E-1 2.12178E+4 0.00000E+0 0.00000E+0 0.00000E+02367400301619 
 1346.      1.15790E-1 2.11798E+4 0.00000E+0 0.00000E+0 0.00000E+02367400301620 
 1346.      1.16207E-1 2.11417E+4 0.00000E+0 0.00000E+0 0.00000E+02367400301621 
 1346.      1.16627E-1 2.11036E+4 0.00000E+0 0.00000E+0 0.00000E+02367400301622 
 1346.      1.17049E-1 2.10656E+4 0.00000E+0 0.00000E+0 0.00000E+02367400301623 
 1346.      1.17473E-1 2.10275E+4 0.00000E+0 0.00000E+0 0.00000E+02367400301624 
 1346.      1.17900E-1 2.09894E+4 0.00000E+0 0.00000E+0 0.00000E+02367400301625 
 1346.      1.18329E-1 2.09514E+4 0.00000E+0 0.00000E+0 0.00000E+02367400301626 
 1346.      1.18761E-1 2.09132E+4 0.00000E+0 0.00000E+0 0.00000E+02367400301627 
 1346.      1.19194E-1 2.08751E+4 0.00000E+0 0.00000E+0 0.00000E+02367400301628 
 1346.      1.19631E-1 2.08371E+4 0.00000E+0 0.00000E+0 0.00000E+02367400301629 
 1346.      1.20069E-1 2.07990E+4 0.00000E+0 0.00000E+0 0.00000E+02367400301630 
 1346.      1.20509E-1 2.07610E+4 0.00000E+0 0.00000E+0 0.00000E+02367400301631 
 1346.      1.20953E-1 2.07229E+4 0.00000E+0 0.00000E+0 0.00000E+02367400301632 
 1346.      1.21399E-1 2.06848E+4 0.00000E+0 0.00000E+0 0.00000E+02367400301633 
 1346.      1.21847E-1 2.06467E+4 0.00000E+0 0.00000E+0 0.00000E+02367400301634 
 1346.      1.22298E-1 2.06087E+4 0.00000E+0 0.00000E+0 0.00000E+02367400301635 
 1346.      1.22751E-1 2.05706E+4 0.00000E+0 0.00000E+0 0.00000E+02367400301636 
 1346.      1.23206E-1 2.05325E+4 0.00000E+0 0.00000E+0 0.00000E+02367400301637 
 1346.      1.23665E-1 2.04944E+4 0.00000E+0 0.00000E+0 0.00000E+02367400301638 
 1346.      1.24126E-1 2.04564E+4 0.00000E+0 0.00000E+0 0.00000E+02367400301639 
 1346.      1.24589E-1 2.04183E+4 0.00000E+0 0.00000E+0 0.00000E+02367400301640 
 1346.      1.25056E-1 2.03802E+4 0.00000E+0 0.00000E+0 0.00000E+02367400301641 
 1346.      1.25524E-1 2.03421E+4 0.00000E+0 0.00000E+0 0.00000E+02367400301642 
 1346.      1.25996E-1 2.03040E+4 0.00000E+0 0.00000E+0 0.00000E+02367400301643 
 1346.      1.26470E-1 2.02659E+4 0.00000E+0 0.00000E+0 0.00000E+02367400301644 
 1346.      1.26947E-1 2.02279E+4 0.00000E+0 0.00000E+0 0.00000E+02367400301645 
 1346.      1.27426E-1 2.01898E+4 0.00000E+0 0.00000E+0 0.00000E+02367400301646 
 1346.      1.27908E-1 2.01517E+4 0.00000E+0 0.00000E+0 0.00000E+02367400301647 
 1346.      1.28393E-1 2.01136E+4 0.00000E+0 0.00000E+0 0.00000E+02367400301648 
 1346.      1.28880E-1 2.00756E+4 0.00000E+0 0.00000E+0 0.00000E+02367400301649 
 1346.      1.29370E-1 2.00375E+4 0.00000E+0 0.00000E+0 0.00000E+02367400301650 
 1346.      1.29864E-1 1.99994E+4 0.00000E+0 0.00000E+0 0.00000E+02367400301651 
 1346.      1.30360E-1 1.99613E+4 0.00000E+0 0.00000E+0 0.00000E+02367400301652 
 1346.      1.30859E-1 1.99232E+4 0.00000E+0 0.00000E+0 0.00000E+02367400301653 
 1346.      1.31360E-1 1.98852E+4 0.00000E+0 0.00000E+0 0.00000E+02367400301654 
 1346.      1.31865E-1 1.98471E+4 0.00000E+0 0.00000E+0 0.00000E+02367400301655 
 1346.      1.32373E-1 1.98090E+4 0.00000E+0 0.00000E+0 0.00000E+02367400301656 
 1346.      1.32883E-1 1.97709E+4 0.00000E+0 0.00000E+0 0.00000E+02367400301657 
 1346.      1.33397E-1 1.97329E+4 0.00000E+0 0.00000E+0 0.00000E+02367400301658 
 1346.      1.33913E-1 1.96948E+4 0.00000E+0 0.00000E+0 0.00000E+02367400301659 
 1346.      1.34432E-1 1.96567E+4 0.00000E+0 0.00000E+0 0.00000E+02367400301660 
 1346.      1.34954E-1 1.96187E+4 0.00000E+0 0.00000E+0 0.00000E+02367400301661 
 1346.      1.35480E-1 1.95806E+4 0.00000E+0 0.00000E+0 0.00000E+02367400301662 
 1346.      1.36008E-1 1.95425E+4 0.00000E+0 0.00000E+0 0.00000E+02367400301663 
 1346.      1.36540E-1 1.95044E+4 0.00000E+0 0.00000E+0 0.00000E+02367400301664 
 1346.      1.37075E-1 1.94664E+4 0.00000E+0 0.00000E+0 0.00000E+02367400301665 
 1346.      1.37613E-1 1.94283E+4 0.00000E+0 0.00000E+0 0.00000E+02367400301666 
 1346.      1.38154E-1 1.93902E+4 0.00000E+0 0.00000E+0 0.00000E+02367400301667 
 1346.      1.38699E-1 1.93521E+4 0.00000E+0 0.00000E+0 0.00000E+02367400301668 
 1346.      1.39246E-1 1.93140E+4 0.00000E+0 0.00000E+0 0.00000E+02367400301669 
 1346.      1.39797E-1 1.92760E+4 0.00000E+0 0.00000E+0 0.00000E+02367400301670 
 1346.      1.40351E-1 1.92379E+4 0.00000E+0 0.00000E+0 0.00000E+02367400301671 
 1346.      1.40908E-1 1.91998E+4 0.00000E+0 0.00000E+0 0.00000E+02367400301672 
 1346.      1.41469E-1 1.91617E+4 0.00000E+0 0.00000E+0 0.00000E+02367400301673 
 1346.      1.42033E-1 1.91237E+4 0.00000E+0 0.00000E+0 0.00000E+02367400301674 
 1346.      1.42600E-1 1.90856E+4 0.00000E+0 0.00000E+0 0.00000E+02367400301675 
 1346.      1.43171E-1 1.90475E+4 0.00000E+0 0.00000E+0 0.00000E+02367400301676 
 1346.      1.43745E-1 1.90095E+4 0.00000E+0 0.00000E+0 0.00000E+02367400301677 
 1346.      1.44323E-1 1.89714E+4 0.00000E+0 0.00000E+0 0.00000E+02367400301678 
 1346.      1.44904E-1 1.89333E+4 0.00000E+0 0.00000E+0 0.00000E+02367400301679 
 1346.      1.45489E-1 1.88952E+4 0.00000E+0 0.00000E+0 0.00000E+02367400301680 
 1346.      1.46077E-1 1.88571E+4 0.00000E+0 0.00000E+0 0.00000E+02367400301681 
 1346.      1.46669E-1 1.88191E+4 0.00000E+0 0.00000E+0 0.00000E+02367400301682 
 1346.      1.47265E-1 1.87810E+4 0.00000E+0 0.00000E+0 0.00000E+02367400301683 
 1346.      1.47864E-1 1.87429E+4 0.00000E+0 0.00000E+0 0.00000E+02367400301684 
 1346.      1.48466E-1 1.87048E+4 0.00000E+0 0.00000E+0 0.00000E+02367400301685 
 1346.      1.49073E-1 1.86667E+4 0.00000E+0 0.00000E+0 0.00000E+02367400301686 
 1346.      1.49683E-1 1.86287E+4 0.00000E+0 0.00000E+0 0.00000E+02367400301687 
 1346.      1.50297E-1 1.85906E+4 0.00000E+0 0.00000E+0 0.00000E+02367400301688 
 1346.      1.50915E-1 1.85525E+4 0.00000E+0 0.00000E+0 0.00000E+02367400301689 
 1346.      1.51536E-1 1.85144E+4 0.00000E+0 0.00000E+0 0.00000E+02367400301690 
 1346.      1.52162E-1 1.84763E+4 0.00000E+0 0.00000E+0 0.00000E+02367400301691 
 1346.      1.52791E-1 1.84383E+4 0.00000E+0 0.00000E+0 0.00000E+02367400301692 
 1346.      1.53424E-1 1.84002E+4 0.00000E+0 0.00000E+0 0.00000E+02367400301693 
 1346.      1.54061E-1 1.83621E+4 0.00000E+0 0.00000E+0 0.00000E+02367400301694 
 1346.      1.54702E-1 1.83241E+4 0.00000E+0 0.00000E+0 0.00000E+02367400301695 
 1346.      1.55347E-1 1.82860E+4 0.00000E+0 0.00000E+0 0.00000E+02367400301696 
 1346.      1.55996E-1 1.82479E+4 0.00000E+0 0.00000E+0 0.00000E+02367400301697 
 1346.      1.56649E-1 1.82098E+4 0.00000E+0 0.00000E+0 0.00000E+02367400301698 
 1346.      1.57307E-1 1.81718E+4 0.00000E+0 0.00000E+0 0.00000E+02367400301699 
 1346.      1.57968E-1 1.81337E+4 0.00000E+0 0.00000E+0 0.00000E+02367400301700 
 1346.      1.58634E-1 1.80956E+4 0.00000E+0 0.00000E+0 0.00000E+02367400301701 
 1346.      1.59304E-1 1.80575E+4 0.00000E+0 0.00000E+0 0.00000E+02367400301702 
 1346.      1.59978E-1 1.80194E+4 0.00000E+0 0.00000E+0 0.00000E+02367400301703 
 1346.      1.60656E-1 1.79814E+4 0.00000E+0 0.00000E+0 0.00000E+02367400301704 
 1346.      1.61339E-1 1.79433E+4 0.00000E+0 0.00000E+0 0.00000E+02367400301705 
 1346.      1.62026E-1 1.79052E+4 0.00000E+0 0.00000E+0 0.00000E+02367400301706 
 1346.      1.62718E-1 1.78671E+4 0.00000E+0 0.00000E+0 0.00000E+02367400301707 
 1346.      1.63414E-1 1.78290E+4 0.00000E+0 0.00000E+0 0.00000E+02367400301708 
 1346.      1.64114E-1 1.77910E+4 0.00000E+0 0.00000E+0 0.00000E+02367400301709 
 1346.      1.64819E-1 1.77529E+4 0.00000E+0 0.00000E+0 0.00000E+02367400301710 
 1346.      1.65528E-1 1.77148E+4 0.00000E+0 0.00000E+0 0.00000E+02367400301711 
 1346.      1.66242E-1 1.76768E+4 0.00000E+0 0.00000E+0 0.00000E+02367400301712 
 1346.      1.66961E-1 1.76387E+4 0.00000E+0 0.00000E+0 0.00000E+02367400301713 
 1346.      1.67684E-1 1.76006E+4 0.00000E+0 0.00000E+0 0.00000E+02367400301714 
 1346.      1.68412E-1 1.75626E+4 0.00000E+0 0.00000E+0 0.00000E+02367400301715 
 1346.      1.69145E-1 1.75245E+4 0.00000E+0 0.00000E+0 0.00000E+02367400301716 
 1346.      1.69883E-1 1.74864E+4 0.00000E+0 0.00000E+0 0.00000E+02367400301717 
 1346.      1.70625E-1 1.74483E+4 0.00000E+0 0.00000E+0 0.00000E+02367400301718 
 1346.      1.71373E-1 1.74102E+4 0.00000E+0 0.00000E+0 0.00000E+02367400301719 
 1346.      1.72125E-1 1.73721E+4 0.00000E+0 0.00000E+0 0.00000E+02367400301720 
 1346.      1.72882E-1 1.73341E+4 0.00000E+0 0.00000E+0 0.00000E+02367400301721 
 1346.      1.73644E-1 1.72960E+4 0.00000E+0 0.00000E+0 0.00000E+02367400301722 
 1346.      1.74412E-1 1.72579E+4 0.00000E+0 0.00000E+0 0.00000E+02367400301723 
 1346.      1.75185E-1 1.72198E+4 0.00000E+0 0.00000E+0 0.00000E+02367400301724 
 1346.      1.75962E-1 1.71818E+4 0.00000E+0 0.00000E+0 0.00000E+02367400301725 
 1346.      1.76744E-1 1.71437E+4 0.00000E+0 0.00000E+0 0.00000E+02367400301726 
 1346.      1.77532E-1 1.71056E+4 0.00000E+0 0.00000E+0 0.00000E+02367400301727 
 1346.      1.78326E-1 1.70676E+4 0.00000E+0 0.00000E+0 0.00000E+02367400301728 
 1346.      1.79124E-1 1.70295E+4 0.00000E+0 0.00000E+0 0.00000E+02367400301729 
 1346.      1.79928E-1 1.69914E+4 0.00000E+0 0.00000E+0 0.00000E+02367400301730 
 1346.      1.80737E-1 1.69533E+4 0.00000E+0 0.00000E+0 0.00000E+02367400301731 
 1346.      1.81552E-1 1.69152E+4 0.00000E+0 0.00000E+0 0.00000E+02367400301732 
 1346.      1.82372E-1 1.68772E+4 0.00000E+0 0.00000E+0 0.00000E+02367400301733 
 1346.      1.83198E-1 1.68391E+4 0.00000E+0 0.00000E+0 0.00000E+02367400301734 
 1346.      1.84030E-1 1.68010E+4 0.00000E+0 0.00000E+0 0.00000E+02367400301735 
 1346.      1.84867E-1 1.67629E+4 0.00000E+0 0.00000E+0 0.00000E+02367400301736 
 1346.      1.85711E-1 1.67249E+4 0.00000E+0 0.00000E+0 0.00000E+02367400301737 
 1346.      1.86559E-1 1.66868E+4 0.00000E+0 0.00000E+0 0.00000E+02367400301738 
 1346.      1.87414E-1 1.66487E+4 0.00000E+0 0.00000E+0 0.00000E+02367400301739 
 1346.      1.88274E-1 1.66106E+4 0.00000E+0 0.00000E+0 0.00000E+02367400301740 
 1346.      1.89141E-1 1.65725E+4 0.00000E+0 0.00000E+0 0.00000E+02367400301741 
 1346.      1.90013E-1 1.65345E+4 0.00000E+0 0.00000E+0 0.00000E+02367400301742 
 1346.      1.90891E-1 1.64964E+4 0.00000E+0 0.00000E+0 0.00000E+02367400301743 
 1346.      1.91776E-1 1.64583E+4 0.00000E+0 0.00000E+0 0.00000E+02367400301744 
 1346.      1.92666E-1 1.64203E+4 0.00000E+0 0.00000E+0 0.00000E+02367400301745 
 1346.      1.93563E-1 1.63822E+4 0.00000E+0 0.00000E+0 0.00000E+02367400301746 
 1346.      1.94467E-1 1.63441E+4 0.00000E+0 0.00000E+0 0.00000E+02367400301747 
 1346.      1.95376E-1 1.63060E+4 0.00000E+0 0.00000E+0 0.00000E+02367400301748 
 1346.      1.96292E-1 1.62679E+4 0.00000E+0 0.00000E+0 0.00000E+02367400301749 
 1346.      1.97215E-1 1.62299E+4 0.00000E+0 0.00000E+0 0.00000E+02367400301750 
 1346.      1.98144E-1 1.61918E+4 0.00000E+0 0.00000E+0 0.00000E+02367400301751 
 1346.      1.99080E-1 1.61537E+4 0.00000E+0 0.00000E+0 0.00000E+02367400301752 
 1346.      2.00022E-1 1.61156E+4 0.00000E+0 0.00000E+0 0.00000E+02367400301753 
 1346.      2.00970E-1 1.60775E+4 0.00000E+0 0.00000E+0 0.00000E+02367400301754 
 1346.      2.01926E-1 1.60395E+4 0.00000E+0 0.00000E+0 0.00000E+02367400301755 
 1346.      2.02889E-1 1.60014E+4 0.00000E+0 0.00000E+0 0.00000E+02367400301756 
 1346.      2.03858E-1 1.59633E+4 0.00000E+0 0.00000E+0 0.00000E+02367400301757 
 1346.      2.04834E-1 1.59253E+4 0.00000E+0 0.00000E+0 0.00000E+02367400301758 
 1346.      2.05817E-1 1.58872E+4 0.00000E+0 0.00000E+0 0.00000E+02367400301759 
 1346.      2.06808E-1 1.58491E+4 0.00000E+0 0.00000E+0 0.00000E+02367400301760 
 1346.      2.07805E-1 1.58110E+4 0.00000E+0 0.00000E+0 0.00000E+02367400301761 
 1346.      2.08810E-1 1.57730E+4 0.00000E+0 0.00000E+0 0.00000E+02367400301762 
 1346.      2.09822E-1 1.57349E+4 0.00000E+0 0.00000E+0 0.00000E+02367400301763 
 1346.      2.10842E-1 1.56968E+4 0.00000E+0 0.00000E+0 0.00000E+02367400301764 
 1346.      2.11869E-1 1.56587E+4 0.00000E+0 0.00000E+0 0.00000E+02367400301765 
 1346.      2.12903E-1 1.56206E+4 0.00000E+0 0.00000E+0 0.00000E+02367400301766 
 1346.      2.13945E-1 1.55826E+4 0.00000E+0 0.00000E+0 0.00000E+02367400301767 
 1346.      2.14995E-1 1.55445E+4 0.00000E+0 0.00000E+0 0.00000E+02367400301768 
 1346.      2.16053E-1 1.55064E+4 0.00000E+0 0.00000E+0 0.00000E+02367400301769 
 1346.      2.17118E-1 1.54683E+4 0.00000E+0 0.00000E+0 0.00000E+02367400301770 
 1346.      2.18191E-1 1.54303E+4 0.00000E+0 0.00000E+0 0.00000E+02367400301771 
 1346.      2.19272E-1 1.53922E+4 0.00000E+0 0.00000E+0 0.00000E+02367400301772 
 1346.      2.20362E-1 1.53541E+4 0.00000E+0 0.00000E+0 0.00000E+02367400301773 
 1346.      2.21459E-1 1.53160E+4 0.00000E+0 0.00000E+0 0.00000E+02367400301774 
 1346.      2.22565E-1 1.52779E+4 0.00000E+0 0.00000E+0 0.00000E+02367400301775 
 1346.      2.23679E-1 1.52399E+4 0.00000E+0 0.00000E+0 0.00000E+02367400301776 
 1346.      2.24801E-1 1.52018E+4 0.00000E+0 0.00000E+0 0.00000E+02367400301777 
 1346.      2.25932E-1 1.51637E+4 0.00000E+0 0.00000E+0 0.00000E+02367400301778 
 1346.      2.27071E-1 1.51256E+4 0.00000E+0 0.00000E+0 0.00000E+02367400301779 
 1346.      2.28219E-1 1.50876E+4 0.00000E+0 0.00000E+0 0.00000E+02367400301780 
 1346.      2.29376E-1 1.50495E+4 0.00000E+0 0.00000E+0 0.00000E+02367400301781 
 1346.      2.30542E-1 1.50114E+4 0.00000E+0 0.00000E+0 0.00000E+02367400301782 
 1346.      2.31716E-1 1.49733E+4 0.00000E+0 0.00000E+0 0.00000E+02367400301783 
 1346.      2.32899E-1 1.49353E+4 0.00000E+0 0.00000E+0 0.00000E+02367400301784 
 1346.      2.34092E-1 1.48972E+4 0.00000E+0 0.00000E+0 0.00000E+02367400301785 
 1346.      2.35293E-1 1.48591E+4 0.00000E+0 0.00000E+0 0.00000E+02367400301786 
 1346.      2.36504E-1 1.48210E+4 0.00000E+0 0.00000E+0 0.00000E+02367400301787 
 1346.      2.37725E-1 1.47830E+4 0.00000E+0 0.00000E+0 0.00000E+02367400301788 
 1346.      2.38955E-1 1.47449E+4 0.00000E+0 0.00000E+0 0.00000E+02367400301789 
 1346.      2.40194E-1 1.47068E+4 0.00000E+0 0.00000E+0 0.00000E+02367400301790 
 1346.      2.41443E-1 1.46687E+4 0.00000E+0 0.00000E+0 0.00000E+02367400301791 
 1346.      2.42702E-1 1.46307E+4 0.00000E+0 0.00000E+0 0.00000E+02367400301792 
 1346.      2.43970E-1 1.45926E+4 0.00000E+0 0.00000E+0 0.00000E+02367400301793 
 1346.      2.45249E-1 1.45545E+4 0.00000E+0 0.00000E+0 0.00000E+02367400301794 
 1346.      2.46538E-1 1.45164E+4 0.00000E+0 0.00000E+0 0.00000E+02367400301795 
 1346.      2.47837E-1 1.44783E+4 0.00000E+0 0.00000E+0 0.00000E+02367400301796 
 1346.      2.49146E-1 1.44403E+4 0.00000E+0 0.00000E+0 0.00000E+02367400301797 
 1346.      2.50466E-1 1.44022E+4 0.00000E+0 0.00000E+0 0.00000E+02367400301798 
 1346.      2.51796E-1 1.43641E+4 0.00000E+0 0.00000E+0 0.00000E+02367400301799 
 1346.      2.53137E-1 1.43260E+4 0.00000E+0 0.00000E+0 0.00000E+02367400301800 
 1346.      2.54489E-1 1.42880E+4 0.00000E+0 0.00000E+0 0.00000E+02367400301801 
 1346.      2.55851E-1 1.42499E+4 0.00000E+0 0.00000E+0 0.00000E+02367400301802 
 1346.      2.57224E-1 1.42118E+4 0.00000E+0 0.00000E+0 0.00000E+02367400301803 
 1346.      2.58609E-1 1.41737E+4 0.00000E+0 0.00000E+0 0.00000E+02367400301804 
 1346.      2.60004E-1 1.41357E+4 0.00000E+0 0.00000E+0 0.00000E+02367400301805 
 1346.      2.61411E-1 1.40976E+4 0.00000E+0 0.00000E+0 0.00000E+02367400301806 
 1346.      2.62830E-1 1.40595E+4 0.00000E+0 0.00000E+0 0.00000E+02367400301807 
 1346.      2.64260E-1 1.40214E+4 0.00000E+0 0.00000E+0 0.00000E+02367400301808 
 1346.      2.65702E-1 1.39833E+4 0.00000E+0 0.00000E+0 0.00000E+02367400301809 
 1346.      2.67155E-1 1.39453E+4 0.00000E+0 0.00000E+0 0.00000E+02367400301810 
 1346.      2.68621E-1 1.39072E+4 0.00000E+0 0.00000E+0 0.00000E+02367400301811 
 1346.      2.70098E-1 1.38691E+4 0.00000E+0 0.00000E+0 0.00000E+02367400301812 
 1346.      2.71588E-1 1.38310E+4 0.00000E+0 0.00000E+0 0.00000E+02367400301813 
 1346.      2.73090E-1 1.37930E+4 0.00000E+0 0.00000E+0 0.00000E+02367400301814 
 1346.      2.74605E-1 1.37549E+4 0.00000E+0 0.00000E+0 0.00000E+02367400301815 
 1346.      2.76132E-1 1.37168E+4 0.00000E+0 0.00000E+0 0.00000E+02367400301816 
 1346.      2.77672E-1 1.36787E+4 0.00000E+0 0.00000E+0 0.00000E+02367400301817 
 1346.      2.79225E-1 1.36407E+4 0.00000E+0 0.00000E+0 0.00000E+02367400301818 
 1346.      2.80791E-1 1.36026E+4 0.00000E+0 0.00000E+0 0.00000E+02367400301819 
 1346.      2.82371E-1 1.35645E+4 0.00000E+0 0.00000E+0 0.00000E+02367400301820 
 1346.      2.83963E-1 1.35264E+4 0.00000E+0 0.00000E+0 0.00000E+02367400301821 
 1346.      2.85569E-1 1.34884E+4 0.00000E+0 0.00000E+0 0.00000E+02367400301822 
 1346.      2.87189E-1 1.34503E+4 0.00000E+0 0.00000E+0 0.00000E+02367400301823 
 1346.      2.88823E-1 1.34122E+4 0.00000E+0 0.00000E+0 0.00000E+02367400301824 
 1346.      2.90471E-1 1.33741E+4 0.00000E+0 0.00000E+0 0.00000E+02367400301825 
 1346.      2.92133E-1 1.33361E+4 0.00000E+0 0.00000E+0 0.00000E+02367400301826 
 1346.      2.93809E-1 1.32980E+4 0.00000E+0 0.00000E+0 0.00000E+02367400301827 
 1346.      2.95500E-1 1.32599E+4 0.00000E+0 0.00000E+0 0.00000E+02367400301828 
 1346.      2.97205E-1 1.32218E+4 0.00000E+0 0.00000E+0 0.00000E+02367400301829 
 1346.      2.98925E-1 1.31837E+4 0.00000E+0 0.00000E+0 0.00000E+02367400301830 
 1346.      3.00660E-1 1.31457E+4 0.00000E+0 0.00000E+0 0.00000E+02367400301831 
 1346.      3.02410E-1 1.31076E+4 0.00000E+0 0.00000E+0 0.00000E+02367400301832 
 1346.      3.04176E-1 1.30695E+4 0.00000E+0 0.00000E+0 0.00000E+02367400301833 
 1346.      3.05957E-1 1.30314E+4 0.00000E+0 0.00000E+0 0.00000E+02367400301834 
 1346.      3.07753E-1 1.29934E+4 0.00000E+0 0.00000E+0 0.00000E+02367400301835 
 1346.      3.09566E-1 1.29553E+4 0.00000E+0 0.00000E+0 0.00000E+02367400301836 
 1346.      3.11394E-1 1.29172E+4 0.00000E+0 0.00000E+0 0.00000E+02367400301837 
 1346.      3.13239E-1 1.28791E+4 0.00000E+0 0.00000E+0 0.00000E+02367400301838 
 1346.      3.15100E-1 1.28411E+4 0.00000E+0 0.00000E+0 0.00000E+02367400301839 
 1346.      3.16978E-1 1.28030E+4 0.00000E+0 0.00000E+0 0.00000E+02367400301840 
 1346.      3.18873E-1 1.27649E+4 0.00000E+0 0.00000E+0 0.00000E+02367400301841 
 1346.      3.20785E-1 1.27268E+4 0.00000E+0 0.00000E+0 0.00000E+02367400301842 
 1346.      3.22715E-1 1.26887E+4 0.00000E+0 0.00000E+0 0.00000E+02367400301843 
 1346.      3.24661E-1 1.26507E+4 0.00000E+0 0.00000E+0 0.00000E+02367400301844 
 1346.      3.26626E-1 1.26126E+4 0.00000E+0 0.00000E+0 0.00000E+02367400301845 
 1346.      3.28607E-1 1.25745E+4 0.00000E+0 0.00000E+0 0.00000E+02367400301846 
 1346.      3.30607E-1 1.25364E+4 0.00000E+0 0.00000E+0 0.00000E+02367400301847 
 1346.      3.32626E-1 1.24984E+4 0.00000E+0 0.00000E+0 0.00000E+02367400301848 
 1346.      3.34663E-1 1.24603E+4 0.00000E+0 0.00000E+0 0.00000E+02367400301849 
 1346.      3.36719E-1 1.24222E+4 0.00000E+0 0.00000E+0 0.00000E+02367400301850 
 1346.      3.38794E-1 1.23841E+4 0.00000E+0 0.00000E+0 0.00000E+02367400301851 
 1346.      3.40888E-1 1.23461E+4 0.00000E+0 0.00000E+0 0.00000E+02367400301852 
 1346.      3.43002E-1 1.23080E+4 0.00000E+0 0.00000E+0 0.00000E+02367400301853 
 1346.      3.45135E-1 1.22699E+4 0.00000E+0 0.00000E+0 0.00000E+02367400301854 
 1346.      3.47288E-1 1.22318E+4 0.00000E+0 0.00000E+0 0.00000E+02367400301855 
 1346.      3.49462E-1 1.21937E+4 0.00000E+0 0.00000E+0 0.00000E+02367400301856 
 1346.      3.51656E-1 1.21557E+4 0.00000E+0 0.00000E+0 0.00000E+02367400301857 
 1346.      3.53870E-1 1.21176E+4 0.00000E+0 0.00000E+0 0.00000E+02367400301858 
 1346.      3.56106E-1 1.20795E+4 0.00000E+0 0.00000E+0 0.00000E+02367400301859 
 1346.      3.58363E-1 1.20414E+4 0.00000E+0 0.00000E+0 0.00000E+02367400301860 
 1346.      3.60642E-1 1.20034E+4 0.00000E+0 0.00000E+0 0.00000E+02367400301861 
 1346.      3.62942E-1 1.19653E+4 0.00000E+0 0.00000E+0 0.00000E+02367400301862 
 1346.      3.65264E-1 1.19272E+4 0.00000E+0 0.00000E+0 0.00000E+02367400301863 
 1346.      3.67609E-1 1.18891E+4 0.00000E+0 0.00000E+0 0.00000E+02367400301864 
 1346.      3.69976E-1 1.18511E+4 0.00000E+0 0.00000E+0 0.00000E+02367400301865 
 1346.      3.72367E-1 1.18130E+4 0.00000E+0 0.00000E+0 0.00000E+02367400301866 
 1346.      3.74780E-1 1.17749E+4 0.00000E+0 0.00000E+0 0.00000E+02367400301867 
 1346.      3.77217E-1 1.17368E+4 0.00000E+0 0.00000E+0 0.00000E+02367400301868 
 1346.      3.79678E-1 1.16988E+4 0.00000E+0 0.00000E+0 0.00000E+02367400301869 
 1346.      3.82163E-1 1.16607E+4 0.00000E+0 0.00000E+0 0.00000E+02367400301870 
 1346.      3.84673E-1 1.16226E+4 0.00000E+0 0.00000E+0 0.00000E+02367400301871 
 1346.      3.87208E-1 1.15845E+4 0.00000E+0 0.00000E+0 0.00000E+02367400301872 
 1346.      3.89767E-1 1.15465E+4 0.00000E+0 0.00000E+0 0.00000E+02367400301873 
 1346.      3.92352E-1 1.15084E+4 0.00000E+0 0.00000E+0 0.00000E+02367400301874 
 1346.      3.94964E-1 1.14703E+4 0.00000E+0 0.00000E+0 0.00000E+02367400301875 
 1346.      3.97601E-1 1.14322E+4 0.00000E+0 0.00000E+0 0.00000E+02367400301876 
 1346.      4.00264E-1 1.13941E+4 0.00000E+0 0.00000E+0 0.00000E+02367400301877 
 1346.      4.02954E-1 1.13561E+4 0.00000E+0 0.00000E+0 0.00000E+02367400301878 
 1346.      4.05672E-1 1.13180E+4 0.00000E+0 0.00000E+0 0.00000E+02367400301879 
 1346.      4.08417E-1 1.12799E+4 0.00000E+0 0.00000E+0 0.00000E+02367400301880 
 1346.      4.11190E-1 1.12418E+4 0.00000E+0 0.00000E+0 0.00000E+02367400301881 
 1346.      4.13992E-1 1.12038E+4 0.00000E+0 0.00000E+0 0.00000E+02367400301882 
 1346.      4.16822E-1 1.11657E+4 0.00000E+0 0.00000E+0 0.00000E+02367400301883 
 1346.      4.19682E-1 1.11276E+4 0.00000E+0 0.00000E+0 0.00000E+02367400301884 
 1346.      4.22570E-1 1.10895E+4 0.00000E+0 0.00000E+0 0.00000E+02367400301885 
 1346.      4.25489E-1 1.10515E+4 0.00000E+0 0.00000E+0 0.00000E+02367400301886 
 1346.      4.28438E-1 1.10134E+4 0.00000E+0 0.00000E+0 0.00000E+02367400301887 
 1346.      4.31418E-1 1.09753E+4 0.00000E+0 0.00000E+0 0.00000E+02367400301888 
 1346.      4.34429E-1 1.09372E+4 0.00000E+0 0.00000E+0 0.00000E+02367400301889 
 1346.      4.37472E-1 1.08991E+4 0.00000E+0 0.00000E+0 0.00000E+02367400301890 
 1346.      4.40547E-1 1.08611E+4 0.00000E+0 0.00000E+0 0.00000E+02367400301891 
 1346.      4.43655E-1 1.08230E+4 0.00000E+0 0.00000E+0 0.00000E+02367400301892 
 1346.      4.46795E-1 1.07849E+4 0.00000E+0 0.00000E+0 0.00000E+02367400301893 
 1346.      4.49969E-1 1.07468E+4 0.00000E+0 0.00000E+0 0.00000E+02367400301894 
 1346.      4.53176E-1 1.07088E+4 0.00000E+0 0.00000E+0 0.00000E+02367400301895 
 1346.      4.56419E-1 1.06707E+4 0.00000E+0 0.00000E+0 0.00000E+02367400301896 
 1346.      4.59696E-1 1.06326E+4 0.00000E+0 0.00000E+0 0.00000E+02367400301897 
 1346.      4.63009E-1 1.05945E+4 0.00000E+0 0.00000E+0 0.00000E+02367400301898 
 1346.      4.66357E-1 1.05565E+4 0.00000E+0 0.00000E+0 0.00000E+02367400301899 
 1346.      4.69742E-1 1.05184E+4 0.00000E+0 0.00000E+0 0.00000E+02367400301900 
 1346.      4.73164E-1 1.04803E+4 0.00000E+0 0.00000E+0 0.00000E+02367400301901 
 1346.      4.76624E-1 1.04422E+4 0.00000E+0 0.00000E+0 0.00000E+02367400301902 
 1346.      4.80122E-1 1.04042E+4 0.00000E+0 0.00000E+0 0.00000E+02367400301903 
 1346.      4.83658E-1 1.03661E+4 0.00000E+0 0.00000E+0 0.00000E+02367400301904 
 1346.      4.87234E-1 1.03280E+4 0.00000E+0 0.00000E+0 0.00000E+02367400301905 
 1346.      4.90849E-1 1.02899E+4 0.00000E+0 0.00000E+0 0.00000E+02367400301906 
 1346.      4.94505E-1 1.02518E+4 0.00000E+0 0.00000E+0 0.00000E+02367400301907 
 1346.      4.98202E-1 1.02138E+4 0.00000E+0 0.00000E+0 0.00000E+02367400301908 
 1346.      5.01941E-1 1.01757E+4 0.00000E+0 0.00000E+0 0.00000E+02367400301909 
 1346.      5.05722E-1 1.01376E+4 0.00000E+0 0.00000E+0 0.00000E+02367400301910 
 1346.      5.09545E-1 1.00995E+4 0.00000E+0 0.00000E+0 0.00000E+02367400301911 
 1346.      5.13412E-1 1.00615E+4 0.00000E+0 0.00000E+0 0.00000E+02367400301912 
 1346.      5.17323E-1 1.00234E+4 0.00000E+0 0.00000E+0 0.00000E+02367400301913 
 1346.      5.21280E-1 9.98531E+3 0.00000E+0 0.00000E+0 0.00000E+02367400301914 
 1346.      5.25281E-1 9.94723E+3 0.00000E+0 0.00000E+0 0.00000E+02367400301915 
 1346.      5.29330E-1 9.90915E+3 0.00000E+0 0.00000E+0 0.00000E+02367400301916 
 1346.      5.33425E-1 9.87107E+3 0.00000E+0 0.00000E+0 0.00000E+02367400301917 
 1346.      5.37567E-1 9.83300E+3 0.00000E+0 0.00000E+0 0.00000E+02367400301918 
 1346.      5.41758E-1 9.79493E+3 0.00000E+0 0.00000E+0 0.00000E+02367400301919 
 1346.      5.45999E-1 9.75685E+3 0.00000E+0 0.00000E+0 0.00000E+02367400301920 
 1346.      5.50289E-1 9.71877E+3 0.00000E+0 0.00000E+0 0.00000E+02367400301921 
 1346.      5.54631E-1 9.68069E+3 0.00000E+0 0.00000E+0 0.00000E+02367400301922 
 1346.      5.59023E-1 9.64262E+3 0.00000E+0 0.00000E+0 0.00000E+02367400301923 
 1346.      5.63469E-1 9.60454E+3 0.00000E+0 0.00000E+0 0.00000E+02367400301924 
 1346.      5.67967E-1 9.56646E+3 0.00000E+0 0.00000E+0 0.00000E+02367400301925 
 1346.      5.72520E-1 9.52839E+3 0.00000E+0 0.00000E+0 0.00000E+02367400301926 
 1346.      5.77127E-1 9.49031E+3 0.00000E+0 0.00000E+0 0.00000E+02367400301927 
 1346.      5.81790E-1 9.45224E+3 0.00000E+0 0.00000E+0 0.00000E+02367400301928 
 1346.      5.86510E-1 9.41416E+3 0.00000E+0 0.00000E+0 0.00000E+02367400301929 
 1346.      5.91288E-1 9.37608E+3 0.00000E+0 0.00000E+0 0.00000E+02367400301930 
 1346.      5.96125E-1 9.33800E+3 0.00000E+0 0.00000E+0 0.00000E+02367400301931 
 1346.      6.01021E-1 9.29993E+3 0.00000E+0 0.00000E+0 0.00000E+02367400301932 
 1346.      6.05978E-1 9.26185E+3 0.00000E+0 0.00000E+0 0.00000E+02367400301933 
 1346.      6.10997E-1 9.22377E+3 0.00000E+0 0.00000E+0 0.00000E+02367400301934 
 1346.      6.16078E-1 9.18569E+3 0.00000E+0 0.00000E+0 0.00000E+02367400301935 
 1346.      6.21222E-1 9.14762E+3 0.00000E+0 0.00000E+0 0.00000E+02367400301936 
 1346.      6.26432E-1 9.10954E+3 0.00000E+0 0.00000E+0 0.00000E+02367400301937 
 1346.      6.31707E-1 9.07146E+3 0.00000E+0 0.00000E+0 0.00000E+02367400301938 
 1346.      6.37049E-1 9.03338E+3 0.00000E+0 0.00000E+0 0.00000E+02367400301939 
 1346.      6.42459E-1 8.99531E+3 0.00000E+0 0.00000E+0 0.00000E+02367400301940 
 1346.      6.47938E-1 8.95723E+3 0.00000E+0 0.00000E+0 0.00000E+02367400301941 
 1346.      6.53488E-1 8.91916E+3 0.00000E+0 0.00000E+0 0.00000E+02367400301942 
 1346.      6.59109E-1 8.88108E+3 0.00000E+0 0.00000E+0 0.00000E+02367400301943 
 1346.      6.64804E-1 8.84300E+3 0.00000E+0 0.00000E+0 0.00000E+02367400301944 
 1346.      6.70573E-1 8.80492E+3 0.00000E+0 0.00000E+0 0.00000E+02367400301945 
 1346.      6.76416E-1 8.76685E+3 0.00000E+0 0.00000E+0 0.00000E+02367400301946 
 1346.      6.82337E-1 8.72877E+3 0.00000E+0 0.00000E+0 0.00000E+02367400301947 
 1346.      6.88336E-1 8.69069E+3 0.00000E+0 0.00000E+0 0.00000E+02367400301948 
 1346.      6.94414E-1 8.65262E+3 0.00000E+0 0.00000E+0 0.00000E+02367400301949 
 1346.      7.00573E-1 8.61454E+3 0.00000E+0 0.00000E+0 0.00000E+02367400301950 
 1346.      7.06815E-1 8.57646E+3 0.00000E+0 0.00000E+0 0.00000E+02367400301951 
 1346.      7.13140E-1 8.53839E+3 0.00000E+0 0.00000E+0 0.00000E+02367400301952 
 1346.      7.19551E-1 8.50031E+3 0.00000E+0 0.00000E+0 0.00000E+02367400301953 
 1346.      7.26048E-1 8.46223E+3 0.00000E+0 0.00000E+0 0.00000E+02367400301954 
 1346.      7.32635E-1 8.42415E+3 0.00000E+0 0.00000E+0 0.00000E+02367400301955 
 1346.      7.39311E-1 8.38608E+3 0.00000E+0 0.00000E+0 0.00000E+02367400301956 
 1346.      7.46078E-1 8.34800E+3 0.00000E+0 0.00000E+0 0.00000E+02367400301957 
 1346.      7.52939E-1 8.30992E+3 0.00000E+0 0.00000E+0 0.00000E+02367400301958 
 1346.      7.59895E-1 8.27185E+3 0.00000E+0 0.00000E+0 0.00000E+02367400301959 
 1346.      7.66949E-1 8.23377E+3 0.00000E+0 0.00000E+0 0.00000E+02367400301960 
 1346.      7.74101E-1 8.19569E+3 0.00000E+0 0.00000E+0 0.00000E+02367400301961 
 1346.      7.81353E-1 8.15762E+3 0.00000E+0 0.00000E+0 0.00000E+02367400301962 
 1346.      7.88708E-1 8.11954E+3 0.00000E+0 0.00000E+0 0.00000E+02367400301963 
 1346.      7.96168E-1 8.08146E+3 0.00000E+0 0.00000E+0 0.00000E+02367400301964 
 1346.      8.03733E-1 8.04338E+3 0.00000E+0 0.00000E+0 0.00000E+02367400301965 
 1346.      8.11407E-1 8.00531E+3 0.00000E+0 0.00000E+0 0.00000E+02367400301966 
 1346.      8.19191E-1 7.96723E+3 0.00000E+0 0.00000E+0 0.00000E+02367400301967 
 1346.      8.27089E-1 7.92915E+3 0.00000E+0 0.00000E+0 0.00000E+02367400301968 
 1346.      8.35100E-1 7.89108E+3 0.00000E+0 0.00000E+0 0.00000E+02367400301969 
 1346.      8.43229E-1 7.85300E+3 0.00000E+0 0.00000E+0 0.00000E+02367400301970 
 1346.      8.51477E-1 7.81492E+3 0.00000E+0 0.00000E+0 0.00000E+02367400301971 
 1346.      8.59847E-1 7.77684E+3 0.00000E+0 0.00000E+0 0.00000E+02367400301972 
 1346.      8.68341E-1 7.73877E+3 0.00000E+0 0.00000E+0 0.00000E+02367400301973 
 1346.      8.76962E-1 7.70069E+3 0.00000E+0 0.00000E+0 0.00000E+02367400301974 
 1346.      8.85712E-1 7.66261E+3 0.00000E+0 0.00000E+0 0.00000E+02367400301975 
 1346.      8.94593E-1 7.62454E+3 0.00000E+0 0.00000E+0 0.00000E+02367400301976 
 1346.      9.03608E-1 7.58646E+3 0.00000E+0 0.00000E+0 0.00000E+02367400301977 
 1346.      9.12761E-1 7.54838E+3 0.00000E+0 0.00000E+0 0.00000E+02367400301978 
 1346.      9.22054E-1 7.51030E+3 0.00000E+0 0.00000E+0 0.00000E+02367400301979 
 1346.      9.31489E-1 7.47223E+3 0.00000E+0 0.00000E+0 0.00000E+02367400301980 
 1346.      9.41070E-1 7.43415E+3 0.00000E+0 0.00000E+0 0.00000E+02367400301981 
 1346.      9.50799E-1 7.39607E+3 0.00000E+0 0.00000E+0 0.00000E+02367400301982 
 1346.      9.60681E-1 7.35800E+3 0.00000E+0 0.00000E+0 0.00000E+02367400301983 
 1346.      9.70717E-1 7.31992E+3 0.00000E+0 0.00000E+0 0.00000E+02367400301984 
 1346.      9.80911E-1 7.28184E+3 0.00000E+0 0.00000E+0 0.00000E+02367400301985 
 1346.      9.91268E-1 7.24376E+3 0.00000E+0 0.00000E+0 0.00000E+02367400301986 
 1346.      1.00179E+0 7.20568E+3 0.00000E+0 0.00000E+0 0.00000E+02367400301987 
 1346.      1.01248E+0 7.16761E+3 0.00000E+0 0.00000E+0 0.00000E+02367400301988 
 1346.      1.02334E+0 7.12953E+3 0.00000E+0 0.00000E+0 0.00000E+02367400301989 
 1346.      1.03438E+0 7.09145E+3 0.00000E+0 0.00000E+0 0.00000E+02367400301990 
 1346.      1.04560E+0 7.05337E+3 0.00000E+0 0.00000E+0 0.00000E+02367400301991 
 1346.      1.05700E+0 7.01529E+3 0.00000E+0 0.00000E+0 0.00000E+02367400301992 
 1346.      1.06858E+0 6.97723E+3 0.00000E+0 0.00000E+0 0.00000E+02367400301993 
 1346.      1.08036E+0 6.93915E+3 0.00000E+0 0.00000E+0 0.00000E+02367400301994 
 1346.      1.09234E+0 6.90107E+3 0.00000E+0 0.00000E+0 0.00000E+02367400301995 
 1346.      1.10451E+0 6.86299E+3 0.00000E+0 0.00000E+0 0.00000E+02367400301996 
 1346.      1.11689E+0 6.82492E+3 0.00000E+0 0.00000E+0 0.00000E+02367400301997 
 1346.      1.12948E+0 6.78683E+3 0.00000E+0 0.00000E+0 0.00000E+02367400301998 
 1346.      1.14229E+0 6.74875E+3 0.00000E+0 0.00000E+0 0.00000E+02367400301999 
 1346.      1.15531E+0 6.71067E+3 0.00000E+0 0.00000E+0 0.00000E+02367400302000 
 1346.      1.16856E+0 6.67261E+3 0.00000E+0 0.00000E+0 0.00000E+02367400302001 
 1346.      1.18204E+0 6.63453E+3 0.00000E+0 0.00000E+0 0.00000E+02367400302002 
 1346.      1.19575E+0 6.59645E+3 0.00000E+0 0.00000E+0 0.00000E+02367400302003 
 1346.      1.20970E+0 6.55837E+3 0.00000E+0 0.00000E+0 0.00000E+02367400302004 
 1346.      1.22390E+0 6.52029E+3 0.00000E+0 0.00000E+0 0.00000E+02367400302005 
 1346.      1.23835E+0 6.48221E+3 0.00000E+0 0.00000E+0 0.00000E+02367400302006 
 1346.      1.25306E+0 6.44414E+3 0.00000E+0 0.00000E+0 0.00000E+02367400302007 
 1346.      1.26803E+0 6.40606E+3 0.00000E+0 0.00000E+0 0.00000E+02367400302008 
 1346.      1.28327E+0 6.36798E+3 0.00000E+0 0.00000E+0 0.00000E+02367400302009 
 1346.      1.29879E+0 6.32990E+3 0.00000E+0 0.00000E+0 0.00000E+02367400302010 
 1346.      1.31459E+0 6.29181E+3 0.00000E+0 0.00000E+0 0.00000E+02367400302011 
 1346.      1.33068E+0 6.25374E+3 0.00000E+0 0.00000E+0 0.00000E+02367400302012 
 1346.      1.34707E+0 6.21567E+3 0.00000E+0 0.00000E+0 0.00000E+02367400302013 
 1346.      1.36376E+0 6.17760E+3 0.00000E+0 0.00000E+0 0.00000E+02367400302014 
 1346.      1.38077E+0 6.13952E+3 0.00000E+0 0.00000E+0 0.00000E+02367400302015 
 1346.      1.39809E+0 6.10144E+3 0.00000E+0 0.00000E+0 0.00000E+02367400302016 
 1346.      1.41575E+0 6.06335E+3 0.00000E+0 0.00000E+0 0.00000E+02367400302017 
 1346.      1.43375E+0 6.02527E+3 7.80689E-3 1.16843E+1 5.53371E+02367400302018 
 1346.      1.45208E+0 5.98720E+3 2.66267E-2 4.93362E+0 5.53370E+02367400302019 
 1346.      1.47077E+0 5.94913E+3 2.15264E-2 8.85227E+0 5.53370E+02367400302020 
 1346.      1.48983E+0 5.91105E+3 1.08372E-2 1.59343E+1 5.53372E+02367400302021 
 1346.      1.50926E+0 5.87297E+3 1.11222E-2 1.24431E+1 5.53368E+02367400302022 
 1346.      1.52907E+0 5.83489E+3 1.16396E-2 1.25682E+1 5.53373E+02367400302023 
 1346.      1.54927E+0 5.79681E+3 1.12615E-2 1.33780E+1 5.53370E+02367400302024 
 1346.      1.56988E+0 5.75874E+3 1.16680E-2 1.31947E+1 5.53368E+02367400302025 
 1346.      1.59090E+0 5.72066E+3 1.21640E-2 1.33488E+1 5.53370E+02367400302026 
 1346.      1.61235E+0 5.68258E+3 2.07280E-2 8.09048E+0 5.53370E+02367400302027 
 1346.      1.63423E+0 5.64450E+3 4.86593E-2 4.34583E+0 5.53371E+02367400302028 
 1346.      1.65657E+0 5.60642E+3 3.85178E-2 6.87157E+0 5.53370E+02367400302029 
 1346.      1.67936E+0 5.56834E+3 2.09258E-2 1.14293E+1 5.53371E+02367400302030 
 1346.      1.70263E+0 5.53026E+3 1.54243E-2 1.25151E+1 5.53369E+02367400302031 
 1346.      1.72639E+0 5.49219E+3 1.76631E-2 1.03716E+1 5.53371E+02367400302032 
 1346.      1.75064E+0 5.45411E+3 2.02631E-2 9.32311E+0 5.53371E+02367400302033 
 1346.      1.77541E+0 5.41603E+3 1.94493E-2 1.02251E+1 5.53373E+02367400302034 
 1346.      1.80072E+0 5.37795E+3 1.59369E-2 1.22464E+1 5.53370E+02367400302035 
 1346.      1.82657E+0 5.33987E+3 1.64335E-2 1.17428E+1 5.53371E+02367400302036 
 1346.      1.85298E+0 5.30180E+3 1.75197E-2 1.12705E+1 5.53370E+02367400302037 
 1346.      1.87996E+0 5.26372E+3 2.35131E-2 8.85395E+0 5.53371E+02367400302038 
 1346.      1.90754E+0 5.22564E+3 3.28299E-2 7.11570E+0 5.53370E+02367400302039 
 1346.      1.93574E+0 5.18756E+3 4.75872E-2 5.65000E+0 5.53371E+02367400302040 
 1346.      1.96456E+0 5.14948E+3 6.28387E-2 4.88057E+0 5.53371E+02367400302041 
 1346.      1.99404E+0 5.11140E+3 7.33939E-2 4.66188E+0 5.53371E+02367400302042 
 1346.      2.02418E+0 5.07332E+3 7.56629E-2 4.81719E+0 5.53371E+02367400302043 
 1346.      2.05501E+0 5.03525E+3 6.35252E-2 5.74448E+0 5.53371E+02367400302044 
 1346.      2.08655E+0 4.99717E+3 4.59430E-2 7.23797E+0 5.53372E+02367400302045 
 1346.      2.11883E+0 4.95909E+3 3.50899E-2 8.47852E+0 5.53372E+02367400302046 
 1346.      2.15186E+0 4.92101E+3 3.25532E-2 8.39037E+0 5.53369E+02367400302047 
 1346.      2.18567E+0 4.88293E+3 4.21166E-2 6.43670E+0 5.53370E+02367400302048 
 1346.      2.22029E+0 4.84485E+3 8.39012E-2 3.94862E+0 5.53371E+02367400302049 
 1346.      2.25573E+0 4.80677E+3 1.03077E-1 4.05150E+0 5.53370E+02367400302050 
 1346.      2.29203E+0 4.76869E+3 7.51007E-2 5.58560E+0 5.53371E+02367400302051 
 1346.      2.32922E+0 4.73061E+3 4.80088E-2 7.57661E+0 5.53370E+02367400302052 
 1346.      2.36732E+0 4.69254E+3 4.11972E-2 7.86970E+0 5.53370E+02367400302053 
 1346.      2.40636E+0 4.65446E+3 4.87814E-2 6.42665E+0 5.53371E+02367400302054 
 1346.      2.44637E+0 4.61638E+3 5.65990E-2 6.05441E+0 5.53371E+02367400302055 
 1346.      2.48740E+0 4.57830E+3 5.32228E-2 6.78387E+0 5.53371E+02367400302056 
 1346.      2.52947E+0 4.54022E+3 4.36168E-2 7.84745E+0 5.53370E+02367400302057 
 1346.      2.57262E+0 4.50214E+3 4.21175E-2 7.87737E+0 5.53372E+02367400302058 
 1346.      2.61688E+0 4.46406E+3 5.11306E-2 6.47859E+0 5.53370E+02367400302059 
 1346.      2.66229E+0 4.42598E+3 6.84623E-2 5.36164E+0 5.53371E+02367400302060 
 1346.      2.70890E+0 4.38790E+3 8.01586E-2 5.06072E+0 5.53370E+02367400302061 
 1346.      2.75675E+0 4.34982E+3 7.51994E-2 5.56394E+0 5.53370E+02367400302062 
 1346.      2.80588E+0 4.31174E+3 7.06566E-2 5.80561E+0 5.53370E+02367400302063 
 1346.      2.85633E+0 4.27366E+3 6.80247E-2 5.96970E+0 5.53371E+02367400302064 
 1346.      2.90816E+0 4.23558E+3 6.63442E-2 5.97281E+0 5.53372E+02367400302065 
 1346.      2.96142E+0 4.19750E+3 6.17048E-2 6.45704E+0 5.53370E+02367400302066 
 1346.      3.01615E+0 4.15942E+3 7.79911E-2 5.23598E+0 5.53370E+02367400302067 
 1346.      3.07242E+0 4.12134E+3 9.61085E-2 4.78411E+0 5.53370E+02367400302068 
 1346.      3.13028E+0 4.08326E+3 8.13868E-2 5.72293E+0 5.53370E+02367400302069 
 1346.      3.18980E+0 4.04518E+3 8.62931E-2 5.24685E+0 5.53371E+02367400302070 
 1346.      3.25103E+0 4.00710E+3 9.89107E-2 4.87479E+0 5.53371E+02367400302071 
 1346.      3.31404E+0 3.96902E+3 1.07948E-1 4.66568E+0 5.53369E+02367400302072 
 1346.      3.37891E+0 3.93094E+3 1.09190E-1 4.74602E+0 5.53369E+02367400302073 
 1346.      3.44570E+0 3.89286E+3 1.16704E-1 4.57717E+0 5.53372E+02367400302074 
 1346.      3.51450E+0 3.85478E+3 1.21889E-1 4.44285E+0 5.53373E+02367400302075 
 1346.      3.58539E+0 3.81670E+3 1.19881E-1 4.59587E+0 5.53371E+02367400302076 
 1346.      3.65844E+0 3.77862E+3 1.08813E-1 4.99877E+0 5.53372E+02367400302077 
 1346.      3.73376E+0 3.74054E+3 8.76715E-2 5.83362E+0 5.53370E+02367400302078 
 1346.      3.81142E+0 3.70246E+3 7.53710E-2 6.30524E+0 5.53370E+02367400302079 
 1346.      3.89155E+0 3.66438E+3 7.14657E-2 6.36746E+0 5.53370E+02367400302080 
 1346.      3.97424E+0 3.62630E+3 7.03066E-2 6.48674E+0 5.53370E+02367400302081 
 1346.      4.05959E+0 3.58822E+3 6.90351E-2 6.49599E+0 5.53371E+02367400302082 
 1346.      4.14773E+0 3.55014E+3 6.96491E-2 6.51609E+0 5.53371E+02367400302083 
 1346.      4.23878E+0 3.51206E+3 7.83578E-2 5.80182E+0 5.53371E+02367400302084 
 1346.      4.33286E+0 3.47397E+3 8.38847E-2 5.77681E+0 5.53370E+02367400302085 
 1346.      4.43013E+0 3.43589E+3 9.16442E-2 5.38856E+0 5.53371E+02367400302086 
 1346.      4.53071E+0 3.39781E+3 1.03560E-1 4.93281E+0 5.53373E+02367400302087 
 1346.      4.63477E+0 3.35973E+3 1.12154E-1 4.78048E+0 5.53368E+02367400302088 
 1346.      4.74246E+0 3.32165E+3 1.00484E-1 5.33003E+0 5.53371E+02367400302089 
 1346.      4.85396E+0 3.28357E+3 9.50934E-2 5.38752E+0 5.53371E+02367400302090 
 1346.      4.96945E+0 3.24548E+3 9.12133E-2 5.41274E+0 5.53371E+02367400302091 
 1346.      5.08912E+0 3.20740E+3 9.67697E-2 5.12127E+0 5.53371E+02367400302092 
 1346.      5.21319E+0 3.16932E+3 8.91398E-2 5.57882E+0 5.53370E+02367400302093 
 1346.      5.34186E+0 3.13124E+3 8.80390E-2 5.47019E+0 5.53371E+02367400302094 
 1346.      5.47536E+0 3.09315E+3 9.22714E-2 5.16857E+0 5.53370E+02367400302095 
 1346.      5.61395E+0 3.05507E+3 9.08218E-2 5.20808E+0 5.53370E+02367400302096 
 1346.      5.75788E+0 3.01699E+3 9.94135E-2 4.77070E+0 5.63371E+02367400302097 
 1346.      5.90745E+0 2.97890E+3 8.82140E-2 5.29512E+0 5.63371E+02367400302098 
 1346.      6.06294E+0 2.94082E+3 8.78466E-2 5.18839E+0 5.63371E+02367400302099 
 1346.      6.22466E+0 2.90274E+3 7.90382E-2 5.55545E+0 5.63370E+02367400302100 
 1346.      6.39297E+0 2.86465E+3 7.71567E-2 5.61989E+0 5.63371E+02367400302101 
 1346.      6.56823E+0 2.82657E+3 7.19489E-2 6.01598E+0 5.63371E+02367400302102 
 1346.      6.75083E+0 2.78848E+3 6.85637E-2 6.05002E+0 5.63372E+02367400302103 
 1346.      6.94117E+0 2.75040E+3 7.25039E-2 5.94543E+0 5.63371E+02367400302104 
 1346.      7.13971E+0 2.71232E+3 7.47841E-2 5.87094E+0 5.63371E+02367400302105 
 1346.      7.34693E+0 2.67423E+3 7.33171E-2 6.31745E+0 5.63371E+02367400302106 
 1346.      7.56334E+0 2.63614E+3 6.48133E-2 7.22163E+0 5.63371E+02367400302107 
 1346.      7.78949E+0 2.59806E+3 6.48362E-2 7.16770E+0 5.63370E+02367400302108 
 1346.      8.02599E+0 2.55997E+3 6.27809E-2 7.54135E+0 5.63371E+02367400302109 
 1346.      8.27348E+0 2.52189E+3 5.56745E-2 8.81771E+0 5.63371E+02367400302110 
 1346.      8.53265E+0 2.48380E+3 5.63931E-2 8.81263E+0 5.63370E+02367400302111 
 1346.      8.80425E+0 2.44571E+3 4.81110E-2 1.04782E+1 5.63372E+02367400302112 
 1346.      9.08910E+0 2.40763E+3 4.91383E-2 1.02966E+1 5.63370E+02367400302113 
 1346.      9.38807E+0 2.36954E+3 4.92892E-2 1.10122E+1 5.63371E+02367400302114 
 1346.      9.70213E+0 2.33145E+3 4.84458E-2 1.15628E+1 5.63372E+02367400302115 
 1346.      1.00323E+1 2.29336E+3 4.50224E-2 1.30962E+1 5.63369E+02367400302116 
 1346.      1.03797E+1 2.25527E+3 4.09798E-2 1.52127E+1 5.63370E+02367400302117 
 1346.      1.07456E+1 2.21718E+3 4.00050E-2 1.59259E+1 5.63370E+02367400302118 
 1346.      1.11313E+1 2.17909E+3 3.28785E-2 2.02210E+1 5.63372E+02367400302119 
 1346.      1.15383E+1 2.14100E+3 3.10042E-2 2.14490E+1 5.73372E+02367400302120 
 1346.      1.19681E+1 2.10291E+3 3.03975E-2 2.21010E+1 5.73370E+02367400302121 
 1346.      1.24227E+1 2.06482E+3 3.46502E-2 2.06561E+1 5.63369E+02367400302122 
 1346.      1.29038E+1 2.02673E+3 3.17557E-2 2.42499E+1 5.63370E+02367400302123 
 1346.      1.34136E+1 1.98863E+3 2.08103E-2 3.77091E+1 5.63367E+02367400302124 
 1346.      1.39545E+1 1.95054E+3 2.38080E-2 3.50218E+1 5.53369E+02367400302125 
 1346.      1.45290E+1 1.91245E+3 1.92865E-2 3.63151E+1 5.53368E+02367400302126 
 1346.      1.51401E+1 1.87435E+3 2.23261E-2 2.88388E+1 5.53372E+02367400302127 
 1346.      1.57910E+1 1.83625E+3 1.89816E-2 4.93274E+1 5.63371E+02367400302128 
 1346.      1.64851E+1 1.79816E+3 1.56175E-2 6.31973E+1 5.63370E+02367400302129 
 1346.      1.72264E+1 1.76006E+3 2.52941E-2 1.85232E+1 5.73370E+02367400302130 
 1346.      1.80194E+1 1.72196E+3 1.89396E-2 4.48685E+1 5.73371E+02367400302131 
 1346.      1.88536E+1 1.68453E+3 1.47194E-2 6.11921E+1 5.63371E+02367400302132 
 1459.      6.38140E-2 2.85286E+4 0.00000E+0 0.00000E+0 0.00000E+02367400302133 
 1459.      6.39850E-2 2.84904E+4 0.00000E+0 0.00000E+0 0.00000E+02367400302134 
 1459.      6.41562E-2 2.84524E+4 0.00000E+0 0.00000E+0 0.00000E+02367400302135 
 1459.      6.43283E-2 2.84143E+4 0.00000E+0 0.00000E+0 0.00000E+02367400302136 
 1459.      6.45013E-2 2.83762E+4 0.00000E+0 0.00000E+0 0.00000E+02367400302137 
 1459.      6.46750E-2 2.83381E+4 0.00000E+0 0.00000E+0 0.00000E+02367400302138 
 1459.      6.48492E-2 2.83000E+4 0.00000E+0 0.00000E+0 0.00000E+02367400302139 
 1459.      6.50240E-2 2.82619E+4 0.00000E+0 0.00000E+0 0.00000E+02367400302140 
 1459.      6.51995E-2 2.82239E+4 0.00000E+0 0.00000E+0 0.00000E+02367400302141 
 1459.      6.53760E-2 2.81858E+4 0.00000E+0 0.00000E+0 0.00000E+02367400302142 
 1459.      6.55530E-2 2.81477E+4 0.00000E+0 0.00000E+0 0.00000E+02367400302143 
 1459.      6.57305E-2 2.81097E+4 0.00000E+0 0.00000E+0 0.00000E+02367400302144 
 1459.      6.59090E-2 2.80716E+4 0.00000E+0 0.00000E+0 0.00000E+02367400302145 
 1459.      6.60882E-2 2.80335E+4 0.00000E+0 0.00000E+0 0.00000E+02367400302146 
 1459.      6.62680E-2 2.79954E+4 0.00000E+0 0.00000E+0 0.00000E+02367400302147 
 1459.      6.64485E-2 2.79574E+4 0.00000E+0 0.00000E+0 0.00000E+02367400302148 
 1459.      6.66300E-2 2.79193E+4 0.00000E+0 0.00000E+0 0.00000E+02367400302149 
 1459.      6.68123E-2 2.78812E+4 0.00000E+0 0.00000E+0 0.00000E+02367400302150 
 1459.      6.69950E-2 2.78431E+4 0.00000E+0 0.00000E+0 0.00000E+02367400302151 
 1459.      6.71785E-2 2.78051E+4 0.00000E+0 0.00000E+0 0.00000E+02367400302152 
 1459.      6.73630E-2 2.77670E+4 0.00000E+0 0.00000E+0 0.00000E+02367400302153 
 1459.      6.75483E-2 2.77289E+4 0.00000E+0 0.00000E+0 0.00000E+02367400302154 
 1459.      6.77342E-2 2.76908E+4 0.00000E+0 0.00000E+0 0.00000E+02367400302155 
 1459.      6.79210E-2 2.76527E+4 0.00000E+0 0.00000E+0 0.00000E+02367400302156 
 1459.      6.81083E-2 2.76147E+4 0.00000E+0 0.00000E+0 0.00000E+02367400302157 
 1459.      6.82963E-2 2.75766E+4 0.00000E+0 0.00000E+0 0.00000E+02367400302158 
 1459.      6.84852E-2 2.75386E+4 0.00000E+0 0.00000E+0 0.00000E+02367400302159 
 1459.      6.86752E-2 2.75005E+4 0.00000E+0 0.00000E+0 0.00000E+02367400302160 
 1459.      6.88660E-2 2.74623E+4 0.00000E+0 0.00000E+0 0.00000E+02367400302161 
 1459.      6.90572E-2 2.74243E+4 0.00000E+0 0.00000E+0 0.00000E+02367400302162 
 1459.      6.92492E-2 2.73863E+4 0.00000E+0 0.00000E+0 0.00000E+02367400302163 
 1459.      6.94423E-2 2.73482E+4 0.00000E+0 0.00000E+0 0.00000E+02367400302164 
 1459.      6.96363E-2 2.73101E+4 0.00000E+0 0.00000E+0 0.00000E+02367400302165 
 1459.      6.98310E-2 2.72720E+4 0.00000E+0 0.00000E+0 0.00000E+02367400302166 
 1459.      7.00263E-2 2.72339E+4 0.00000E+0 0.00000E+0 0.00000E+02367400302167 
 1459.      7.02223E-2 2.71959E+4 0.00000E+0 0.00000E+0 0.00000E+02367400302168 
 1459.      7.04193E-2 2.71578E+4 0.00000E+0 0.00000E+0 0.00000E+02367400302169 
 1459.      7.06172E-2 2.71197E+4 0.00000E+0 0.00000E+0 0.00000E+02367400302170 
 1459.      7.08162E-2 2.70816E+4 0.00000E+0 0.00000E+0 0.00000E+02367400302171 
 1459.      7.10160E-2 2.70435E+4 0.00000E+0 0.00000E+0 0.00000E+02367400302172 
 1459.      7.12163E-2 2.70054E+4 0.00000E+0 0.00000E+0 0.00000E+02367400302173 
 1459.      7.14173E-2 2.69674E+4 0.00000E+0 0.00000E+0 0.00000E+02367400302174 
 1459.      7.16192E-2 2.69294E+4 0.00000E+0 0.00000E+0 0.00000E+02367400302175 
 1459.      7.18223E-2 2.68913E+4 0.00000E+0 0.00000E+0 0.00000E+02367400302176 
 1459.      7.20263E-2 2.68532E+4 0.00000E+0 0.00000E+0 0.00000E+02367400302177 
 1459.      7.22313E-2 2.68151E+4 0.00000E+0 0.00000E+0 0.00000E+02367400302178 
 1459.      7.24370E-2 2.67769E+4 0.00000E+0 0.00000E+0 0.00000E+02367400302179 
 1459.      7.26432E-2 2.67389E+4 0.00000E+0 0.00000E+0 0.00000E+02367400302180 
 1459.      7.28505E-2 2.67009E+4 0.00000E+0 0.00000E+0 0.00000E+02367400302181 
 1459.      7.30590E-2 2.66627E+4 0.00000E+0 0.00000E+0 0.00000E+02367400302182 
 1459.      7.32682E-2 2.66246E+4 0.00000E+0 0.00000E+0 0.00000E+02367400302183 
 1459.      7.34782E-2 2.65866E+4 0.00000E+0 0.00000E+0 0.00000E+02367400302184 
 1459.      7.36892E-2 2.65485E+4 0.00000E+0 0.00000E+0 0.00000E+02367400302185 
 1459.      7.39010E-2 2.65104E+4 0.00000E+0 0.00000E+0 0.00000E+02367400302186 
 1459.      7.41135E-2 2.64724E+4 0.00000E+0 0.00000E+0 0.00000E+02367400302187 
 1459.      7.43273E-2 2.64343E+4 0.00000E+0 0.00000E+0 0.00000E+02367400302188 
 1459.      7.45420E-2 2.63962E+4 0.00000E+0 0.00000E+0 0.00000E+02367400302189 
 1459.      7.47575E-2 2.63581E+4 0.00000E+0 0.00000E+0 0.00000E+02367400302190 
 1459.      7.49740E-2 2.63201E+4 0.00000E+0 0.00000E+0 0.00000E+02367400302191 
 1459.      7.51913E-2 2.62820E+4 0.00000E+0 0.00000E+0 0.00000E+02367400302192 
 1459.      7.54095E-2 2.62440E+4 0.00000E+0 0.00000E+0 0.00000E+02367400302193 
 1459.      7.56290E-2 2.62058E+4 0.00000E+0 0.00000E+0 0.00000E+02367400302194 
 1459.      7.58493E-2 2.61678E+4 0.00000E+0 0.00000E+0 0.00000E+02367400302195 
 1459.      7.60703E-2 2.61297E+4 0.00000E+0 0.00000E+0 0.00000E+02367400302196 
 1459.      7.62925E-2 2.60917E+4 0.00000E+0 0.00000E+0 0.00000E+02367400302197 
 1459.      7.65160E-2 2.60535E+4 0.00000E+0 0.00000E+0 0.00000E+02367400302198 
 1459.      7.67403E-2 2.60154E+4 0.00000E+0 0.00000E+0 0.00000E+02367400302199 
 1459.      7.69653E-2 2.59774E+4 0.00000E+0 0.00000E+0 0.00000E+02367400302200 
 1459.      7.71913E-2 2.59393E+4 0.00000E+0 0.00000E+0 0.00000E+02367400302201 
 1459.      7.74182E-2 2.59013E+4 0.00000E+0 0.00000E+0 0.00000E+02367400302202 
 1459.      7.76465E-2 2.58632E+4 0.00000E+0 0.00000E+0 0.00000E+02367400302203 
 1459.      7.78760E-2 2.58251E+4 0.00000E+0 0.00000E+0 0.00000E+02367400302204 
 1459.      7.81063E-2 2.57870E+4 0.00000E+0 0.00000E+0 0.00000E+02367400302205 
 1459.      7.83372E-2 2.57489E+4 0.00000E+0 0.00000E+0 0.00000E+02367400302206 
 1459.      7.85692E-2 2.57109E+4 0.00000E+0 0.00000E+0 0.00000E+02367400302207 
 1459.      7.88025E-2 2.56728E+4 0.00000E+0 0.00000E+0 0.00000E+02367400302208 
 1459.      7.90370E-2 2.56347E+4 0.00000E+0 0.00000E+0 0.00000E+02367400302209 
 1459.      7.92722E-2 2.55966E+4 0.00000E+0 0.00000E+0 0.00000E+02367400302210 
 1459.      7.95085E-2 2.55586E+4 0.00000E+0 0.00000E+0 0.00000E+02367400302211 
 1459.      7.97460E-2 2.55205E+4 0.00000E+0 0.00000E+0 0.00000E+02367400302212 
 1459.      7.99845E-2 2.54824E+4 0.00000E+0 0.00000E+0 0.00000E+02367400302213 
 1459.      8.02242E-2 2.54443E+4 0.00000E+0 0.00000E+0 0.00000E+02367400302214 
 1459.      8.04650E-2 2.54062E+4 0.00000E+0 0.00000E+0 0.00000E+02367400302215 
 1459.      8.07065E-2 2.53682E+4 0.00000E+0 0.00000E+0 0.00000E+02367400302216 
 1459.      8.09493E-2 2.53302E+4 0.00000E+0 0.00000E+0 0.00000E+02367400302217 
 1459.      8.11932E-2 2.52921E+4 0.00000E+0 0.00000E+0 0.00000E+02367400302218 
 1459.      8.14382E-2 2.52540E+4 0.00000E+0 0.00000E+0 0.00000E+02367400302219 
 1459.      8.16845E-2 2.52159E+4 0.00000E+0 0.00000E+0 0.00000E+02367400302220 
 1459.      8.19320E-2 2.51778E+4 0.00000E+0 0.00000E+0 0.00000E+02367400302221 
 1459.      8.21805E-2 2.51397E+4 0.00000E+0 0.00000E+0 0.00000E+02367400302222 
 1459.      8.24300E-2 2.51016E+4 0.00000E+0 0.00000E+0 0.00000E+02367400302223 
 1459.      8.26805E-2 2.50636E+4 0.00000E+0 0.00000E+0 0.00000E+02367400302224 
 1459.      8.29323E-2 2.50255E+4 0.00000E+0 0.00000E+0 0.00000E+02367400302225 
 1459.      8.31853E-2 2.49874E+4 0.00000E+0 0.00000E+0 0.00000E+02367400302226 
 1459.      8.34395E-2 2.49493E+4 0.00000E+0 0.00000E+0 0.00000E+02367400302227 
 1459.      8.36950E-2 2.49112E+4 0.00000E+0 0.00000E+0 0.00000E+02367400302228 
 1459.      8.39515E-2 2.48732E+4 0.00000E+0 0.00000E+0 0.00000E+02367400302229 
 1459.      8.42093E-2 2.48351E+4 0.00000E+0 0.00000E+0 0.00000E+02367400302230 
 1459.      8.44683E-2 2.47970E+4 0.00000E+0 0.00000E+0 0.00000E+02367400302231 
 1459.      8.47283E-2 2.47589E+4 0.00000E+0 0.00000E+0 0.00000E+02367400302232 
 1459.      8.49893E-2 2.47209E+4 0.00000E+0 0.00000E+0 0.00000E+02367400302233 
 1459.      8.52515E-2 2.46828E+4 0.00000E+0 0.00000E+0 0.00000E+02367400302234 
 1459.      8.55152E-2 2.46447E+4 0.00000E+0 0.00000E+0 0.00000E+02367400302235 
 1459.      8.57802E-2 2.46066E+4 0.00000E+0 0.00000E+0 0.00000E+02367400302236 
 1459.      8.60462E-2 2.45686E+4 0.00000E+0 0.00000E+0 0.00000E+02367400302237 
 1459.      8.63135E-2 2.45305E+4 0.00000E+0 0.00000E+0 0.00000E+02367400302238 
 1459.      8.65822E-2 2.44924E+4 0.00000E+0 0.00000E+0 0.00000E+02367400302239 
 1459.      8.68522E-2 2.44543E+4 0.00000E+0 0.00000E+0 0.00000E+02367400302240 
 1459.      8.71232E-2 2.44163E+4 0.00000E+0 0.00000E+0 0.00000E+02367400302241 
 1459.      8.73955E-2 2.43782E+4 0.00000E+0 0.00000E+0 0.00000E+02367400302242 
 1459.      8.76693E-2 2.43401E+4 0.00000E+0 0.00000E+0 0.00000E+02367400302243 
 1459.      8.79443E-2 2.43020E+4 0.00000E+0 0.00000E+0 0.00000E+02367400302244 
 1459.      8.82205E-2 2.42640E+4 0.00000E+0 0.00000E+0 0.00000E+02367400302245 
 1459.      8.84983E-2 2.42259E+4 0.00000E+0 0.00000E+0 0.00000E+02367400302246 
 1459.      8.87773E-2 2.41878E+4 0.00000E+0 0.00000E+0 0.00000E+02367400302247 
 1459.      8.90573E-2 2.41497E+4 0.00000E+0 0.00000E+0 0.00000E+02367400302248 
 1459.      8.93385E-2 2.41117E+4 0.00000E+0 0.00000E+0 0.00000E+02367400302249 
 1459.      8.96215E-2 2.40736E+4 0.00000E+0 0.00000E+0 0.00000E+02367400302250 
 1459.      8.99060E-2 2.40355E+4 0.00000E+0 0.00000E+0 0.00000E+02367400302251 
 1459.      9.01915E-2 2.39974E+4 0.00000E+0 0.00000E+0 0.00000E+02367400302252 
 1459.      9.04783E-2 2.39594E+4 0.00000E+0 0.00000E+0 0.00000E+02367400302253 
 1459.      9.07665E-2 2.39213E+4 0.00000E+0 0.00000E+0 0.00000E+02367400302254 
 1459.      9.10562E-2 2.38832E+4 0.00000E+0 0.00000E+0 0.00000E+02367400302255 
 1459.      9.13475E-2 2.38451E+4 0.00000E+0 0.00000E+0 0.00000E+02367400302256 
 1459.      9.16400E-2 2.38070E+4 0.00000E+0 0.00000E+0 0.00000E+02367400302257 
 1459.      9.19337E-2 2.37690E+4 0.00000E+0 0.00000E+0 0.00000E+02367400302258 
 1459.      9.22290E-2 2.37309E+4 0.00000E+0 0.00000E+0 0.00000E+02367400302259 
 1459.      9.25257E-2 2.36928E+4 0.00000E+0 0.00000E+0 0.00000E+02367400302260 
 1459.      9.28240E-2 2.36547E+4 0.00000E+0 0.00000E+0 0.00000E+02367400302261 
 1459.      9.31235E-2 2.36167E+4 0.00000E+0 0.00000E+0 0.00000E+02367400302262 
 1459.      9.34245E-2 2.35786E+4 0.00000E+0 0.00000E+0 0.00000E+02367400302263 
 1459.      9.37273E-2 2.35405E+4 0.00000E+0 0.00000E+0 0.00000E+02367400302264 
 1459.      9.40313E-2 2.35024E+4 0.00000E+0 0.00000E+0 0.00000E+02367400302265 
 1459.      9.43365E-2 2.34644E+4 0.00000E+0 0.00000E+0 0.00000E+02367400302266 
 1459.      9.46435E-2 2.34263E+4 0.00000E+0 0.00000E+0 0.00000E+02367400302267 
 1459.      9.49523E-2 2.33882E+4 0.00000E+0 0.00000E+0 0.00000E+02367400302268 
 1459.      9.52622E-2 2.33501E+4 0.00000E+0 0.00000E+0 0.00000E+02367400302269 
 1459.      9.55735E-2 2.33121E+4 0.00000E+0 0.00000E+0 0.00000E+02367400302270 
 1459.      9.58865E-2 2.32740E+4 0.00000E+0 0.00000E+0 0.00000E+02367400302271 
 1459.      9.62013E-2 2.32359E+4 0.00000E+0 0.00000E+0 0.00000E+02367400302272 
 1459.      9.65172E-2 2.31978E+4 0.00000E+0 0.00000E+0 0.00000E+02367400302273 
 1459.      9.68347E-2 2.31598E+4 0.00000E+0 0.00000E+0 0.00000E+02367400302274 
 1459.      9.71542E-2 2.31217E+4 0.00000E+0 0.00000E+0 0.00000E+02367400302275 
 1459.      9.74752E-2 2.30836E+4 0.00000E+0 0.00000E+0 0.00000E+02367400302276 
 1459.      9.77975E-2 2.30455E+4 0.00000E+0 0.00000E+0 0.00000E+02367400302277 
 1459.      9.81215E-2 2.30074E+4 0.00000E+0 0.00000E+0 0.00000E+02367400302278 
 1459.      9.84473E-2 2.29693E+4 0.00000E+0 0.00000E+0 0.00000E+02367400302279 
 1459.      9.87745E-2 2.29313E+4 0.00000E+0 0.00000E+0 0.00000E+02367400302280 
 1459.      9.91033E-2 2.28932E+4 0.00000E+0 0.00000E+0 0.00000E+02367400302281 
 1459.      9.94335E-2 2.28552E+4 0.00000E+0 0.00000E+0 0.00000E+02367400302282 
 1459.      9.97655E-2 2.28171E+4 0.00000E+0 0.00000E+0 0.00000E+02367400302283 
 1459.      1.00099E-1 2.27790E+4 0.00000E+0 0.00000E+0 0.00000E+02367400302284 
 1459.      1.00435E-1 2.27409E+4 0.00000E+0 0.00000E+0 0.00000E+02367400302285 
 1459.      1.00773E-1 2.27028E+4 0.00000E+0 0.00000E+0 0.00000E+02367400302286 
 1459.      1.01111E-1 2.26647E+4 0.00000E+0 0.00000E+0 0.00000E+02367400302287 
 1459.      1.01452E-1 2.26267E+4 0.00000E+0 0.00000E+0 0.00000E+02367400302288 
 1459.      1.01794E-1 2.25886E+4 0.00000E+0 0.00000E+0 0.00000E+02367400302289 
 1459.      1.02139E-1 2.25505E+4 0.00000E+0 0.00000E+0 0.00000E+02367400302290 
 1459.      1.02485E-1 2.25124E+4 0.00000E+0 0.00000E+0 0.00000E+02367400302291 
 1459.      1.02832E-1 2.24743E+4 0.00000E+0 0.00000E+0 0.00000E+02367400302292 
 1459.      1.03181E-1 2.24363E+4 0.00000E+0 0.00000E+0 0.00000E+02367400302293 
 1459.      1.03532E-1 2.23982E+4 0.00000E+0 0.00000E+0 0.00000E+02367400302294 
 1459.      1.03886E-1 2.23601E+4 0.00000E+0 0.00000E+0 0.00000E+02367400302295 
 1459.      1.04240E-1 2.23221E+4 0.00000E+0 0.00000E+0 0.00000E+02367400302296 
 1459.      1.04597E-1 2.22840E+4 0.00000E+0 0.00000E+0 0.00000E+02367400302297 
 1459.      1.04955E-1 2.22459E+4 0.00000E+0 0.00000E+0 0.00000E+02367400302298 
 1459.      1.05316E-1 2.22078E+4 0.00000E+0 0.00000E+0 0.00000E+02367400302299 
 1459.      1.05678E-1 2.21698E+4 0.00000E+0 0.00000E+0 0.00000E+02367400302300 
 1459.      1.06041E-1 2.21317E+4 0.00000E+0 0.00000E+0 0.00000E+02367400302301 
 1459.      1.06407E-1 2.20936E+4 0.00000E+0 0.00000E+0 0.00000E+02367400302302 
 1459.      1.06775E-1 2.20555E+4 0.00000E+0 0.00000E+0 0.00000E+02367400302303 
 1459.      1.07145E-1 2.20174E+4 0.00000E+0 0.00000E+0 0.00000E+02367400302304 
 1459.      1.07517E-1 2.19794E+4 0.00000E+0 0.00000E+0 0.00000E+02367400302305 
 1459.      1.07890E-1 2.19413E+4 0.00000E+0 0.00000E+0 0.00000E+02367400302306 
 1459.      1.08266E-1 2.19032E+4 0.00000E+0 0.00000E+0 0.00000E+02367400302307 
 1459.      1.08643E-1 2.18651E+4 0.00000E+0 0.00000E+0 0.00000E+02367400302308 
 1459.      1.09023E-1 2.18271E+4 0.00000E+0 0.00000E+0 0.00000E+02367400302309 
 1459.      1.09404E-1 2.17890E+4 0.00000E+0 0.00000E+0 0.00000E+02367400302310 
 1459.      1.09788E-1 2.17509E+4 0.00000E+0 0.00000E+0 0.00000E+02367400302311 
 1459.      1.10173E-1 2.17129E+4 0.00000E+0 0.00000E+0 0.00000E+02367400302312 
 1459.      1.10560E-1 2.16748E+4 0.00000E+0 0.00000E+0 0.00000E+02367400302313 
 1459.      1.10950E-1 2.16367E+4 0.00000E+0 0.00000E+0 0.00000E+02367400302314 
 1459.      1.11341E-1 2.15986E+4 0.00000E+0 0.00000E+0 0.00000E+02367400302315 
 1459.      1.11736E-1 2.15605E+4 0.00000E+0 0.00000E+0 0.00000E+02367400302316 
 1459.      1.12131E-1 2.15224E+4 0.00000E+0 0.00000E+0 0.00000E+02367400302317 
 1459.      1.12529E-1 2.14844E+4 0.00000E+0 0.00000E+0 0.00000E+02367400302318 
 1459.      1.12929E-1 2.14463E+4 0.00000E+0 0.00000E+0 0.00000E+02367400302319 
 1459.      1.13331E-1 2.14082E+4 0.00000E+0 0.00000E+0 0.00000E+02367400302320 
 1459.      1.13736E-1 2.13701E+4 0.00000E+0 0.00000E+0 0.00000E+02367400302321 
 1459.      1.14142E-1 2.13321E+4 0.00000E+0 0.00000E+0 0.00000E+02367400302322 
 1459.      1.14550E-1 2.12940E+4 0.00000E+0 0.00000E+0 0.00000E+02367400302323 
 1459.      1.14961E-1 2.12559E+4 0.00000E+0 0.00000E+0 0.00000E+02367400302324 
 1459.      1.15375E-1 2.12178E+4 0.00000E+0 0.00000E+0 0.00000E+02367400302325 
 1459.      1.15790E-1 2.11798E+4 0.00000E+0 0.00000E+0 0.00000E+02367400302326 
 1459.      1.16207E-1 2.11417E+4 0.00000E+0 0.00000E+0 0.00000E+02367400302327 
 1459.      1.16627E-1 2.11036E+4 0.00000E+0 0.00000E+0 0.00000E+02367400302328 
 1459.      1.17049E-1 2.10656E+4 0.00000E+0 0.00000E+0 0.00000E+02367400302329 
 1459.      1.17473E-1 2.10275E+4 0.00000E+0 0.00000E+0 0.00000E+02367400302330 
 1459.      1.17900E-1 2.09894E+4 0.00000E+0 0.00000E+0 0.00000E+02367400302331 
 1459.      1.18329E-1 2.09514E+4 0.00000E+0 0.00000E+0 0.00000E+02367400302332 
 1459.      1.18761E-1 2.09132E+4 0.00000E+0 0.00000E+0 0.00000E+02367400302333 
 1459.      1.19194E-1 2.08751E+4 0.00000E+0 0.00000E+0 0.00000E+02367400302334 
 1459.      1.19631E-1 2.08371E+4 0.00000E+0 0.00000E+0 0.00000E+02367400302335 
 1459.      1.20069E-1 2.07990E+4 0.00000E+0 0.00000E+0 0.00000E+02367400302336 
 1459.      1.20509E-1 2.07610E+4 0.00000E+0 0.00000E+0 0.00000E+02367400302337 
 1459.      1.20953E-1 2.07229E+4 0.00000E+0 0.00000E+0 0.00000E+02367400302338 
 1459.      1.21399E-1 2.06848E+4 0.00000E+0 0.00000E+0 0.00000E+02367400302339 
 1459.      1.21847E-1 2.06467E+4 0.00000E+0 0.00000E+0 0.00000E+02367400302340 
 1459.      1.22298E-1 2.06087E+4 0.00000E+0 0.00000E+0 0.00000E+02367400302341 
 1459.      1.22751E-1 2.05706E+4 0.00000E+0 0.00000E+0 0.00000E+02367400302342 
 1459.      1.23206E-1 2.05325E+4 0.00000E+0 0.00000E+0 0.00000E+02367400302343 
 1459.      1.23665E-1 2.04944E+4 0.00000E+0 0.00000E+0 0.00000E+02367400302344 
 1459.      1.24126E-1 2.04564E+4 0.00000E+0 0.00000E+0 0.00000E+02367400302345 
 1459.      1.24589E-1 2.04183E+4 0.00000E+0 0.00000E+0 0.00000E+02367400302346 
 1459.      1.25056E-1 2.03802E+4 0.00000E+0 0.00000E+0 0.00000E+02367400302347 
 1459.      1.25524E-1 2.03421E+4 0.00000E+0 0.00000E+0 0.00000E+02367400302348 
 1459.      1.25996E-1 2.03040E+4 0.00000E+0 0.00000E+0 0.00000E+02367400302349 
 1459.      1.26470E-1 2.02659E+4 0.00000E+0 0.00000E+0 0.00000E+02367400302350 
 1459.      1.26947E-1 2.02279E+4 0.00000E+0 0.00000E+0 0.00000E+02367400302351 
 1459.      1.27426E-1 2.01898E+4 0.00000E+0 0.00000E+0 0.00000E+02367400302352 
 1459.      1.27908E-1 2.01517E+4 0.00000E+0 0.00000E+0 0.00000E+02367400302353 
 1459.      1.28393E-1 2.01136E+4 0.00000E+0 0.00000E+0 0.00000E+02367400302354 
 1459.      1.28880E-1 2.00756E+4 0.00000E+0 0.00000E+0 0.00000E+02367400302355 
 1459.      1.29370E-1 2.00375E+4 0.00000E+0 0.00000E+0 0.00000E+02367400302356 
 1459.      1.29864E-1 1.99994E+4 0.00000E+0 0.00000E+0 0.00000E+02367400302357 
 1459.      1.30360E-1 1.99613E+4 0.00000E+0 0.00000E+0 0.00000E+02367400302358 
 1459.      1.30859E-1 1.99232E+4 0.00000E+0 0.00000E+0 0.00000E+02367400302359 
 1459.      1.31360E-1 1.98852E+4 0.00000E+0 0.00000E+0 0.00000E+02367400302360 
 1459.      1.31865E-1 1.98471E+4 0.00000E+0 0.00000E+0 0.00000E+02367400302361 
 1459.      1.32373E-1 1.98090E+4 0.00000E+0 0.00000E+0 0.00000E+02367400302362 
 1459.      1.32883E-1 1.97709E+4 0.00000E+0 0.00000E+0 0.00000E+02367400302363 
 1459.      1.33397E-1 1.97329E+4 0.00000E+0 0.00000E+0 0.00000E+02367400302364 
 1459.      1.33913E-1 1.96948E+4 0.00000E+0 0.00000E+0 0.00000E+02367400302365 
 1459.      1.34432E-1 1.96567E+4 0.00000E+0 0.00000E+0 0.00000E+02367400302366 
 1459.      1.34954E-1 1.96187E+4 0.00000E+0 0.00000E+0 0.00000E+02367400302367 
 1459.      1.35480E-1 1.95806E+4 0.00000E+0 0.00000E+0 0.00000E+02367400302368 
 1459.      1.36008E-1 1.95425E+4 0.00000E+0 0.00000E+0 0.00000E+02367400302369 
 1459.      1.36540E-1 1.95044E+4 0.00000E+0 0.00000E+0 0.00000E+02367400302370 
 1459.      1.37075E-1 1.94664E+4 0.00000E+0 0.00000E+0 0.00000E+02367400302371 
 1459.      1.37613E-1 1.94283E+4 0.00000E+0 0.00000E+0 0.00000E+02367400302372 
 1459.      1.38154E-1 1.93902E+4 0.00000E+0 0.00000E+0 0.00000E+02367400302373 
 1459.      1.38699E-1 1.93521E+4 0.00000E+0 0.00000E+0 0.00000E+02367400302374 
 1459.      1.39246E-1 1.93140E+4 0.00000E+0 0.00000E+0 0.00000E+02367400302375 
 1459.      1.39797E-1 1.92760E+4 0.00000E+0 0.00000E+0 0.00000E+02367400302376 
 1459.      1.40351E-1 1.92379E+4 0.00000E+0 0.00000E+0 0.00000E+02367400302377 
 1459.      1.40908E-1 1.91998E+4 0.00000E+0 0.00000E+0 0.00000E+02367400302378 
 1459.      1.41469E-1 1.91617E+4 0.00000E+0 0.00000E+0 0.00000E+02367400302379 
 1459.      1.42033E-1 1.91237E+4 0.00000E+0 0.00000E+0 0.00000E+02367400302380 
 1459.      1.42600E-1 1.90856E+4 0.00000E+0 0.00000E+0 0.00000E+02367400302381 
 1459.      1.43171E-1 1.90475E+4 0.00000E+0 0.00000E+0 0.00000E+02367400302382 
 1459.      1.43745E-1 1.90095E+4 0.00000E+0 0.00000E+0 0.00000E+02367400302383 
 1459.      1.44323E-1 1.89714E+4 0.00000E+0 0.00000E+0 0.00000E+02367400302384 
 1459.      1.44904E-1 1.89333E+4 0.00000E+0 0.00000E+0 0.00000E+02367400302385 
 1459.      1.45489E-1 1.88952E+4 0.00000E+0 0.00000E+0 0.00000E+02367400302386 
 1459.      1.46077E-1 1.88571E+4 0.00000E+0 0.00000E+0 0.00000E+02367400302387 
 1459.      1.46669E-1 1.88191E+4 0.00000E+0 0.00000E+0 0.00000E+02367400302388 
 1459.      1.47265E-1 1.87810E+4 0.00000E+0 0.00000E+0 0.00000E+02367400302389 
 1459.      1.47864E-1 1.87429E+4 0.00000E+0 0.00000E+0 0.00000E+02367400302390 
 1459.      1.48466E-1 1.87048E+4 0.00000E+0 0.00000E+0 0.00000E+02367400302391 
 1459.      1.49073E-1 1.86667E+4 0.00000E+0 0.00000E+0 0.00000E+02367400302392 
 1459.      1.49683E-1 1.86287E+4 0.00000E+0 0.00000E+0 0.00000E+02367400302393 
 1459.      1.50297E-1 1.85906E+4 0.00000E+0 0.00000E+0 0.00000E+02367400302394 
 1459.      1.50915E-1 1.85525E+4 0.00000E+0 0.00000E+0 0.00000E+02367400302395 
 1459.      1.51536E-1 1.85144E+4 0.00000E+0 0.00000E+0 0.00000E+02367400302396 
 1459.      1.52162E-1 1.84763E+4 0.00000E+0 0.00000E+0 0.00000E+02367400302397 
 1459.      1.52791E-1 1.84383E+4 0.00000E+0 0.00000E+0 0.00000E+02367400302398 
 1459.      1.53424E-1 1.84002E+4 0.00000E+0 0.00000E+0 0.00000E+02367400302399 
 1459.      1.54061E-1 1.83621E+4 0.00000E+0 0.00000E+0 0.00000E+02367400302400 
 1459.      1.54702E-1 1.83241E+4 0.00000E+0 0.00000E+0 0.00000E+02367400302401 
 1459.      1.55347E-1 1.82860E+4 0.00000E+0 0.00000E+0 0.00000E+02367400302402 
 1459.      1.55996E-1 1.82479E+4 0.00000E+0 0.00000E+0 0.00000E+02367400302403 
 1459.      1.56649E-1 1.82098E+4 0.00000E+0 0.00000E+0 0.00000E+02367400302404 
 1459.      1.57307E-1 1.81718E+4 0.00000E+0 0.00000E+0 0.00000E+02367400302405 
 1459.      1.57968E-1 1.81337E+4 0.00000E+0 0.00000E+0 0.00000E+02367400302406 
 1459.      1.58634E-1 1.80956E+4 0.00000E+0 0.00000E+0 0.00000E+02367400302407 
 1459.      1.59304E-1 1.80575E+4 0.00000E+0 0.00000E+0 0.00000E+02367400302408 
 1459.      1.59978E-1 1.80194E+4 0.00000E+0 0.00000E+0 0.00000E+02367400302409 
 1459.      1.60656E-1 1.79814E+4 0.00000E+0 0.00000E+0 0.00000E+02367400302410 
 1459.      1.61339E-1 1.79433E+4 0.00000E+0 0.00000E+0 0.00000E+02367400302411 
 1459.      1.62026E-1 1.79052E+4 0.00000E+0 0.00000E+0 0.00000E+02367400302412 
 1459.      1.62718E-1 1.78671E+4 0.00000E+0 0.00000E+0 0.00000E+02367400302413 
 1459.      1.63414E-1 1.78290E+4 0.00000E+0 0.00000E+0 0.00000E+02367400302414 
 1459.      1.64114E-1 1.77910E+4 0.00000E+0 0.00000E+0 0.00000E+02367400302415 
 1459.      1.64819E-1 1.77529E+4 0.00000E+0 0.00000E+0 0.00000E+02367400302416 
 1459.      1.65528E-1 1.77148E+4 0.00000E+0 0.00000E+0 0.00000E+02367400302417 
 1459.      1.66242E-1 1.76768E+4 0.00000E+0 0.00000E+0 0.00000E+02367400302418 
 1459.      1.66961E-1 1.76387E+4 0.00000E+0 0.00000E+0 0.00000E+02367400302419 
 1459.      1.67684E-1 1.76006E+4 0.00000E+0 0.00000E+0 0.00000E+02367400302420 
 1459.      1.68412E-1 1.75626E+4 0.00000E+0 0.00000E+0 0.00000E+02367400302421 
 1459.      1.69145E-1 1.75245E+4 0.00000E+0 0.00000E+0 0.00000E+02367400302422 
 1459.      1.69883E-1 1.74864E+4 0.00000E+0 0.00000E+0 0.00000E+02367400302423 
 1459.      1.70625E-1 1.74483E+4 0.00000E+0 0.00000E+0 0.00000E+02367400302424 
 1459.      1.71373E-1 1.74102E+4 0.00000E+0 0.00000E+0 0.00000E+02367400302425 
 1459.      1.72125E-1 1.73721E+4 0.00000E+0 0.00000E+0 0.00000E+02367400302426 
 1459.      1.72882E-1 1.73341E+4 0.00000E+0 0.00000E+0 0.00000E+02367400302427 
 1459.      1.73644E-1 1.72960E+4 0.00000E+0 0.00000E+0 0.00000E+02367400302428 
 1459.      1.74412E-1 1.72579E+4 0.00000E+0 0.00000E+0 0.00000E+02367400302429 
 1459.      1.75185E-1 1.72198E+4 0.00000E+0 0.00000E+0 0.00000E+02367400302430 
 1459.      1.75962E-1 1.71818E+4 0.00000E+0 0.00000E+0 0.00000E+02367400302431 
 1459.      1.76744E-1 1.71437E+4 0.00000E+0 0.00000E+0 0.00000E+02367400302432 
 1459.      1.77532E-1 1.71056E+4 0.00000E+0 0.00000E+0 0.00000E+02367400302433 
 1459.      1.78326E-1 1.70676E+4 0.00000E+0 0.00000E+0 0.00000E+02367400302434 
 1459.      1.79124E-1 1.70295E+4 0.00000E+0 0.00000E+0 0.00000E+02367400302435 
 1459.      1.79928E-1 1.69914E+4 0.00000E+0 0.00000E+0 0.00000E+02367400302436 
 1459.      1.80737E-1 1.69533E+4 0.00000E+0 0.00000E+0 0.00000E+02367400302437 
 1459.      1.81552E-1 1.69152E+4 0.00000E+0 0.00000E+0 0.00000E+02367400302438 
 1459.      1.82372E-1 1.68772E+4 0.00000E+0 0.00000E+0 0.00000E+02367400302439 
 1459.      1.83198E-1 1.68391E+4 0.00000E+0 0.00000E+0 0.00000E+02367400302440 
 1459.      1.84030E-1 1.68010E+4 0.00000E+0 0.00000E+0 0.00000E+02367400302441 
 1459.      1.84867E-1 1.67629E+4 0.00000E+0 0.00000E+0 0.00000E+02367400302442 
 1459.      1.85711E-1 1.67249E+4 0.00000E+0 0.00000E+0 0.00000E+02367400302443 
 1459.      1.86559E-1 1.66868E+4 0.00000E+0 0.00000E+0 0.00000E+02367400302444 
 1459.      1.87414E-1 1.66487E+4 0.00000E+0 0.00000E+0 0.00000E+02367400302445 
 1459.      1.88274E-1 1.66106E+4 0.00000E+0 0.00000E+0 0.00000E+02367400302446 
 1459.      1.89141E-1 1.65725E+4 0.00000E+0 0.00000E+0 0.00000E+02367400302447 
 1459.      1.90013E-1 1.65345E+4 0.00000E+0 0.00000E+0 0.00000E+02367400302448 
 1459.      1.90891E-1 1.64964E+4 0.00000E+0 0.00000E+0 0.00000E+02367400302449 
 1459.      1.91776E-1 1.64583E+4 0.00000E+0 0.00000E+0 0.00000E+02367400302450 
 1459.      1.92666E-1 1.64203E+4 0.00000E+0 0.00000E+0 0.00000E+02367400302451 
 1459.      1.93563E-1 1.63822E+4 0.00000E+0 0.00000E+0 0.00000E+02367400302452 
 1459.      1.94467E-1 1.63441E+4 0.00000E+0 0.00000E+0 0.00000E+02367400302453 
 1459.      1.95376E-1 1.63060E+4 0.00000E+0 0.00000E+0 0.00000E+02367400302454 
 1459.      1.96292E-1 1.62679E+4 0.00000E+0 0.00000E+0 0.00000E+02367400302455 
 1459.      1.97215E-1 1.62299E+4 0.00000E+0 0.00000E+0 0.00000E+02367400302456 
 1459.      1.98144E-1 1.61918E+4 0.00000E+0 0.00000E+0 0.00000E+02367400302457 
 1459.      1.99080E-1 1.61537E+4 0.00000E+0 0.00000E+0 0.00000E+02367400302458 
 1459.      2.00022E-1 1.61156E+4 0.00000E+0 0.00000E+0 0.00000E+02367400302459 
 1459.      2.00970E-1 1.60775E+4 0.00000E+0 0.00000E+0 0.00000E+02367400302460 
 1459.      2.01926E-1 1.60395E+4 0.00000E+0 0.00000E+0 0.00000E+02367400302461 
 1459.      2.02889E-1 1.60014E+4 0.00000E+0 0.00000E+0 0.00000E+02367400302462 
 1459.      2.03858E-1 1.59633E+4 0.00000E+0 0.00000E+0 0.00000E+02367400302463 
 1459.      2.04834E-1 1.59253E+4 0.00000E+0 0.00000E+0 0.00000E+02367400302464 
 1459.      2.05817E-1 1.58872E+4 0.00000E+0 0.00000E+0 0.00000E+02367400302465 
 1459.      2.06808E-1 1.58491E+4 0.00000E+0 0.00000E+0 0.00000E+02367400302466 
 1459.      2.07805E-1 1.58110E+4 0.00000E+0 0.00000E+0 0.00000E+02367400302467 
 1459.      2.08810E-1 1.57730E+4 0.00000E+0 0.00000E+0 0.00000E+02367400302468 
 1459.      2.09822E-1 1.57349E+4 0.00000E+0 0.00000E+0 0.00000E+02367400302469 
 1459.      2.10842E-1 1.56968E+4 0.00000E+0 0.00000E+0 0.00000E+02367400302470 
 1459.      2.11869E-1 1.56587E+4 0.00000E+0 0.00000E+0 0.00000E+02367400302471 
 1459.      2.12903E-1 1.56206E+4 0.00000E+0 0.00000E+0 0.00000E+02367400302472 
 1459.      2.13945E-1 1.55826E+4 0.00000E+0 0.00000E+0 0.00000E+02367400302473 
 1459.      2.14995E-1 1.55445E+4 0.00000E+0 0.00000E+0 0.00000E+02367400302474 
 1459.      2.16053E-1 1.55064E+4 0.00000E+0 0.00000E+0 0.00000E+02367400302475 
 1459.      2.17118E-1 1.54683E+4 0.00000E+0 0.00000E+0 0.00000E+02367400302476 
 1459.      2.18191E-1 1.54303E+4 0.00000E+0 0.00000E+0 0.00000E+02367400302477 
 1459.      2.19272E-1 1.53922E+4 0.00000E+0 0.00000E+0 0.00000E+02367400302478 
 1459.      2.20362E-1 1.53541E+4 0.00000E+0 0.00000E+0 0.00000E+02367400302479 
 1459.      2.21459E-1 1.53160E+4 0.00000E+0 0.00000E+0 0.00000E+02367400302480 
 1459.      2.22565E-1 1.52779E+4 0.00000E+0 0.00000E+0 0.00000E+02367400302481 
 1459.      2.23679E-1 1.52399E+4 0.00000E+0 0.00000E+0 0.00000E+02367400302482 
 1459.      2.24801E-1 1.52018E+4 0.00000E+0 0.00000E+0 0.00000E+02367400302483 
 1459.      2.25932E-1 1.51637E+4 0.00000E+0 0.00000E+0 0.00000E+02367400302484 
 1459.      2.27071E-1 1.51256E+4 0.00000E+0 0.00000E+0 0.00000E+02367400302485 
 1459.      2.28219E-1 1.50876E+4 0.00000E+0 0.00000E+0 0.00000E+02367400302486 
 1459.      2.29376E-1 1.50495E+4 0.00000E+0 0.00000E+0 0.00000E+02367400302487 
 1459.      2.30542E-1 1.50114E+4 0.00000E+0 0.00000E+0 0.00000E+02367400302488 
 1459.      2.31716E-1 1.49733E+4 0.00000E+0 0.00000E+0 0.00000E+02367400302489 
 1459.      2.32899E-1 1.49353E+4 0.00000E+0 0.00000E+0 0.00000E+02367400302490 
 1459.      2.34092E-1 1.48972E+4 0.00000E+0 0.00000E+0 0.00000E+02367400302491 
 1459.      2.35293E-1 1.48591E+4 0.00000E+0 0.00000E+0 0.00000E+02367400302492 
 1459.      2.36504E-1 1.48210E+4 0.00000E+0 0.00000E+0 0.00000E+02367400302493 
 1459.      2.37725E-1 1.47830E+4 0.00000E+0 0.00000E+0 0.00000E+02367400302494 
 1459.      2.38955E-1 1.47449E+4 0.00000E+0 0.00000E+0 0.00000E+02367400302495 
 1459.      2.40194E-1 1.47068E+4 0.00000E+0 0.00000E+0 0.00000E+02367400302496 
 1459.      2.41443E-1 1.46687E+4 0.00000E+0 0.00000E+0 0.00000E+02367400302497 
 1459.      2.42702E-1 1.46307E+4 0.00000E+0 0.00000E+0 0.00000E+02367400302498 
 1459.      2.43970E-1 1.45926E+4 0.00000E+0 0.00000E+0 0.00000E+02367400302499 
 1459.      2.45249E-1 1.45545E+4 0.00000E+0 0.00000E+0 0.00000E+02367400302500 
 1459.      2.46538E-1 1.45164E+4 0.00000E+0 0.00000E+0 0.00000E+02367400302501 
 1459.      2.47837E-1 1.44783E+4 0.00000E+0 0.00000E+0 0.00000E+02367400302502 
 1459.      2.49146E-1 1.44403E+4 0.00000E+0 0.00000E+0 0.00000E+02367400302503 
 1459.      2.50466E-1 1.44022E+4 0.00000E+0 0.00000E+0 0.00000E+02367400302504 
 1459.      2.51796E-1 1.43641E+4 0.00000E+0 0.00000E+0 0.00000E+02367400302505 
 1459.      2.53137E-1 1.43260E+4 0.00000E+0 0.00000E+0 0.00000E+02367400302506 
 1459.      2.54489E-1 1.42880E+4 0.00000E+0 0.00000E+0 0.00000E+02367400302507 
 1459.      2.55851E-1 1.42499E+4 0.00000E+0 0.00000E+0 0.00000E+02367400302508 
 1459.      2.57224E-1 1.42118E+4 0.00000E+0 0.00000E+0 0.00000E+02367400302509 
 1459.      2.58609E-1 1.41737E+4 0.00000E+0 0.00000E+0 0.00000E+02367400302510 
 1459.      2.60004E-1 1.41357E+4 0.00000E+0 0.00000E+0 0.00000E+02367400302511 
 1459.      2.61411E-1 1.40976E+4 0.00000E+0 0.00000E+0 0.00000E+02367400302512 
 1459.      2.62830E-1 1.40595E+4 0.00000E+0 0.00000E+0 0.00000E+02367400302513 
 1459.      2.64260E-1 1.40214E+4 0.00000E+0 0.00000E+0 0.00000E+02367400302514 
 1459.      2.65702E-1 1.39833E+4 0.00000E+0 0.00000E+0 0.00000E+02367400302515 
 1459.      2.67155E-1 1.39453E+4 0.00000E+0 0.00000E+0 0.00000E+02367400302516 
 1459.      2.68621E-1 1.39072E+4 0.00000E+0 0.00000E+0 0.00000E+02367400302517 
 1459.      2.70098E-1 1.38691E+4 0.00000E+0 0.00000E+0 0.00000E+02367400302518 
 1459.      2.71588E-1 1.38310E+4 0.00000E+0 0.00000E+0 0.00000E+02367400302519 
 1459.      2.73090E-1 1.37930E+4 0.00000E+0 0.00000E+0 0.00000E+02367400302520 
 1459.      2.74605E-1 1.37549E+4 0.00000E+0 0.00000E+0 0.00000E+02367400302521 
 1459.      2.76132E-1 1.37168E+4 0.00000E+0 0.00000E+0 0.00000E+02367400302522 
 1459.      2.77672E-1 1.36787E+4 0.00000E+0 0.00000E+0 0.00000E+02367400302523 
 1459.      2.79225E-1 1.36407E+4 0.00000E+0 0.00000E+0 0.00000E+02367400302524 
 1459.      2.80791E-1 1.36026E+4 0.00000E+0 0.00000E+0 0.00000E+02367400302525 
 1459.      2.82371E-1 1.35645E+4 0.00000E+0 0.00000E+0 0.00000E+02367400302526 
 1459.      2.83963E-1 1.35264E+4 0.00000E+0 0.00000E+0 0.00000E+02367400302527 
 1459.      2.85569E-1 1.34884E+4 0.00000E+0 0.00000E+0 0.00000E+02367400302528 
 1459.      2.87189E-1 1.34503E+4 0.00000E+0 0.00000E+0 0.00000E+02367400302529 
 1459.      2.88823E-1 1.34122E+4 0.00000E+0 0.00000E+0 0.00000E+02367400302530 
 1459.      2.90471E-1 1.33741E+4 0.00000E+0 0.00000E+0 0.00000E+02367400302531 
 1459.      2.92133E-1 1.33361E+4 0.00000E+0 0.00000E+0 0.00000E+02367400302532 
 1459.      2.93809E-1 1.32980E+4 0.00000E+0 0.00000E+0 0.00000E+02367400302533 
 1459.      2.95500E-1 1.32599E+4 0.00000E+0 0.00000E+0 0.00000E+02367400302534 
 1459.      2.97205E-1 1.32218E+4 0.00000E+0 0.00000E+0 0.00000E+02367400302535 
 1459.      2.98925E-1 1.31837E+4 0.00000E+0 0.00000E+0 0.00000E+02367400302536 
 1459.      3.00660E-1 1.31457E+4 0.00000E+0 0.00000E+0 0.00000E+02367400302537 
 1459.      3.02410E-1 1.31076E+4 0.00000E+0 0.00000E+0 0.00000E+02367400302538 
 1459.      3.04176E-1 1.30695E+4 0.00000E+0 0.00000E+0 0.00000E+02367400302539 
 1459.      3.05957E-1 1.30314E+4 0.00000E+0 0.00000E+0 0.00000E+02367400302540 
 1459.      3.07753E-1 1.29934E+4 0.00000E+0 0.00000E+0 0.00000E+02367400302541 
 1459.      3.09566E-1 1.29553E+4 0.00000E+0 0.00000E+0 0.00000E+02367400302542 
 1459.      3.11394E-1 1.29172E+4 0.00000E+0 0.00000E+0 0.00000E+02367400302543 
 1459.      3.13239E-1 1.28791E+4 0.00000E+0 0.00000E+0 0.00000E+02367400302544 
 1459.      3.15100E-1 1.28411E+4 0.00000E+0 0.00000E+0 0.00000E+02367400302545 
 1459.      3.16978E-1 1.28030E+4 0.00000E+0 0.00000E+0 0.00000E+02367400302546 
 1459.      3.18873E-1 1.27649E+4 0.00000E+0 0.00000E+0 0.00000E+02367400302547 
 1459.      3.20785E-1 1.27268E+4 0.00000E+0 0.00000E+0 0.00000E+02367400302548 
 1459.      3.22715E-1 1.26887E+4 0.00000E+0 0.00000E+0 0.00000E+02367400302549 
 1459.      3.24661E-1 1.26507E+4 0.00000E+0 0.00000E+0 0.00000E+02367400302550 
 1459.      3.26626E-1 1.26126E+4 0.00000E+0 0.00000E+0 0.00000E+02367400302551 
 1459.      3.28607E-1 1.25745E+4 0.00000E+0 0.00000E+0 0.00000E+02367400302552 
 1459.      3.30607E-1 1.25364E+4 0.00000E+0 0.00000E+0 0.00000E+02367400302553 
 1459.      3.32626E-1 1.24984E+4 0.00000E+0 0.00000E+0 0.00000E+02367400302554 
 1459.      3.34663E-1 1.24603E+4 0.00000E+0 0.00000E+0 0.00000E+02367400302555 
 1459.      3.36719E-1 1.24222E+4 0.00000E+0 0.00000E+0 0.00000E+02367400302556 
 1459.      3.38794E-1 1.23841E+4 0.00000E+0 0.00000E+0 0.00000E+02367400302557 
 1459.      3.40888E-1 1.23461E+4 0.00000E+0 0.00000E+0 0.00000E+02367400302558 
 1459.      3.43002E-1 1.23080E+4 0.00000E+0 0.00000E+0 0.00000E+02367400302559 
 1459.      3.45135E-1 1.22699E+4 0.00000E+0 0.00000E+0 0.00000E+02367400302560 
 1459.      3.47288E-1 1.22318E+4 0.00000E+0 0.00000E+0 0.00000E+02367400302561 
 1459.      3.49462E-1 1.21937E+4 0.00000E+0 0.00000E+0 0.00000E+02367400302562 
 1459.      3.51656E-1 1.21557E+4 0.00000E+0 0.00000E+0 0.00000E+02367400302563 
 1459.      3.53870E-1 1.21176E+4 0.00000E+0 0.00000E+0 0.00000E+02367400302564 
 1459.      3.56106E-1 1.20795E+4 0.00000E+0 0.00000E+0 0.00000E+02367400302565 
 1459.      3.58363E-1 1.20414E+4 0.00000E+0 0.00000E+0 0.00000E+02367400302566 
 1459.      3.60642E-1 1.20034E+4 0.00000E+0 0.00000E+0 0.00000E+02367400302567 
 1459.      3.62942E-1 1.19653E+4 0.00000E+0 0.00000E+0 0.00000E+02367400302568 
 1459.      3.65264E-1 1.19272E+4 0.00000E+0 0.00000E+0 0.00000E+02367400302569 
 1459.      3.67609E-1 1.18891E+4 0.00000E+0 0.00000E+0 0.00000E+02367400302570 
 1459.      3.69976E-1 1.18511E+4 0.00000E+0 0.00000E+0 0.00000E+02367400302571 
 1459.      3.72367E-1 1.18130E+4 0.00000E+0 0.00000E+0 0.00000E+02367400302572 
 1459.      3.74780E-1 1.17749E+4 0.00000E+0 0.00000E+0 0.00000E+02367400302573 
 1459.      3.77217E-1 1.17368E+4 0.00000E+0 0.00000E+0 0.00000E+02367400302574 
 1459.      3.79678E-1 1.16988E+4 0.00000E+0 0.00000E+0 0.00000E+02367400302575 
 1459.      3.82163E-1 1.16607E+4 0.00000E+0 0.00000E+0 0.00000E+02367400302576 
 1459.      3.84673E-1 1.16226E+4 0.00000E+0 0.00000E+0 0.00000E+02367400302577 
 1459.      3.87208E-1 1.15845E+4 0.00000E+0 0.00000E+0 0.00000E+02367400302578 
 1459.      3.89767E-1 1.15465E+4 0.00000E+0 0.00000E+0 0.00000E+02367400302579 
 1459.      3.92352E-1 1.15084E+4 0.00000E+0 0.00000E+0 0.00000E+02367400302580 
 1459.      3.94964E-1 1.14703E+4 0.00000E+0 0.00000E+0 0.00000E+02367400302581 
 1459.      3.97601E-1 1.14322E+4 0.00000E+0 0.00000E+0 0.00000E+02367400302582 
 1459.      4.00264E-1 1.13941E+4 0.00000E+0 0.00000E+0 0.00000E+02367400302583 
 1459.      4.02954E-1 1.13561E+4 0.00000E+0 0.00000E+0 0.00000E+02367400302584 
 1459.      4.05672E-1 1.13180E+4 0.00000E+0 0.00000E+0 0.00000E+02367400302585 
 1459.      4.08417E-1 1.12799E+4 0.00000E+0 0.00000E+0 0.00000E+02367400302586 
 1459.      4.11190E-1 1.12418E+4 0.00000E+0 0.00000E+0 0.00000E+02367400302587 
 1459.      4.13992E-1 1.12038E+4 0.00000E+0 0.00000E+0 0.00000E+02367400302588 
 1459.      4.16822E-1 1.11657E+4 0.00000E+0 0.00000E+0 0.00000E+02367400302589 
 1459.      4.19682E-1 1.11276E+4 0.00000E+0 0.00000E+0 0.00000E+02367400302590 
 1459.      4.22570E-1 1.10895E+4 0.00000E+0 0.00000E+0 0.00000E+02367400302591 
 1459.      4.25489E-1 1.10515E+4 0.00000E+0 0.00000E+0 0.00000E+02367400302592 
 1459.      4.28438E-1 1.10134E+4 0.00000E+0 0.00000E+0 0.00000E+02367400302593 
 1459.      4.31418E-1 1.09753E+4 0.00000E+0 0.00000E+0 0.00000E+02367400302594 
 1459.      4.34429E-1 1.09372E+4 0.00000E+0 0.00000E+0 0.00000E+02367400302595 
 1459.      4.37472E-1 1.08991E+4 0.00000E+0 0.00000E+0 0.00000E+02367400302596 
 1459.      4.40547E-1 1.08611E+4 0.00000E+0 0.00000E+0 0.00000E+02367400302597 
 1459.      4.43655E-1 1.08230E+4 0.00000E+0 0.00000E+0 0.00000E+02367400302598 
 1459.      4.46795E-1 1.07849E+4 0.00000E+0 0.00000E+0 0.00000E+02367400302599 
 1459.      4.49969E-1 1.07468E+4 0.00000E+0 0.00000E+0 0.00000E+02367400302600 
 1459.      4.53176E-1 1.07088E+4 0.00000E+0 0.00000E+0 0.00000E+02367400302601 
 1459.      4.56419E-1 1.06707E+4 0.00000E+0 0.00000E+0 0.00000E+02367400302602 
 1459.      4.59696E-1 1.06326E+4 0.00000E+0 0.00000E+0 0.00000E+02367400302603 
 1459.      4.63009E-1 1.05945E+4 0.00000E+0 0.00000E+0 0.00000E+02367400302604 
 1459.      4.66357E-1 1.05565E+4 0.00000E+0 0.00000E+0 0.00000E+02367400302605 
 1459.      4.69742E-1 1.05184E+4 0.00000E+0 0.00000E+0 0.00000E+02367400302606 
 1459.      4.73164E-1 1.04803E+4 0.00000E+0 0.00000E+0 0.00000E+02367400302607 
 1459.      4.76624E-1 1.04422E+4 0.00000E+0 0.00000E+0 0.00000E+02367400302608 
 1459.      4.80122E-1 1.04042E+4 0.00000E+0 0.00000E+0 0.00000E+02367400302609 
 1459.      4.83658E-1 1.03661E+4 0.00000E+0 0.00000E+0 0.00000E+02367400302610 
 1459.      4.87234E-1 1.03280E+4 0.00000E+0 0.00000E+0 0.00000E+02367400302611 
 1459.      4.90849E-1 1.02899E+4 0.00000E+0 0.00000E+0 0.00000E+02367400302612 
 1459.      4.94505E-1 1.02518E+4 0.00000E+0 0.00000E+0 0.00000E+02367400302613 
 1459.      4.98202E-1 1.02138E+4 0.00000E+0 0.00000E+0 0.00000E+02367400302614 
 1459.      5.01941E-1 1.01757E+4 0.00000E+0 0.00000E+0 0.00000E+02367400302615 
 1459.      5.05722E-1 1.01376E+4 0.00000E+0 0.00000E+0 0.00000E+02367400302616 
 1459.      5.09545E-1 1.00995E+4 0.00000E+0 0.00000E+0 0.00000E+02367400302617 
 1459.      5.13412E-1 1.00615E+4 0.00000E+0 0.00000E+0 0.00000E+02367400302618 
 1459.      5.17323E-1 1.00234E+4 0.00000E+0 0.00000E+0 0.00000E+02367400302619 
 1459.      5.21280E-1 9.98531E+3 0.00000E+0 0.00000E+0 0.00000E+02367400302620 
 1459.      5.25281E-1 9.94723E+3 0.00000E+0 0.00000E+0 0.00000E+02367400302621 
 1459.      5.29330E-1 9.90915E+3 0.00000E+0 0.00000E+0 0.00000E+02367400302622 
 1459.      5.33425E-1 9.87107E+3 0.00000E+0 0.00000E+0 0.00000E+02367400302623 
 1459.      5.37567E-1 9.83300E+3 0.00000E+0 0.00000E+0 0.00000E+02367400302624 
 1459.      5.41758E-1 9.79493E+3 0.00000E+0 0.00000E+0 0.00000E+02367400302625 
 1459.      5.45999E-1 9.75685E+3 0.00000E+0 0.00000E+0 0.00000E+02367400302626 
 1459.      5.50289E-1 9.71877E+3 0.00000E+0 0.00000E+0 0.00000E+02367400302627 
 1459.      5.54631E-1 9.68069E+3 0.00000E+0 0.00000E+0 0.00000E+02367400302628 
 1459.      5.59023E-1 9.64262E+3 0.00000E+0 0.00000E+0 0.00000E+02367400302629 
 1459.      5.63469E-1 9.60454E+3 0.00000E+0 0.00000E+0 0.00000E+02367400302630 
 1459.      5.67967E-1 9.56646E+3 0.00000E+0 0.00000E+0 0.00000E+02367400302631 
 1459.      5.72520E-1 9.52839E+3 0.00000E+0 0.00000E+0 0.00000E+02367400302632 
 1459.      5.77127E-1 9.49031E+3 0.00000E+0 0.00000E+0 0.00000E+02367400302633 
 1459.      5.81790E-1 9.45224E+3 0.00000E+0 0.00000E+0 0.00000E+02367400302634 
 1459.      5.86510E-1 9.41416E+3 0.00000E+0 0.00000E+0 0.00000E+02367400302635 
 1459.      5.91288E-1 9.37608E+3 0.00000E+0 0.00000E+0 0.00000E+02367400302636 
 1459.      5.96125E-1 9.33800E+3 0.00000E+0 0.00000E+0 0.00000E+02367400302637 
 1459.      6.01021E-1 9.29993E+3 0.00000E+0 0.00000E+0 0.00000E+02367400302638 
 1459.      6.05978E-1 9.26185E+3 0.00000E+0 0.00000E+0 0.00000E+02367400302639 
 1459.      6.10997E-1 9.22377E+3 0.00000E+0 0.00000E+0 0.00000E+02367400302640 
 1459.      6.16078E-1 9.18569E+3 0.00000E+0 0.00000E+0 0.00000E+02367400302641 
 1459.      6.21222E-1 9.14762E+3 0.00000E+0 0.00000E+0 0.00000E+02367400302642 
 1459.      6.26432E-1 9.10954E+3 0.00000E+0 0.00000E+0 0.00000E+02367400302643 
 1459.      6.31707E-1 9.07146E+3 0.00000E+0 0.00000E+0 0.00000E+02367400302644 
 1459.      6.37049E-1 9.03338E+3 0.00000E+0 0.00000E+0 0.00000E+02367400302645 
 1459.      6.42459E-1 8.99531E+3 0.00000E+0 0.00000E+0 0.00000E+02367400302646 
 1459.      6.47938E-1 8.95723E+3 0.00000E+0 0.00000E+0 0.00000E+02367400302647 
 1459.      6.53488E-1 8.91916E+3 0.00000E+0 0.00000E+0 0.00000E+02367400302648 
 1459.      6.59109E-1 8.88108E+3 0.00000E+0 0.00000E+0 0.00000E+02367400302649 
 1459.      6.64804E-1 8.84300E+3 0.00000E+0 0.00000E+0 0.00000E+02367400302650 
 1459.      6.70573E-1 8.80492E+3 0.00000E+0 0.00000E+0 0.00000E+02367400302651 
 1459.      6.76416E-1 8.76685E+3 0.00000E+0 0.00000E+0 0.00000E+02367400302652 
 1459.      6.82337E-1 8.72877E+3 0.00000E+0 0.00000E+0 0.00000E+02367400302653 
 1459.      6.88336E-1 8.69069E+3 0.00000E+0 0.00000E+0 0.00000E+02367400302654 
 1459.      6.94414E-1 8.65262E+3 0.00000E+0 0.00000E+0 0.00000E+02367400302655 
 1459.      7.00573E-1 8.61454E+3 0.00000E+0 0.00000E+0 0.00000E+02367400302656 
 1459.      7.06815E-1 8.57646E+3 0.00000E+0 0.00000E+0 0.00000E+02367400302657 
 1459.      7.13140E-1 8.53839E+3 0.00000E+0 0.00000E+0 0.00000E+02367400302658 
 1459.      7.19551E-1 8.50031E+3 0.00000E+0 0.00000E+0 0.00000E+02367400302659 
 1459.      7.26048E-1 8.46223E+3 0.00000E+0 0.00000E+0 0.00000E+02367400302660 
 1459.      7.32635E-1 8.42415E+3 0.00000E+0 0.00000E+0 0.00000E+02367400302661 
 1459.      7.39311E-1 8.38608E+3 0.00000E+0 0.00000E+0 0.00000E+02367400302662 
 1459.      7.46078E-1 8.34800E+3 0.00000E+0 0.00000E+0 0.00000E+02367400302663 
 1459.      7.52939E-1 8.30992E+3 0.00000E+0 0.00000E+0 0.00000E+02367400302664 
 1459.      7.59895E-1 8.27185E+3 0.00000E+0 0.00000E+0 0.00000E+02367400302665 
 1459.      7.66949E-1 8.23377E+3 0.00000E+0 0.00000E+0 0.00000E+02367400302666 
 1459.      7.74101E-1 8.19569E+3 0.00000E+0 0.00000E+0 0.00000E+02367400302667 
 1459.      7.81353E-1 8.15762E+3 0.00000E+0 0.00000E+0 0.00000E+02367400302668 
 1459.      7.88708E-1 8.11954E+3 0.00000E+0 0.00000E+0 0.00000E+02367400302669 
 1459.      7.96168E-1 8.08146E+3 0.00000E+0 0.00000E+0 0.00000E+02367400302670 
 1459.      8.03733E-1 8.04338E+3 0.00000E+0 0.00000E+0 0.00000E+02367400302671 
 1459.      8.11407E-1 8.00531E+3 0.00000E+0 0.00000E+0 0.00000E+02367400302672 
 1459.      8.19191E-1 7.96723E+3 0.00000E+0 0.00000E+0 0.00000E+02367400302673 
 1459.      8.27089E-1 7.92915E+3 0.00000E+0 0.00000E+0 0.00000E+02367400302674 
 1459.      8.35100E-1 7.89108E+3 0.00000E+0 0.00000E+0 0.00000E+02367400302675 
 1459.      8.43229E-1 7.85300E+3 0.00000E+0 0.00000E+0 0.00000E+02367400302676 
 1459.      8.51477E-1 7.81492E+3 0.00000E+0 0.00000E+0 0.00000E+02367400302677 
 1459.      8.59847E-1 7.77684E+3 0.00000E+0 0.00000E+0 0.00000E+02367400302678 
 1459.      8.68341E-1 7.73877E+3 0.00000E+0 0.00000E+0 0.00000E+02367400302679 
 1459.      8.76962E-1 7.70069E+3 0.00000E+0 0.00000E+0 0.00000E+02367400302680 
 1459.      8.85712E-1 7.66261E+3 0.00000E+0 0.00000E+0 0.00000E+02367400302681 
 1459.      8.94593E-1 7.62454E+3 0.00000E+0 0.00000E+0 0.00000E+02367400302682 
 1459.      9.03608E-1 7.58646E+3 0.00000E+0 0.00000E+0 0.00000E+02367400302683 
 1459.      9.12761E-1 7.54838E+3 0.00000E+0 0.00000E+0 0.00000E+02367400302684 
 1459.      9.22054E-1 7.51030E+3 0.00000E+0 0.00000E+0 0.00000E+02367400302685 
 1459.      9.31489E-1 7.47223E+3 0.00000E+0 0.00000E+0 0.00000E+02367400302686 
 1459.      9.41070E-1 7.43415E+3 0.00000E+0 0.00000E+0 0.00000E+02367400302687 
 1459.      9.50799E-1 7.39607E+3 0.00000E+0 0.00000E+0 0.00000E+02367400302688 
 1459.      9.60681E-1 7.35800E+3 0.00000E+0 0.00000E+0 0.00000E+02367400302689 
 1459.      9.70717E-1 7.31992E+3 0.00000E+0 0.00000E+0 0.00000E+02367400302690 
 1459.      9.80911E-1 7.28184E+3 0.00000E+0 0.00000E+0 0.00000E+02367400302691 
 1459.      9.91267E-1 7.24376E+3 0.00000E+0 0.00000E+0 0.00000E+02367400302692 
 1459.      1.00179E+0 7.20569E+3 0.00000E+0 0.00000E+0 0.00000E+02367400302693 
 1459.      1.01248E+0 7.16761E+3 0.00000E+0 0.00000E+0 0.00000E+02367400302694 
 1459.      1.02334E+0 7.12953E+3 0.00000E+0 0.00000E+0 0.00000E+02367400302695 
 1459.      1.03438E+0 7.09145E+3 0.00000E+0 0.00000E+0 0.00000E+02367400302696 
 1459.      1.04559E+0 7.05338E+3 0.00000E+0 0.00000E+0 0.00000E+02367400302697 
 1459.      1.05699E+0 7.01530E+3 0.00000E+0 0.00000E+0 0.00000E+02367400302698 
 1459.      1.06858E+0 6.97722E+3 0.00000E+0 0.00000E+0 0.00000E+02367400302699 
 1459.      1.08036E+0 6.93914E+3 0.00000E+0 0.00000E+0 0.00000E+02367400302700 
 1459.      1.09234E+0 6.90107E+3 0.00000E+0 0.00000E+0 0.00000E+02367400302701 
 1459.      1.10451E+0 6.86299E+3 0.00000E+0 0.00000E+0 0.00000E+02367400302702 
 1459.      1.11689E+0 6.82491E+3 0.00000E+0 0.00000E+0 0.00000E+02367400302703 
 1459.      1.12949E+0 6.78683E+3 0.00000E+0 0.00000E+0 0.00000E+02367400302704 
 1459.      1.14229E+0 6.74876E+3 0.00000E+0 0.00000E+0 0.00000E+02367400302705 
 1459.      1.15531E+0 6.71068E+3 0.00000E+0 0.00000E+0 0.00000E+02367400302706 
 1459.      1.16856E+0 6.67260E+3 0.00000E+0 0.00000E+0 0.00000E+02367400302707 
 1459.      1.18204E+0 6.63452E+3 0.00000E+0 0.00000E+0 0.00000E+02367400302708 
 1459.      1.19575E+0 6.59645E+3 0.00000E+0 0.00000E+0 0.00000E+02367400302709 
 1459.      1.20970E+0 6.55837E+3 0.00000E+0 0.00000E+0 0.00000E+02367400302710 
 1459.      1.22390E+0 6.52029E+3 0.00000E+0 0.00000E+0 0.00000E+02367400302711 
 1459.      1.23835E+0 6.48221E+3 0.00000E+0 0.00000E+0 0.00000E+02367400302712 
 1459.      1.25306E+0 6.44414E+3 0.00000E+0 0.00000E+0 0.00000E+02367400302713 
 1459.      1.26803E+0 6.40606E+3 0.00000E+0 0.00000E+0 0.00000E+02367400302714 
 1459.      1.28327E+0 6.36798E+3 0.00000E+0 0.00000E+0 0.00000E+02367400302715 
 1459.      1.29879E+0 6.32990E+3 0.00000E+0 0.00000E+0 0.00000E+02367400302716 
 1459.      1.31459E+0 6.29182E+3 0.00000E+0 0.00000E+0 0.00000E+02367400302717 
 1459.      1.33068E+0 6.25375E+3 0.00000E+0 0.00000E+0 0.00000E+02367400302718 
 1459.      1.34707E+0 6.21567E+3 0.00000E+0 0.00000E+0 0.00000E+02367400302719 
 1459.      1.36376E+0 6.17759E+3 0.00000E+0 0.00000E+0 0.00000E+02367400302720 
 1459.      1.38077E+0 6.13951E+3 0.00000E+0 0.00000E+0 0.00000E+02367400302721 
 1459.      1.39810E+0 6.10144E+3 0.00000E+0 0.00000E+0 0.00000E+02367400302722 
 1459.      1.41575E+0 6.06336E+3 0.00000E+0 0.00000E+0 0.00000E+02367400302723 
 1459.      1.43374E+0 6.02528E+3 0.00000E+0 0.00000E+0 0.00000E+02367400302724 
 1459.      1.45208E+0 5.98720E+3 0.00000E+0 0.00000E+0 0.00000E+02367400302725 
 1459.      1.47077E+0 5.94912E+3 0.00000E+0 0.00000E+0 0.00000E+02367400302726 
 1459.      1.48983E+0 5.91105E+3 0.00000E+0 0.00000E+0 0.00000E+02367400302727 
 1459.      1.50925E+0 5.87297E+3 0.00000E+0 0.00000E+0 0.00000E+02367400302728 
 1459.      1.52907E+0 5.83489E+3 0.00000E+0 0.00000E+0 0.00000E+02367400302729 
 1459.      1.54927E+0 5.79681E+3 2.83732E-2 9.65112E+0 7.94423E+02367400302730 
 1459.      1.56988E+0 5.75873E+3 3.70799E-2 8.55828E+0 7.74001E+02367400302731 
 1459.      1.59090E+0 5.72066E+3 3.62120E-2 9.48081E+0 7.79563E+02367400302732 
 1459.      1.61235E+0 5.68258E+3 3.44659E-2 9.84826E+0 7.91784E+02367400302733 
 1459.      1.63423E+0 5.64450E+3 3.97161E-2 8.44541E+0 7.82063E+02367400302734 
 1459.      1.65656E+0 5.60642E+3 1.95893E-2 1.72001E+1 7.15601E+02367400302735 
 1459.      1.67936E+0 5.56834E+3 1.92705E-2 1.58110E+1 7.55278E+02367400302736 
 1459.      1.70263E+0 5.53026E+3 2.08899E-2 1.40595E+1 7.64710E+02367400302737 
 1459.      1.72638E+0 5.49219E+3 1.33183E-2 2.26539E+1 7.97883E+02367400302738 
 1459.      1.75064E+0 5.45411E+3 4.59525E-3 5.30508E+1 8.04249E+02367400302739 
 1459.      1.77541E+0 5.41603E+3 2.60044E-5 2.05003E+3 3.24594E+22367400302740 
 1459.      1.80072E+0 5.37795E+3 2.89769E-3 5.20915E+1 8.86838E+02367400302741 
 1459.      1.82657E+0 5.33987E+3 8.45123E-3 2.33509E+1 7.05757E+02367400302742 
 1459.      1.85298E+0 5.30180E+3 1.86445E-2 1.78648E+1 7.66600E+02367400302743 
 1459.      1.87996E+0 5.26372E+3 4.18752E-2 8.85084E+0 7.73361E+02367400302744 
 1459.      1.90754E+0 5.22564E+3 7.37934E-2 5.74330E+0 7.74387E+02367400302745 
 1459.      1.93574E+0 5.18756E+3 5.69474E-2 8.05750E+0 7.81312E+02367400302746 
 1459.      1.96456E+0 5.14948E+3 4.12370E-2 1.08294E+1 7.68031E+02367400302747 
 1459.      1.99404E+0 5.11140E+3 3.20890E-2 1.26250E+1 8.45679E+02367400302748 
 1459.      2.02418E+0 5.07332E+3 2.43067E-2 1.65988E+1 8.29592E+02367400302749 
 1459.      2.05501E+0 5.03525E+3 1.60753E-2 1.82798E+1 7.29078E+02367400302750 
 1459.      2.08655E+0 4.99717E+3 2.43777E-2 1.54426E+1 8.85361E+02367400302751 
 1459.      2.11883E+0 4.95909E+3 2.75262E-2 1.42398E+1 7.69228E+02367400302752 
 1459.      2.15186E+0 4.92101E+3 2.80862E-2 1.47316E+1 7.86268E+02367400302753 
 1459.      2.18567E+0 4.88293E+3 3.52764E-2 1.19140E+1 7.84417E+02367400302754 
 1459.      2.22028E+0 4.84485E+3 4.65333E-2 9.32750E+0 8.32946E+02367400302755 
 1459.      2.25573E+0 4.80677E+3 4.28664E-2 1.07597E+1 7.98024E+02367400302756 
 1459.      2.29203E+0 4.76869E+3 4.83537E-2 1.06111E+1 8.33802E+02367400302757 
 1459.      2.32922E+0 4.73062E+3 6.07891E-2 8.68645E+0 7.77972E+02367400302758 
 1459.      2.36731E+0 4.69254E+3 7.92924E-2 6.94639E+0 7.68115E+02367400302759 
 1459.      2.40636E+0 4.65446E+3 1.31372E-1 4.43682E+0 7.61474E+02367400302760 
 1459.      2.44637E+0 4.61638E+3 1.62581E-1 4.06117E+0 7.55876E+02367400302761 
 1459.      2.48740E+0 4.57830E+3 1.39498E-1 4.93357E+0 7.73779E+02367400302762 
 1459.      2.52947E+0 4.54022E+3 1.17143E-1 5.71382E+0 7.85484E+02367400302763 
 1459.      2.57262E+0 4.50214E+3 1.01396E-1 6.55988E+0 7.85951E+02367400302764 
 1459.      2.61688E+0 4.46406E+3 9.97260E-2 6.50651E+0 7.81490E+02367400302765 
 1459.      2.66229E+0 4.42598E+3 8.58701E-2 7.59501E+0 7.49775E+02367400302766 
 1459.      2.70890E+0 4.38790E+3 6.99205E-2 9.32481E+0 7.76997E+02367400302767 
 1459.      2.75675E+0 4.34982E+3 5.10468E-2 1.23411E+1 7.68939E+02367400302768 
 1459.      2.80588E+0 4.31174E+3 5.31695E-2 1.11751E+1 7.65571E+02367400302769 
 1459.      2.85633E+0 4.27366E+3 3.50262E-2 1.04617E+1 7.23335E+02367400302770 
 1459.      2.90816E+0 4.23558E+3 5.42411E-2 1.10207E+1 7.90568E+02367400302771 
 1459.      2.96142E+0 4.19750E+3 7.61096E-2 8.30750E+0 7.46076E+02367400302772 
 1459.      3.01615E+0 4.15943E+3 6.91851E-2 9.65759E+0 7.65402E+02367400302773 
 1459.      3.07242E+0 4.12135E+3 7.59868E-2 9.28817E+0 8.09547E+02367400302774 
 1459.      3.13028E+0 4.08327E+3 6.28841E-2 1.13413E+1 7.83810E+02367400302775 
 1459.      3.18979E+0 4.04519E+3 6.44140E-2 1.05201E+1 7.85176E+02367400302776 
 1459.      3.25103E+0 4.00710E+3 7.30795E-2 9.69149E+0 7.67746E+02367400302777 
 1459.      3.31404E+0 3.96903E+3 5.55561E-2 1.34417E+1 7.70345E+02367400302778 
 1459.      3.37891E+0 3.93094E+3 4.96353E-2 1.37334E+1 7.47118E+02367400302779 
 1459.      3.44570E+0 3.89286E+3 4.93919E-2 1.47911E+1 7.72278E+02367400302780 
 1459.      3.51450E+0 3.85478E+3 3.94637E-2 1.72907E+1 7.08750E+02367400302781 
 1459.      3.58538E+0 3.81670E+3 6.18308E-2 1.03386E+1 7.90835E+02367400302782 
 1459.      3.65844E+0 3.77862E+3 7.99762E-2 9.86476E+0 7.43917E+02367400302783 
 1459.      3.73376E+0 3.74054E+3 7.13590E-2 1.15188E+1 7.70092E+02367400302784 
 1459.      3.81143E+0 3.70246E+3 5.15856E-2 1.36679E+1 7.88529E+02367400302785 
 1459.      3.89155E+0 3.66438E+3 5.62647E-2 1.15563E+1 8.52888E+02367400302786 
 1459.      3.97424E+0 3.62630E+3 4.04851E-2 1.67597E+1 8.29040E+02367400302787 
 1459.      4.05959E+0 3.58822E+3 7.08995E-2 1.13913E+1 7.73287E+02367400302788 
 1459.      4.14773E+0 3.55014E+3 9.62904E-2 8.78039E+0 7.60642E+02367400302789 
 1459.      4.23878E+0 3.51206E+3 1.15942E-1 7.64122E+0 7.73584E+02367400302790 
 1459.      4.33286E+0 3.47398E+3 1.13605E-1 8.06983E+0 7.95254E+02367400302791 
 1459.      4.43013E+0 3.43589E+3 9.67452E-2 9.35300E+0 7.55018E+02367400302792 
 1459.      4.53071E+0 3.39781E+3 1.02132E-1 8.54429E+0 7.81837E+02367400302793 
 1459.      4.63477E+0 3.35973E+3 6.48832E-2 1.38804E+1 7.13436E+02367400302794 
 1459.      4.74246E+0 3.32165E+3 7.20755E-2 1.09452E+1 8.16288E+02367400302795 
 1459.      4.85396E+0 3.28357E+3 6.68047E-2 1.31128E+1 7.10861E+02367400302796 
 1459.      4.96945E+0 3.24548E+3 7.13914E-2 1.10245E+1 7.82195E+02367400302797 
 1459.      5.08912E+0 3.20740E+3 7.01927E-2 1.16010E+1 7.44530E+02367400302798 
 1459.      5.21319E+0 3.16932E+3 6.59015E-2 1.32195E+1 7.34839E+02367400302799 
 1459.      5.34185E+0 3.13124E+3 7.26002E-2 1.15935E+1 7.96494E+02367400302800 
 1459.      5.47536E+0 3.09315E+3 6.35099E-2 1.24970E+1 7.73235E+02367400302801 
 1459.      5.61395E+0 3.05507E+3 6.68625E-2 1.18151E+1 7.57977E+02367400302802 
 1459.      5.75789E+0 3.01699E+3 5.76025E-2 1.40623E+1 7.44259E+02367400302803 
 1459.      5.90745E+0 2.97890E+3 5.32302E-2 1.41347E+1 7.54061E+02367400302804 
 1459.      6.06294E+0 2.94082E+3 4.50790E-2 1.56886E+1 7.58998E+02367400302805 
 1459.      6.22467E+0 2.90274E+3 4.41865E-2 1.62687E+1 7.32507E+02367400302806 
 1459.      6.39298E+0 2.86465E+3 3.92196E-2 1.92552E+1 7.68988E+02367400302807 
 1459.      6.56823E+0 2.82657E+3 5.86619E-2 1.27881E+1 8.10662E+02367400302808 
 1459.      6.75082E+0 2.78848E+3 4.54391E-2 1.72167E+1 7.35086E+02367400302809 
 1459.      6.94117E+0 2.75040E+3 5.33275E-2 1.35456E+1 8.24499E+02367400302810 
 1459.      7.13971E+0 2.71232E+3 3.92044E-2 1.83768E+1 7.86947E+02367400302811 
 1459.      7.34692E+0 2.67423E+3 3.58609E-2 1.55537E+1 7.60653E+02367400302812 
 1459.      7.56333E+0 2.63614E+3 2.97665E-2 1.53987E+1 8.04092E+02367400302813 
 1459.      7.78949E+0 2.59806E+3 3.17210E-2 2.54032E+1 8.36246E+02367400302814 
 1459.      8.02599E+0 2.55997E+3 3.32671E-2 2.57301E+1 8.24251E+02367400302815 
 1459.      8.27348E+0 2.52189E+3 2.89637E-2 3.38190E+1 8.35968E+02367400302816 
 1459.      8.53265E+0 2.48380E+3 3.03618E-2 3.42283E+1 8.44618E+02367400302817 
 1459.      8.80425E+0 2.44571E+3 1.98102E-2 2.94852E+1 7.94264E+02367400302818 
 1459.      9.08910E+0 2.40763E+3 3.12264E-2 1.77090E+1 9.07198E+02367400302819 
 1459.      9.38807E+0 2.36954E+3 1.40618E-2 4.19125E+1 7.70427E+02367400302820 
 1459.      9.70212E+0 2.33145E+3 6.89877E-3 1.05162E+2 1.24791E+12367400302821 
 1459.      1.00323E+1 2.29336E+3 7.65766E-3 3.11103E+1 5.04055E+02367400302822 
 1459.      1.03797E+1 2.25527E+3 1.04975E-3 1.75898E+2 1.47696E+12367400302823 
 1459.      1.07456E+1 2.21718E+3 1.14224E-2 5.30739E+1 9.54514E+02367400302824 
 1459.      1.11313E+1 2.17909E+3 3.78868E-3 8.27525E+1 8.41517E+02367400302825 
 1459.      1.15383E+1 2.14100E+3 6.73351E-3 6.19049E+1 9.68602E+02367400302826 
 1459.      1.19682E+1 2.10291E+3 1.44711E-3 2.05984E+2 3.72865E+12367400302827 
 1459.      1.24227E+1 2.06482E+3 4.48000E-4 1.92905E+3 1.47344E+22367400302828 
 1459.      1.29038E+1 2.02673E+3 2.70400E-3 1.66718E+2 3.35790E+12367400302829 
 1459.      1.34136E+1 1.98864E+35.57411E-151.41584E+141.25977E+132367400302830 
 1459.      1.39545E+1 1.95054E+3 6.40000E-5 1.69502E+4 6.39752E+22367400302831 
 1459.      1.45290E+1 1.91245E+3 0.00000E+0 0.00000E+0 0.00000E+02367400302832 
 1459.      1.51401E+1 1.87435E+3 2.24800E-3 4.56196E+2 7.60627E+12367400302833 
 1459.      1.57910E+1 1.83626E+3 0.00000E+0 0.00000E+0 0.00000E+02367400302834 
 1459.      1.64851E+1 1.79816E+3 4.27900E-3 3.18949E+2 3.20446E+12367400302835 
 1459.      1.72264E+1 1.76006E+3 2.12300E-3 4.65615E+2 1.00310E+22367400302836 
 1459.      1.80194E+1 1.72196E+3 0.00000E+0 0.00000E+0 0.00000E+02367400302837 
 1459.      1.88536E+1 1.68453E+35.89409E-152.36618E+142.81684E+132367400302838 
 1554.      6.38140E-2 2.85286E+4 0.00000E+0 0.00000E+0 0.00000E+02367400302839 
 1554.      6.39850E-2 2.84904E+4 0.00000E+0 0.00000E+0 0.00000E+02367400302840 
 1554.      6.41562E-2 2.84524E+4 0.00000E+0 0.00000E+0 0.00000E+02367400302841 
 1554.      6.43283E-2 2.84143E+4 0.00000E+0 0.00000E+0 0.00000E+02367400302842 
 1554.      6.45013E-2 2.83762E+4 0.00000E+0 0.00000E+0 0.00000E+02367400302843 
 1554.      6.46750E-2 2.83381E+4 0.00000E+0 0.00000E+0 0.00000E+02367400302844 
 1554.      6.48492E-2 2.83000E+4 0.00000E+0 0.00000E+0 0.00000E+02367400302845 
 1554.      6.50240E-2 2.82619E+4 0.00000E+0 0.00000E+0 0.00000E+02367400302846 
 1554.      6.51995E-2 2.82239E+4 0.00000E+0 0.00000E+0 0.00000E+02367400302847 
 1554.      6.53757E-2 2.81858E+4 0.00000E+0 0.00000E+0 0.00000E+02367400302848 
 1554.      6.55525E-2 2.81478E+4 0.00000E+0 0.00000E+0 0.00000E+02367400302849 
 1554.      6.57303E-2 2.81097E+4 0.00000E+0 0.00000E+0 0.00000E+02367400302850 
 1554.      6.59090E-2 2.80716E+4 0.00000E+0 0.00000E+0 0.00000E+02367400302851 
 1554.      6.60882E-2 2.80335E+4 0.00000E+0 0.00000E+0 0.00000E+02367400302852 
 1554.      6.62680E-2 2.79954E+4 0.00000E+0 0.00000E+0 0.00000E+02367400302853 
 1554.      6.64485E-2 2.79574E+4 0.00000E+0 0.00000E+0 0.00000E+02367400302854 
 1554.      6.66300E-2 2.79193E+4 0.00000E+0 0.00000E+0 0.00000E+02367400302855 
 1554.      6.68123E-2 2.78812E+4 0.00000E+0 0.00000E+0 0.00000E+02367400302856 
 1554.      6.69953E-2 2.78431E+4 0.00000E+0 0.00000E+0 0.00000E+02367400302857 
 1554.      6.71790E-2 2.78050E+4 0.00000E+0 0.00000E+0 0.00000E+02367400302858 
 1554.      6.73632E-2 2.77669E+4 0.00000E+0 0.00000E+0 0.00000E+02367400302859 
 1554.      6.75483E-2 2.77289E+4 0.00000E+0 0.00000E+0 0.00000E+02367400302860 
 1554.      6.77342E-2 2.76908E+4 0.00000E+0 0.00000E+0 0.00000E+02367400302861 
 1554.      6.79210E-2 2.76527E+4 0.00000E+0 0.00000E+0 0.00000E+02367400302862 
 1554.      6.81083E-2 2.76147E+4 0.00000E+0 0.00000E+0 0.00000E+02367400302863 
 1554.      6.82963E-2 2.75766E+4 0.00000E+0 0.00000E+0 0.00000E+02367400302864 
 1554.      6.84852E-2 2.75386E+4 0.00000E+0 0.00000E+0 0.00000E+02367400302865 
 1554.      6.86752E-2 2.75005E+4 0.00000E+0 0.00000E+0 0.00000E+02367400302866 
 1554.      6.88660E-2 2.74623E+4 0.00000E+0 0.00000E+0 0.00000E+02367400302867 
 1554.      6.90572E-2 2.74243E+4 0.00000E+0 0.00000E+0 0.00000E+02367400302868 
 1554.      6.92492E-2 2.73863E+4 0.00000E+0 0.00000E+0 0.00000E+02367400302869 
 1554.      6.94423E-2 2.73482E+4 0.00000E+0 0.00000E+0 0.00000E+02367400302870 
 1554.      6.96363E-2 2.73101E+4 0.00000E+0 0.00000E+0 0.00000E+02367400302871 
 1554.      6.98310E-2 2.72720E+4 0.00000E+0 0.00000E+0 0.00000E+02367400302872 
 1554.      7.00263E-2 2.72339E+4 0.00000E+0 0.00000E+0 0.00000E+02367400302873 
 1554.      7.02223E-2 2.71959E+4 0.00000E+0 0.00000E+0 0.00000E+02367400302874 
 1554.      7.04193E-2 2.71578E+4 0.00000E+0 0.00000E+0 0.00000E+02367400302875 
 1554.      7.06172E-2 2.71197E+4 0.00000E+0 0.00000E+0 0.00000E+02367400302876 
 1554.      7.08162E-2 2.70816E+4 0.00000E+0 0.00000E+0 0.00000E+02367400302877 
 1554.      7.10160E-2 2.70435E+4 0.00000E+0 0.00000E+0 0.00000E+02367400302878 
 1554.      7.12163E-2 2.70054E+4 0.00000E+0 0.00000E+0 0.00000E+02367400302879 
 1554.      7.14173E-2 2.69674E+4 0.00000E+0 0.00000E+0 0.00000E+02367400302880 
 1554.      7.16192E-2 2.69294E+4 0.00000E+0 0.00000E+0 0.00000E+02367400302881 
 1554.      7.18223E-2 2.68913E+4 0.00000E+0 0.00000E+0 0.00000E+02367400302882 
 1554.      7.20263E-2 2.68532E+4 0.00000E+0 0.00000E+0 0.00000E+02367400302883 
 1554.      7.22313E-2 2.68151E+4 0.00000E+0 0.00000E+0 0.00000E+02367400302884 
 1554.      7.24370E-2 2.67769E+4 0.00000E+0 0.00000E+0 0.00000E+02367400302885 
 1554.      7.26432E-2 2.67389E+4 0.00000E+0 0.00000E+0 0.00000E+02367400302886 
 1554.      7.28505E-2 2.67009E+4 0.00000E+0 0.00000E+0 0.00000E+02367400302887 
 1554.      7.30590E-2 2.66627E+4 0.00000E+0 0.00000E+0 0.00000E+02367400302888 
 1554.      7.32682E-2 2.66246E+4 0.00000E+0 0.00000E+0 0.00000E+02367400302889 
 1554.      7.34782E-2 2.65866E+4 0.00000E+0 0.00000E+0 0.00000E+02367400302890 
 1554.      7.36890E-2 2.65485E+4 0.00000E+0 0.00000E+0 0.00000E+02367400302891 
 1554.      7.39005E-2 2.65105E+4 0.00000E+0 0.00000E+0 0.00000E+02367400302892 
 1554.      7.41133E-2 2.64724E+4 0.00000E+0 0.00000E+0 0.00000E+02367400302893 
 1554.      7.43273E-2 2.64343E+4 0.00000E+0 0.00000E+0 0.00000E+02367400302894 
 1554.      7.45420E-2 2.63962E+4 0.00000E+0 0.00000E+0 0.00000E+02367400302895 
 1554.      7.47575E-2 2.63581E+4 0.00000E+0 0.00000E+0 0.00000E+02367400302896 
 1554.      7.49740E-2 2.63201E+4 0.00000E+0 0.00000E+0 0.00000E+02367400302897 
 1554.      7.51913E-2 2.62820E+4 0.00000E+0 0.00000E+0 0.00000E+02367400302898 
 1554.      7.54095E-2 2.62440E+4 0.00000E+0 0.00000E+0 0.00000E+02367400302899 
 1554.      7.56290E-2 2.62058E+4 0.00000E+0 0.00000E+0 0.00000E+02367400302900 
 1554.      7.58493E-2 2.61678E+4 0.00000E+0 0.00000E+0 0.00000E+02367400302901 
 1554.      7.60703E-2 2.61297E+4 0.00000E+0 0.00000E+0 0.00000E+02367400302902 
 1554.      7.62925E-2 2.60917E+4 0.00000E+0 0.00000E+0 0.00000E+02367400302903 
 1554.      7.65160E-2 2.60535E+4 0.00000E+0 0.00000E+0 0.00000E+02367400302904 
 1554.      7.67403E-2 2.60154E+4 0.00000E+0 0.00000E+0 0.00000E+02367400302905 
 1554.      7.69653E-2 2.59774E+4 0.00000E+0 0.00000E+0 0.00000E+02367400302906 
 1554.      7.71913E-2 2.59393E+4 0.00000E+0 0.00000E+0 0.00000E+02367400302907 
 1554.      7.74182E-2 2.59013E+4 0.00000E+0 0.00000E+0 0.00000E+02367400302908 
 1554.      7.76465E-2 2.58632E+4 0.00000E+0 0.00000E+0 0.00000E+02367400302909 
 1554.      7.78760E-2 2.58251E+4 0.00000E+0 0.00000E+0 0.00000E+02367400302910 
 1554.      7.81063E-2 2.57870E+4 0.00000E+0 0.00000E+0 0.00000E+02367400302911 
 1554.      7.83372E-2 2.57489E+4 0.00000E+0 0.00000E+0 0.00000E+02367400302912 
 1554.      7.85692E-2 2.57109E+4 0.00000E+0 0.00000E+0 0.00000E+02367400302913 
 1554.      7.88025E-2 2.56728E+4 0.00000E+0 0.00000E+0 0.00000E+02367400302914 
 1554.      7.90370E-2 2.56347E+4 0.00000E+0 0.00000E+0 0.00000E+02367400302915 
 1554.      7.92722E-2 2.55966E+4 0.00000E+0 0.00000E+0 0.00000E+02367400302916 
 1554.      7.95085E-2 2.55586E+4 0.00000E+0 0.00000E+0 0.00000E+02367400302917 
 1554.      7.97463E-2 2.55205E+4 0.00000E+0 0.00000E+0 0.00000E+02367400302918 
 1554.      7.99850E-2 2.54824E+4 0.00000E+0 0.00000E+0 0.00000E+02367400302919 
 1554.      8.02245E-2 2.54443E+4 0.00000E+0 0.00000E+0 0.00000E+02367400302920 
 1554.      8.04652E-2 2.54062E+4 0.00000E+0 0.00000E+0 0.00000E+02367400302921 
 1554.      8.07070E-2 2.53681E+4 0.00000E+0 0.00000E+0 0.00000E+02367400302922 
 1554.      8.09495E-2 2.53301E+4 0.00000E+0 0.00000E+0 0.00000E+02367400302923 
 1554.      8.11932E-2 2.52921E+4 0.00000E+0 0.00000E+0 0.00000E+02367400302924 
 1554.      8.14382E-2 2.52540E+4 0.00000E+0 0.00000E+0 0.00000E+02367400302925 
 1554.      8.16845E-2 2.52159E+4 0.00000E+0 0.00000E+0 0.00000E+02367400302926 
 1554.      8.19320E-2 2.51778E+4 0.00000E+0 0.00000E+0 0.00000E+02367400302927 
 1554.      8.21805E-2 2.51397E+4 0.00000E+0 0.00000E+0 0.00000E+02367400302928 
 1554.      8.24300E-2 2.51016E+4 0.00000E+0 0.00000E+0 0.00000E+02367400302929 
 1554.      8.26805E-2 2.50636E+4 0.00000E+0 0.00000E+0 0.00000E+02367400302930 
 1554.      8.29323E-2 2.50255E+4 0.00000E+0 0.00000E+0 0.00000E+02367400302931 
 1554.      8.31853E-2 2.49874E+4 0.00000E+0 0.00000E+0 0.00000E+02367400302932 
 1554.      8.34395E-2 2.49493E+4 0.00000E+0 0.00000E+0 0.00000E+02367400302933 
 1554.      8.36950E-2 2.49112E+4 0.00000E+0 0.00000E+0 0.00000E+02367400302934 
 1554.      8.39515E-2 2.48732E+4 0.00000E+0 0.00000E+0 0.00000E+02367400302935 
 1554.      8.42093E-2 2.48351E+4 0.00000E+0 0.00000E+0 0.00000E+02367400302936 
 1554.      8.44683E-2 2.47970E+4 0.00000E+0 0.00000E+0 0.00000E+02367400302937 
 1554.      8.47283E-2 2.47589E+4 0.00000E+0 0.00000E+0 0.00000E+02367400302938 
 1554.      8.49893E-2 2.47209E+4 0.00000E+0 0.00000E+0 0.00000E+02367400302939 
 1554.      8.52515E-2 2.46828E+4 0.00000E+0 0.00000E+0 0.00000E+02367400302940 
 1554.      8.55152E-2 2.46447E+4 0.00000E+0 0.00000E+0 0.00000E+02367400302941 
 1554.      8.57802E-2 2.46066E+4 0.00000E+0 0.00000E+0 0.00000E+02367400302942 
 1554.      8.60462E-2 2.45686E+4 0.00000E+0 0.00000E+0 0.00000E+02367400302943 
 1554.      8.63135E-2 2.45305E+4 0.00000E+0 0.00000E+0 0.00000E+02367400302944 
 1554.      8.65822E-2 2.44924E+4 0.00000E+0 0.00000E+0 0.00000E+02367400302945 
 1554.      8.68522E-2 2.44543E+4 0.00000E+0 0.00000E+0 0.00000E+02367400302946 
 1554.      8.71232E-2 2.44163E+4 0.00000E+0 0.00000E+0 0.00000E+02367400302947 
 1554.      8.73955E-2 2.43782E+4 0.00000E+0 0.00000E+0 0.00000E+02367400302948 
 1554.      8.76693E-2 2.43401E+4 0.00000E+0 0.00000E+0 0.00000E+02367400302949 
 1554.      8.79443E-2 2.43020E+4 0.00000E+0 0.00000E+0 0.00000E+02367400302950 
 1554.      8.82205E-2 2.42640E+4 0.00000E+0 0.00000E+0 0.00000E+02367400302951 
 1554.      8.84983E-2 2.42259E+4 0.00000E+0 0.00000E+0 0.00000E+02367400302952 
 1554.      8.87773E-2 2.41878E+4 0.00000E+0 0.00000E+0 0.00000E+02367400302953 
 1554.      8.90575E-2 2.41497E+4 0.00000E+0 0.00000E+0 0.00000E+02367400302954 
 1554.      8.93390E-2 2.41116E+4 0.00000E+0 0.00000E+0 0.00000E+02367400302955 
 1554.      8.96218E-2 2.40736E+4 0.00000E+0 0.00000E+0 0.00000E+02367400302956 
 1554.      8.99060E-2 2.40355E+4 0.00000E+0 0.00000E+0 0.00000E+02367400302957 
 1554.      9.01915E-2 2.39974E+4 0.00000E+0 0.00000E+0 0.00000E+02367400302958 
 1554.      9.04783E-2 2.39594E+4 0.00000E+0 0.00000E+0 0.00000E+02367400302959 
 1554.      9.07665E-2 2.39213E+4 0.00000E+0 0.00000E+0 0.00000E+02367400302960 
 1554.      9.10562E-2 2.38832E+4 0.00000E+0 0.00000E+0 0.00000E+02367400302961 
 1554.      9.13475E-2 2.38451E+4 0.00000E+0 0.00000E+0 0.00000E+02367400302962 
 1554.      9.16403E-2 2.38070E+4 0.00000E+0 0.00000E+0 0.00000E+02367400302963 
 1554.      9.19343E-2 2.37689E+4 0.00000E+0 0.00000E+0 0.00000E+02367400302964 
 1554.      9.22293E-2 2.37309E+4 0.00000E+0 0.00000E+0 0.00000E+02367400302965 
 1554.      9.25257E-2 2.36928E+4 0.00000E+0 0.00000E+0 0.00000E+02367400302966 
 1554.      9.28240E-2 2.36547E+4 0.00000E+0 0.00000E+0 0.00000E+02367400302967 
 1554.      9.31235E-2 2.36167E+4 0.00000E+0 0.00000E+0 0.00000E+02367400302968 
 1554.      9.34245E-2 2.35786E+4 0.00000E+0 0.00000E+0 0.00000E+02367400302969 
 1554.      9.37273E-2 2.35405E+4 0.00000E+0 0.00000E+0 0.00000E+02367400302970 
 1554.      9.40313E-2 2.35024E+4 0.00000E+0 0.00000E+0 0.00000E+02367400302971 
 1554.      9.43365E-2 2.34644E+4 0.00000E+0 0.00000E+0 0.00000E+02367400302972 
 1554.      9.46435E-2 2.34263E+4 0.00000E+0 0.00000E+0 0.00000E+02367400302973 
 1554.      9.49523E-2 2.33882E+4 0.00000E+0 0.00000E+0 0.00000E+02367400302974 
 1554.      9.52622E-2 2.33501E+4 0.00000E+0 0.00000E+0 0.00000E+02367400302975 
 1554.      9.55735E-2 2.33121E+4 0.00000E+0 0.00000E+0 0.00000E+02367400302976 
 1554.      9.58865E-2 2.32740E+4 0.00000E+0 0.00000E+0 0.00000E+02367400302977 
 1554.      9.62013E-2 2.32359E+4 0.00000E+0 0.00000E+0 0.00000E+02367400302978 
 1554.      9.65175E-2 2.31978E+4 0.00000E+0 0.00000E+0 0.00000E+02367400302979 
 1554.      9.68353E-2 2.31597E+4 0.00000E+0 0.00000E+0 0.00000E+02367400302980 
 1554.      9.71545E-2 2.31216E+4 0.00000E+0 0.00000E+0 0.00000E+02367400302981 
 1554.      9.74752E-2 2.30836E+4 0.00000E+0 0.00000E+0 0.00000E+02367400302982 
 1554.      9.77975E-2 2.30455E+4 0.00000E+0 0.00000E+0 0.00000E+02367400302983 
 1554.      9.81215E-2 2.30074E+4 0.00000E+0 0.00000E+0 0.00000E+02367400302984 
 1554.      9.84473E-2 2.29693E+4 0.00000E+0 0.00000E+0 0.00000E+02367400302985 
 1554.      9.87745E-2 2.29313E+4 0.00000E+0 0.00000E+0 0.00000E+02367400302986 
 1554.      9.91033E-2 2.28932E+4 0.00000E+0 0.00000E+0 0.00000E+02367400302987 
 1554.      9.94335E-2 2.28552E+4 0.00000E+0 0.00000E+0 0.00000E+02367400302988 
 1554.      9.97655E-2 2.28171E+4 0.00000E+0 0.00000E+0 0.00000E+02367400302989 
 1554.      1.00099E-1 2.27790E+4 0.00000E+0 0.00000E+0 0.00000E+02367400302990 
 1554.      1.00435E-1 2.27409E+4 0.00000E+0 0.00000E+0 0.00000E+02367400302991 
 1554.      1.00773E-1 2.27028E+4 0.00000E+0 0.00000E+0 0.00000E+02367400302992 
 1554.      1.01111E-1 2.26647E+4 0.00000E+0 0.00000E+0 0.00000E+02367400302993 
 1554.      1.01452E-1 2.26267E+4 0.00000E+0 0.00000E+0 0.00000E+02367400302994 
 1554.      1.01794E-1 2.25886E+4 0.00000E+0 0.00000E+0 0.00000E+02367400302995 
 1554.      1.02139E-1 2.25505E+4 0.00000E+0 0.00000E+0 0.00000E+02367400302996 
 1554.      1.02485E-1 2.25124E+4 0.00000E+0 0.00000E+0 0.00000E+02367400302997 
 1554.      1.02832E-1 2.24743E+4 0.00000E+0 0.00000E+0 0.00000E+02367400302998 
 1554.      1.03181E-1 2.24363E+4 0.00000E+0 0.00000E+0 0.00000E+02367400302999 
 1554.      1.03532E-1 2.23982E+4 0.00000E+0 0.00000E+0 0.00000E+02367400303000 
 1554.      1.03886E-1 2.23601E+4 0.00000E+0 0.00000E+0 0.00000E+02367400303001 
 1554.      1.04240E-1 2.23221E+4 0.00000E+0 0.00000E+0 0.00000E+02367400303002 
 1554.      1.04597E-1 2.22840E+4 0.00000E+0 0.00000E+0 0.00000E+02367400303003 
 1554.      1.04955E-1 2.22459E+4 0.00000E+0 0.00000E+0 0.00000E+02367400303004 
 1554.      1.05316E-1 2.22078E+4 0.00000E+0 0.00000E+0 0.00000E+02367400303005 
 1554.      1.05678E-1 2.21698E+4 0.00000E+0 0.00000E+0 0.00000E+02367400303006 
 1554.      1.06041E-1 2.21317E+4 0.00000E+0 0.00000E+0 0.00000E+02367400303007 
 1554.      1.06407E-1 2.20936E+4 0.00000E+0 0.00000E+0 0.00000E+02367400303008 
 1554.      1.06775E-1 2.20555E+4 0.00000E+0 0.00000E+0 0.00000E+02367400303009 
 1554.      1.07145E-1 2.20174E+4 0.00000E+0 0.00000E+0 0.00000E+02367400303010 
 1554.      1.07517E-1 2.19794E+4 0.00000E+0 0.00000E+0 0.00000E+02367400303011 
 1554.      1.07890E-1 2.19413E+4 0.00000E+0 0.00000E+0 0.00000E+02367400303012 
 1554.      1.08266E-1 2.19032E+4 0.00000E+0 0.00000E+0 0.00000E+02367400303013 
 1554.      1.08643E-1 2.18651E+4 0.00000E+0 0.00000E+0 0.00000E+02367400303014 
 1554.      1.09023E-1 2.18271E+4 0.00000E+0 0.00000E+0 0.00000E+02367400303015 
 1554.      1.09404E-1 2.17890E+4 0.00000E+0 0.00000E+0 0.00000E+02367400303016 
 1554.      1.09788E-1 2.17509E+4 0.00000E+0 0.00000E+0 0.00000E+02367400303017 
 1554.      1.10173E-1 2.17129E+4 0.00000E+0 0.00000E+0 0.00000E+02367400303018 
 1554.      1.10560E-1 2.16748E+4 0.00000E+0 0.00000E+0 0.00000E+02367400303019 
 1554.      1.10950E-1 2.16367E+4 0.00000E+0 0.00000E+0 0.00000E+02367400303020 
 1554.      1.11341E-1 2.15986E+4 0.00000E+0 0.00000E+0 0.00000E+02367400303021 
 1554.      1.11736E-1 2.15605E+4 0.00000E+0 0.00000E+0 0.00000E+02367400303022 
 1554.      1.12131E-1 2.15224E+4 0.00000E+0 0.00000E+0 0.00000E+02367400303023 
 1554.      1.12529E-1 2.14844E+4 0.00000E+0 0.00000E+0 0.00000E+02367400303024 
 1554.      1.12929E-1 2.14463E+4 0.00000E+0 0.00000E+0 0.00000E+02367400303025 
 1554.      1.13331E-1 2.14082E+4 0.00000E+0 0.00000E+0 0.00000E+02367400303026 
 1554.      1.13736E-1 2.13701E+4 0.00000E+0 0.00000E+0 0.00000E+02367400303027 
 1554.      1.14142E-1 2.13321E+4 0.00000E+0 0.00000E+0 0.00000E+02367400303028 
 1554.      1.14550E-1 2.12940E+4 0.00000E+0 0.00000E+0 0.00000E+02367400303029 
 1554.      1.14961E-1 2.12559E+4 0.00000E+0 0.00000E+0 0.00000E+02367400303030 
 1554.      1.15375E-1 2.12178E+4 0.00000E+0 0.00000E+0 0.00000E+02367400303031 
 1554.      1.15790E-1 2.11798E+4 0.00000E+0 0.00000E+0 0.00000E+02367400303032 
 1554.      1.16207E-1 2.11417E+4 0.00000E+0 0.00000E+0 0.00000E+02367400303033 
 1554.      1.16627E-1 2.11036E+4 0.00000E+0 0.00000E+0 0.00000E+02367400303034 
 1554.      1.17049E-1 2.10656E+4 0.00000E+0 0.00000E+0 0.00000E+02367400303035 
 1554.      1.17473E-1 2.10275E+4 0.00000E+0 0.00000E+0 0.00000E+02367400303036 
 1554.      1.17900E-1 2.09894E+4 0.00000E+0 0.00000E+0 0.00000E+02367400303037 
 1554.      1.18329E-1 2.09514E+4 0.00000E+0 0.00000E+0 0.00000E+02367400303038 
 1554.      1.18761E-1 2.09132E+4 0.00000E+0 0.00000E+0 0.00000E+02367400303039 
 1554.      1.19194E-1 2.08751E+4 0.00000E+0 0.00000E+0 0.00000E+02367400303040 
 1554.      1.19631E-1 2.08371E+4 0.00000E+0 0.00000E+0 0.00000E+02367400303041 
 1554.      1.20069E-1 2.07990E+4 0.00000E+0 0.00000E+0 0.00000E+02367400303042 
 1554.      1.20509E-1 2.07610E+4 0.00000E+0 0.00000E+0 0.00000E+02367400303043 
 1554.      1.20953E-1 2.07229E+4 0.00000E+0 0.00000E+0 0.00000E+02367400303044 
 1554.      1.21399E-1 2.06848E+4 0.00000E+0 0.00000E+0 0.00000E+02367400303045 
 1554.      1.21847E-1 2.06467E+4 0.00000E+0 0.00000E+0 0.00000E+02367400303046 
 1554.      1.22298E-1 2.06087E+4 0.00000E+0 0.00000E+0 0.00000E+02367400303047 
 1554.      1.22751E-1 2.05706E+4 0.00000E+0 0.00000E+0 0.00000E+02367400303048 
 1554.      1.23206E-1 2.05325E+4 0.00000E+0 0.00000E+0 0.00000E+02367400303049 
 1554.      1.23665E-1 2.04944E+4 0.00000E+0 0.00000E+0 0.00000E+02367400303050 
 1554.      1.24126E-1 2.04564E+4 0.00000E+0 0.00000E+0 0.00000E+02367400303051 
 1554.      1.24589E-1 2.04183E+4 0.00000E+0 0.00000E+0 0.00000E+02367400303052 
 1554.      1.25056E-1 2.03802E+4 0.00000E+0 0.00000E+0 0.00000E+02367400303053 
 1554.      1.25524E-1 2.03421E+4 0.00000E+0 0.00000E+0 0.00000E+02367400303054 
 1554.      1.25996E-1 2.03040E+4 0.00000E+0 0.00000E+0 0.00000E+02367400303055 
 1554.      1.26470E-1 2.02659E+4 0.00000E+0 0.00000E+0 0.00000E+02367400303056 
 1554.      1.26947E-1 2.02279E+4 0.00000E+0 0.00000E+0 0.00000E+02367400303057 
 1554.      1.27426E-1 2.01898E+4 0.00000E+0 0.00000E+0 0.00000E+02367400303058 
 1554.      1.27908E-1 2.01517E+4 0.00000E+0 0.00000E+0 0.00000E+02367400303059 
 1554.      1.28393E-1 2.01136E+4 0.00000E+0 0.00000E+0 0.00000E+02367400303060 
 1554.      1.28880E-1 2.00756E+4 0.00000E+0 0.00000E+0 0.00000E+02367400303061 
 1554.      1.29370E-1 2.00375E+4 0.00000E+0 0.00000E+0 0.00000E+02367400303062 
 1554.      1.29864E-1 1.99994E+4 0.00000E+0 0.00000E+0 0.00000E+02367400303063 
 1554.      1.30360E-1 1.99613E+4 0.00000E+0 0.00000E+0 0.00000E+02367400303064 
 1554.      1.30859E-1 1.99232E+4 0.00000E+0 0.00000E+0 0.00000E+02367400303065 
 1554.      1.31360E-1 1.98852E+4 0.00000E+0 0.00000E+0 0.00000E+02367400303066 
 1554.      1.31865E-1 1.98471E+4 0.00000E+0 0.00000E+0 0.00000E+02367400303067 
 1554.      1.32373E-1 1.98090E+4 0.00000E+0 0.00000E+0 0.00000E+02367400303068 
 1554.      1.32883E-1 1.97709E+4 0.00000E+0 0.00000E+0 0.00000E+02367400303069 
 1554.      1.33397E-1 1.97329E+4 0.00000E+0 0.00000E+0 0.00000E+02367400303070 
 1554.      1.33913E-1 1.96948E+4 0.00000E+0 0.00000E+0 0.00000E+02367400303071 
 1554.      1.34432E-1 1.96567E+4 0.00000E+0 0.00000E+0 0.00000E+02367400303072 
 1554.      1.34954E-1 1.96187E+4 0.00000E+0 0.00000E+0 0.00000E+02367400303073 
 1554.      1.35480E-1 1.95806E+4 0.00000E+0 0.00000E+0 0.00000E+02367400303074 
 1554.      1.36008E-1 1.95425E+4 0.00000E+0 0.00000E+0 0.00000E+02367400303075 
 1554.      1.36540E-1 1.95044E+4 0.00000E+0 0.00000E+0 0.00000E+02367400303076 
 1554.      1.37075E-1 1.94664E+4 0.00000E+0 0.00000E+0 0.00000E+02367400303077 
 1554.      1.37613E-1 1.94283E+4 0.00000E+0 0.00000E+0 0.00000E+02367400303078 
 1554.      1.38154E-1 1.93902E+4 0.00000E+0 0.00000E+0 0.00000E+02367400303079 
 1554.      1.38699E-1 1.93521E+4 0.00000E+0 0.00000E+0 0.00000E+02367400303080 
 1554.      1.39246E-1 1.93140E+4 0.00000E+0 0.00000E+0 0.00000E+02367400303081 
 1554.      1.39797E-1 1.92760E+4 0.00000E+0 0.00000E+0 0.00000E+02367400303082 
 1554.      1.40351E-1 1.92379E+4 0.00000E+0 0.00000E+0 0.00000E+02367400303083 
 1554.      1.40908E-1 1.91998E+4 0.00000E+0 0.00000E+0 0.00000E+02367400303084 
 1554.      1.41469E-1 1.91617E+4 0.00000E+0 0.00000E+0 0.00000E+02367400303085 
 1554.      1.42033E-1 1.91237E+4 0.00000E+0 0.00000E+0 0.00000E+02367400303086 
 1554.      1.42600E-1 1.90856E+4 0.00000E+0 0.00000E+0 0.00000E+02367400303087 
 1554.      1.43171E-1 1.90475E+4 0.00000E+0 0.00000E+0 0.00000E+02367400303088 
 1554.      1.43745E-1 1.90095E+4 0.00000E+0 0.00000E+0 0.00000E+02367400303089 
 1554.      1.44323E-1 1.89714E+4 0.00000E+0 0.00000E+0 0.00000E+02367400303090 
 1554.      1.44904E-1 1.89333E+4 0.00000E+0 0.00000E+0 0.00000E+02367400303091 
 1554.      1.45489E-1 1.88952E+4 0.00000E+0 0.00000E+0 0.00000E+02367400303092 
 1554.      1.46077E-1 1.88571E+4 0.00000E+0 0.00000E+0 0.00000E+02367400303093 
 1554.      1.46669E-1 1.88191E+4 0.00000E+0 0.00000E+0 0.00000E+02367400303094 
 1554.      1.47265E-1 1.87810E+4 0.00000E+0 0.00000E+0 0.00000E+02367400303095 
 1554.      1.47864E-1 1.87429E+4 0.00000E+0 0.00000E+0 0.00000E+02367400303096 
 1554.      1.48466E-1 1.87048E+4 0.00000E+0 0.00000E+0 0.00000E+02367400303097 
 1554.      1.49073E-1 1.86667E+4 0.00000E+0 0.00000E+0 0.00000E+02367400303098 
 1554.      1.49683E-1 1.86287E+4 0.00000E+0 0.00000E+0 0.00000E+02367400303099 
 1554.      1.50297E-1 1.85906E+4 0.00000E+0 0.00000E+0 0.00000E+02367400303100 
 1554.      1.50915E-1 1.85525E+4 0.00000E+0 0.00000E+0 0.00000E+02367400303101 
 1554.      1.51536E-1 1.85144E+4 0.00000E+0 0.00000E+0 0.00000E+02367400303102 
 1554.      1.52162E-1 1.84763E+4 0.00000E+0 0.00000E+0 0.00000E+02367400303103 
 1554.      1.52791E-1 1.84383E+4 0.00000E+0 0.00000E+0 0.00000E+02367400303104 
 1554.      1.53424E-1 1.84002E+4 0.00000E+0 0.00000E+0 0.00000E+02367400303105 
 1554.      1.54061E-1 1.83621E+4 0.00000E+0 0.00000E+0 0.00000E+02367400303106 
 1554.      1.54702E-1 1.83241E+4 0.00000E+0 0.00000E+0 0.00000E+02367400303107 
 1554.      1.55347E-1 1.82860E+4 0.00000E+0 0.00000E+0 0.00000E+02367400303108 
 1554.      1.55996E-1 1.82479E+4 0.00000E+0 0.00000E+0 0.00000E+02367400303109 
 1554.      1.56649E-1 1.82098E+4 0.00000E+0 0.00000E+0 0.00000E+02367400303110 
 1554.      1.57307E-1 1.81718E+4 0.00000E+0 0.00000E+0 0.00000E+02367400303111 
 1554.      1.57968E-1 1.81337E+4 0.00000E+0 0.00000E+0 0.00000E+02367400303112 
 1554.      1.58634E-1 1.80956E+4 0.00000E+0 0.00000E+0 0.00000E+02367400303113 
 1554.      1.59304E-1 1.80575E+4 0.00000E+0 0.00000E+0 0.00000E+02367400303114 
 1554.      1.59978E-1 1.80194E+4 0.00000E+0 0.00000E+0 0.00000E+02367400303115 
 1554.      1.60656E-1 1.79814E+4 0.00000E+0 0.00000E+0 0.00000E+02367400303116 
 1554.      1.61339E-1 1.79433E+4 0.00000E+0 0.00000E+0 0.00000E+02367400303117 
 1554.      1.62026E-1 1.79052E+4 0.00000E+0 0.00000E+0 0.00000E+02367400303118 
 1554.      1.62718E-1 1.78671E+4 0.00000E+0 0.00000E+0 0.00000E+02367400303119 
 1554.      1.63414E-1 1.78290E+4 0.00000E+0 0.00000E+0 0.00000E+02367400303120 
 1554.      1.64114E-1 1.77910E+4 0.00000E+0 0.00000E+0 0.00000E+02367400303121 
 1554.      1.64819E-1 1.77529E+4 0.00000E+0 0.00000E+0 0.00000E+02367400303122 
 1554.      1.65528E-1 1.77148E+4 0.00000E+0 0.00000E+0 0.00000E+02367400303123 
 1554.      1.66242E-1 1.76768E+4 0.00000E+0 0.00000E+0 0.00000E+02367400303124 
 1554.      1.66961E-1 1.76387E+4 0.00000E+0 0.00000E+0 0.00000E+02367400303125 
 1554.      1.67684E-1 1.76006E+4 0.00000E+0 0.00000E+0 0.00000E+02367400303126 
 1554.      1.68412E-1 1.75626E+4 0.00000E+0 0.00000E+0 0.00000E+02367400303127 
 1554.      1.69145E-1 1.75245E+4 0.00000E+0 0.00000E+0 0.00000E+02367400303128 
 1554.      1.69883E-1 1.74864E+4 0.00000E+0 0.00000E+0 0.00000E+02367400303129 
 1554.      1.70625E-1 1.74483E+4 0.00000E+0 0.00000E+0 0.00000E+02367400303130 
 1554.      1.71373E-1 1.74102E+4 0.00000E+0 0.00000E+0 0.00000E+02367400303131 
 1554.      1.72125E-1 1.73721E+4 0.00000E+0 0.00000E+0 0.00000E+02367400303132 
 1554.      1.72882E-1 1.73341E+4 0.00000E+0 0.00000E+0 0.00000E+02367400303133 
 1554.      1.73644E-1 1.72960E+4 0.00000E+0 0.00000E+0 0.00000E+02367400303134 
 1554.      1.74412E-1 1.72579E+4 0.00000E+0 0.00000E+0 0.00000E+02367400303135 
 1554.      1.75185E-1 1.72198E+4 0.00000E+0 0.00000E+0 0.00000E+02367400303136 
 1554.      1.75962E-1 1.71818E+4 0.00000E+0 0.00000E+0 0.00000E+02367400303137 
 1554.      1.76744E-1 1.71437E+4 0.00000E+0 0.00000E+0 0.00000E+02367400303138 
 1554.      1.77532E-1 1.71056E+4 0.00000E+0 0.00000E+0 0.00000E+02367400303139 
 1554.      1.78326E-1 1.70676E+4 0.00000E+0 0.00000E+0 0.00000E+02367400303140 
 1554.      1.79124E-1 1.70295E+4 0.00000E+0 0.00000E+0 0.00000E+02367400303141 
 1554.      1.79928E-1 1.69914E+4 0.00000E+0 0.00000E+0 0.00000E+02367400303142 
 1554.      1.80737E-1 1.69533E+4 0.00000E+0 0.00000E+0 0.00000E+02367400303143 
 1554.      1.81552E-1 1.69152E+4 0.00000E+0 0.00000E+0 0.00000E+02367400303144 
 1554.      1.82372E-1 1.68772E+4 0.00000E+0 0.00000E+0 0.00000E+02367400303145 
 1554.      1.83198E-1 1.68391E+4 0.00000E+0 0.00000E+0 0.00000E+02367400303146 
 1554.      1.84030E-1 1.68010E+4 0.00000E+0 0.00000E+0 0.00000E+02367400303147 
 1554.      1.84867E-1 1.67629E+4 0.00000E+0 0.00000E+0 0.00000E+02367400303148 
 1554.      1.85711E-1 1.67249E+4 0.00000E+0 0.00000E+0 0.00000E+02367400303149 
 1554.      1.86559E-1 1.66868E+4 0.00000E+0 0.00000E+0 0.00000E+02367400303150 
 1554.      1.87414E-1 1.66487E+4 0.00000E+0 0.00000E+0 0.00000E+02367400303151 
 1554.      1.88274E-1 1.66106E+4 0.00000E+0 0.00000E+0 0.00000E+02367400303152 
 1554.      1.89141E-1 1.65725E+4 0.00000E+0 0.00000E+0 0.00000E+02367400303153 
 1554.      1.90013E-1 1.65345E+4 0.00000E+0 0.00000E+0 0.00000E+02367400303154 
 1554.      1.90891E-1 1.64964E+4 0.00000E+0 0.00000E+0 0.00000E+02367400303155 
 1554.      1.91776E-1 1.64583E+4 0.00000E+0 0.00000E+0 0.00000E+02367400303156 
 1554.      1.92666E-1 1.64203E+4 0.00000E+0 0.00000E+0 0.00000E+02367400303157 
 1554.      1.93563E-1 1.63822E+4 0.00000E+0 0.00000E+0 0.00000E+02367400303158 
 1554.      1.94467E-1 1.63441E+4 0.00000E+0 0.00000E+0 0.00000E+02367400303159 
 1554.      1.95376E-1 1.63060E+4 0.00000E+0 0.00000E+0 0.00000E+02367400303160 
 1554.      1.96292E-1 1.62679E+4 0.00000E+0 0.00000E+0 0.00000E+02367400303161 
 1554.      1.97215E-1 1.62299E+4 0.00000E+0 0.00000E+0 0.00000E+02367400303162 
 1554.      1.98144E-1 1.61918E+4 0.00000E+0 0.00000E+0 0.00000E+02367400303163 
 1554.      1.99080E-1 1.61537E+4 0.00000E+0 0.00000E+0 0.00000E+02367400303164 
 1554.      2.00022E-1 1.61156E+4 0.00000E+0 0.00000E+0 0.00000E+02367400303165 
 1554.      2.00970E-1 1.60775E+4 0.00000E+0 0.00000E+0 0.00000E+02367400303166 
 1554.      2.01926E-1 1.60395E+4 0.00000E+0 0.00000E+0 0.00000E+02367400303167 
 1554.      2.02889E-1 1.60014E+4 0.00000E+0 0.00000E+0 0.00000E+02367400303168 
 1554.      2.03858E-1 1.59633E+4 0.00000E+0 0.00000E+0 0.00000E+02367400303169 
 1554.      2.04834E-1 1.59253E+4 0.00000E+0 0.00000E+0 0.00000E+02367400303170 
 1554.      2.05817E-1 1.58872E+4 0.00000E+0 0.00000E+0 0.00000E+02367400303171 
 1554.      2.06808E-1 1.58491E+4 0.00000E+0 0.00000E+0 0.00000E+02367400303172 
 1554.      2.07805E-1 1.58110E+4 0.00000E+0 0.00000E+0 0.00000E+02367400303173 
 1554.      2.08810E-1 1.57730E+4 0.00000E+0 0.00000E+0 0.00000E+02367400303174 
 1554.      2.09822E-1 1.57349E+4 0.00000E+0 0.00000E+0 0.00000E+02367400303175 
 1554.      2.10842E-1 1.56968E+4 0.00000E+0 0.00000E+0 0.00000E+02367400303176 
 1554.      2.11869E-1 1.56587E+4 0.00000E+0 0.00000E+0 0.00000E+02367400303177 
 1554.      2.12903E-1 1.56206E+4 0.00000E+0 0.00000E+0 0.00000E+02367400303178 
 1554.      2.13945E-1 1.55826E+4 0.00000E+0 0.00000E+0 0.00000E+02367400303179 
 1554.      2.14995E-1 1.55445E+4 0.00000E+0 0.00000E+0 0.00000E+02367400303180 
 1554.      2.16053E-1 1.55064E+4 0.00000E+0 0.00000E+0 0.00000E+02367400303181 
 1554.      2.17118E-1 1.54683E+4 0.00000E+0 0.00000E+0 0.00000E+02367400303182 
 1554.      2.18191E-1 1.54303E+4 0.00000E+0 0.00000E+0 0.00000E+02367400303183 
 1554.      2.19272E-1 1.53922E+4 0.00000E+0 0.00000E+0 0.00000E+02367400303184 
 1554.      2.20362E-1 1.53541E+4 0.00000E+0 0.00000E+0 0.00000E+02367400303185 
 1554.      2.21459E-1 1.53160E+4 0.00000E+0 0.00000E+0 0.00000E+02367400303186 
 1554.      2.22565E-1 1.52779E+4 0.00000E+0 0.00000E+0 0.00000E+02367400303187 
 1554.      2.23679E-1 1.52399E+4 0.00000E+0 0.00000E+0 0.00000E+02367400303188 
 1554.      2.24801E-1 1.52018E+4 0.00000E+0 0.00000E+0 0.00000E+02367400303189 
 1554.      2.25932E-1 1.51637E+4 0.00000E+0 0.00000E+0 0.00000E+02367400303190 
 1554.      2.27071E-1 1.51256E+4 0.00000E+0 0.00000E+0 0.00000E+02367400303191 
 1554.      2.28219E-1 1.50876E+4 0.00000E+0 0.00000E+0 0.00000E+02367400303192 
 1554.      2.29376E-1 1.50495E+4 0.00000E+0 0.00000E+0 0.00000E+02367400303193 
 1554.      2.30542E-1 1.50114E+4 0.00000E+0 0.00000E+0 0.00000E+02367400303194 
 1554.      2.31716E-1 1.49733E+4 0.00000E+0 0.00000E+0 0.00000E+02367400303195 
 1554.      2.32899E-1 1.49353E+4 0.00000E+0 0.00000E+0 0.00000E+02367400303196 
 1554.      2.34092E-1 1.48972E+4 0.00000E+0 0.00000E+0 0.00000E+02367400303197 
 1554.      2.35293E-1 1.48591E+4 0.00000E+0 0.00000E+0 0.00000E+02367400303198 
 1554.      2.36504E-1 1.48210E+4 0.00000E+0 0.00000E+0 0.00000E+02367400303199 
 1554.      2.37725E-1 1.47830E+4 0.00000E+0 0.00000E+0 0.00000E+02367400303200 
 1554.      2.38955E-1 1.47449E+4 0.00000E+0 0.00000E+0 0.00000E+02367400303201 
 1554.      2.40194E-1 1.47068E+4 0.00000E+0 0.00000E+0 0.00000E+02367400303202 
 1554.      2.41443E-1 1.46687E+4 0.00000E+0 0.00000E+0 0.00000E+02367400303203 
 1554.      2.42702E-1 1.46307E+4 0.00000E+0 0.00000E+0 0.00000E+02367400303204 
 1554.      2.43970E-1 1.45926E+4 0.00000E+0 0.00000E+0 0.00000E+02367400303205 
 1554.      2.45249E-1 1.45545E+4 0.00000E+0 0.00000E+0 0.00000E+02367400303206 
 1554.      2.46538E-1 1.45164E+4 0.00000E+0 0.00000E+0 0.00000E+02367400303207 
 1554.      2.47837E-1 1.44783E+4 0.00000E+0 0.00000E+0 0.00000E+02367400303208 
 1554.      2.49146E-1 1.44403E+4 0.00000E+0 0.00000E+0 0.00000E+02367400303209 
 1554.      2.50466E-1 1.44022E+4 0.00000E+0 0.00000E+0 0.00000E+02367400303210 
 1554.      2.51796E-1 1.43641E+4 0.00000E+0 0.00000E+0 0.00000E+02367400303211 
 1554.      2.53137E-1 1.43260E+4 0.00000E+0 0.00000E+0 0.00000E+02367400303212 
 1554.      2.54489E-1 1.42880E+4 0.00000E+0 0.00000E+0 0.00000E+02367400303213 
 1554.      2.55851E-1 1.42499E+4 0.00000E+0 0.00000E+0 0.00000E+02367400303214 
 1554.      2.57224E-1 1.42118E+4 0.00000E+0 0.00000E+0 0.00000E+02367400303215 
 1554.      2.58609E-1 1.41737E+4 0.00000E+0 0.00000E+0 0.00000E+02367400303216 
 1554.      2.60004E-1 1.41357E+4 0.00000E+0 0.00000E+0 0.00000E+02367400303217 
 1554.      2.61411E-1 1.40976E+4 0.00000E+0 0.00000E+0 0.00000E+02367400303218 
 1554.      2.62830E-1 1.40595E+4 0.00000E+0 0.00000E+0 0.00000E+02367400303219 
 1554.      2.64260E-1 1.40214E+4 0.00000E+0 0.00000E+0 0.00000E+02367400303220 
 1554.      2.65702E-1 1.39833E+4 0.00000E+0 0.00000E+0 0.00000E+02367400303221 
 1554.      2.67155E-1 1.39453E+4 0.00000E+0 0.00000E+0 0.00000E+02367400303222 
 1554.      2.68621E-1 1.39072E+4 0.00000E+0 0.00000E+0 0.00000E+02367400303223 
 1554.      2.70098E-1 1.38691E+4 0.00000E+0 0.00000E+0 0.00000E+02367400303224 
 1554.      2.71588E-1 1.38310E+4 0.00000E+0 0.00000E+0 0.00000E+02367400303225 
 1554.      2.73090E-1 1.37930E+4 0.00000E+0 0.00000E+0 0.00000E+02367400303226 
 1554.      2.74605E-1 1.37549E+4 0.00000E+0 0.00000E+0 0.00000E+02367400303227 
 1554.      2.76132E-1 1.37168E+4 0.00000E+0 0.00000E+0 0.00000E+02367400303228 
 1554.      2.77672E-1 1.36787E+4 0.00000E+0 0.00000E+0 0.00000E+02367400303229 
 1554.      2.79225E-1 1.36407E+4 0.00000E+0 0.00000E+0 0.00000E+02367400303230 
 1554.      2.80791E-1 1.36026E+4 0.00000E+0 0.00000E+0 0.00000E+02367400303231 
 1554.      2.82371E-1 1.35645E+4 0.00000E+0 0.00000E+0 0.00000E+02367400303232 
 1554.      2.83963E-1 1.35264E+4 0.00000E+0 0.00000E+0 0.00000E+02367400303233 
 1554.      2.85569E-1 1.34884E+4 0.00000E+0 0.00000E+0 0.00000E+02367400303234 
 1554.      2.87189E-1 1.34503E+4 0.00000E+0 0.00000E+0 0.00000E+02367400303235 
 1554.      2.88823E-1 1.34122E+4 0.00000E+0 0.00000E+0 0.00000E+02367400303236 
 1554.      2.90471E-1 1.33741E+4 0.00000E+0 0.00000E+0 0.00000E+02367400303237 
 1554.      2.92133E-1 1.33361E+4 0.00000E+0 0.00000E+0 0.00000E+02367400303238 
 1554.      2.93809E-1 1.32980E+4 0.00000E+0 0.00000E+0 0.00000E+02367400303239 
 1554.      2.95500E-1 1.32599E+4 0.00000E+0 0.00000E+0 0.00000E+02367400303240 
 1554.      2.97205E-1 1.32218E+4 0.00000E+0 0.00000E+0 0.00000E+02367400303241 
 1554.      2.98925E-1 1.31837E+4 0.00000E+0 0.00000E+0 0.00000E+02367400303242 
 1554.      3.00660E-1 1.31457E+4 0.00000E+0 0.00000E+0 0.00000E+02367400303243 
 1554.      3.02410E-1 1.31076E+4 0.00000E+0 0.00000E+0 0.00000E+02367400303244 
 1554.      3.04176E-1 1.30695E+4 0.00000E+0 0.00000E+0 0.00000E+02367400303245 
 1554.      3.05957E-1 1.30314E+4 0.00000E+0 0.00000E+0 0.00000E+02367400303246 
 1554.      3.07753E-1 1.29934E+4 0.00000E+0 0.00000E+0 0.00000E+02367400303247 
 1554.      3.09566E-1 1.29553E+4 0.00000E+0 0.00000E+0 0.00000E+02367400303248 
 1554.      3.11394E-1 1.29172E+4 0.00000E+0 0.00000E+0 0.00000E+02367400303249 
 1554.      3.13239E-1 1.28791E+4 0.00000E+0 0.00000E+0 0.00000E+02367400303250 
 1554.      3.15100E-1 1.28411E+4 0.00000E+0 0.00000E+0 0.00000E+02367400303251 
 1554.      3.16978E-1 1.28030E+4 0.00000E+0 0.00000E+0 0.00000E+02367400303252 
 1554.      3.18873E-1 1.27649E+4 0.00000E+0 0.00000E+0 0.00000E+02367400303253 
 1554.      3.20785E-1 1.27268E+4 0.00000E+0 0.00000E+0 0.00000E+02367400303254 
 1554.      3.22715E-1 1.26887E+4 0.00000E+0 0.00000E+0 0.00000E+02367400303255 
 1554.      3.24661E-1 1.26507E+4 0.00000E+0 0.00000E+0 0.00000E+02367400303256 
 1554.      3.26626E-1 1.26126E+4 0.00000E+0 0.00000E+0 0.00000E+02367400303257 
 1554.      3.28607E-1 1.25745E+4 0.00000E+0 0.00000E+0 0.00000E+02367400303258 
 1554.      3.30607E-1 1.25364E+4 0.00000E+0 0.00000E+0 0.00000E+02367400303259 
 1554.      3.32626E-1 1.24984E+4 0.00000E+0 0.00000E+0 0.00000E+02367400303260 
 1554.      3.34663E-1 1.24603E+4 0.00000E+0 0.00000E+0 0.00000E+02367400303261 
 1554.      3.36719E-1 1.24222E+4 0.00000E+0 0.00000E+0 0.00000E+02367400303262 
 1554.      3.38794E-1 1.23841E+4 0.00000E+0 0.00000E+0 0.00000E+02367400303263 
 1554.      3.40888E-1 1.23461E+4 0.00000E+0 0.00000E+0 0.00000E+02367400303264 
 1554.      3.43002E-1 1.23080E+4 0.00000E+0 0.00000E+0 0.00000E+02367400303265 
 1554.      3.45135E-1 1.22699E+4 0.00000E+0 0.00000E+0 0.00000E+02367400303266 
 1554.      3.47288E-1 1.22318E+4 0.00000E+0 0.00000E+0 0.00000E+02367400303267 
 1554.      3.49462E-1 1.21937E+4 0.00000E+0 0.00000E+0 0.00000E+02367400303268 
 1554.      3.51656E-1 1.21557E+4 0.00000E+0 0.00000E+0 0.00000E+02367400303269 
 1554.      3.53870E-1 1.21176E+4 0.00000E+0 0.00000E+0 0.00000E+02367400303270 
 1554.      3.56106E-1 1.20795E+4 0.00000E+0 0.00000E+0 0.00000E+02367400303271 
 1554.      3.58363E-1 1.20414E+4 0.00000E+0 0.00000E+0 0.00000E+02367400303272 
 1554.      3.60642E-1 1.20034E+4 0.00000E+0 0.00000E+0 0.00000E+02367400303273 
 1554.      3.62942E-1 1.19653E+4 0.00000E+0 0.00000E+0 0.00000E+02367400303274 
 1554.      3.65264E-1 1.19272E+4 0.00000E+0 0.00000E+0 0.00000E+02367400303275 
 1554.      3.67609E-1 1.18891E+4 0.00000E+0 0.00000E+0 0.00000E+02367400303276 
 1554.      3.69976E-1 1.18511E+4 0.00000E+0 0.00000E+0 0.00000E+02367400303277 
 1554.      3.72367E-1 1.18130E+4 0.00000E+0 0.00000E+0 0.00000E+02367400303278 
 1554.      3.74780E-1 1.17749E+4 0.00000E+0 0.00000E+0 0.00000E+02367400303279 
 1554.      3.77217E-1 1.17368E+4 0.00000E+0 0.00000E+0 0.00000E+02367400303280 
 1554.      3.79678E-1 1.16988E+4 0.00000E+0 0.00000E+0 0.00000E+02367400303281 
 1554.      3.82163E-1 1.16607E+4 0.00000E+0 0.00000E+0 0.00000E+02367400303282 
 1554.      3.84673E-1 1.16226E+4 0.00000E+0 0.00000E+0 0.00000E+02367400303283 
 1554.      3.87208E-1 1.15845E+4 0.00000E+0 0.00000E+0 0.00000E+02367400303284 
 1554.      3.89767E-1 1.15465E+4 0.00000E+0 0.00000E+0 0.00000E+02367400303285 
 1554.      3.92352E-1 1.15084E+4 0.00000E+0 0.00000E+0 0.00000E+02367400303286 
 1554.      3.94964E-1 1.14703E+4 0.00000E+0 0.00000E+0 0.00000E+02367400303287 
 1554.      3.97601E-1 1.14322E+4 0.00000E+0 0.00000E+0 0.00000E+02367400303288 
 1554.      4.00264E-1 1.13941E+4 0.00000E+0 0.00000E+0 0.00000E+02367400303289 
 1554.      4.02954E-1 1.13561E+4 0.00000E+0 0.00000E+0 0.00000E+02367400303290 
 1554.      4.05672E-1 1.13180E+4 0.00000E+0 0.00000E+0 0.00000E+02367400303291 
 1554.      4.08417E-1 1.12799E+4 0.00000E+0 0.00000E+0 0.00000E+02367400303292 
 1554.      4.11190E-1 1.12418E+4 0.00000E+0 0.00000E+0 0.00000E+02367400303293 
 1554.      4.13992E-1 1.12038E+4 0.00000E+0 0.00000E+0 0.00000E+02367400303294 
 1554.      4.16822E-1 1.11657E+4 0.00000E+0 0.00000E+0 0.00000E+02367400303295 
 1554.      4.19682E-1 1.11276E+4 0.00000E+0 0.00000E+0 0.00000E+02367400303296 
 1554.      4.22570E-1 1.10895E+4 0.00000E+0 0.00000E+0 0.00000E+02367400303297 
 1554.      4.25489E-1 1.10515E+4 0.00000E+0 0.00000E+0 0.00000E+02367400303298 
 1554.      4.28438E-1 1.10134E+4 0.00000E+0 0.00000E+0 0.00000E+02367400303299 
 1554.      4.31418E-1 1.09753E+4 0.00000E+0 0.00000E+0 0.00000E+02367400303300 
 1554.      4.34429E-1 1.09372E+4 0.00000E+0 0.00000E+0 0.00000E+02367400303301 
 1554.      4.37472E-1 1.08991E+4 0.00000E+0 0.00000E+0 0.00000E+02367400303302 
 1554.      4.40547E-1 1.08611E+4 0.00000E+0 0.00000E+0 0.00000E+02367400303303 
 1554.      4.43655E-1 1.08230E+4 0.00000E+0 0.00000E+0 0.00000E+02367400303304 
 1554.      4.46795E-1 1.07849E+4 0.00000E+0 0.00000E+0 0.00000E+02367400303305 
 1554.      4.49969E-1 1.07468E+4 0.00000E+0 0.00000E+0 0.00000E+02367400303306 
 1554.      4.53176E-1 1.07088E+4 0.00000E+0 0.00000E+0 0.00000E+02367400303307 
 1554.      4.56419E-1 1.06707E+4 0.00000E+0 0.00000E+0 0.00000E+02367400303308 
 1554.      4.59696E-1 1.06326E+4 0.00000E+0 0.00000E+0 0.00000E+02367400303309 
 1554.      4.63009E-1 1.05945E+4 0.00000E+0 0.00000E+0 0.00000E+02367400303310 
 1554.      4.66357E-1 1.05565E+4 0.00000E+0 0.00000E+0 0.00000E+02367400303311 
 1554.      4.69742E-1 1.05184E+4 0.00000E+0 0.00000E+0 0.00000E+02367400303312 
 1554.      4.73164E-1 1.04803E+4 0.00000E+0 0.00000E+0 0.00000E+02367400303313 
 1554.      4.76624E-1 1.04422E+4 0.00000E+0 0.00000E+0 0.00000E+02367400303314 
 1554.      4.80122E-1 1.04042E+4 0.00000E+0 0.00000E+0 0.00000E+02367400303315 
 1554.      4.83658E-1 1.03661E+4 0.00000E+0 0.00000E+0 0.00000E+02367400303316 
 1554.      4.87234E-1 1.03280E+4 0.00000E+0 0.00000E+0 0.00000E+02367400303317 
 1554.      4.90849E-1 1.02899E+4 0.00000E+0 0.00000E+0 0.00000E+02367400303318 
 1554.      4.94505E-1 1.02518E+4 0.00000E+0 0.00000E+0 0.00000E+02367400303319 
 1554.      4.98202E-1 1.02138E+4 0.00000E+0 0.00000E+0 0.00000E+02367400303320 
 1554.      5.01941E-1 1.01757E+4 0.00000E+0 0.00000E+0 0.00000E+02367400303321 
 1554.      5.05722E-1 1.01376E+4 0.00000E+0 0.00000E+0 0.00000E+02367400303322 
 1554.      5.09545E-1 1.00995E+4 0.00000E+0 0.00000E+0 0.00000E+02367400303323 
 1554.      5.13412E-1 1.00615E+4 0.00000E+0 0.00000E+0 0.00000E+02367400303324 
 1554.      5.17323E-1 1.00234E+4 0.00000E+0 0.00000E+0 0.00000E+02367400303325 
 1554.      5.21280E-1 9.98531E+3 0.00000E+0 0.00000E+0 0.00000E+02367400303326 
 1554.      5.25281E-1 9.94723E+3 0.00000E+0 0.00000E+0 0.00000E+02367400303327 
 1554.      5.29330E-1 9.90915E+3 0.00000E+0 0.00000E+0 0.00000E+02367400303328 
 1554.      5.33425E-1 9.87107E+3 0.00000E+0 0.00000E+0 0.00000E+02367400303329 
 1554.      5.37567E-1 9.83300E+3 0.00000E+0 0.00000E+0 0.00000E+02367400303330 
 1554.      5.41758E-1 9.79493E+3 0.00000E+0 0.00000E+0 0.00000E+02367400303331 
 1554.      5.45999E-1 9.75685E+3 0.00000E+0 0.00000E+0 0.00000E+02367400303332 
 1554.      5.50289E-1 9.71877E+3 0.00000E+0 0.00000E+0 0.00000E+02367400303333 
 1554.      5.54631E-1 9.68069E+3 0.00000E+0 0.00000E+0 0.00000E+02367400303334 
 1554.      5.59023E-1 9.64262E+3 0.00000E+0 0.00000E+0 0.00000E+02367400303335 
 1554.      5.63469E-1 9.60454E+3 0.00000E+0 0.00000E+0 0.00000E+02367400303336 
 1554.      5.67967E-1 9.56646E+3 0.00000E+0 0.00000E+0 0.00000E+02367400303337 
 1554.      5.72520E-1 9.52839E+3 0.00000E+0 0.00000E+0 0.00000E+02367400303338 
 1554.      5.77127E-1 9.49031E+3 0.00000E+0 0.00000E+0 0.00000E+02367400303339 
 1554.      5.81790E-1 9.45224E+3 0.00000E+0 0.00000E+0 0.00000E+02367400303340 
 1554.      5.86510E-1 9.41416E+3 0.00000E+0 0.00000E+0 0.00000E+02367400303341 
 1554.      5.91288E-1 9.37608E+3 0.00000E+0 0.00000E+0 0.00000E+02367400303342 
 1554.      5.96125E-1 9.33800E+3 0.00000E+0 0.00000E+0 0.00000E+02367400303343 
 1554.      6.01021E-1 9.29993E+3 0.00000E+0 0.00000E+0 0.00000E+02367400303344 
 1554.      6.05978E-1 9.26185E+3 0.00000E+0 0.00000E+0 0.00000E+02367400303345 
 1554.      6.10997E-1 9.22377E+3 0.00000E+0 0.00000E+0 0.00000E+02367400303346 
 1554.      6.16078E-1 9.18569E+3 0.00000E+0 0.00000E+0 0.00000E+02367400303347 
 1554.      6.21222E-1 9.14762E+3 0.00000E+0 0.00000E+0 0.00000E+02367400303348 
 1554.      6.26432E-1 9.10954E+3 0.00000E+0 0.00000E+0 0.00000E+02367400303349 
 1554.      6.31707E-1 9.07146E+3 0.00000E+0 0.00000E+0 0.00000E+02367400303350 
 1554.      6.37049E-1 9.03338E+3 0.00000E+0 0.00000E+0 0.00000E+02367400303351 
 1554.      6.42459E-1 8.99531E+3 0.00000E+0 0.00000E+0 0.00000E+02367400303352 
 1554.      6.47938E-1 8.95723E+3 0.00000E+0 0.00000E+0 0.00000E+02367400303353 
 1554.      6.53488E-1 8.91916E+3 0.00000E+0 0.00000E+0 0.00000E+02367400303354 
 1554.      6.59109E-1 8.88108E+3 0.00000E+0 0.00000E+0 0.00000E+02367400303355 
 1554.      6.64804E-1 8.84300E+3 0.00000E+0 0.00000E+0 0.00000E+02367400303356 
 1554.      6.70573E-1 8.80492E+3 0.00000E+0 0.00000E+0 0.00000E+02367400303357 
 1554.      6.76416E-1 8.76685E+3 0.00000E+0 0.00000E+0 0.00000E+02367400303358 
 1554.      6.82337E-1 8.72877E+3 0.00000E+0 0.00000E+0 0.00000E+02367400303359 
 1554.      6.88336E-1 8.69069E+3 0.00000E+0 0.00000E+0 0.00000E+02367400303360 
 1554.      6.94414E-1 8.65262E+3 0.00000E+0 0.00000E+0 0.00000E+02367400303361 
 1554.      7.00573E-1 8.61454E+3 0.00000E+0 0.00000E+0 0.00000E+02367400303362 
 1554.      7.06815E-1 8.57646E+3 0.00000E+0 0.00000E+0 0.00000E+02367400303363 
 1554.      7.13140E-1 8.53839E+3 0.00000E+0 0.00000E+0 0.00000E+02367400303364 
 1554.      7.19551E-1 8.50031E+3 0.00000E+0 0.00000E+0 0.00000E+02367400303365 
 1554.      7.26048E-1 8.46223E+3 0.00000E+0 0.00000E+0 0.00000E+02367400303366 
 1554.      7.32635E-1 8.42415E+3 0.00000E+0 0.00000E+0 0.00000E+02367400303367 
 1554.      7.39311E-1 8.38608E+3 0.00000E+0 0.00000E+0 0.00000E+02367400303368 
 1554.      7.46078E-1 8.34800E+3 0.00000E+0 0.00000E+0 0.00000E+02367400303369 
 1554.      7.52939E-1 8.30992E+3 0.00000E+0 0.00000E+0 0.00000E+02367400303370 
 1554.      7.59895E-1 8.27185E+3 0.00000E+0 0.00000E+0 0.00000E+02367400303371 
 1554.      7.66949E-1 8.23377E+3 0.00000E+0 0.00000E+0 0.00000E+02367400303372 
 1554.      7.74101E-1 8.19569E+3 0.00000E+0 0.00000E+0 0.00000E+02367400303373 
 1554.      7.81353E-1 8.15762E+3 0.00000E+0 0.00000E+0 0.00000E+02367400303374 
 1554.      7.88708E-1 8.11954E+3 0.00000E+0 0.00000E+0 0.00000E+02367400303375 
 1554.      7.96168E-1 8.08146E+3 0.00000E+0 0.00000E+0 0.00000E+02367400303376 
 1554.      8.03733E-1 8.04338E+3 0.00000E+0 0.00000E+0 0.00000E+02367400303377 
 1554.      8.11407E-1 8.00531E+3 0.00000E+0 0.00000E+0 0.00000E+02367400303378 
 1554.      8.19191E-1 7.96723E+3 0.00000E+0 0.00000E+0 0.00000E+02367400303379 
 1554.      8.27089E-1 7.92915E+3 0.00000E+0 0.00000E+0 0.00000E+02367400303380 
 1554.      8.35100E-1 7.89108E+3 0.00000E+0 0.00000E+0 0.00000E+02367400303381 
 1554.      8.43229E-1 7.85300E+3 0.00000E+0 0.00000E+0 0.00000E+02367400303382 
 1554.      8.51477E-1 7.81492E+3 0.00000E+0 0.00000E+0 0.00000E+02367400303383 
 1554.      8.59847E-1 7.77684E+3 0.00000E+0 0.00000E+0 0.00000E+02367400303384 
 1554.      8.68341E-1 7.73877E+3 0.00000E+0 0.00000E+0 0.00000E+02367400303385 
 1554.      8.76962E-1 7.70069E+3 0.00000E+0 0.00000E+0 0.00000E+02367400303386 
 1554.      8.85712E-1 7.66261E+3 0.00000E+0 0.00000E+0 0.00000E+02367400303387 
 1554.      8.94593E-1 7.62454E+3 0.00000E+0 0.00000E+0 0.00000E+02367400303388 
 1554.      9.03608E-1 7.58646E+3 0.00000E+0 0.00000E+0 0.00000E+02367400303389 
 1554.      9.12761E-1 7.54838E+3 0.00000E+0 0.00000E+0 0.00000E+02367400303390 
 1554.      9.22054E-1 7.51030E+3 0.00000E+0 0.00000E+0 0.00000E+02367400303391 
 1554.      9.31489E-1 7.47223E+3 0.00000E+0 0.00000E+0 0.00000E+02367400303392 
 1554.      9.41070E-1 7.43415E+3 0.00000E+0 0.00000E+0 0.00000E+02367400303393 
 1554.      9.50799E-1 7.39607E+3 0.00000E+0 0.00000E+0 0.00000E+02367400303394 
 1554.      9.60681E-1 7.35800E+3 0.00000E+0 0.00000E+0 0.00000E+02367400303395 
 1554.      9.70717E-1 7.31992E+3 0.00000E+0 0.00000E+0 0.00000E+02367400303396 
 1554.      9.80911E-1 7.28184E+3 0.00000E+0 0.00000E+0 0.00000E+02367400303397 
 1554.      9.91268E-1 7.24376E+3 0.00000E+0 0.00000E+0 0.00000E+02367400303398 
 1554.      1.00179E+0 7.20568E+3 0.00000E+0 0.00000E+0 0.00000E+02367400303399 
 1554.      1.01248E+0 7.16761E+3 0.00000E+0 0.00000E+0 0.00000E+02367400303400 
 1554.      1.02334E+0 7.12953E+3 0.00000E+0 0.00000E+0 0.00000E+02367400303401 
 1554.      1.03438E+0 7.09145E+3 0.00000E+0 0.00000E+0 0.00000E+02367400303402 
 1554.      1.04560E+0 7.05337E+3 0.00000E+0 0.00000E+0 0.00000E+02367400303403 
 1554.      1.05700E+0 7.01529E+3 0.00000E+0 0.00000E+0 0.00000E+02367400303404 
 1554.      1.06858E+0 6.97723E+3 0.00000E+0 0.00000E+0 0.00000E+02367400303405 
 1554.      1.08036E+0 6.93915E+3 0.00000E+0 0.00000E+0 0.00000E+02367400303406 
 1554.      1.09234E+0 6.90107E+3 0.00000E+0 0.00000E+0 0.00000E+02367400303407 
 1554.      1.10451E+0 6.86299E+3 0.00000E+0 0.00000E+0 0.00000E+02367400303408 
 1554.      1.11689E+0 6.82492E+3 0.00000E+0 0.00000E+0 0.00000E+02367400303409 
 1554.      1.12948E+0 6.78683E+3 0.00000E+0 0.00000E+0 0.00000E+02367400303410 
 1554.      1.14229E+0 6.74875E+3 0.00000E+0 0.00000E+0 0.00000E+02367400303411 
 1554.      1.15531E+0 6.71067E+3 0.00000E+0 0.00000E+0 0.00000E+02367400303412 
 1554.      1.16856E+0 6.67261E+3 0.00000E+0 0.00000E+0 0.00000E+02367400303413 
 1554.      1.18204E+0 6.63453E+3 0.00000E+0 0.00000E+0 0.00000E+02367400303414 
 1554.      1.19575E+0 6.59645E+3 0.00000E+0 0.00000E+0 0.00000E+02367400303415 
 1554.      1.20970E+0 6.55837E+3 0.00000E+0 0.00000E+0 0.00000E+02367400303416 
 1554.      1.22390E+0 6.52029E+3 0.00000E+0 0.00000E+0 0.00000E+02367400303417 
 1554.      1.23835E+0 6.48221E+3 0.00000E+0 0.00000E+0 0.00000E+02367400303418 
 1554.      1.25306E+0 6.44414E+3 0.00000E+0 0.00000E+0 0.00000E+02367400303419 
 1554.      1.26803E+0 6.40606E+3 0.00000E+0 0.00000E+0 0.00000E+02367400303420 
 1554.      1.28327E+0 6.36798E+3 0.00000E+0 0.00000E+0 0.00000E+02367400303421 
 1554.      1.29879E+0 6.32990E+3 0.00000E+0 0.00000E+0 0.00000E+02367400303422 
 1554.      1.31459E+0 6.29181E+3 0.00000E+0 0.00000E+0 0.00000E+02367400303423 
 1554.      1.33068E+0 6.25374E+3 0.00000E+0 0.00000E+0 0.00000E+02367400303424 
 1554.      1.34707E+0 6.21567E+3 0.00000E+0 0.00000E+0 0.00000E+02367400303425 
 1554.      1.36376E+0 6.17760E+3 0.00000E+0 0.00000E+0 0.00000E+02367400303426 
 1554.      1.38077E+0 6.13952E+3 0.00000E+0 0.00000E+0 0.00000E+02367400303427 
 1554.      1.39809E+0 6.10144E+3 0.00000E+0 0.00000E+0 0.00000E+02367400303428 
 1554.      1.41575E+0 6.06335E+3 0.00000E+0 0.00000E+0 0.00000E+02367400303429 
 1554.      1.43375E+0 6.02527E+3 0.00000E+0 0.00000E+0 0.00000E+02367400303430 
 1554.      1.45208E+0 5.98720E+3 0.00000E+0 0.00000E+0 0.00000E+02367400303431 
 1554.      1.47077E+0 5.94913E+3 0.00000E+0 0.00000E+0 0.00000E+02367400303432 
 1554.      1.48983E+0 5.91105E+3 0.00000E+0 0.00000E+0 0.00000E+02367400303433 
 1554.      1.50926E+0 5.87297E+3 0.00000E+0 0.00000E+0 0.00000E+02367400303434 
 1554.      1.52907E+0 5.83489E+3 0.00000E+0 0.00000E+0 0.00000E+02367400303435 
 1554.      1.54927E+0 5.79681E+3 0.00000E+0 0.00000E+0 0.00000E+02367400303436 
 1554.      1.56988E+0 5.75874E+3 0.00000E+0 0.00000E+0 0.00000E+02367400303437 
 1554.      1.59090E+0 5.72066E+3 0.00000E+0 0.00000E+0 0.00000E+02367400303438 
 1554.      1.61235E+0 5.68258E+3 0.00000E+0 0.00000E+0 0.00000E+02367400303439 
 1554.      1.63423E+0 5.64450E+3 0.00000E+0 0.00000E+0 0.00000E+02367400303440 
 1554.      1.65657E+0 5.60642E+3 2.98521E-2 4.14571E+0 6.26922E+02367400303441 
 1554.      1.67936E+0 5.56834E+3 2.98261E-2 4.06966E+0 6.39053E+02367400303442 
 1554.      1.70263E+0 5.53026E+3 3.04600E-2 3.87861E+0 6.12636E+02367400303443 
 1554.      1.72639E+0 5.49219E+3 2.71393E-2 4.52429E+0 6.25522E+02367400303444 
 1554.      1.75064E+0 5.45411E+3 3.15983E-2 3.76965E+0 6.08681E+02367400303445 
 1554.      1.77541E+0 5.41603E+3 3.67549E-2 3.38769E+0 6.15543E+02367400303446 
 1554.      1.80072E+0 5.37795E+3 4.75389E-2 2.83501E+0 6.17433E+02367400303447 
 1554.      1.82657E+0 5.33987E+3 6.51706E-2 2.39445E+0 6.22224E+02367400303448 
 1554.      1.85298E+0 5.30180E+3 8.83747E-2 2.07002E+0 6.27849E+02367400303449 
 1554.      1.87996E+0 5.26372E+3 1.32624E-1 1.74090E+0 6.28695E+02367400303450 
 1554.      1.90754E+0 5.22564E+3 1.60634E-1 1.73314E+0 6.27374E+02367400303451 
 1554.      1.93574E+0 5.18756E+3 1.51842E-1 1.92737E+0 6.28067E+02367400303452 
 1554.      1.96456E+0 5.14948E+3 1.44043E-1 1.94926E+0 6.21739E+02367400303453 
 1554.      1.99404E+0 5.11140E+3 1.49695E-1 1.88143E+0 6.20699E+02367400303454 
 1554.      2.02418E+0 5.07332E+3 1.60068E-1 1.78717E+0 6.17178E+02367400303455 
 1554.      2.05501E+0 5.03525E+3 1.65402E-1 1.76480E+0 6.12946E+02367400303456 
 1554.      2.08655E+0 4.99717E+3 1.87852E-1 1.64644E+0 6.12529E+02367400303457 
 1554.      2.11883E+0 4.95909E+3 2.08784E-1 1.61120E+0 6.13653E+02367400303458 
 1554.      2.15186E+0 4.92101E+3 2.53955E-1 1.47728E+0 6.13407E+02367400303459 
 1554.      2.18567E+0 4.88293E+3 2.96965E-1 1.43751E+0 6.16132E+02367400303460 
 1554.      2.22029E+0 4.84485E+3 3.17425E-1 1.44453E+0 6.16529E+02367400303461 
 1554.      2.25573E+0 4.80677E+3 2.83386E-1 1.56279E+0 6.15704E+02367400303462 
 1554.      2.29203E+0 4.76869E+3 2.74573E-1 1.55317E+0 6.16468E+02367400303463 
 1554.      2.32922E+0 4.73061E+3 2.94160E-1 1.48169E+0 6.18630E+02367400303464 
 1554.      2.36732E+0 4.69254E+3 3.08681E-1 1.48930E+0 6.22448E+02367400303465 
 1554.      2.40636E+0 4.65446E+3 3.57350E-1 1.40614E+0 6.21959E+02367400303466 
 1554.      2.44637E+0 4.61638E+3 4.28476E-1 1.35948E+0 6.27242E+02367400303467 
 1554.      2.48740E+0 4.57830E+3 4.13754E-1 1.42847E+0 6.22207E+02367400303468 
 1554.      2.52947E+0 4.54022E+3 3.39456E-1 1.56489E+0 6.18637E+02367400303469 
 1554.      2.57262E+0 4.50214E+3 3.05213E-1 1.59999E+0 6.20040E+02367400303470 
 1554.      2.61688E+0 4.46406E+3 2.82354E-1 1.62625E+0 6.15696E+02367400303471 
 1554.      2.66229E+0 4.42598E+3 2.71122E-1 1.62432E+0 6.13481E+02367400303472 
 1554.      2.70890E+0 4.38790E+3 2.57813E-1 1.65288E+0 6.14363E+02367400303473 
 1554.      2.75675E+0 4.34982E+3 2.73401E-1 1.58511E+0 6.12200E+02367400303474 
 1554.      2.80588E+0 4.31174E+3 2.87229E-1 1.59489E+0 6.10586E+02367400303475 
 1554.      2.85633E+0 4.27366E+3 2.82402E-1 1.62789E+0 6.09360E+02367400303476 
 1554.      2.90816E+0 4.23558E+3 2.85282E-1 1.61486E+0 6.15018E+02367400303477 
 1554.      2.96142E+0 4.19750E+3 3.04843E-1 1.57040E+0 6.11510E+02367400303478 
 1554.      3.01615E+0 4.15942E+3 3.09557E-1 1.60509E+0 6.14931E+02367400303479 
 1554.      3.07242E+0 4.12134E+3 3.01712E-1 1.65005E+0 6.13956E+02367400303480 
 1554.      3.13028E+0 4.08326E+3 2.97143E-1 1.65253E+0 6.08714E+02367400303481 
 1554.      3.18980E+0 4.04518E+3 2.83721E-1 1.68236E+0 6.09038E+02367400303482 
 1554.      3.25103E+0 4.00710E+3 2.45769E-1 1.83758E+0 6.09275E+02367400303483 
 1554.      3.31404E+0 3.96902E+3 2.16515E-1 1.92974E+0 6.10146E+02367400303484 
 1554.      3.37891E+0 3.93094E+3 2.42376E-1 1.72652E+0 6.07958E+02367400303485 
 1554.      3.44570E+0 3.89286E+3 2.35225E-1 1.84879E+0 6.08444E+02367400303486 
 1554.      3.51450E+0 3.85478E+3 2.14995E-1 1.94841E+0 6.09488E+02367400303487 
 1554.      3.58539E+0 3.81670E+3 2.61976E-1 1.71771E+0 6.11897E+02367400303488 
 1554.      3.65844E+0 3.77862E+3 2.86309E-1 1.70148E+0 6.08625E+02367400303489 
 1554.      3.73376E+0 3.74054E+3 2.93639E-1 1.73476E+0 6.12850E+02367400303490 
 1554.      3.81142E+0 3.70246E+3 2.87921E-1 1.76172E+0 6.07918E+02367400303491 
 1554.      3.89155E+0 3.66438E+3 2.68706E-1 1.80973E+0 6.06980E+02367400303492 
 1554.      3.97424E+0 3.62630E+3 2.47212E-1 1.90985E+0 6.08602E+02367400303493 
 1554.      4.05959E+0 3.58822E+3 2.58925E-1 1.82429E+0 6.06677E+02367400303494 
 1554.      4.14773E+0 3.55014E+3 2.51353E-1 1.88784E+0 6.12495E+02367400303495 
 1554.      4.23878E+0 3.51206E+3 2.59621E-1 1.86765E+0 6.18987E+02367400303496 
 1554.      4.33286E+0 3.47397E+3 2.45938E-1 1.92896E+0 6.14036E+02367400303497 
 1554.      4.43013E+0 3.43589E+3 2.64447E-1 1.87522E+0 6.26924E+02367400303498 
 1554.      4.53071E+0 3.39781E+3 2.59060E-1 1.92922E+0 6.26329E+02367400303499 
 1554.      4.63477E+0 3.35973E+3 2.08992E-1 2.21778E+0 6.23324E+02367400303500 
 1554.      4.74246E+0 3.32165E+3 1.86510E-1 2.22225E+0 6.13579E+02367400303501 
 1554.      4.85396E+0 3.28357E+3 1.80279E-1 2.23556E+0 6.11544E+02367400303502 
 1554.      4.96945E+0 3.24548E+3 2.01356E-1 2.06429E+0 6.19503E+02367400303503 
 1554.      5.08912E+0 3.20740E+3 2.13251E-1 2.04993E+0 6.12599E+02367400303504 
 1554.      5.21319E+0 3.16932E+3 2.23353E-1 2.02732E+0 6.19751E+02367400303505 
 1554.      5.34186E+0 3.13124E+3 2.22179E-1 2.06379E+0 6.22442E+02367400303506 
 1554.      5.47536E+0 3.09315E+3 2.14192E-1 2.10344E+0 6.19334E+02367400303507 
 1554.      5.61395E+0 3.05507E+3 2.12897E-1 2.09340E+0 6.16050E+02367400303508 
 1554.      5.75788E+0 3.01699E+3 1.88271E-1 2.21981E+0 6.19712E+02367400303509 
 1554.      5.90745E+0 2.97890E+3 1.82086E-1 2.18490E+0 6.18936E+02367400303510 
 1554.      6.06294E+0 2.94082E+3 1.81389E-1 2.19032E+0 6.18042E+02367400303511 
 1554.      6.22466E+0 2.90274E+3 1.67166E-1 2.31789E+0 6.17264E+02367400303512 
 1554.      6.39297E+0 2.86465E+3 1.63255E-1 2.26097E+0 6.21800E+02367400303513 
 1554.      6.56823E+0 2.82657E+3 1.56405E-1 2.48497E+0 6.19481E+02367400303514 
 1554.      6.75083E+0 2.78848E+3 1.38467E-1 2.52691E+0 6.16596E+02367400303515 
 1554.      6.94117E+0 2.75040E+3 1.55431E-1 2.44426E+0 6.27254E+02367400303516 
 1554.      7.13971E+0 2.71232E+3 1.41933E-1 2.65160E+0 6.21395E+02367400303517 
 1554.      7.34693E+0 2.67423E+3 1.23722E-1 2.98777E+0 6.19463E+02367400303518 
 1554.      7.56334E+0 2.63614E+3 1.30659E-1 3.00934E+0 6.24101E+02367400303519 
 1554.      7.78949E+0 2.59806E+3 1.27316E-1 3.05950E+0 6.18008E+02367400303520 
 1554.      8.02599E+0 2.55997E+3 1.15353E-1 3.39459E+0 6.17505E+02367400303521 
 1554.      8.27348E+0 2.52189E+3 1.13288E-1 3.51747E+0 6.23898E+02367400303522 
 1554.      8.53265E+0 2.48380E+3 1.07976E-1 3.83554E+0 6.19587E+02367400303523 
 1554.      8.80425E+0 2.44571E+3 1.03689E-1 4.09099E+0 6.19064E+02367400303524 
 1554.      9.08910E+0 2.40763E+3 9.55378E-2 4.48411E+0 6.19207E+02367400303525 
 1554.      9.38807E+0 2.36954E+3 9.09611E-2 4.75840E+0 6.27567E+02367400303526 
 1554.      9.70213E+0 2.33145E+3 8.54719E-2 5.21814E+0 6.14932E+02367400303527 
 1554.      1.00323E+1 2.29336E+3 8.56069E-2 5.25406E+0 6.25568E+02367400303528 
 1554.      1.03797E+1 2.25527E+3 7.41965E-2 6.37499E+0 6.41138E+02367400303529 
 1554.      1.07456E+1 2.21718E+3 6.76490E-2 7.01754E+0 6.27524E+02367400303530 
 1554.      1.11313E+1 2.17909E+3 6.87937E-2 7.13310E+0 6.31053E+02367400303531 
 1554.      1.15383E+1 2.14100E+3 5.36177E-2 9.63746E+0 6.21551E+02367400303532 
 1554.      1.19681E+1 2.10291E+3 5.93618E-2 9.03418E+0 6.62009E+02367400303533 
 1554.      1.24227E+1 2.06482E+3 5.92959E-2 9.28462E+0 5.94085E+02367400303534 
 1554.      1.29038E+1 2.02673E+3 6.45151E-2 9.47423E+0 6.30723E+02367400303535 
 1554.      1.34136E+1 1.98863E+3 5.89471E-2 1.03398E+1 6.03463E+02367400303536 
 1554.      1.39545E+1 1.95054E+3 5.15205E-2 1.24235E+1 6.47690E+02367400303537 
 1554.      1.45290E+1 1.91245E+3 4.48791E-2 1.52774E+1 6.03013E+02367400303538 
 1554.      1.51401E+1 1.87435E+3 4.75724E-2 1.53750E+1 6.52411E+02367400303539 
 1554.      1.57910E+1 1.83625E+3 3.64698E-2 1.96233E+1 6.17097E+02367400303540 
 1554.      1.64851E+1 1.79816E+3 3.98629E-2 1.85869E+1 5.95183E+02367400303541 
 1554.      1.72264E+1 1.76006E+3 3.53477E-2 1.82146E+1 6.03691E+02367400303542 
 1554.      1.80194E+1 1.72196E+3 1.57052E-2 4.81194E+1 5.99601E+02367400303543 
 1554.      1.88536E+1 1.68453E+3 1.90227E-2 3.03548E+1 5.96083E+02367400303544 
 2780.      6.38142E-2 2.85285E+4 0.00000E+0 0.00000E+0 0.00000E+02367400303545 
 2780.      6.39849E-2 2.84905E+4 0.00000E+0 0.00000E+0 0.00000E+02367400303546 
 2780.      6.41563E-2 2.84524E+4 0.00000E+0 0.00000E+0 0.00000E+02367400303547 
 2780.      6.43284E-2 2.84143E+4 0.00000E+0 0.00000E+0 0.00000E+02367400303548 
 2780.      6.45012E-2 2.83762E+4 0.00000E+0 0.00000E+0 0.00000E+02367400303549 
 2780.      6.46746E-2 2.83382E+4 0.00000E+0 0.00000E+0 0.00000E+02367400303550 
 2780.      6.48488E-2 2.83001E+4 0.00000E+0 0.00000E+0 0.00000E+02367400303551 
 2780.      6.50237E-2 2.82620E+4 0.00000E+0 0.00000E+0 0.00000E+02367400303552 
 2780.      6.51992E-2 2.82239E+4 0.00000E+0 0.00000E+0 0.00000E+02367400303553 
 2780.      6.53755E-2 2.81859E+4 0.00000E+0 0.00000E+0 0.00000E+02367400303554 
 2780.      6.55525E-2 2.81478E+4 0.00000E+0 0.00000E+0 0.00000E+02367400303555 
 2780.      6.57303E-2 2.81097E+4 0.00000E+0 0.00000E+0 0.00000E+02367400303556 
 2780.      6.59087E-2 2.80716E+4 0.00000E+0 0.00000E+0 0.00000E+02367400303557 
 2780.      6.60879E-2 2.80335E+4 0.00000E+0 0.00000E+0 0.00000E+02367400303558 
 2780.      6.62678E-2 2.79955E+4 0.00000E+0 0.00000E+0 0.00000E+02367400303559 
 2780.      6.64485E-2 2.79574E+4 0.00000E+0 0.00000E+0 0.00000E+02367400303560 
 2780.      6.66298E-2 2.79193E+4 0.00000E+0 0.00000E+0 0.00000E+02367400303561 
 2780.      6.68120E-2 2.78812E+4 0.00000E+0 0.00000E+0 0.00000E+02367400303562 
 2780.      6.69949E-2 2.78432E+4 0.00000E+0 0.00000E+0 0.00000E+02367400303563 
 2780.      6.71785E-2 2.78051E+4 0.00000E+0 0.00000E+0 0.00000E+02367400303564 
 2780.      6.73629E-2 2.77670E+4 0.00000E+0 0.00000E+0 0.00000E+02367400303565 
 2780.      6.75480E-2 2.77289E+4 0.00000E+0 0.00000E+0 0.00000E+02367400303566 
 2780.      6.77339E-2 2.76909E+4 0.00000E+0 0.00000E+0 0.00000E+02367400303567 
 2780.      6.79206E-2 2.76528E+4 0.00000E+0 0.00000E+0 0.00000E+02367400303568 
 2780.      6.81081E-2 2.76147E+4 0.00000E+0 0.00000E+0 0.00000E+02367400303569 
 2780.      6.82963E-2 2.75766E+4 0.00000E+0 0.00000E+0 0.00000E+02367400303570 
 2780.      6.84853E-2 2.75386E+4 0.00000E+0 0.00000E+0 0.00000E+02367400303571 
 2780.      6.86751E-2 2.75005E+4 0.00000E+0 0.00000E+0 0.00000E+02367400303572 
 2780.      6.88657E-2 2.74624E+4 0.00000E+0 0.00000E+0 0.00000E+02367400303573 
 2780.      6.90571E-2 2.74243E+4 0.00000E+0 0.00000E+0 0.00000E+02367400303574 
 2780.      6.92492E-2 2.73863E+4 0.00000E+0 0.00000E+0 0.00000E+02367400303575 
 2780.      6.94422E-2 2.73482E+4 0.00000E+0 0.00000E+0 0.00000E+02367400303576 
 2780.      6.96360E-2 2.73101E+4 0.00000E+0 0.00000E+0 0.00000E+02367400303577 
 2780.      6.98306E-2 2.72720E+4 0.00000E+0 0.00000E+0 0.00000E+02367400303578 
 2780.      7.00260E-2 2.72339E+4 0.00000E+0 0.00000E+0 0.00000E+02367400303579 
 2780.      7.02223E-2 2.71959E+4 0.00000E+0 0.00000E+0 0.00000E+02367400303580 
 2780.      7.04194E-2 2.71578E+4 0.00000E+0 0.00000E+0 0.00000E+02367400303581 
 2780.      7.06173E-2 2.71197E+4 0.00000E+0 0.00000E+0 0.00000E+02367400303582 
 2780.      7.08160E-2 2.70816E+4 0.00000E+0 0.00000E+0 0.00000E+02367400303583 
 2780.      7.10156E-2 2.70436E+4 0.00000E+0 0.00000E+0 0.00000E+02367400303584 
 2780.      7.12160E-2 2.70055E+4 0.00000E+0 0.00000E+0 0.00000E+02367400303585 
 2780.      7.14173E-2 2.69674E+4 0.00000E+0 0.00000E+0 0.00000E+02367400303586 
 2780.      7.16194E-2 2.69293E+4 0.00000E+0 0.00000E+0 0.00000E+02367400303587 
 2780.      7.18224E-2 2.68913E+4 0.00000E+0 0.00000E+0 0.00000E+02367400303588 
 2780.      7.20262E-2 2.68532E+4 0.00000E+0 0.00000E+0 0.00000E+02367400303589 
 2780.      7.22309E-2 2.68151E+4 0.00000E+0 0.00000E+0 0.00000E+02367400303590 
 2780.      7.24365E-2 2.67770E+4 0.00000E+0 0.00000E+0 0.00000E+02367400303591 
 2780.      7.26430E-2 2.67390E+4 0.00000E+0 0.00000E+0 0.00000E+02367400303592 
 2780.      7.28503E-2 2.67009E+4 0.00000E+0 0.00000E+0 0.00000E+02367400303593 
 2780.      7.30586E-2 2.66628E+4 0.00000E+0 0.00000E+0 0.00000E+02367400303594 
 2780.      7.32677E-2 2.66247E+4 0.00000E+0 0.00000E+0 0.00000E+02367400303595 
 2780.      7.34778E-2 2.65867E+4 0.00000E+0 0.00000E+0 0.00000E+02367400303596 
 2780.      7.36887E-2 2.65486E+4 0.00000E+0 0.00000E+0 0.00000E+02367400303597 
 2780.      7.39005E-2 2.65105E+4 0.00000E+0 0.00000E+0 0.00000E+02367400303598 
 2780.      7.41133E-2 2.64724E+4 0.00000E+0 0.00000E+0 0.00000E+02367400303599 
 2780.      7.43270E-2 2.64343E+4 0.00000E+0 0.00000E+0 0.00000E+02367400303600 
 2780.      7.45416E-2 2.63963E+4 0.00000E+0 0.00000E+0 0.00000E+02367400303601 
 2780.      7.47572E-2 2.63582E+4 0.00000E+0 0.00000E+0 0.00000E+02367400303602 
 2780.      7.49736E-2 2.63201E+4 0.00000E+0 0.00000E+0 0.00000E+02367400303603 
 2780.      7.51910E-2 2.62820E+4 0.00000E+0 0.00000E+0 0.00000E+02367400303604 
 2780.      7.54094E-2 2.62440E+4 0.00000E+0 0.00000E+0 0.00000E+02367400303605 
 2780.      7.56287E-2 2.62059E+4 0.00000E+0 0.00000E+0 0.00000E+02367400303606 
 2780.      7.58490E-2 2.61678E+4 0.00000E+0 0.00000E+0 0.00000E+02367400303607 
 2780.      7.60703E-2 2.61297E+4 0.00000E+0 0.00000E+0 0.00000E+02367400303608 
 2780.      7.62925E-2 2.60917E+4 0.00000E+0 0.00000E+0 0.00000E+02367400303609 
 2780.      7.65157E-2 2.60536E+4 0.00000E+0 0.00000E+0 0.00000E+02367400303610 
 2780.      7.67398E-2 2.60155E+4 0.00000E+0 0.00000E+0 0.00000E+02367400303611 
 2780.      7.69650E-2 2.59774E+4 0.00000E+0 0.00000E+0 0.00000E+02367400303612 
 2780.      7.71911E-2 2.59394E+4 0.00000E+0 0.00000E+0 0.00000E+02367400303613 
 2780.      7.74183E-2 2.59013E+4 0.00000E+0 0.00000E+0 0.00000E+02367400303614 
 2780.      7.76464E-2 2.58632E+4 0.00000E+0 0.00000E+0 0.00000E+02367400303615 
 2780.      7.78756E-2 2.58251E+4 0.00000E+0 0.00000E+0 0.00000E+02367400303616 
 2780.      7.81057E-2 2.57871E+4 0.00000E+0 0.00000E+0 0.00000E+02367400303617 
 2780.      7.83369E-2 2.57490E+4 0.00000E+0 0.00000E+0 0.00000E+02367400303618 
 2780.      7.85692E-2 2.57109E+4 0.00000E+0 0.00000E+0 0.00000E+02367400303619 
 2780.      7.88024E-2 2.56728E+4 0.00000E+0 0.00000E+0 0.00000E+02367400303620 
 2780.      7.90367E-2 2.56347E+4 0.00000E+0 0.00000E+0 0.00000E+02367400303621 
 2780.      7.92721E-2 2.55967E+4 0.00000E+0 0.00000E+0 0.00000E+02367400303622 
 2780.      7.95085E-2 2.55586E+4 0.00000E+0 0.00000E+0 0.00000E+02367400303623 
 2780.      7.97459E-2 2.55205E+4 0.00000E+0 0.00000E+0 0.00000E+02367400303624 
 2780.      7.99845E-2 2.54824E+4 0.00000E+0 0.00000E+0 0.00000E+02367400303625 
 2780.      8.02240E-2 2.54444E+4 0.00000E+0 0.00000E+0 0.00000E+02367400303626 
 2780.      8.04647E-2 2.54063E+4 0.00000E+0 0.00000E+0 0.00000E+02367400303627 
 2780.      8.07065E-2 2.53682E+4 0.00000E+0 0.00000E+0 0.00000E+02367400303628 
 2780.      8.09493E-2 2.53301E+4 0.00000E+0 0.00000E+0 0.00000E+02367400303629 
 2780.      8.11933E-2 2.52921E+4 0.00000E+0 0.00000E+0 0.00000E+02367400303630 
 2780.      8.14383E-2 2.52540E+4 0.00000E+0 0.00000E+0 0.00000E+02367400303631 
 2780.      8.16845E-2 2.52159E+4 0.00000E+0 0.00000E+0 0.00000E+02367400303632 
 2780.      8.19318E-2 2.51778E+4 0.00000E+0 0.00000E+0 0.00000E+02367400303633 
 2780.      8.21802E-2 2.51398E+4 0.00000E+0 0.00000E+0 0.00000E+02367400303634 
 2780.      8.24297E-2 2.51017E+4 0.00000E+0 0.00000E+0 0.00000E+02367400303635 
 2780.      8.26804E-2 2.50636E+4 0.00000E+0 0.00000E+0 0.00000E+02367400303636 
 2780.      8.29322E-2 2.50255E+4 0.00000E+0 0.00000E+0 0.00000E+02367400303637 
 2780.      8.31852E-2 2.49875E+4 0.00000E+0 0.00000E+0 0.00000E+02367400303638 
 2780.      8.34393E-2 2.49494E+4 0.00000E+0 0.00000E+0 0.00000E+02367400303639 
 2780.      8.36946E-2 2.49113E+4 0.00000E+0 0.00000E+0 0.00000E+02367400303640 
 2780.      8.39511E-2 2.48732E+4 0.00000E+0 0.00000E+0 0.00000E+02367400303641 
 2780.      8.42087E-2 2.48351E+4 0.00000E+0 0.00000E+0 0.00000E+02367400303642 
 2780.      8.44676E-2 2.47971E+4 0.00000E+0 0.00000E+0 0.00000E+02367400303643 
 2780.      8.47276E-2 2.47590E+4 0.00000E+0 0.00000E+0 0.00000E+02367400303644 
 2780.      8.49888E-2 2.47209E+4 0.00000E+0 0.00000E+0 0.00000E+02367400303645 
 2780.      8.52513E-2 2.46828E+4 0.00000E+0 0.00000E+0 0.00000E+02367400303646 
 2780.      8.55150E-2 2.46448E+4 0.00000E+0 0.00000E+0 0.00000E+02367400303647 
 2780.      8.57799E-2 2.46067E+4 0.00000E+0 0.00000E+0 0.00000E+02367400303648 
 2780.      8.60460E-2 2.45686E+4 0.00000E+0 0.00000E+0 0.00000E+02367400303649 
 2780.      8.63133E-2 2.45305E+4 0.00000E+0 0.00000E+0 0.00000E+02367400303650 
 2780.      8.65820E-2 2.44925E+4 0.00000E+0 0.00000E+0 0.00000E+02367400303651 
 2780.      8.68518E-2 2.44544E+4 0.00000E+0 0.00000E+0 0.00000E+02367400303652 
 2780.      8.71230E-2 2.44163E+4 0.00000E+0 0.00000E+0 0.00000E+02367400303653 
 2780.      8.73954E-2 2.43782E+4 0.00000E+0 0.00000E+0 0.00000E+02367400303654 
 2780.      8.76690E-2 2.43402E+4 0.00000E+0 0.00000E+0 0.00000E+02367400303655 
 2780.      8.79440E-2 2.43021E+4 0.00000E+0 0.00000E+0 0.00000E+02367400303656 
 2780.      8.82203E-2 2.42640E+4 0.00000E+0 0.00000E+0 0.00000E+02367400303657 
 2780.      8.84979E-2 2.42259E+4 0.00000E+0 0.00000E+0 0.00000E+02367400303658 
 2780.      8.87767E-2 2.41879E+4 0.00000E+0 0.00000E+0 0.00000E+02367400303659 
 2780.      8.90569E-2 2.41498E+4 0.00000E+0 0.00000E+0 0.00000E+02367400303660 
 2780.      8.93385E-2 2.41117E+4 0.00000E+0 0.00000E+0 0.00000E+02367400303661 
 2780.      8.96213E-2 2.40736E+4 0.00000E+0 0.00000E+0 0.00000E+02367400303662 
 2780.      8.99056E-2 2.40355E+4 0.00000E+0 0.00000E+0 0.00000E+02367400303663 
 2780.      9.01911E-2 2.39975E+4 0.00000E+0 0.00000E+0 0.00000E+02367400303664 
 2780.      9.04781E-2 2.39594E+4 0.00000E+0 0.00000E+0 0.00000E+02367400303665 
 2780.      9.07664E-2 2.39213E+4 0.00000E+0 0.00000E+0 0.00000E+02367400303666 
 2780.      9.10560E-2 2.38832E+4 0.00000E+0 0.00000E+0 0.00000E+02367400303667 
 2780.      9.13471E-2 2.38452E+4 0.00000E+0 0.00000E+0 0.00000E+02367400303668 
 2780.      9.16396E-2 2.38071E+4 0.00000E+0 0.00000E+0 0.00000E+02367400303669 
 2780.      9.19335E-2 2.37690E+4 0.00000E+0 0.00000E+0 0.00000E+02367400303670 
 2780.      9.22288E-2 2.37309E+4 0.00000E+0 0.00000E+0 0.00000E+02367400303671 
 2780.      9.25255E-2 2.36929E+4 0.00000E+0 0.00000E+0 0.00000E+02367400303672 
 2780.      9.28236E-2 2.36548E+4 0.00000E+0 0.00000E+0 0.00000E+02367400303673 
 2780.      9.31232E-2 2.36167E+4 0.00000E+0 0.00000E+0 0.00000E+02367400303674 
 2780.      9.34243E-2 2.35786E+4 0.00000E+0 0.00000E+0 0.00000E+02367400303675 
 2780.      9.37268E-2 2.35406E+4 0.00000E+0 0.00000E+0 0.00000E+02367400303676 
 2780.      9.40308E-2 2.35025E+4 0.00000E+0 0.00000E+0 0.00000E+02367400303677 
 2780.      9.43362E-2 2.34644E+4 0.00000E+0 0.00000E+0 0.00000E+02367400303678 
 2780.      9.46432E-2 2.34263E+4 0.00000E+0 0.00000E+0 0.00000E+02367400303679 
 2780.      9.49517E-2 2.33883E+4 0.00000E+0 0.00000E+0 0.00000E+02367400303680 
 2780.      9.52616E-2 2.33502E+4 0.00000E+0 0.00000E+0 0.00000E+02367400303681 
 2780.      9.55731E-2 2.33121E+4 0.00000E+0 0.00000E+0 0.00000E+02367400303682 
 2780.      9.58861E-2 2.32740E+4 0.00000E+0 0.00000E+0 0.00000E+02367400303683 
 2780.      9.62007E-2 2.32359E+4 0.00000E+0 0.00000E+0 0.00000E+02367400303684 
 2780.      9.65168E-2 2.31979E+4 0.00000E+0 0.00000E+0 0.00000E+02367400303685 
 2780.      9.68345E-2 2.31598E+4 0.00000E+0 0.00000E+0 0.00000E+02367400303686 
 2780.      9.71537E-2 2.31217E+4 0.00000E+0 0.00000E+0 0.00000E+02367400303687 
 2780.      9.74745E-2 2.30836E+4 0.00000E+0 0.00000E+0 0.00000E+02367400303688 
 2780.      9.77969E-2 2.30456E+4 0.00000E+0 0.00000E+0 0.00000E+02367400303689 
 2780.      9.81210E-2 2.30075E+4 0.00000E+0 0.00000E+0 0.00000E+02367400303690 
 2780.      9.84466E-2 2.29694E+4 0.00000E+0 0.00000E+0 0.00000E+02367400303691 
 2780.      9.87738E-2 2.29313E+4 0.00000E+0 0.00000E+0 0.00000E+02367400303692 
 2780.      9.91027E-2 2.28933E+4 0.00000E+0 0.00000E+0 0.00000E+02367400303693 
 2780.      9.94333E-2 2.28552E+4 0.00000E+0 0.00000E+0 0.00000E+02367400303694 
 2780.      9.97654E-2 2.28171E+4 0.00000E+0 0.00000E+0 0.00000E+02367400303695 
 2780.      1.00099E-1 2.27790E+4 0.00000E+0 0.00000E+0 0.00000E+02367400303696 
 2780.      1.00435E-1 2.27410E+4 0.00000E+0 0.00000E+0 0.00000E+02367400303697 
 2780.      1.00772E-1 2.27029E+4 0.00000E+0 0.00000E+0 0.00000E+02367400303698 
 2780.      1.01111E-1 2.26648E+4 0.00000E+0 0.00000E+0 0.00000E+02367400303699 
 2780.      1.01452E-1 2.26267E+4 0.00000E+0 0.00000E+0 0.00000E+02367400303700 
 2780.      1.01794E-1 2.25887E+4 0.00000E+0 0.00000E+0 0.00000E+02367400303701 
 2780.      1.02138E-1 2.25506E+4 0.00000E+0 0.00000E+0 0.00000E+02367400303702 
 2780.      1.02484E-1 2.25125E+4 0.00000E+0 0.00000E+0 0.00000E+02367400303703 
 2780.      1.02832E-1 2.24744E+4 0.00000E+0 0.00000E+0 0.00000E+02367400303704 
 2780.      1.03181E-1 2.24363E+4 0.00000E+0 0.00000E+0 0.00000E+02367400303705 
 2780.      1.03532E-1 2.23983E+4 0.00000E+0 0.00000E+0 0.00000E+02367400303706 
 2780.      1.03885E-1 2.23602E+4 0.00000E+0 0.00000E+0 0.00000E+02367400303707 
 2780.      1.04240E-1 2.23221E+4 0.00000E+0 0.00000E+0 0.00000E+02367400303708 
 2780.      1.04596E-1 2.22840E+4 0.00000E+0 0.00000E+0 0.00000E+02367400303709 
 2780.      1.04955E-1 2.22460E+4 0.00000E+0 0.00000E+0 0.00000E+02367400303710 
 2780.      1.05315E-1 2.22079E+4 0.00000E+0 0.00000E+0 0.00000E+02367400303711 
 2780.      1.05677E-1 2.21698E+4 0.00000E+0 0.00000E+0 0.00000E+02367400303712 
 2780.      1.06041E-1 2.21317E+4 0.00000E+0 0.00000E+0 0.00000E+02367400303713 
 2780.      1.06407E-1 2.20937E+4 0.00000E+0 0.00000E+0 0.00000E+02367400303714 
 2780.      1.06775E-1 2.20556E+4 0.00000E+0 0.00000E+0 0.00000E+02367400303715 
 2780.      1.07145E-1 2.20175E+4 0.00000E+0 0.00000E+0 0.00000E+02367400303716 
 2780.      1.07516E-1 2.19794E+4 0.00000E+0 0.00000E+0 0.00000E+02367400303717 
 2780.      1.07890E-1 2.19414E+4 0.00000E+0 0.00000E+0 0.00000E+02367400303718 
 2780.      1.08265E-1 2.19033E+4 0.00000E+0 0.00000E+0 0.00000E+02367400303719 
 2780.      1.08643E-1 2.18652E+4 0.00000E+0 0.00000E+0 0.00000E+02367400303720 
 2780.      1.09022E-1 2.18271E+4 0.00000E+0 0.00000E+0 0.00000E+02367400303721 
 2780.      1.09404E-1 2.17891E+4 0.00000E+0 0.00000E+0 0.00000E+02367400303722 
 2780.      1.09787E-1 2.17510E+4 0.00000E+0 0.00000E+0 0.00000E+02367400303723 
 2780.      1.10172E-1 2.17129E+4 0.00000E+0 0.00000E+0 0.00000E+02367400303724 
 2780.      1.10560E-1 2.16748E+4 0.00000E+0 0.00000E+0 0.00000E+02367400303725 
 2780.      1.10949E-1 2.16367E+4 0.00000E+0 0.00000E+0 0.00000E+02367400303726 
 2780.      1.11341E-1 2.15987E+4 0.00000E+0 0.00000E+0 0.00000E+02367400303727 
 2780.      1.11735E-1 2.15606E+4 0.00000E+0 0.00000E+0 0.00000E+02367400303728 
 2780.      1.12131E-1 2.15225E+4 0.00000E+0 0.00000E+0 0.00000E+02367400303729 
 2780.      1.12528E-1 2.14844E+4 0.00000E+0 0.00000E+0 0.00000E+02367400303730 
 2780.      1.12928E-1 2.14464E+4 0.00000E+0 0.00000E+0 0.00000E+02367400303731 
 2780.      1.13331E-1 2.14083E+4 0.00000E+0 0.00000E+0 0.00000E+02367400303732 
 2780.      1.13735E-1 2.13702E+4 0.00000E+0 0.00000E+0 0.00000E+02367400303733 
 2780.      1.14141E-1 2.13321E+4 0.00000E+0 0.00000E+0 0.00000E+02367400303734 
 2780.      1.14550E-1 2.12941E+4 0.00000E+0 0.00000E+0 0.00000E+02367400303735 
 2780.      1.14961E-1 2.12560E+4 0.00000E+0 0.00000E+0 0.00000E+02367400303736 
 2780.      1.15374E-1 2.12179E+4 0.00000E+0 0.00000E+0 0.00000E+02367400303737 
 2780.      1.15789E-1 2.11798E+4 0.00000E+0 0.00000E+0 0.00000E+02367400303738 
 2780.      1.16207E-1 2.11418E+4 0.00000E+0 0.00000E+0 0.00000E+02367400303739 
 2780.      1.16626E-1 2.11037E+4 0.00000E+0 0.00000E+0 0.00000E+02367400303740 
 2780.      1.17048E-1 2.10656E+4 0.00000E+0 0.00000E+0 0.00000E+02367400303741 
 2780.      1.17473E-1 2.10275E+4 0.00000E+0 0.00000E+0 0.00000E+02367400303742 
 2780.      1.17899E-1 2.09895E+4 0.00000E+0 0.00000E+0 0.00000E+02367400303743 
 2780.      1.18328E-1 2.09514E+4 0.00000E+0 0.00000E+0 0.00000E+02367400303744 
 2780.      1.18760E-1 2.09133E+4 0.00000E+0 0.00000E+0 0.00000E+02367400303745 
 2780.      1.19194E-1 2.08752E+4 0.00000E+0 0.00000E+0 0.00000E+02367400303746 
 2780.      1.19630E-1 2.08371E+4 0.00000E+0 0.00000E+0 0.00000E+02367400303747 
 2780.      1.20068E-1 2.07991E+4 0.00000E+0 0.00000E+0 0.00000E+02367400303748 
 2780.      1.20509E-1 2.07610E+4 0.00000E+0 0.00000E+0 0.00000E+02367400303749 
 2780.      1.20952E-1 2.07229E+4 0.00000E+0 0.00000E+0 0.00000E+02367400303750 
 2780.      1.21398E-1 2.06848E+4 0.00000E+0 0.00000E+0 0.00000E+02367400303751 
 2780.      1.21846E-1 2.06468E+4 0.00000E+0 0.00000E+0 0.00000E+02367400303752 
 2780.      1.22297E-1 2.06087E+4 0.00000E+0 0.00000E+0 0.00000E+02367400303753 
 2780.      1.22750E-1 2.05706E+4 0.00000E+0 0.00000E+0 0.00000E+02367400303754 
 2780.      1.23206E-1 2.05325E+4 0.00000E+0 0.00000E+0 0.00000E+02367400303755 
 2780.      1.23664E-1 2.04945E+4 0.00000E+0 0.00000E+0 0.00000E+02367400303756 
 2780.      1.24125E-1 2.04564E+4 0.00000E+0 0.00000E+0 0.00000E+02367400303757 
 2780.      1.24589E-1 2.04183E+4 0.00000E+0 0.00000E+0 0.00000E+02367400303758 
 2780.      1.25055E-1 2.03802E+4 0.00000E+0 0.00000E+0 0.00000E+02367400303759 
 2780.      1.25524E-1 2.03422E+4 0.00000E+0 0.00000E+0 0.00000E+02367400303760 
 2780.      1.25995E-1 2.03041E+4 0.00000E+0 0.00000E+0 0.00000E+02367400303761 
 2780.      1.26469E-1 2.02660E+4 0.00000E+0 0.00000E+0 0.00000E+02367400303762 
 2780.      1.26946E-1 2.02279E+4 0.00000E+0 0.00000E+0 0.00000E+02367400303763 
 2780.      1.27425E-1 2.01899E+4 0.00000E+0 0.00000E+0 0.00000E+02367400303764 
 2780.      1.27907E-1 2.01518E+4 0.00000E+0 0.00000E+0 0.00000E+02367400303765 
 2780.      1.28392E-1 2.01137E+4 0.00000E+0 0.00000E+0 0.00000E+02367400303766 
 2780.      1.28879E-1 2.00756E+4 0.00000E+0 0.00000E+0 0.00000E+02367400303767 
 2780.      1.29370E-1 2.00375E+4 0.00000E+0 0.00000E+0 0.00000E+02367400303768 
 2780.      1.29863E-1 1.99995E+4 0.00000E+0 0.00000E+0 0.00000E+02367400303769 
 2780.      1.30359E-1 1.99614E+4 0.00000E+0 0.00000E+0 0.00000E+02367400303770 
 2780.      1.30858E-1 1.99233E+4 0.00000E+0 0.00000E+0 0.00000E+02367400303771 
 2780.      1.31360E-1 1.98852E+4 0.00000E+0 0.00000E+0 0.00000E+02367400303772 
 2780.      1.31864E-1 1.98472E+4 0.00000E+0 0.00000E+0 0.00000E+02367400303773 
 2780.      1.32372E-1 1.98091E+4 0.00000E+0 0.00000E+0 0.00000E+02367400303774 
 2780.      1.32882E-1 1.97710E+4 0.00000E+0 0.00000E+0 0.00000E+02367400303775 
 2780.      1.33396E-1 1.97329E+4 0.00000E+0 0.00000E+0 0.00000E+02367400303776 
 2780.      1.33912E-1 1.96949E+4 0.00000E+0 0.00000E+0 0.00000E+02367400303777 
 2780.      1.34431E-1 1.96568E+4 0.00000E+0 0.00000E+0 0.00000E+02367400303778 
 2780.      1.34954E-1 1.96187E+4 0.00000E+0 0.00000E+0 0.00000E+02367400303779 
 2780.      1.35479E-1 1.95806E+4 0.00000E+0 0.00000E+0 0.00000E+02367400303780 
 2780.      1.36008E-1 1.95426E+4 0.00000E+0 0.00000E+0 0.00000E+02367400303781 
 2780.      1.36539E-1 1.95045E+4 0.00000E+0 0.00000E+0 0.00000E+02367400303782 
 2780.      1.37074E-1 1.94664E+4 0.00000E+0 0.00000E+0 0.00000E+02367400303783 
 2780.      1.37612E-1 1.94283E+4 0.00000E+0 0.00000E+0 0.00000E+02367400303784 
 2780.      1.38153E-1 1.93903E+4 0.00000E+0 0.00000E+0 0.00000E+02367400303785 
 2780.      1.38698E-1 1.93522E+4 0.00000E+0 0.00000E+0 0.00000E+02367400303786 
 2780.      1.39245E-1 1.93141E+4 0.00000E+0 0.00000E+0 0.00000E+02367400303787 
 2780.      1.39796E-1 1.92760E+4 0.00000E+0 0.00000E+0 0.00000E+02367400303788 
 2780.      1.40350E-1 1.92379E+4 0.00000E+0 0.00000E+0 0.00000E+02367400303789 
 2780.      1.40907E-1 1.91999E+4 0.00000E+0 0.00000E+0 0.00000E+02367400303790 
 2780.      1.41468E-1 1.91618E+4 0.00000E+0 0.00000E+0 0.00000E+02367400303791 
 2780.      1.42032E-1 1.91237E+4 0.00000E+0 0.00000E+0 0.00000E+02367400303792 
 2780.      1.42599E-1 1.90856E+4 0.00000E+0 0.00000E+0 0.00000E+02367400303793 
 2780.      1.43170E-1 1.90476E+4 0.00000E+0 0.00000E+0 0.00000E+02367400303794 
 2780.      1.43744E-1 1.90095E+4 0.00000E+0 0.00000E+0 0.00000E+02367400303795 
 2780.      1.44322E-1 1.89714E+4 0.00000E+0 0.00000E+0 0.00000E+02367400303796 
 2780.      1.44903E-1 1.89333E+4 0.00000E+0 0.00000E+0 0.00000E+02367400303797 
 2780.      1.45488E-1 1.88953E+4 0.00000E+0 0.00000E+0 0.00000E+02367400303798 
 2780.      1.46076E-1 1.88572E+4 0.00000E+0 0.00000E+0 0.00000E+02367400303799 
 2780.      1.46668E-1 1.88191E+4 0.00000E+0 0.00000E+0 0.00000E+02367400303800 
 2780.      1.47264E-1 1.87810E+4 0.00000E+0 0.00000E+0 0.00000E+02367400303801 
 2780.      1.47863E-1 1.87430E+4 0.00000E+0 0.00000E+0 0.00000E+02367400303802 
 2780.      1.48465E-1 1.87049E+4 0.00000E+0 0.00000E+0 0.00000E+02367400303803 
 2780.      1.49072E-1 1.86668E+4 0.00000E+0 0.00000E+0 0.00000E+02367400303804 
 2780.      1.49682E-1 1.86287E+4 0.00000E+0 0.00000E+0 0.00000E+02367400303805 
 2780.      1.50296E-1 1.85907E+4 0.00000E+0 0.00000E+0 0.00000E+02367400303806 
 2780.      1.50914E-1 1.85526E+4 0.00000E+0 0.00000E+0 0.00000E+02367400303807 
 2780.      1.51535E-1 1.85145E+4 0.00000E+0 0.00000E+0 0.00000E+02367400303808 
 2780.      1.52161E-1 1.84764E+4 0.00000E+0 0.00000E+0 0.00000E+02367400303809 
 2780.      1.52790E-1 1.84383E+4 0.00000E+0 0.00000E+0 0.00000E+02367400303810 
 2780.      1.53423E-1 1.84003E+4 0.00000E+0 0.00000E+0 0.00000E+02367400303811 
 2780.      1.54060E-1 1.83622E+4 0.00000E+0 0.00000E+0 0.00000E+02367400303812 
 2780.      1.54701E-1 1.83241E+4 0.00000E+0 0.00000E+0 0.00000E+02367400303813 
 2780.      1.55346E-1 1.82860E+4 0.00000E+0 0.00000E+0 0.00000E+02367400303814 
 2780.      1.55995E-1 1.82480E+4 0.00000E+0 0.00000E+0 0.00000E+02367400303815 
 2780.      1.56648E-1 1.82099E+4 0.00000E+0 0.00000E+0 0.00000E+02367400303816 
 2780.      1.57306E-1 1.81718E+4 0.00000E+0 0.00000E+0 0.00000E+02367400303817 
 2780.      1.57967E-1 1.81337E+4 0.00000E+0 0.00000E+0 0.00000E+02367400303818 
 2780.      1.58633E-1 1.80957E+4 0.00000E+0 0.00000E+0 0.00000E+02367400303819 
 2780.      1.59303E-1 1.80576E+4 0.00000E+0 0.00000E+0 0.00000E+02367400303820 
 2780.      1.59977E-1 1.80195E+4 0.00000E+0 0.00000E+0 0.00000E+02367400303821 
 2780.      1.60655E-1 1.79814E+4 0.00000E+0 0.00000E+0 0.00000E+02367400303822 
 2780.      1.61338E-1 1.79434E+4 0.00000E+0 0.00000E+0 0.00000E+02367400303823 
 2780.      1.62025E-1 1.79053E+4 0.00000E+0 0.00000E+0 0.00000E+02367400303824 
 2780.      1.62717E-1 1.78672E+4 0.00000E+0 0.00000E+0 0.00000E+02367400303825 
 2780.      1.63413E-1 1.78291E+4 0.00000E+0 0.00000E+0 0.00000E+02367400303826 
 2780.      1.64113E-1 1.77911E+4 0.00000E+0 0.00000E+0 0.00000E+02367400303827 
 2780.      1.64818E-1 1.77530E+4 0.00000E+0 0.00000E+0 0.00000E+02367400303828 
 2780.      1.65527E-1 1.77149E+4 0.00000E+0 0.00000E+0 0.00000E+02367400303829 
 2780.      1.66241E-1 1.76768E+4 0.00000E+0 0.00000E+0 0.00000E+02367400303830 
 2780.      1.66960E-1 1.76387E+4 0.00000E+0 0.00000E+0 0.00000E+02367400303831 
 2780.      1.67683E-1 1.76007E+4 0.00000E+0 0.00000E+0 0.00000E+02367400303832 
 2780.      1.68411E-1 1.75626E+4 0.00000E+0 0.00000E+0 0.00000E+02367400303833 
 2780.      1.69144E-1 1.75245E+4 0.00000E+0 0.00000E+0 0.00000E+02367400303834 
 2780.      1.69882E-1 1.74864E+4 0.00000E+0 0.00000E+0 0.00000E+02367400303835 
 2780.      1.70624E-1 1.74484E+4 0.00000E+0 0.00000E+0 0.00000E+02367400303836 
 2780.      1.71372E-1 1.74103E+4 0.00000E+0 0.00000E+0 0.00000E+02367400303837 
 2780.      1.72124E-1 1.73722E+4 0.00000E+0 0.00000E+0 0.00000E+02367400303838 
 2780.      1.72881E-1 1.73341E+4 0.00000E+0 0.00000E+0 0.00000E+02367400303839 
 2780.      1.73643E-1 1.72961E+4 0.00000E+0 0.00000E+0 0.00000E+02367400303840 
 2780.      1.74411E-1 1.72580E+4 0.00000E+0 0.00000E+0 0.00000E+02367400303841 
 2780.      1.75183E-1 1.72199E+4 0.00000E+0 0.00000E+0 0.00000E+02367400303842 
 2780.      1.75961E-1 1.71818E+4 0.00000E+0 0.00000E+0 0.00000E+02367400303843 
 2780.      1.76743E-1 1.71438E+4 0.00000E+0 0.00000E+0 0.00000E+02367400303844 
 2780.      1.77531E-1 1.71057E+4 0.00000E+0 0.00000E+0 0.00000E+02367400303845 
 2780.      1.78324E-1 1.70676E+4 0.00000E+0 0.00000E+0 0.00000E+02367400303846 
 2780.      1.79123E-1 1.70295E+4 0.00000E+0 0.00000E+0 0.00000E+02367400303847 
 2780.      1.79927E-1 1.69915E+4 0.00000E+0 0.00000E+0 0.00000E+02367400303848 
 2780.      1.80736E-1 1.69534E+4 0.00000E+0 0.00000E+0 0.00000E+02367400303849 
 2780.      1.81551E-1 1.69153E+4 0.00000E+0 0.00000E+0 0.00000E+02367400303850 
 2780.      1.82371E-1 1.68772E+4 0.00000E+0 0.00000E+0 0.00000E+02367400303851 
 2780.      1.83197E-1 1.68391E+4 0.00000E+0 0.00000E+0 0.00000E+02367400303852 
 2780.      1.84029E-1 1.68011E+4 0.00000E+0 0.00000E+0 0.00000E+02367400303853 
 2780.      1.84866E-1 1.67630E+4 0.00000E+0 0.00000E+0 0.00000E+02367400303854 
 2780.      1.85709E-1 1.67249E+4 0.00000E+0 0.00000E+0 0.00000E+02367400303855 
 2780.      1.86558E-1 1.66868E+4 0.00000E+0 0.00000E+0 0.00000E+02367400303856 
 2780.      1.87412E-1 1.66488E+4 0.00000E+0 0.00000E+0 0.00000E+02367400303857 
 2780.      1.88273E-1 1.66107E+4 0.00000E+0 0.00000E+0 0.00000E+02367400303858 
 2780.      1.89139E-1 1.65726E+4 0.00000E+0 0.00000E+0 0.00000E+02367400303859 
 2780.      1.90012E-1 1.65345E+4 0.00000E+0 0.00000E+0 0.00000E+02367400303860 
 2780.      1.90890E-1 1.64965E+4 0.00000E+0 0.00000E+0 0.00000E+02367400303861 
 2780.      1.91774E-1 1.64584E+4 0.00000E+0 0.00000E+0 0.00000E+02367400303862 
 2780.      1.92665E-1 1.64203E+4 0.00000E+0 0.00000E+0 0.00000E+02367400303863 
 2780.      1.93562E-1 1.63822E+4 0.00000E+0 0.00000E+0 0.00000E+02367400303864 
 2780.      1.94465E-1 1.63442E+4 0.00000E+0 0.00000E+0 0.00000E+02367400303865 
 2780.      1.95375E-1 1.63061E+4 0.00000E+0 0.00000E+0 0.00000E+02367400303866 
 2780.      1.96291E-1 1.62680E+4 0.00000E+0 0.00000E+0 0.00000E+02367400303867 
 2780.      1.97213E-1 1.62299E+4 0.00000E+0 0.00000E+0 0.00000E+02367400303868 
 2780.      1.98142E-1 1.61919E+4 0.00000E+0 0.00000E+0 0.00000E+02367400303869 
 2780.      1.99078E-1 1.61538E+4 0.00000E+0 0.00000E+0 0.00000E+02367400303870 
 2780.      2.00020E-1 1.61157E+4 0.00000E+0 0.00000E+0 0.00000E+02367400303871 
 2780.      2.00969E-1 1.60776E+4 0.00000E+0 0.00000E+0 0.00000E+02367400303872 
 2780.      2.01924E-1 1.60395E+4 0.00000E+0 0.00000E+0 0.00000E+02367400303873 
 2780.      2.02887E-1 1.60015E+4 0.00000E+0 0.00000E+0 0.00000E+02367400303874 
 2780.      2.03856E-1 1.59634E+4 0.00000E+0 0.00000E+0 0.00000E+02367400303875 
 2780.      2.04832E-1 1.59253E+4 0.00000E+0 0.00000E+0 0.00000E+02367400303876 
 2780.      2.05815E-1 1.58872E+4 0.00000E+0 0.00000E+0 0.00000E+02367400303877 
 2780.      2.06806E-1 1.58492E+4 0.00000E+0 0.00000E+0 0.00000E+02367400303878 
 2780.      2.07803E-1 1.58111E+4 0.00000E+0 0.00000E+0 0.00000E+02367400303879 
 2780.      2.08808E-1 1.57730E+4 0.00000E+0 0.00000E+0 0.00000E+02367400303880 
 2780.      2.09820E-1 1.57349E+4 0.00000E+0 0.00000E+0 0.00000E+02367400303881 
 2780.      2.10840E-1 1.56969E+4 0.00000E+0 0.00000E+0 0.00000E+02367400303882 
 2780.      2.11867E-1 1.56588E+4 0.00000E+0 0.00000E+0 0.00000E+02367400303883 
 2780.      2.12901E-1 1.56207E+4 0.00000E+0 0.00000E+0 0.00000E+02367400303884 
 2780.      2.13943E-1 1.55826E+4 0.00000E+0 0.00000E+0 0.00000E+02367400303885 
 2780.      2.14993E-1 1.55446E+4 0.00000E+0 0.00000E+0 0.00000E+02367400303886 
 2780.      2.16051E-1 1.55065E+4 0.00000E+0 0.00000E+0 0.00000E+02367400303887 
 2780.      2.17116E-1 1.54684E+4 0.00000E+0 0.00000E+0 0.00000E+02367400303888 
 2780.      2.18189E-1 1.54303E+4 0.00000E+0 0.00000E+0 0.00000E+02367400303889 
 2780.      2.19270E-1 1.53922E+4 0.00000E+0 0.00000E+0 0.00000E+02367400303890 
 2780.      2.20360E-1 1.53542E+4 0.00000E+0 0.00000E+0 0.00000E+02367400303891 
 2780.      2.21457E-1 1.53161E+4 0.00000E+0 0.00000E+0 0.00000E+02367400303892 
 2780.      2.22563E-1 1.52780E+4 0.00000E+0 0.00000E+0 0.00000E+02367400303893 
 2780.      2.23677E-1 1.52399E+4 0.00000E+0 0.00000E+0 0.00000E+02367400303894 
 2780.      2.24799E-1 1.52019E+4 0.00000E+0 0.00000E+0 0.00000E+02367400303895 
 2780.      2.25930E-1 1.51638E+4 0.00000E+0 0.00000E+0 0.00000E+02367400303896 
 2780.      2.27069E-1 1.51257E+4 0.00000E+0 0.00000E+0 0.00000E+02367400303897 
 2780.      2.28217E-1 1.50876E+4 0.00000E+0 0.00000E+0 0.00000E+02367400303898 
 2780.      2.29374E-1 1.50496E+4 0.00000E+0 0.00000E+0 0.00000E+02367400303899 
 2780.      2.30539E-1 1.50115E+4 0.00000E+0 0.00000E+0 0.00000E+02367400303900 
 2780.      2.31714E-1 1.49734E+4 0.00000E+0 0.00000E+0 0.00000E+02367400303901 
 2780.      2.32897E-1 1.49353E+4 0.00000E+0 0.00000E+0 0.00000E+02367400303902 
 2780.      2.34089E-1 1.48973E+4 0.00000E+0 0.00000E+0 0.00000E+02367400303903 
 2780.      2.35291E-1 1.48592E+4 0.00000E+0 0.00000E+0 0.00000E+02367400303904 
 2780.      2.36502E-1 1.48211E+4 0.00000E+0 0.00000E+0 0.00000E+02367400303905 
 2780.      2.37722E-1 1.47830E+4 0.00000E+0 0.00000E+0 0.00000E+02367400303906 
 2780.      2.38952E-1 1.47450E+4 0.00000E+0 0.00000E+0 0.00000E+02367400303907 
 2780.      2.40192E-1 1.47069E+4 0.00000E+0 0.00000E+0 0.00000E+02367400303908 
 2780.      2.41441E-1 1.46688E+4 0.00000E+0 0.00000E+0 0.00000E+02367400303909 
 2780.      2.42699E-1 1.46307E+4 0.00000E+0 0.00000E+0 0.00000E+02367400303910 
 2780.      2.43968E-1 1.45926E+4 0.00000E+0 0.00000E+0 0.00000E+02367400303911 
 2780.      2.45247E-1 1.45546E+4 0.00000E+0 0.00000E+0 0.00000E+02367400303912 
 2780.      2.46536E-1 1.45165E+4 0.00000E+0 0.00000E+0 0.00000E+02367400303913 
 2780.      2.47835E-1 1.44784E+4 0.00000E+0 0.00000E+0 0.00000E+02367400303914 
 2780.      2.49144E-1 1.44403E+4 0.00000E+0 0.00000E+0 0.00000E+02367400303915 
 2780.      2.50463E-1 1.44023E+4 0.00000E+0 0.00000E+0 0.00000E+02367400303916 
 2780.      2.51793E-1 1.43642E+4 0.00000E+0 0.00000E+0 0.00000E+02367400303917 
 2780.      2.53134E-1 1.43261E+4 0.00000E+0 0.00000E+0 0.00000E+02367400303918 
 2780.      2.54486E-1 1.42880E+4 0.00000E+0 0.00000E+0 0.00000E+02367400303919 
 2780.      2.55848E-1 1.42500E+4 0.00000E+0 0.00000E+0 0.00000E+02367400303920 
 2780.      2.57221E-1 1.42119E+4 0.00000E+0 0.00000E+0 0.00000E+02367400303921 
 2780.      2.58606E-1 1.41738E+4 0.00000E+0 0.00000E+0 0.00000E+02367400303922 
 2780.      2.60001E-1 1.41357E+4 0.00000E+0 0.00000E+0 0.00000E+02367400303923 
 2780.      2.61408E-1 1.40977E+4 0.00000E+0 0.00000E+0 0.00000E+02367400303924 
 2780.      2.62827E-1 1.40596E+4 0.00000E+0 0.00000E+0 0.00000E+02367400303925 
 2780.      2.64257E-1 1.40215E+4 0.00000E+0 0.00000E+0 0.00000E+02367400303926 
 2780.      2.65699E-1 1.39834E+4 0.00000E+0 0.00000E+0 0.00000E+02367400303927 
 2780.      2.67152E-1 1.39454E+4 0.00000E+0 0.00000E+0 0.00000E+02367400303928 
 2780.      2.68618E-1 1.39073E+4 0.00000E+0 0.00000E+0 0.00000E+02367400303929 
 2780.      2.70095E-1 1.38692E+4 0.00000E+0 0.00000E+0 0.00000E+02367400303930 
 2780.      2.71585E-1 1.38311E+4 0.00000E+0 0.00000E+0 0.00000E+02367400303931 
 2780.      2.73087E-1 1.37930E+4 0.00000E+0 0.00000E+0 0.00000E+02367400303932 
 2780.      2.74602E-1 1.37550E+4 0.00000E+0 0.00000E+0 0.00000E+02367400303933 
 2780.      2.76129E-1 1.37169E+4 0.00000E+0 0.00000E+0 0.00000E+02367400303934 
 2780.      2.77669E-1 1.36788E+4 0.00000E+0 0.00000E+0 0.00000E+02367400303935 
 2780.      2.79222E-1 1.36407E+4 0.00000E+0 0.00000E+0 0.00000E+02367400303936 
 2780.      2.80788E-1 1.36027E+4 0.00000E+0 0.00000E+0 0.00000E+02367400303937 
 2780.      2.82368E-1 1.35646E+4 0.00000E+0 0.00000E+0 0.00000E+02367400303938 
 2780.      2.83960E-1 1.35265E+4 0.00000E+0 0.00000E+0 0.00000E+02367400303939 
 2780.      2.85566E-1 1.34884E+4 0.00000E+0 0.00000E+0 0.00000E+02367400303940 
 2780.      2.87186E-1 1.34504E+4 0.00000E+0 0.00000E+0 0.00000E+02367400303941 
 2780.      2.88820E-1 1.34123E+4 0.00000E+0 0.00000E+0 0.00000E+02367400303942 
 2780.      2.90467E-1 1.33742E+4 0.00000E+0 0.00000E+0 0.00000E+02367400303943 
 2780.      2.92129E-1 1.33361E+4 0.00000E+0 0.00000E+0 0.00000E+02367400303944 
 2780.      2.93805E-1 1.32981E+4 0.00000E+0 0.00000E+0 0.00000E+02367400303945 
 2780.      2.95496E-1 1.32600E+4 0.00000E+0 0.00000E+0 0.00000E+02367400303946 
 2780.      2.97201E-1 1.32219E+4 0.00000E+0 0.00000E+0 0.00000E+02367400303947 
 2780.      2.98921E-1 1.31838E+4 0.00000E+0 0.00000E+0 0.00000E+02367400303948 
 2780.      3.00656E-1 1.31458E+4 0.00000E+0 0.00000E+0 0.00000E+02367400303949 
 2780.      3.02406E-1 1.31077E+4 0.00000E+0 0.00000E+0 0.00000E+02367400303950 
 2780.      3.04172E-1 1.30696E+4 0.00000E+0 0.00000E+0 0.00000E+02367400303951 
 2780.      3.05953E-1 1.30315E+4 0.00000E+0 0.00000E+0 0.00000E+02367400303952 
 2780.      3.07749E-1 1.29934E+4 0.00000E+0 0.00000E+0 0.00000E+02367400303953 
 2780.      3.09562E-1 1.29554E+4 0.00000E+0 0.00000E+0 0.00000E+02367400303954 
 2780.      3.11390E-1 1.29173E+4 0.00000E+0 0.00000E+0 0.00000E+02367400303955 
 2780.      3.13235E-1 1.28792E+4 0.00000E+0 0.00000E+0 0.00000E+02367400303956 
 2780.      3.15096E-1 1.28411E+4 0.00000E+0 0.00000E+0 0.00000E+02367400303957 
 2780.      3.16974E-1 1.28031E+4 0.00000E+0 0.00000E+0 0.00000E+02367400303958 
 2780.      3.18869E-1 1.27650E+4 0.00000E+0 0.00000E+0 0.00000E+02367400303959 
 2780.      3.20781E-1 1.27269E+4 0.00000E+0 0.00000E+0 0.00000E+02367400303960 
 2780.      3.22710E-1 1.26888E+4 0.00000E+0 0.00000E+0 0.00000E+02367400303961 
 2780.      3.24657E-1 1.26508E+4 0.00000E+0 0.00000E+0 0.00000E+02367400303962 
 2780.      3.26621E-1 1.26127E+4 0.00000E+0 0.00000E+0 0.00000E+02367400303963 
 2780.      3.28603E-1 1.25746E+4 0.00000E+0 0.00000E+0 0.00000E+02367400303964 
 2780.      3.30603E-1 1.25365E+4 0.00000E+0 0.00000E+0 0.00000E+02367400303965 
 2780.      3.32621E-1 1.24985E+4 0.00000E+0 0.00000E+0 0.00000E+02367400303966 
 2780.      3.34659E-1 1.24604E+4 0.00000E+0 0.00000E+0 0.00000E+02367400303967 
 2780.      3.36714E-1 1.24223E+4 0.00000E+0 0.00000E+0 0.00000E+02367400303968 
 2780.      3.38789E-1 1.23842E+4 0.00000E+0 0.00000E+0 0.00000E+02367400303969 
 2780.      3.40883E-1 1.23461E+4 0.00000E+0 0.00000E+0 0.00000E+02367400303970 
 2780.      3.42997E-1 1.23081E+4 0.00000E+0 0.00000E+0 0.00000E+02367400303971 
 2780.      3.45130E-1 1.22700E+4 0.00000E+0 0.00000E+0 0.00000E+02367400303972 
 2780.      3.47283E-1 1.22319E+4 0.00000E+0 0.00000E+0 0.00000E+02367400303973 
 2780.      3.49457E-1 1.21938E+4 0.00000E+0 0.00000E+0 0.00000E+02367400303974 
 2780.      3.51651E-1 1.21558E+4 0.00000E+0 0.00000E+0 0.00000E+02367400303975 
 2780.      3.53865E-1 1.21177E+4 0.00000E+0 0.00000E+0 0.00000E+02367400303976 
 2780.      3.56101E-1 1.20796E+4 0.00000E+0 0.00000E+0 0.00000E+02367400303977 
 2780.      3.58358E-1 1.20415E+4 0.00000E+0 0.00000E+0 0.00000E+02367400303978 
 2780.      3.60636E-1 1.20035E+4 0.00000E+0 0.00000E+0 0.00000E+02367400303979 
 2780.      3.62936E-1 1.19654E+4 0.00000E+0 0.00000E+0 0.00000E+02367400303980 
 2780.      3.65259E-1 1.19273E+4 0.00000E+0 0.00000E+0 0.00000E+02367400303981 
 2780.      3.67603E-1 1.18892E+4 0.00000E+0 0.00000E+0 0.00000E+02367400303982 
 2780.      3.69971E-1 1.18512E+4 0.00000E+0 0.00000E+0 0.00000E+02367400303983 
 2780.      3.72361E-1 1.18131E+4 0.00000E+0 0.00000E+0 0.00000E+02367400303984 
 2780.      3.74774E-1 1.17750E+4 0.00000E+0 0.00000E+0 0.00000E+02367400303985 
 2780.      3.77211E-1 1.17369E+4 0.00000E+0 0.00000E+0 0.00000E+02367400303986 
 2780.      3.79672E-1 1.16989E+4 0.00000E+0 0.00000E+0 0.00000E+02367400303987 
 2780.      3.82157E-1 1.16608E+4 0.00000E+0 0.00000E+0 0.00000E+02367400303988 
 2780.      3.84667E-1 1.16227E+4 0.00000E+0 0.00000E+0 0.00000E+02367400303989 
 2780.      3.87201E-1 1.15846E+4 0.00000E+0 0.00000E+0 0.00000E+02367400303990 
 2780.      3.89761E-1 1.15465E+4 0.00000E+0 0.00000E+0 0.00000E+02367400303991 
 2780.      3.92346E-1 1.15085E+4 0.00000E+0 0.00000E+0 0.00000E+02367400303992 
 2780.      3.94957E-1 1.14704E+4 0.00000E+0 0.00000E+0 0.00000E+02367400303993 
 2780.      3.97594E-1 1.14323E+4 0.00000E+0 0.00000E+0 0.00000E+02367400303994 
 2780.      4.00257E-1 1.13942E+4 0.00000E+0 0.00000E+0 0.00000E+02367400303995 
 2780.      4.02947E-1 1.13562E+4 0.00000E+0 0.00000E+0 0.00000E+02367400303996 
 2780.      4.05665E-1 1.13181E+4 0.00000E+0 0.00000E+0 0.00000E+02367400303997 
 2780.      4.08410E-1 1.12800E+4 0.00000E+0 0.00000E+0 0.00000E+02367400303998 
 2780.      4.11183E-1 1.12419E+4 0.00000E+0 0.00000E+0 0.00000E+02367400303999 
 2780.      4.13984E-1 1.12039E+4 0.00000E+0 0.00000E+0 0.00000E+02367400304000 
 2780.      4.16815E-1 1.11658E+4 0.00000E+0 0.00000E+0 0.00000E+02367400304001 
 2780.      4.19674E-1 1.11277E+4 0.00000E+0 0.00000E+0 0.00000E+02367400304002 
 2780.      4.22563E-1 1.10896E+4 0.00000E+0 0.00000E+0 0.00000E+02367400304003 
 2780.      4.25481E-1 1.10516E+4 0.00000E+0 0.00000E+0 0.00000E+02367400304004 
 2780.      4.28430E-1 1.10135E+4 0.00000E+0 0.00000E+0 0.00000E+02367400304005 
 2780.      4.31410E-1 1.09754E+4 0.00000E+0 0.00000E+0 0.00000E+02367400304006 
 2780.      4.34421E-1 1.09373E+4 0.00000E+0 0.00000E+0 0.00000E+02367400304007 
 2780.      4.37464E-1 1.08992E+4 0.00000E+0 0.00000E+0 0.00000E+02367400304008 
 2780.      4.40539E-1 1.08612E+4 0.00000E+0 0.00000E+0 0.00000E+02367400304009 
 2780.      4.43646E-1 1.08231E+4 0.00000E+0 0.00000E+0 0.00000E+02367400304010 
 2780.      4.46787E-1 1.07850E+4 0.00000E+0 0.00000E+0 0.00000E+02367400304011 
 2780.      4.49960E-1 1.07469E+4 0.00000E+0 0.00000E+0 0.00000E+02367400304012 
 2780.      4.53168E-1 1.07089E+4 0.00000E+0 0.00000E+0 0.00000E+02367400304013 
 2780.      4.56410E-1 1.06708E+4 0.00000E+0 0.00000E+0 0.00000E+02367400304014 
 2780.      4.59687E-1 1.06327E+4 0.00000E+0 0.00000E+0 0.00000E+02367400304015 
 2780.      4.63000E-1 1.05946E+4 0.00000E+0 0.00000E+0 0.00000E+02367400304016 
 2780.      4.66348E-1 1.05566E+4 0.00000E+0 0.00000E+0 0.00000E+02367400304017 
 2780.      4.69733E-1 1.05185E+4 0.00000E+0 0.00000E+0 0.00000E+02367400304018 
 2780.      4.73155E-1 1.04804E+4 0.00000E+0 0.00000E+0 0.00000E+02367400304019 
 2780.      4.76615E-1 1.04423E+4 0.00000E+0 0.00000E+0 0.00000E+02367400304020 
 2780.      4.80112E-1 1.04043E+4 0.00000E+0 0.00000E+0 0.00000E+02367400304021 
 2780.      4.83649E-1 1.03662E+4 0.00000E+0 0.00000E+0 0.00000E+02367400304022 
 2780.      4.87224E-1 1.03281E+4 0.00000E+0 0.00000E+0 0.00000E+02367400304023 
 2780.      4.90839E-1 1.02900E+4 0.00000E+0 0.00000E+0 0.00000E+02367400304024 
 2780.      4.94495E-1 1.02520E+4 0.00000E+0 0.00000E+0 0.00000E+02367400304025 
 2780.      4.98192E-1 1.02139E+4 0.00000E+0 0.00000E+0 0.00000E+02367400304026 
 2780.      5.01930E-1 1.01758E+4 0.00000E+0 0.00000E+0 0.00000E+02367400304027 
 2780.      5.05711E-1 1.01377E+4 0.00000E+0 0.00000E+0 0.00000E+02367400304028 
 2780.      5.09534E-1 1.00996E+4 0.00000E+0 0.00000E+0 0.00000E+02367400304029 
 2780.      5.13401E-1 1.00616E+4 0.00000E+0 0.00000E+0 0.00000E+02367400304030 
 2780.      5.17312E-1 1.00235E+4 0.00000E+0 0.00000E+0 0.00000E+02367400304031 
 2780.      5.21268E-1 9.98542E+3 0.00000E+0 0.00000E+0 0.00000E+02367400304032 
 2780.      5.25270E-1 9.94734E+3 0.00000E+0 0.00000E+0 0.00000E+02367400304033 
 2780.      5.29318E-1 9.90926E+3 0.00000E+0 0.00000E+0 0.00000E+02367400304034 
 2780.      5.33413E-1 9.87119E+3 0.00000E+0 0.00000E+0 0.00000E+02367400304035 
 2780.      5.37555E-1 9.83311E+3 0.00000E+0 0.00000E+0 0.00000E+02367400304036 
 2780.      5.41746E-1 9.79503E+3 0.00000E+0 0.00000E+0 0.00000E+02367400304037 
 2780.      5.45986E-1 9.75696E+3 0.00000E+0 0.00000E+0 0.00000E+02367400304038 
 2780.      5.50277E-1 9.71888E+3 0.00000E+0 0.00000E+0 0.00000E+02367400304039 
 2780.      5.54618E-1 9.68081E+3 0.00000E+0 0.00000E+0 0.00000E+02367400304040 
 2780.      5.59010E-1 9.64273E+3 0.00000E+0 0.00000E+0 0.00000E+02367400304041 
 2780.      5.63455E-1 9.60465E+3 0.00000E+0 0.00000E+0 0.00000E+02367400304042 
 2780.      5.67954E-1 9.56658E+3 0.00000E+0 0.00000E+0 0.00000E+02367400304043 
 2780.      5.72506E-1 9.52850E+3 0.00000E+0 0.00000E+0 0.00000E+02367400304044 
 2780.      5.77113E-1 9.49042E+3 0.00000E+0 0.00000E+0 0.00000E+02367400304045 
 2780.      5.81776E-1 9.45235E+3 0.00000E+0 0.00000E+0 0.00000E+02367400304046 
 2780.      5.86496E-1 9.41427E+3 0.00000E+0 0.00000E+0 0.00000E+02367400304047 
 2780.      5.91274E-1 9.37619E+3 0.00000E+0 0.00000E+0 0.00000E+02367400304048 
 2780.      5.96110E-1 9.33812E+3 0.00000E+0 0.00000E+0 0.00000E+02367400304049 
 2780.      6.01006E-1 9.30004E+3 0.00000E+0 0.00000E+0 0.00000E+02367400304050 
 2780.      6.05963E-1 9.26197E+3 0.00000E+0 0.00000E+0 0.00000E+02367400304051 
 2780.      6.10981E-1 9.22389E+3 0.00000E+0 0.00000E+0 0.00000E+02367400304052 
 2780.      6.16062E-1 9.18581E+3 0.00000E+0 0.00000E+0 0.00000E+02367400304053 
 2780.      6.21206E-1 9.14774E+3 0.00000E+0 0.00000E+0 0.00000E+02367400304054 
 2780.      6.26415E-1 9.10966E+3 0.00000E+0 0.00000E+0 0.00000E+02367400304055 
 2780.      6.31690E-1 9.07158E+3 0.00000E+0 0.00000E+0 0.00000E+02367400304056 
 2780.      6.37032E-1 9.03351E+3 0.00000E+0 0.00000E+0 0.00000E+02367400304057 
 2780.      6.42442E-1 8.99543E+3 0.00000E+0 0.00000E+0 0.00000E+02367400304058 
 2780.      6.47921E-1 8.95735E+3 0.00000E+0 0.00000E+0 0.00000E+02367400304059 
 2780.      6.53470E-1 8.91928E+3 0.00000E+0 0.00000E+0 0.00000E+02367400304060 
 2780.      6.59091E-1 8.88120E+3 0.00000E+0 0.00000E+0 0.00000E+02367400304061 
 2780.      6.64785E-1 8.84312E+3 0.00000E+0 0.00000E+0 0.00000E+02367400304062 
 2780.      6.70554E-1 8.80505E+3 0.00000E+0 0.00000E+0 0.00000E+02367400304063 
 2780.      6.76397E-1 8.76697E+3 0.00000E+0 0.00000E+0 0.00000E+02367400304064 
 2780.      6.82318E-1 8.72890E+3 0.00000E+0 0.00000E+0 0.00000E+02367400304065 
 2780.      6.88316E-1 8.69082E+3 0.00000E+0 0.00000E+0 0.00000E+02367400304066 
 2780.      6.94394E-1 8.65274E+3 0.00000E+0 0.00000E+0 0.00000E+02367400304067 
 2780.      7.00553E-1 8.61467E+3 0.00000E+0 0.00000E+0 0.00000E+02367400304068 
 2780.      7.06794E-1 8.57659E+3 0.00000E+0 0.00000E+0 0.00000E+02367400304069 
 2780.      7.13119E-1 8.53851E+3 0.00000E+0 0.00000E+0 0.00000E+02367400304070 
 2780.      7.19529E-1 8.50044E+3 0.00000E+0 0.00000E+0 0.00000E+02367400304071 
 2780.      7.26026E-1 8.46236E+3 0.00000E+0 0.00000E+0 0.00000E+02367400304072 
 2780.      7.32612E-1 8.42428E+3 0.00000E+0 0.00000E+0 0.00000E+02367400304073 
 2780.      7.39288E-1 8.38621E+3 0.00000E+0 0.00000E+0 0.00000E+02367400304074 
 2780.      7.46055E-1 8.34813E+3 0.00000E+0 0.00000E+0 0.00000E+02367400304075 
 2780.      7.52916E-1 8.31005E+3 0.00000E+0 0.00000E+0 0.00000E+02367400304076 
 2780.      7.59871E-1 8.27198E+3 0.00000E+0 0.00000E+0 0.00000E+02367400304077 
 2780.      7.66924E-1 8.23390E+3 0.00000E+0 0.00000E+0 0.00000E+02367400304078 
 2780.      7.74076E-1 8.19583E+3 0.00000E+0 0.00000E+0 0.00000E+02367400304079 
 2780.      7.81327E-1 8.15775E+3 0.00000E+0 0.00000E+0 0.00000E+02367400304080 
 2780.      7.88682E-1 8.11967E+3 0.00000E+0 0.00000E+0 0.00000E+02367400304081 
 2780.      7.96141E-1 8.08160E+3 0.00000E+0 0.00000E+0 0.00000E+02367400304082 
 2780.      8.03706E-1 8.04352E+3 0.00000E+0 0.00000E+0 0.00000E+02367400304083 
 2780.      8.11379E-1 8.00544E+3 0.00000E+0 0.00000E+0 0.00000E+02367400304084 
 2780.      8.19163E-1 7.96737E+3 0.00000E+0 0.00000E+0 0.00000E+02367400304085 
 2780.      8.27060E-1 7.92929E+3 0.00000E+0 0.00000E+0 0.00000E+02367400304086 
 2780.      8.35071E-1 7.89121E+3 0.00000E+0 0.00000E+0 0.00000E+02367400304087 
 2780.      8.43199E-1 7.85314E+3 0.00000E+0 0.00000E+0 0.00000E+02367400304088 
 2780.      8.51447E-1 7.81506E+3 0.00000E+0 0.00000E+0 0.00000E+02367400304089 
 2780.      8.59816E-1 7.77698E+3 0.00000E+0 0.00000E+0 0.00000E+02367400304090 
 2780.      8.68310E-1 7.73891E+3 0.00000E+0 0.00000E+0 0.00000E+02367400304091 
 2780.      8.76930E-1 7.70083E+3 0.00000E+0 0.00000E+0 0.00000E+02367400304092 
 2780.      8.85679E-1 7.66275E+3 0.00000E+0 0.00000E+0 0.00000E+02367400304093 
 2780.      8.94559E-1 7.62468E+3 0.00000E+0 0.00000E+0 0.00000E+02367400304094 
 2780.      9.03574E-1 7.58660E+3 0.00000E+0 0.00000E+0 0.00000E+02367400304095 
 2780.      9.12726E-1 7.54853E+3 0.00000E+0 0.00000E+0 0.00000E+02367400304096 
 2780.      9.22018E-1 7.51045E+3 0.00000E+0 0.00000E+0 0.00000E+02367400304097 
 2780.      9.31453E-1 7.47237E+3 0.00000E+0 0.00000E+0 0.00000E+02367400304098 
 2780.      9.41033E-1 7.43430E+3 0.00000E+0 0.00000E+0 0.00000E+02367400304099 
 2780.      9.50761E-1 7.39622E+3 0.00000E+0 0.00000E+0 0.00000E+02367400304100 
 2780.      9.60642E-1 7.35814E+3 0.00000E+0 0.00000E+0 0.00000E+02367400304101 
 2780.      9.70677E-1 7.32007E+3 0.00000E+0 0.00000E+0 0.00000E+02367400304102 
 2780.      9.80871E-1 7.28199E+3 0.00000E+0 0.00000E+0 0.00000E+02367400304103 
 2780.      9.91226E-1 7.24391E+3 0.00000E+0 0.00000E+0 0.00000E+02367400304104 
 2780.      1.00175E+0 7.20584E+3 0.00000E+0 0.00000E+0 0.00000E+02367400304105 
 2780.      1.01243E+0 7.16776E+3 0.00000E+0 0.00000E+0 0.00000E+02367400304106 
 2780.      1.02330E+0 7.12968E+3 0.00000E+0 0.00000E+0 0.00000E+02367400304107 
 2780.      1.03433E+0 7.09161E+3 0.00000E+0 0.00000E+0 0.00000E+02367400304108 
 2780.      1.04555E+0 7.05353E+3 0.00000E+0 0.00000E+0 0.00000E+02367400304109 
 2780.      1.05695E+0 7.01545E+3 0.00000E+0 0.00000E+0 0.00000E+02367400304110 
 2780.      1.06853E+0 6.97738E+3 0.00000E+0 0.00000E+0 0.00000E+02367400304111 
 2780.      1.08031E+0 6.93930E+3 0.00000E+0 0.00000E+0 0.00000E+02367400304112 
 2780.      1.09229E+0 6.90122E+3 0.00000E+0 0.00000E+0 0.00000E+02367400304113 
 2780.      1.10446E+0 6.86315E+3 0.00000E+0 0.00000E+0 0.00000E+02367400304114 
 2780.      1.11684E+0 6.82507E+3 0.00000E+0 0.00000E+0 0.00000E+02367400304115 
 2780.      1.12943E+0 6.78699E+3 0.00000E+0 0.00000E+0 0.00000E+02367400304116 
 2780.      1.14224E+0 6.74892E+3 0.00000E+0 0.00000E+0 0.00000E+02367400304117 
 2780.      1.15526E+0 6.71084E+3 0.00000E+0 0.00000E+0 0.00000E+02367400304118 
 2780.      1.16850E+0 6.67276E+3 0.00000E+0 0.00000E+0 0.00000E+02367400304119 
 2780.      1.18198E+0 6.63469E+3 0.00000E+0 0.00000E+0 0.00000E+02367400304120 
 2780.      1.19569E+0 6.59661E+3 0.00000E+0 0.00000E+0 0.00000E+02367400304121 
 2780.      1.20964E+0 6.55853E+3 0.00000E+0 0.00000E+0 0.00000E+02367400304122 
 2780.      1.22384E+0 6.52046E+3 0.00000E+0 0.00000E+0 0.00000E+02367400304123 
 2780.      1.23829E+0 6.48238E+3 0.00000E+0 0.00000E+0 0.00000E+02367400304124 
 2780.      1.25299E+0 6.44430E+3 0.00000E+0 0.00000E+0 0.00000E+02367400304125 
 2780.      1.26796E+0 6.40623E+3 0.00000E+0 0.00000E+0 0.00000E+02367400304126 
 2780.      1.28320E+0 6.36815E+3 0.00000E+0 0.00000E+0 0.00000E+02367400304127 
 2780.      1.29872E+0 6.33007E+3 0.00000E+0 0.00000E+0 0.00000E+02367400304128 
 2780.      1.31452E+0 6.29200E+3 0.00000E+0 0.00000E+0 0.00000E+02367400304129 
 2780.      1.33061E+0 6.25392E+3 0.00000E+0 0.00000E+0 0.00000E+02367400304130 
 2780.      1.34699E+0 6.21584E+3 0.00000E+0 0.00000E+0 0.00000E+02367400304131 
 2780.      1.36368E+0 6.17777E+3 0.00000E+0 0.00000E+0 0.00000E+02367400304132 
 2780.      1.38069E+0 6.13969E+3 0.00000E+0 0.00000E+0 0.00000E+02367400304133 
 2780.      1.39801E+0 6.10161E+3 0.00000E+0 0.00000E+0 0.00000E+02367400304134 
 2780.      1.41567E+0 6.06354E+3 0.00000E+0 0.00000E+0 0.00000E+02367400304135 
 2780.      1.43366E+0 6.02546E+3 0.00000E+0 0.00000E+0 0.00000E+02367400304136 
 2780.      1.45199E+0 5.98738E+3 0.00000E+0 0.00000E+0 0.00000E+02367400304137 
 2780.      1.47068E+0 5.94931E+3 0.00000E+0 0.00000E+0 0.00000E+02367400304138 
 2780.      1.48973E+0 5.91123E+3 0.00000E+0 0.00000E+0 0.00000E+02367400304139 
 2780.      1.50916E+0 5.87315E+3 0.00000E+0 0.00000E+0 0.00000E+02367400304140 
 2780.      1.52897E+0 5.83508E+3 0.00000E+0 0.00000E+0 0.00000E+02367400304141 
 2780.      1.54917E+0 5.79700E+3 0.00000E+0 0.00000E+0 0.00000E+02367400304142 
 2780.      1.56977E+0 5.75892E+3 0.00000E+0 0.00000E+0 0.00000E+02367400304143 
 2780.      1.59079E+0 5.72085E+3 0.00000E+0 0.00000E+0 0.00000E+02367400304144 
 2780.      1.61224E+0 5.68277E+3 0.00000E+0 0.00000E+0 0.00000E+02367400304145 
 2780.      1.63412E+0 5.64469E+3 0.00000E+0 0.00000E+0 0.00000E+02367400304146 
 2780.      1.65645E+0 5.60662E+3 0.00000E+0 0.00000E+0 0.00000E+02367400304147 
 2780.      1.67924E+0 5.56854E+3 0.00000E+0 0.00000E+0 0.00000E+02367400304148 
 2780.      1.70251E+0 5.53046E+3 0.00000E+0 0.00000E+0 0.00000E+02367400304149 
 2780.      1.72626E+0 5.49239E+3 0.00000E+0 0.00000E+0 0.00000E+02367400304150 
 2780.      1.75051E+0 5.45431E+3 0.00000E+0 0.00000E+0 0.00000E+02367400304151 
 2780.      1.77528E+0 5.41623E+3 0.00000E+0 0.00000E+0 0.00000E+02367400304152 
 2780.      1.80058E+0 5.37816E+3 0.00000E+0 0.00000E+0 0.00000E+02367400304153 
 2780.      1.82643E+0 5.34008E+3 0.00000E+0 0.00000E+0 0.00000E+02367400304154 
 2780.      1.85283E+0 5.30200E+3 0.00000E+0 0.00000E+0 0.00000E+02367400304155 
 2780.      1.87981E+0 5.26392E+3 0.00000E+0 0.00000E+0 0.00000E+02367400304156 
 2780.      1.90739E+0 5.22585E+3 0.00000E+0 0.00000E+0 0.00000E+02367400304157 
 2780.      1.93558E+0 5.18777E+3 0.00000E+0 0.00000E+0 0.00000E+02367400304158 
 2780.      1.96440E+0 5.14969E+3 0.00000E+0 0.00000E+0 0.00000E+02367400304159 
 2780.      1.99387E+0 5.11162E+3 0.00000E+0 0.00000E+0 0.00000E+02367400304160 
 2780.      2.02401E+0 5.07354E+3 0.00000E+0 0.00000E+0 0.00000E+02367400304161 
 2780.      2.05483E+0 5.03546E+3 0.00000E+0 0.00000E+0 0.00000E+02367400304162 
 2780.      2.08637E+0 4.99739E+3 0.00000E+0 0.00000E+0 0.00000E+02367400304163 
 2780.      2.11864E+0 4.95931E+3 0.00000E+0 0.00000E+0 0.00000E+02367400304164 
 2780.      2.15166E+0 4.92123E+3 0.00000E+0 0.00000E+0 0.00000E+02367400304165 
 2780.      2.18547E+0 4.88315E+3 0.00000E+0 0.00000E+0 0.00000E+02367400304166 
 2780.      2.22008E+0 4.84508E+3 0.00000E+0 0.00000E+0 0.00000E+02367400304167 
 2780.      2.25551E+0 4.80700E+3 0.00000E+0 0.00000E+0 0.00000E+02367400304168 
 2780.      2.29181E+0 4.76892E+3 0.00000E+0 0.00000E+0 0.00000E+02367400304169 
 2780.      2.32899E+0 4.73085E+3 0.00000E+0 0.00000E+0 0.00000E+02367400304170 
 2780.      2.36708E+0 4.69277E+3 0.00000E+0 0.00000E+0 0.00000E+02367400304171 
 2780.      2.40611E+0 4.65469E+3 0.00000E+0 0.00000E+0 0.00000E+02367400304172 
 2780.      2.44612E+0 4.61662E+3 0.00000E+0 0.00000E+0 0.00000E+02367400304173 
 2780.      2.48714E+0 4.57854E+3 0.00000E+0 0.00000E+0 0.00000E+02367400304174 
 2780.      2.52920E+0 4.54046E+3 0.00000E+0 0.00000E+0 0.00000E+02367400304175 
 2780.      2.57234E+0 4.50238E+3 0.00000E+0 0.00000E+0 0.00000E+02367400304176 
 2780.      2.61659E+0 4.46431E+3 0.00000E+0 0.00000E+0 0.00000E+02367400304177 
 2780.      2.66199E+0 4.42623E+3 0.00000E+0 0.00000E+0 0.00000E+02367400304178 
 2780.      2.70859E+0 4.38815E+3 0.00000E+0 0.00000E+0 0.00000E+02367400304179 
 2780.      2.78131E+0 4.33066E+3 7.32089E-5 1.14222E+2 7.03371E+02367400304180 
 2780.      2.88224E+0 4.25450E+3 2.14283E-4 1.72567E+2 7.03371E+02367400304181 
 2780.      2.96105E+0 4.19777E+3 0.00000E+0 0.00000E+0 0.00000E+02367400304182 
 2780.      3.16678E+0 4.05978E+3 1.29042E-3 2.64971E+1 7.03371E+02367400304183 
 2780.      3.41230E+0 3.91176E+3 3.16578E-3 2.21221E+1 7.03371E+02367400304184 
 2780.      3.54994E+0 3.83560E+3 8.94421E-3 1.35861E+1 7.03371E+02367400304185 
 2780.      3.69610E+0 3.75944E+3 7.93844E-3 1.56018E+1 7.03371E+02367400304186 
 2780.      3.93681E+0 3.64339E+3 2.96808E-3 2.29374E+1 7.03371E+02367400304187 
 2780.      4.19325E+0 3.53094E+3 5.33199E-3 2.34892E+1 7.03371E+02367400304188 
 2780.      4.38149E+0 3.45478E+3 6.47130E-3 2.22160E+1 7.03371E+02367400304189 
 2780.      4.58274E+0 3.37861E+3 1.25438E-2 1.33443E+1 7.03371E+02367400304190 
 2780.      4.79821E+0 3.30244E+3 1.30700E-2 1.27994E+1 7.03371E+02367400304191 
 2780.      5.02929E+0 3.22627E+3 8.55048E-3 1.77621E+1 7.03371E+02367400304192 
 2780.      5.34548E+0 3.13018E+3 6.82554E-3 1.91909E+1 7.03371E+02367400304193 
 2780.      5.68592E+0 3.03585E+3 1.15133E-2 1.44440E+1 7.08460E+02367400304194 
 2780.      5.98519E+0 2.95968E+3 1.16563E-2 1.47033E+1 7.13371E+02367400304195 
 2780.      6.30882E+0 2.88350E+3 1.18056E-2 1.48746E+1 7.13371E+02367400304196 
 2780.      6.75663E+0 2.78730E+3 6.95321E-3 1.98348E+1 7.13371E+02367400304197 
 2780.      7.24331E+0 2.69307E+3 7.39462E-3 2.48687E+1 7.13371E+02367400304198 
 2780.      7.79724E+0 2.59678E+3 8.36719E-3 1.95858E+1 7.13371E+02367400304199 
 2780.      8.40306E+0 2.50262E+3 8.26511E-3 2.42320E+1 7.13371E+02367400304200 
 2780.      9.26046E+0 2.38557E+3 7.08159E-3 2.31046E+1 7.13371E+02367400304201 
 2780.      1.08001E+1 2.21167E+3 6.59052E-3 2.43268E+1 7.14932E+02367400304202 
 2780.      1.32785E+1 1.99852E+3 4.31169E-3 3.93793E+1 7.10248E+02367400304203 
 2780.      1.70540E+1 1.76869E+3 5.06888E-3 3.46330E+1 7.17835E+02367400304204 
ENDDATA           4192          0                                 2367400304205 
ENDSUBENT         4204          0                                 2367400399999 
SUBENT        23674004   20251215                             23232367400400001 
BIB                  3         13                                 2367400400002 
REACTION   (9-F-19(N,INL)9-F-19,,SIG)                             2367400400003 
ANALYSIS   sigma(n,n')=sigma(n,n'g; Eg=110 keV)                   2367400400004 
                      +sigma(n,n'g; Eg=197 keV)                   2367400400005 
                      +sigma(n,n'g; Eg=1459 keV)                  2367400400006 
                      +C*sigma(n,n'g; Eg=1357 keV),               2367400400007 
           where                                                  2367400400008 
            C = B(1554 keV -> gs)/B(1554 keV -> 197 keV)          2367400400009 
              = 0.0255(10)/0.926(2)                               2367400400010 
            is the ratio of the branching fractions for the       2367400400011 
            transition from the 1554 keV level to the ground      2367400400012 
            state and 197 keV level.                              2367400400013 
STATUS     (TABLE,,J.K.Knijpstra+,J,EPJ/A,61,233,2025) Fig.6      2367400400014 
           (DEP,23674002) gamma production dataset                2367400400015 
ENDBIB              13          0                                 2367400400016 
NOCOMMON             0          0                                 2367400400017 
DATA                 5        705                                 2367400400018 
EN         TOF        DATA       ERR-S      ERR-SYS               2367400400019 
MEV        NSEC       B          PER-CENT   PER-CENT              2367400400020 
 6.38142E-2 2.85285E+4 0.00000E+0 0.00000E+0 0.00000E+0           2367400400021 
 6.39849E-2 2.84905E+4 0.00000E+0 0.00000E+0 0.00000E+0           2367400400022 
 6.41563E-2 2.84524E+4 0.00000E+0 0.00000E+0 0.00000E+0           2367400400023 
 6.43284E-2 2.84143E+4 0.00000E+0 0.00000E+0 0.00000E+0           2367400400024 
 6.45012E-2 2.83762E+4 0.00000E+0 0.00000E+0 0.00000E+0           2367400400025 
 6.46746E-2 2.83382E+4 0.00000E+0 0.00000E+0 0.00000E+0           2367400400026 
 6.48488E-2 2.83001E+4 0.00000E+0 0.00000E+0 0.00000E+0           2367400400027 
 6.50237E-2 2.82620E+4 0.00000E+0 0.00000E+0 0.00000E+0           2367400400028 
 6.51992E-2 2.82239E+4 0.00000E+0 0.00000E+0 0.00000E+0           2367400400029 
 6.53755E-2 2.81859E+4 0.00000E+0 0.00000E+0 0.00000E+0           2367400400030 
 6.55525E-2 2.81478E+4 0.00000E+0 0.00000E+0 0.00000E+0           2367400400031 
 6.57303E-2 2.81097E+4 0.00000E+0 0.00000E+0 0.00000E+0           2367400400032 
 6.59087E-2 2.80716E+4 0.00000E+0 0.00000E+0 0.00000E+0           2367400400033 
 6.60879E-2 2.80335E+4 0.00000E+0 0.00000E+0 0.00000E+0           2367400400034 
 6.62678E-2 2.79955E+4 0.00000E+0 0.00000E+0 0.00000E+0           2367400400035 
 6.64485E-2 2.79574E+4 0.00000E+0 0.00000E+0 0.00000E+0           2367400400036 
 6.66298E-2 2.79193E+4 0.00000E+0 0.00000E+0 0.00000E+0           2367400400037 
 6.68120E-2 2.78812E+4 0.00000E+0 0.00000E+0 0.00000E+0           2367400400038 
 6.69949E-2 2.78432E+4 0.00000E+0 0.00000E+0 0.00000E+0           2367400400039 
 6.71785E-2 2.78051E+4 0.00000E+0 0.00000E+0 0.00000E+0           2367400400040 
 6.73629E-2 2.77670E+4 0.00000E+0 0.00000E+0 0.00000E+0           2367400400041 
 6.75480E-2 2.77289E+4 0.00000E+0 0.00000E+0 0.00000E+0           2367400400042 
 6.77339E-2 2.76909E+4 0.00000E+0 0.00000E+0 0.00000E+0           2367400400043 
 6.79206E-2 2.76528E+4 0.00000E+0 0.00000E+0 0.00000E+0           2367400400044 
 6.81081E-2 2.76147E+4 0.00000E+0 0.00000E+0 0.00000E+0           2367400400045 
 6.82963E-2 2.75766E+4 0.00000E+0 0.00000E+0 0.00000E+0           2367400400046 
 6.84853E-2 2.75386E+4 0.00000E+0 0.00000E+0 0.00000E+0           2367400400047 
 6.86751E-2 2.75005E+4 0.00000E+0 0.00000E+0 0.00000E+0           2367400400048 
 6.88657E-2 2.74624E+4 0.00000E+0 0.00000E+0 0.00000E+0           2367400400049 
 6.90571E-2 2.74243E+4 0.00000E+0 0.00000E+0 0.00000E+0           2367400400050 
 6.92492E-2 2.73863E+4 0.00000E+0 0.00000E+0 0.00000E+0           2367400400051 
 6.94422E-2 2.73482E+4 0.00000E+0 0.00000E+0 0.00000E+0           2367400400052 
 6.96360E-2 2.73101E+4 0.00000E+0 0.00000E+0 0.00000E+0           2367400400053 
 6.98306E-2 2.72720E+4 0.00000E+0 0.00000E+0 0.00000E+0           2367400400054 
 7.00260E-2 2.72339E+4 0.00000E+0 0.00000E+0 0.00000E+0           2367400400055 
 7.02223E-2 2.71959E+4 0.00000E+0 0.00000E+0 0.00000E+0           2367400400056 
 7.04194E-2 2.71578E+4 0.00000E+0 0.00000E+0 0.00000E+0           2367400400057 
 7.06173E-2 2.71197E+4 0.00000E+0 0.00000E+0 0.00000E+0           2367400400058 
 7.08160E-2 2.70816E+4 0.00000E+0 0.00000E+0 0.00000E+0           2367400400059 
 7.10156E-2 2.70436E+4 0.00000E+0 0.00000E+0 0.00000E+0           2367400400060 
 7.12160E-2 2.70055E+4 0.00000E+0 0.00000E+0 0.00000E+0           2367400400061 
 7.14173E-2 2.69674E+4 0.00000E+0 0.00000E+0 0.00000E+0           2367400400062 
 7.16194E-2 2.69293E+4 0.00000E+0 0.00000E+0 0.00000E+0           2367400400063 
 7.18224E-2 2.68913E+4 0.00000E+0 0.00000E+0 0.00000E+0           2367400400064 
 7.20262E-2 2.68532E+4 0.00000E+0 0.00000E+0 0.00000E+0           2367400400065 
 7.22309E-2 2.68151E+4 0.00000E+0 0.00000E+0 0.00000E+0           2367400400066 
 7.24365E-2 2.67770E+4 0.00000E+0 0.00000E+0 0.00000E+0           2367400400067 
 7.26430E-2 2.67390E+4 0.00000E+0 0.00000E+0 0.00000E+0           2367400400068 
 7.28503E-2 2.67009E+4 0.00000E+0 0.00000E+0 0.00000E+0           2367400400069 
 7.30586E-2 2.66628E+4 0.00000E+0 0.00000E+0 0.00000E+0           2367400400070 
 7.32677E-2 2.66247E+4 0.00000E+0 0.00000E+0 0.00000E+0           2367400400071 
 7.34778E-2 2.65867E+4 0.00000E+0 0.00000E+0 0.00000E+0           2367400400072 
 7.36887E-2 2.65486E+4 0.00000E+0 0.00000E+0 0.00000E+0           2367400400073 
 7.39005E-2 2.65105E+4 0.00000E+0 0.00000E+0 0.00000E+0           2367400400074 
 7.41133E-2 2.64724E+4 0.00000E+0 0.00000E+0 0.00000E+0           2367400400075 
 7.43270E-2 2.64343E+4 0.00000E+0 0.00000E+0 0.00000E+0           2367400400076 
 7.45416E-2 2.63963E+4 0.00000E+0 0.00000E+0 0.00000E+0           2367400400077 
 7.47572E-2 2.63582E+4 0.00000E+0 0.00000E+0 0.00000E+0           2367400400078 
 7.49736E-2 2.63201E+4 0.00000E+0 0.00000E+0 0.00000E+0           2367400400079 
 7.51910E-2 2.62820E+4 0.00000E+0 0.00000E+0 0.00000E+0           2367400400080 
 7.54094E-2 2.62440E+4 0.00000E+0 0.00000E+0 0.00000E+0           2367400400081 
 7.56287E-2 2.62059E+4 0.00000E+0 0.00000E+0 0.00000E+0           2367400400082 
 7.58490E-2 2.61678E+4 0.00000E+0 0.00000E+0 0.00000E+0           2367400400083 
 7.60703E-2 2.61297E+4 0.00000E+0 0.00000E+0 0.00000E+0           2367400400084 
 7.62925E-2 2.60917E+4 0.00000E+0 0.00000E+0 0.00000E+0           2367400400085 
 7.65157E-2 2.60536E+4 0.00000E+0 0.00000E+0 0.00000E+0           2367400400086 
 7.67398E-2 2.60155E+4 0.00000E+0 0.00000E+0 0.00000E+0           2367400400087 
 7.69650E-2 2.59774E+4 0.00000E+0 0.00000E+0 0.00000E+0           2367400400088 
 7.71911E-2 2.59394E+4 0.00000E+0 0.00000E+0 0.00000E+0           2367400400089 
 7.74183E-2 2.59013E+4 0.00000E+0 0.00000E+0 0.00000E+0           2367400400090 
 7.76464E-2 2.58632E+4 0.00000E+0 0.00000E+0 0.00000E+0           2367400400091 
 7.78756E-2 2.58251E+4 0.00000E+0 0.00000E+0 0.00000E+0           2367400400092 
 7.81057E-2 2.57871E+4 0.00000E+0 0.00000E+0 0.00000E+0           2367400400093 
 7.83369E-2 2.57490E+4 0.00000E+0 0.00000E+0 0.00000E+0           2367400400094 
 7.85692E-2 2.57109E+4 0.00000E+0 0.00000E+0 0.00000E+0           2367400400095 
 7.88024E-2 2.56728E+4 0.00000E+0 0.00000E+0 0.00000E+0           2367400400096 
 7.90367E-2 2.56347E+4 0.00000E+0 0.00000E+0 0.00000E+0           2367400400097 
 7.92721E-2 2.55967E+4 0.00000E+0 0.00000E+0 0.00000E+0           2367400400098 
 7.95085E-2 2.55586E+4 0.00000E+0 0.00000E+0 0.00000E+0           2367400400099 
 7.97459E-2 2.55205E+4 0.00000E+0 0.00000E+0 0.00000E+0           2367400400100 
 7.99845E-2 2.54824E+4 0.00000E+0 0.00000E+0 0.00000E+0           2367400400101 
 8.02240E-2 2.54444E+4 0.00000E+0 0.00000E+0 0.00000E+0           2367400400102 
 8.04647E-2 2.54063E+4 0.00000E+0 0.00000E+0 0.00000E+0           2367400400103 
 8.07065E-2 2.53682E+4 0.00000E+0 0.00000E+0 0.00000E+0           2367400400104 
 8.09493E-2 2.53301E+4 0.00000E+0 0.00000E+0 0.00000E+0           2367400400105 
 8.11933E-2 2.52921E+4 0.00000E+0 0.00000E+0 0.00000E+0           2367400400106 
 8.14383E-2 2.52540E+4 0.00000E+0 0.00000E+0 0.00000E+0           2367400400107 
 8.16845E-2 2.52159E+4 0.00000E+0 0.00000E+0 0.00000E+0           2367400400108 
 8.19318E-2 2.51778E+4 0.00000E+0 0.00000E+0 0.00000E+0           2367400400109 
 8.21802E-2 2.51398E+4 0.00000E+0 0.00000E+0 0.00000E+0           2367400400110 
 8.24297E-2 2.51017E+4 0.00000E+0 0.00000E+0 0.00000E+0           2367400400111 
 8.26804E-2 2.50636E+4 0.00000E+0 0.00000E+0 0.00000E+0           2367400400112 
 8.29322E-2 2.50255E+4 0.00000E+0 0.00000E+0 0.00000E+0           2367400400113 
 8.31852E-2 2.49875E+4 0.00000E+0 0.00000E+0 0.00000E+0           2367400400114 
 8.34393E-2 2.49494E+4 0.00000E+0 0.00000E+0 0.00000E+0           2367400400115 
 8.36946E-2 2.49113E+4 0.00000E+0 0.00000E+0 0.00000E+0           2367400400116 
 8.39511E-2 2.48732E+4 0.00000E+0 0.00000E+0 0.00000E+0           2367400400117 
 8.42087E-2 2.48351E+4 0.00000E+0 0.00000E+0 0.00000E+0           2367400400118 
 8.44676E-2 2.47971E+4 0.00000E+0 0.00000E+0 0.00000E+0           2367400400119 
 8.47276E-2 2.47590E+4 0.00000E+0 0.00000E+0 0.00000E+0           2367400400120 
 8.49888E-2 2.47209E+4 0.00000E+0 0.00000E+0 0.00000E+0           2367400400121 
 8.52513E-2 2.46828E+4 0.00000E+0 0.00000E+0 0.00000E+0           2367400400122 
 8.55150E-2 2.46448E+4 0.00000E+0 0.00000E+0 0.00000E+0           2367400400123 
 8.57799E-2 2.46067E+4 0.00000E+0 0.00000E+0 0.00000E+0           2367400400124 
 8.60460E-2 2.45686E+4 0.00000E+0 0.00000E+0 0.00000E+0           2367400400125 
 8.63133E-2 2.45305E+4 0.00000E+0 0.00000E+0 0.00000E+0           2367400400126 
 8.65820E-2 2.44925E+4 0.00000E+0 0.00000E+0 0.00000E+0           2367400400127 
 8.68518E-2 2.44544E+4 0.00000E+0 0.00000E+0 0.00000E+0           2367400400128 
 8.71230E-2 2.44163E+4 0.00000E+0 0.00000E+0 0.00000E+0           2367400400129 
 8.73954E-2 2.43782E+4 0.00000E+0 0.00000E+0 0.00000E+0           2367400400130 
 8.76690E-2 2.43402E+4 0.00000E+0 0.00000E+0 0.00000E+0           2367400400131 
 8.79440E-2 2.43021E+4 0.00000E+0 0.00000E+0 0.00000E+0           2367400400132 
 8.82203E-2 2.42640E+4 0.00000E+0 0.00000E+0 0.00000E+0           2367400400133 
 8.84979E-2 2.42259E+4 0.00000E+0 0.00000E+0 0.00000E+0           2367400400134 
 8.87767E-2 2.41879E+4 0.00000E+0 0.00000E+0 0.00000E+0           2367400400135 
 8.90569E-2 2.41498E+4 0.00000E+0 0.00000E+0 0.00000E+0           2367400400136 
 8.93385E-2 2.41117E+4 0.00000E+0 0.00000E+0 0.00000E+0           2367400400137 
 8.96213E-2 2.40736E+4 0.00000E+0 0.00000E+0 0.00000E+0           2367400400138 
 8.99056E-2 2.40355E+4 0.00000E+0 0.00000E+0 0.00000E+0           2367400400139 
 9.01911E-2 2.39975E+4 0.00000E+0 0.00000E+0 0.00000E+0           2367400400140 
 9.04781E-2 2.39594E+4 0.00000E+0 0.00000E+0 0.00000E+0           2367400400141 
 9.07664E-2 2.39213E+4 0.00000E+0 0.00000E+0 0.00000E+0           2367400400142 
 9.10560E-2 2.38832E+4 0.00000E+0 0.00000E+0 0.00000E+0           2367400400143 
 9.13471E-2 2.38452E+4 0.00000E+0 0.00000E+0 0.00000E+0           2367400400144 
 9.16396E-2 2.38071E+4 0.00000E+0 0.00000E+0 0.00000E+0           2367400400145 
 9.19335E-2 2.37690E+4 0.00000E+0 0.00000E+0 0.00000E+0           2367400400146 
 9.22288E-2 2.37309E+4 0.00000E+0 0.00000E+0 0.00000E+0           2367400400147 
 9.25255E-2 2.36929E+4 0.00000E+0 0.00000E+0 0.00000E+0           2367400400148 
 9.28236E-2 2.36548E+4 0.00000E+0 0.00000E+0 0.00000E+0           2367400400149 
 9.31232E-2 2.36167E+4 0.00000E+0 0.00000E+0 0.00000E+0           2367400400150 
 9.34243E-2 2.35786E+4 0.00000E+0 0.00000E+0 0.00000E+0           2367400400151 
 9.37268E-2 2.35406E+4 0.00000E+0 0.00000E+0 0.00000E+0           2367400400152 
 9.40308E-2 2.35025E+4 0.00000E+0 0.00000E+0 0.00000E+0           2367400400153 
 9.43362E-2 2.34644E+4 0.00000E+0 0.00000E+0 0.00000E+0           2367400400154 
 9.46432E-2 2.34263E+4 0.00000E+0 0.00000E+0 0.00000E+0           2367400400155 
 9.49517E-2 2.33883E+4 0.00000E+0 0.00000E+0 0.00000E+0           2367400400156 
 9.52616E-2 2.33502E+4 0.00000E+0 0.00000E+0 0.00000E+0           2367400400157 
 9.55731E-2 2.33121E+4 0.00000E+0 0.00000E+0 0.00000E+0           2367400400158 
 9.58861E-2 2.32740E+4 0.00000E+0 0.00000E+0 0.00000E+0           2367400400159 
 9.62007E-2 2.32359E+4 0.00000E+0 0.00000E+0 0.00000E+0           2367400400160 
 9.65168E-2 2.31979E+4 0.00000E+0 0.00000E+0 0.00000E+0           2367400400161 
 9.68345E-2 2.31598E+4 0.00000E+0 0.00000E+0 0.00000E+0           2367400400162 
 9.71537E-2 2.31217E+4 0.00000E+0 0.00000E+0 0.00000E+0           2367400400163 
 9.74745E-2 2.30836E+4 0.00000E+0 0.00000E+0 0.00000E+0           2367400400164 
 9.77969E-2 2.30456E+4 0.00000E+0 0.00000E+0 0.00000E+0           2367400400165 
 9.81210E-2 2.30075E+4 0.00000E+0 0.00000E+0 0.00000E+0           2367400400166 
 9.84466E-2 2.29694E+4 0.00000E+0 0.00000E+0 0.00000E+0           2367400400167 
 9.87738E-2 2.29313E+4 0.00000E+0 0.00000E+0 0.00000E+0           2367400400168 
 9.91027E-2 2.28933E+4 0.00000E+0 0.00000E+0 0.00000E+0           2367400400169 
 9.94333E-2 2.28552E+4 0.00000E+0 0.00000E+0 0.00000E+0           2367400400170 
 9.97654E-2 2.28171E+4 0.00000E+0 0.00000E+0 0.00000E+0           2367400400171 
 1.00099E-1 2.27790E+4 0.00000E+0 0.00000E+0 0.00000E+0           2367400400172 
 1.00435E-1 2.27410E+4 0.00000E+0 0.00000E+0 0.00000E+0           2367400400173 
 1.00772E-1 2.27029E+4 0.00000E+0 0.00000E+0 0.00000E+0           2367400400174 
 1.01111E-1 2.26648E+4 0.00000E+0 0.00000E+0 0.00000E+0           2367400400175 
 1.01452E-1 2.26267E+4 0.00000E+0 0.00000E+0 0.00000E+0           2367400400176 
 1.01794E-1 2.25887E+4 0.00000E+0 0.00000E+0 0.00000E+0           2367400400177 
 1.02138E-1 2.25506E+4 0.00000E+0 0.00000E+0 0.00000E+0           2367400400178 
 1.02484E-1 2.25125E+4 0.00000E+0 0.00000E+0 0.00000E+0           2367400400179 
 1.02832E-1 2.24744E+4 0.00000E+0 0.00000E+0 0.00000E+0           2367400400180 
 1.03181E-1 2.24363E+4 0.00000E+0 0.00000E+0 0.00000E+0           2367400400181 
 1.03532E-1 2.23983E+4 0.00000E+0 0.00000E+0 0.00000E+0           2367400400182 
 1.03885E-1 2.23602E+4 0.00000E+0 0.00000E+0 0.00000E+0           2367400400183 
 1.04240E-1 2.23221E+4 0.00000E+0 0.00000E+0 0.00000E+0           2367400400184 
 1.04596E-1 2.22840E+4 0.00000E+0 0.00000E+0 0.00000E+0           2367400400185 
 1.04955E-1 2.22460E+4 0.00000E+0 0.00000E+0 0.00000E+0           2367400400186 
 1.05315E-1 2.22079E+4 0.00000E+0 0.00000E+0 0.00000E+0           2367400400187 
 1.05677E-1 2.21698E+4 0.00000E+0 0.00000E+0 0.00000E+0           2367400400188 
 1.06041E-1 2.21317E+4 0.00000E+0 0.00000E+0 0.00000E+0           2367400400189 
 1.06407E-1 2.20937E+4 0.00000E+0 0.00000E+0 0.00000E+0           2367400400190 
 1.06775E-1 2.20556E+4 0.00000E+0 0.00000E+0 0.00000E+0           2367400400191 
 1.07145E-1 2.20175E+4 0.00000E+0 0.00000E+0 0.00000E+0           2367400400192 
 1.07516E-1 2.19794E+4 0.00000E+0 0.00000E+0 0.00000E+0           2367400400193 
 1.07890E-1 2.19414E+4 0.00000E+0 0.00000E+0 0.00000E+0           2367400400194 
 1.08265E-1 2.19033E+4 0.00000E+0 0.00000E+0 0.00000E+0           2367400400195 
 1.08643E-1 2.18652E+4 0.00000E+0 0.00000E+0 0.00000E+0           2367400400196 
 1.09022E-1 2.18271E+4 0.00000E+0 0.00000E+0 0.00000E+0           2367400400197 
 1.09404E-1 2.17891E+4 0.00000E+0 0.00000E+0 0.00000E+0           2367400400198 
 1.09787E-1 2.17510E+4 0.00000E+0 0.00000E+0 0.00000E+0           2367400400199 
 1.10172E-1 2.17129E+4 0.00000E+0 0.00000E+0 0.00000E+0           2367400400200 
 1.10560E-1 2.16748E+4 0.00000E+0 0.00000E+0 0.00000E+0           2367400400201 
 1.10949E-1 2.16367E+4 0.00000E+0 0.00000E+0 0.00000E+0           2367400400202 
 1.11341E-1 2.15987E+4 0.00000E+0 0.00000E+0 0.00000E+0           2367400400203 
 1.11735E-1 2.15606E+4 0.00000E+0 0.00000E+0 0.00000E+0           2367400400204 
 1.12131E-1 2.15225E+4 0.00000E+0 0.00000E+0 0.00000E+0           2367400400205 
 1.12528E-1 2.14844E+4 0.00000E+0 0.00000E+0 0.00000E+0           2367400400206 
 1.12928E-1 2.14464E+4 0.00000E+0 0.00000E+0 0.00000E+0           2367400400207 
 1.13331E-1 2.14083E+4 0.00000E+0 0.00000E+0 0.00000E+0           2367400400208 
 1.13735E-1 2.13702E+4 0.00000E+0 0.00000E+0 0.00000E+0           2367400400209 
 1.14141E-1 2.13321E+4 0.00000E+0 0.00000E+0 0.00000E+0           2367400400210 
 1.14550E-1 2.12941E+4 0.00000E+0 0.00000E+0 0.00000E+0           2367400400211 
 1.14961E-1 2.12560E+4 6.04271E-2 6.91911E+1 5.53371E+0           2367400400212 
 1.15374E-1 2.12179E+4 3.16936E-2 3.26776E+1 5.53370E+0           2367400400213 
 1.15789E-1 2.11798E+4 8.40347E-2 4.96739E+1 5.53370E+0           2367400400214 
 1.16207E-1 2.11418E+4 1.36450E-1 3.30048E+1 5.53372E+0           2367400400215 
 1.16626E-1 2.11037E+4 1.69700E-1 2.84296E+1 5.53371E+0           2367400400216 
 1.17048E-1 2.10656E+4 1.19182E-1 3.55543E+1 5.53370E+0           2367400400217 
 1.17473E-1 2.10275E+4 2.13036E-1 2.31111E+1 5.53371E+0           2367400400218 
 1.17899E-1 2.09895E+4 1.34548E-1 1.74652E+1 5.53372E+0           2367400400219 
 1.18328E-1 2.09514E+4 1.89458E-1 2.65715E+1 5.53373E+0           2367400400220 
 1.18760E-1 2.09133E+4 3.16924E-1 1.78566E+1 5.53372E+0           2367400400221 
 1.19194E-1 2.08752E+4 2.54777E-1 2.27149E+1 5.53370E+0           2367400400222 
 1.19630E-1 2.08371E+4 2.28840E-1 2.24372E+1 5.53369E+0           2367400400223 
 1.20068E-1 2.07991E+4 1.47697E-1 2.74563E+1 5.53371E+0           2367400400224 
 1.20509E-1 2.07610E+4 2.27377E-1 2.02090E+1 5.53372E+0           2367400400225 
 1.20952E-1 2.07229E+4 1.94252E-1 2.26927E+1 5.53374E+0           2367400400226 
 1.21398E-1 2.06848E+4 2.38490E-1 1.84346E+1 5.53373E+0           2367400400227 
 1.21846E-1 2.06468E+4 1.83478E-1 2.19050E+1 5.53369E+0           2367400400228 
 1.22297E-1 2.06087E+4 1.99963E-1 2.14098E+1 5.53372E+0           2367400400229 
 1.22750E-1 2.05706E+4 2.79960E-1 1.70649E+1 5.53372E+0           2367400400230 
 1.23206E-1 2.05325E+4 3.47914E-1 1.60712E+1 5.53370E+0           2367400400231 
 1.23664E-1 2.04945E+4 2.56200E-1 1.83017E+1 5.53368E+0           2367400400232 
 1.24125E-1 2.04564E+4 3.20336E-1 1.70300E+1 5.53372E+0           2367400400233 
 1.24589E-1 2.04183E+4 2.94271E-1 1.85184E+1 5.53371E+0           2367400400234 
 1.25055E-1 2.03802E+4 2.90922E-1 1.93326E+1 5.53372E+0           2367400400235 
 1.25524E-1 2.03422E+4 3.97124E-1 1.70823E+1 5.53371E+0           2367400400236 
 1.25995E-1 2.03041E+4 3.45612E-1 1.62305E+1 5.53369E+0           2367400400237 
 1.26469E-1 2.02660E+4 3.23794E-1 1.58937E+1 5.53370E+0           2367400400238 
 1.26946E-1 2.02279E+4 3.80882E-1 1.38597E+1 5.53371E+0           2367400400239 
 1.27425E-1 2.01899E+4 2.98705E-1 1.56080E+1 5.53369E+0           2367400400240 
 1.27907E-1 2.01518E+4 3.05431E-1 1.49513E+1 5.53369E+0           2367400400241 
 1.28392E-1 2.01137E+4 2.93937E-1 1.41099E+1 5.53370E+0           2367400400242 
 1.28879E-1 2.00756E+4 2.46949E-1 1.65991E+1 5.53369E+0           2367400400243 
 1.29370E-1 2.00375E+4 2.48347E-1 1.62308E+1 5.53371E+0           2367400400244 
 1.29863E-1 1.99995E+4 2.57147E-1 1.57767E+1 5.53372E+0           2367400400245 
 1.30359E-1 1.99614E+4 2.64309E-1 1.52568E+1 5.53371E+0           2367400400246 
 1.30858E-1 1.99233E+4 2.79192E-1 1.52038E+1 5.53372E+0           2367400400247 
 1.31360E-1 1.98852E+4 3.78560E-1 1.31208E+1 5.53371E+0           2367400400248 
 1.31864E-1 1.98472E+4 3.80601E-1 1.27783E+1 5.53370E+0           2367400400249 
 1.32372E-1 1.98091E+4 3.65233E-1 1.30724E+1 5.53370E+0           2367400400250 
 1.32882E-1 1.97710E+4 4.21500E-1 1.24289E+1 5.53369E+0           2367400400251 
 1.33396E-1 1.97329E+4 4.48327E-1 1.23643E+1 5.53371E+0           2367400400252 
 1.33912E-1 1.96949E+4 3.84793E-1 1.41850E+1 5.53370E+0           2367400400253 
 1.34431E-1 1.96568E+4 5.12827E-1 1.32753E+1 5.53370E+0           2367400400254 
 1.34954E-1 1.96187E+4 4.27986E-1 1.37294E+1 5.53371E+0           2367400400255 
 1.35479E-1 1.95806E+4 4.33242E-1 1.41160E+1 5.53372E+0           2367400400256 
 1.36008E-1 1.95426E+4 4.74337E-1 1.47679E+1 5.53370E+0           2367400400257 
 1.36539E-1 1.95045E+4 4.88609E-1 1.48396E+1 5.53371E+0           2367400400258 
 1.37074E-1 1.94664E+4 3.89552E-1 1.42740E+1 5.53372E+0           2367400400259 
 1.37612E-1 1.94283E+4 3.87681E-1 1.52048E+1 5.53370E+0           2367400400260 
 1.38153E-1 1.93903E+4 2.70405E-1 1.73860E+1 5.53370E+0           2367400400261 
 1.38698E-1 1.93522E+4 3.22797E-1 1.54453E+1 5.53369E+0           2367400400262 
 1.39245E-1 1.93141E+4 2.11755E-1 1.97241E+1 5.53371E+0           2367400400263 
 1.39796E-1 1.92760E+4 2.35565E-1 1.77945E+1 5.53372E+0           2367400400264 
 1.40350E-1 1.92379E+4 2.06452E-1 1.98827E+1 5.53368E+0           2367400400265 
 1.40907E-1 1.91999E+4 2.25126E-1 1.84034E+1 5.53370E+0           2367400400266 
 1.41468E-1 1.91618E+4 1.80870E-1 1.22032E+1 5.53370E+0           2367400400267 
 1.42032E-1 1.91237E+4 2.72324E-1 1.56971E+1 5.53370E+0           2367400400268 
 1.42599E-1 1.90856E+4 2.94817E-1 1.60594E+1 5.53370E+0           2367400400269 
 1.43170E-1 1.90476E+4 3.07472E-1 1.59939E+1 5.53371E+0           2367400400270 
 1.43744E-1 1.90095E+4 2.72158E-1 1.69034E+1 5.53370E+0           2367400400271 
 1.44322E-1 1.89714E+4 3.14974E-1 1.56020E+1 5.53369E+0           2367400400272 
 1.44903E-1 1.89333E+4 2.58508E-1 1.69304E+1 5.53372E+0           2367400400273 
 1.45488E-1 1.88953E+4 2.62599E-1 1.52841E+1 5.53372E+0           2367400400274 
 1.46076E-1 1.88572E+4 2.53886E-1 1.47328E+1 5.53370E+0           2367400400275 
 1.46668E-1 1.88191E+4 2.26753E-1 1.47059E+1 5.53369E+0           2367400400276 
 1.47264E-1 1.87810E+4 2.24000E-1 1.50444E+1 5.53371E+0           2367400400277 
 1.47863E-1 1.87430E+4 2.29596E-1 1.49748E+1 5.53368E+0           2367400400278 
 1.48465E-1 1.87049E+4 2.44772E-1 1.44894E+1 5.53368E+0           2367400400279 
 1.49072E-1 1.86668E+4 2.76364E-1 1.40010E+1 5.53368E+0           2367400400280 
 1.49682E-1 1.86287E+4 2.96599E-1 1.35497E+1 5.53370E+0           2367400400281 
 1.50296E-1 1.85907E+4 2.54545E-1 1.46664E+1 5.53372E+0           2367400400282 
 1.50914E-1 1.85526E+4 3.20293E-1 1.34161E+1 5.53371E+0           2367400400283 
 1.51535E-1 1.85145E+4 3.36621E-1 1.28203E+1 5.53370E+0           2367400400284 
 1.52161E-1 1.84764E+4 3.45150E-1 1.20603E+1 5.53371E+0           2367400400285 
 1.52790E-1 1.84383E+4 3.40538E-1 1.23871E+1 5.53371E+0           2367400400286 
 1.53423E-1 1.84003E+4 4.00545E-1 1.16622E+1 5.53371E+0           2367400400287 
 1.54060E-1 1.83622E+4 3.59854E-1 1.27367E+1 5.53369E+0           2367400400288 
 1.54701E-1 1.83241E+4 2.75633E-1 1.40090E+1 5.53370E+0           2367400400289 
 1.55346E-1 1.82860E+4 3.62255E-1 1.29254E+1 5.53370E+0           2367400400290 
 1.55995E-1 1.82480E+4 2.97110E-1 1.35972E+1 5.53371E+0           2367400400291 
 1.56648E-1 1.82099E+4 3.48359E-1 1.43538E+1 5.53369E+0           2367400400292 
 1.57306E-1 1.81718E+4 3.31386E-1 1.34340E+1 5.53370E+0           2367400400293 
 1.57967E-1 1.81337E+4 3.39460E-1 1.26378E+1 5.53370E+0           2367400400294 
 1.58633E-1 1.80957E+4 3.49795E-1 1.21716E+1 5.53370E+0           2367400400295 
 1.59303E-1 1.80576E+4 3.31980E-1 1.15877E+1 5.53371E+0           2367400400296 
 1.59977E-1 1.80195E+4 3.00014E-1 1.20408E+1 5.53371E+0           2367400400297 
 1.60655E-1 1.79814E+4 3.56720E-1 1.23421E+1 5.53370E+0           2367400400298 
 1.61338E-1 1.79434E+4 3.46495E-1 1.16180E+1 5.63370E+0           2367400400299 
 1.62025E-1 1.79053E+4 3.44185E-1 1.12237E+1 5.63371E+0           2367400400300 
 1.62717E-1 1.78672E+4 3.74183E-1 1.08116E+1 5.63371E+0           2367400400301 
 1.63413E-1 1.78291E+4 4.35327E-1 1.03744E+1 5.63370E+0           2367400400302 
 1.64113E-1 1.77911E+4 4.43588E-1 1.01099E+1 5.63370E+0           2367400400303 
 1.64818E-1 1.77530E+4 3.86100E-1 1.06441E+1 5.63372E+0           2367400400304 
 1.65527E-1 1.77149E+4 3.63431E-1 1.02099E+1 5.63372E+0           2367400400305 
 1.66241E-1 1.76768E+4 3.45314E-1 1.02935E+1 5.63371E+0           2367400400306 
 1.66960E-1 1.76387E+4 3.28986E-1 1.05483E+1 5.63370E+0           2367400400307 
 1.67683E-1 1.76007E+4 3.35541E-1 1.04903E+1 5.63371E+0           2367400400308 
 1.68411E-1 1.75626E+4 3.17769E-1 9.72993E+0 5.63372E+0           2367400400309 
 1.69144E-1 1.75245E+4 3.05458E-1 9.64394E+0 5.63370E+0           2367400400310 
 1.69882E-1 1.74864E+4 3.11816E-1 9.57215E+0 5.63371E+0           2367400400311 
 1.70624E-1 1.74484E+4 3.24701E-1 9.61408E+0 5.63371E+0           2367400400312 
 1.71372E-1 1.74103E+4 4.33265E-1 8.89363E+0 5.63371E+0           2367400400313 
 1.72124E-1 1.73722E+4 3.96062E-1 8.82849E+0 5.63371E+0           2367400400314 
 1.72881E-1 1.73341E+4 4.14760E-1 8.91947E+0 5.63372E+0           2367400400315 
 1.73643E-1 1.72961E+4 3.98895E-1 8.58732E+0 5.63371E+0           2367400400316 
 1.74411E-1 1.72580E+4 3.99000E-1 9.09276E+0 5.63371E+0           2367400400317 
 1.75183E-1 1.72199E+4 4.21790E-1 8.82470E+0 5.73371E+0           2367400400318 
 1.75961E-1 1.71818E+4 4.21495E-1 9.33408E+0 5.73371E+0           2367400400319 
 1.76743E-1 1.71438E+4 4.56732E-1 8.53354E+0 5.73371E+0           2367400400320 
 1.77531E-1 1.71057E+4 4.66944E-1 8.42463E+0 5.73371E+0           2367400400321 
 1.78324E-1 1.70676E+4 4.30591E-1 8.87524E+0 5.73370E+0           2367400400322 
 1.79123E-1 1.70295E+4 4.69569E-1 8.58272E+0 5.73370E+0           2367400400323 
 1.79927E-1 1.69915E+4 5.62317E-1 8.55585E+0 5.73371E+0           2367400400324 
 1.80736E-1 1.69534E+4 5.50628E-1 8.61088E+0 5.73371E+0           2367400400325 
 1.81551E-1 1.69153E+4 5.72368E-1 8.25579E+0 5.73371E+0           2367400400326 
 1.82371E-1 1.68772E+4 5.67722E-1 8.37588E+0 5.73370E+0           2367400400327 
 1.83197E-1 1.68391E+4 5.83493E-1 8.11490E+0 5.73371E+0           2367400400328 
 1.84029E-1 1.68011E+4 5.70426E-1 8.07128E+0 5.73370E+0           2367400400329 
 1.84866E-1 1.67630E+4 5.62515E-1 7.97333E+0 5.73371E+0           2367400400330 
 1.85709E-1 1.67249E+4 5.32900E-1 7.92237E+0 5.73370E+0           2367400400331 
 1.86558E-1 1.66868E+4 4.94280E-1 8.20108E+0 5.73369E+0           2367400400332 
 1.87412E-1 1.66488E+4 4.29095E-1 8.11389E+0 5.63369E+0           2367400400333 
 1.88273E-1 1.66107E+4 4.94002E-1 8.07624E+0 5.63370E+0           2367400400334 
 1.89139E-1 1.65726E+4 5.20824E-1 7.77599E+0 5.63371E+0           2367400400335 
 1.90012E-1 1.65345E+4 5.26567E-1 7.69912E+0 5.63370E+0           2367400400336 
 1.90890E-1 1.64965E+4 5.46973E-1 7.72005E+0 5.63370E+0           2367400400337 
 1.91774E-1 1.64584E+4 5.93556E-1 8.00137E+0 5.63371E+0           2367400400338 
 1.92665E-1 1.64203E+4 5.87667E-1 7.77057E+0 5.63370E+0           2367400400339 
 1.93562E-1 1.63822E+4 6.41050E-1 7.62828E+0 5.63371E+0           2367400400340 
 1.94465E-1 1.63442E+4 6.27780E-1 7.77470E+0 5.63371E+0           2367400400341 
 1.95375E-1 1.63061E+4 6.75782E-1 7.67166E+0 5.63371E+0           2367400400342 
 1.96291E-1 1.62680E+4 7.32366E-1 7.45117E+0 5.63371E+0           2367400400343 
 1.97213E-1 1.62299E+4 6.97472E-1 7.21120E+0 5.63370E+0           2367400400344 
 1.98142E-1 1.61919E+4 7.37125E-1 7.22630E+0 5.63371E+0           2367400400345 
 1.99078E-1 1.61538E+4 7.42418E-1 7.25836E+0 5.63370E+0           2367400400346 
 2.00020E-1 1.61157E+4 7.73291E-1 7.12174E+0 5.63371E+0           2367400400347 
 2.00969E-1 1.60776E+4 7.26746E-1 7.11740E+0 5.63370E+0           2367400400348 
 2.01924E-1 1.60395E+4 7.60313E-1 6.91810E+0 5.63371E+0           2367400400349 
 2.02887E-1 1.60015E+4 7.75610E-1 6.87699E+0 5.63371E+0           2367400400350 
 2.03856E-1 1.59634E+4 8.20241E-1 7.06394E+0 5.63371E+0           2367400400351 
 2.04832E-1 1.59253E+4 8.17124E-1 7.05794E+0 5.63371E+0           2367400400352 
 2.05815E-1 1.58872E+4 8.33074E-1 6.82790E+0 5.63371E+0           2367400400353 
 2.06806E-1 1.58492E+4 8.52812E-1 6.84046E+0 5.63370E+0           2367400400354 
 2.07803E-1 1.58111E+4 9.23790E-1 6.59580E+0 5.63370E+0           2367400400355 
 2.08808E-1 1.57730E+4 9.61557E-1 6.92242E+0 5.94221E+0           2367400400356 
 2.09820E-1 1.57349E+4 1.01475E+0 6.88365E+0 5.80438E+0           2367400400357 
 2.10840E-1 1.56969E+4 1.04390E+0 6.89427E+0 5.71815E+0           2367400400358 
 2.11867E-1 1.56588E+4 1.06657E+0 6.73195E+0 5.67107E+0           2367400400359 
 2.12901E-1 1.56207E+4 1.12448E+0 6.64320E+0 5.71699E+0           2367400400360 
 2.13943E-1 1.55826E+4 1.20067E+0 6.61947E+0 5.78929E+0           2367400400361 
 2.14993E-1 1.55446E+4 1.26538E+0 6.37437E+0 6.07393E+0           2367400400362 
 2.16051E-1 1.55065E+4 1.33448E+0 6.42057E+0 5.95470E+0           2367400400363 
 2.17116E-1 1.54684E+4 1.40651E+0 6.54963E+0 5.79953E+0           2367400400364 
 2.18189E-1 1.54303E+4 1.38202E+0 6.32233E+0 5.70753E+0           2367400400365 
 2.19270E-1 1.53922E+4 1.29190E+0 6.19403E+0 5.85139E+0           2367400400366 
 2.20360E-1 1.53542E+4 1.31993E+0 6.08743E+0 5.74276E+0           2367400400367 
 2.21457E-1 1.53161E+4 1.34509E+0 5.92645E+0 5.68223E+0           2367400400368 
 2.22563E-1 1.52780E+4 1.41090E+0 5.94156E+0 5.65685E+0           2367400400369 
 2.23677E-1 1.52399E+4 1.37615E+0 5.96390E+0 5.65273E+0           2367400400370 
 2.24799E-1 1.52019E+4 1.43222E+0 5.81124E+0 5.68054E+0           2367400400371 
 2.25930E-1 1.51638E+4 1.45471E+0 5.69155E+0 5.91277E+0           2367400400372 
 2.27069E-1 1.51257E+4 1.47027E+0 5.63723E+0 5.80987E+0           2367400400373 
 2.28217E-1 1.50876E+4 1.48297E+0 5.52644E+0 5.78710E+0           2367400400374 
 2.29374E-1 1.50496E+4 1.55162E+0 5.50024E+0 5.97461E+0           2367400400375 
 2.30539E-1 1.50115E+4 1.51790E+0 5.41596E+0 5.93611E+0           2367400400376 
 2.31714E-1 1.49734E+4 1.52778E+0 5.28610E+0 5.85176E+0           2367400400377 
 2.32897E-1 1.49353E+4 1.53194E+0 5.27325E+0 6.02316E+0           2367400400378 
 2.34089E-1 1.48973E+4 1.57770E+0 5.39986E+0 5.79798E+0           2367400400379 
 2.35291E-1 1.48592E+4 1.64425E+0 5.48558E+0 5.82178E+0           2367400400380 
 2.36502E-1 1.48211E+4 1.77050E+0 5.45716E+0 5.97038E+0           2367400400381 
 2.37722E-1 1.47830E+4 1.86882E+0 5.35731E+0 5.98805E+0           2367400400382 
 2.38952E-1 1.47450E+4 1.99057E+0 5.36523E+0 6.31931E+0           2367400400383 
 2.40192E-1 1.47069E+4 2.04223E+0 5.45029E+0 6.08393E+0           2367400400384 
 2.41441E-1 1.46688E+4 2.05550E+0 5.55647E+0 5.94886E+0           2367400400385 
 2.42699E-1 1.46307E+4 2.11187E+0 5.33038E+0 6.07868E+0           2367400400386 
 2.43968E-1 1.45926E+4 2.06033E+0 5.33926E+0 5.89550E+0           2367400400387 
 2.45247E-1 1.45546E+4 2.08279E+0 5.29942E+0 5.91701E+0           2367400400388 
 2.46536E-1 1.45165E+4 1.99047E+0 5.20695E+0 5.91373E+0           2367400400389 
 2.47835E-1 1.44784E+4 2.11747E+0 5.28393E+0 6.01221E+0           2367400400390 
 2.49144E-1 1.44403E+4 2.03317E+0 5.14772E+0 5.95807E+0           2367400400391 
 2.50463E-1 1.44023E+4 2.03888E+0 5.18306E+0 6.04056E+0           2367400400392 
 2.51793E-1 1.43642E+4 1.97037E+0 5.08285E+0 6.02884E+0           2367400400393 
 2.53134E-1 1.43261E+4 2.03543E+0 5.09038E+0 6.07594E+0           2367400400394 
 2.54486E-1 1.42880E+4 1.93218E+0 4.99345E+0 6.23394E+0           2367400400395 
 2.55848E-1 1.42500E+4 1.91985E+0 4.97515E+0 6.07031E+0           2367400400396 
 2.57221E-1 1.42119E+4 1.89379E+0 4.78729E+0 6.06357E+0           2367400400397 
 2.58606E-1 1.41738E+4 1.90236E+0 4.70713E+0 5.97043E+0           2367400400398 
 2.60001E-1 1.41357E+4 1.98173E+0 4.69069E+0 5.87937E+0           2367400400399 
 2.61408E-1 1.40977E+4 1.97860E+0 4.60955E+0 6.04590E+0           2367400400400 
 2.62827E-1 1.40596E+4 2.10717E+0 4.59351E+0 5.96343E+0           2367400400401 
 2.64257E-1 1.40215E+4 2.16540E+0 4.57640E+0 5.97456E+0           2367400400402 
 2.65699E-1 1.39834E+4 2.31522E+0 4.62699E+0 6.26423E+0           2367400400403 
 2.67152E-1 1.39454E+4 2.46714E+0 4.64994E+0 6.21311E+0           2367400400404 
 2.68618E-1 1.39073E+4 2.42638E+0 4.55654E+0 5.93816E+0           2367400400405 
 2.70095E-1 1.38692E+4 2.17648E+0 4.50217E+0 6.08912E+0           2367400400406 
 2.71585E-1 1.38311E+4 1.97438E+0 4.45905E+0 6.34829E+0           2367400400407 
 2.73087E-1 1.37930E+4 1.75129E+0 4.42109E+0 6.49540E+0           2367400400408 
 2.74602E-1 1.37550E+4 1.70802E+0 4.49576E+0 6.36379E+0           2367400400409 
 2.76129E-1 1.37169E+4 1.68457E+0 4.55807E+0 6.05040E+0           2367400400410 
 2.77669E-1 1.36788E+4 1.67256E+0 4.58540E+0 6.60545E+0           2367400400411 
 2.79222E-1 1.36407E+4 1.62436E+0 4.59259E+0 7.01541E+0           2367400400412 
 2.80788E-1 1.36027E+4 1.67874E+0 4.70845E+0 7.39423E+0           2367400400413 
 2.82368E-1 1.35646E+4 1.63633E+0 4.71581E+0 6.26088E+0           2367400400414 
 2.83960E-1 1.35265E+4 1.52245E+0 4.59210E+0 6.36270E+0           2367400400415 
 2.85566E-1 1.34884E+4 1.31799E+0 4.47782E+0 6.98209E+0           2367400400416 
 2.87186E-1 1.34504E+4 1.16789E+0 4.38480E+0 6.28550E+0           2367400400417 
 2.88820E-1 1.34123E+4 1.07015E+0 4.33635E+0 6.20080E+0           2367400400418 
 2.90467E-1 1.33742E+4 1.01187E+0 4.33672E+0 6.74733E+0           2367400400419 
 2.92129E-1 1.33361E+4 9.09115E-1 4.22005E+0 6.43892E+0           2367400400420 
 2.93805E-1 1.32981E+4 8.74505E-1 4.21323E+0 6.19062E+0           2367400400421 
 2.95496E-1 1.32600E+4 8.60169E-1 4.22278E+0 6.85672E+0           2367400400422 
 2.97201E-1 1.32219E+4 8.48877E-1 4.22462E+0 6.55702E+0           2367400400423 
 2.98921E-1 1.31838E+4 8.55678E-1 4.29072E+0 6.77286E+0           2367400400424 
 3.00656E-1 1.31458E+4 8.29409E-1 4.37369E+0 6.58710E+0           2367400400425 
 3.02406E-1 1.31077E+4 8.37345E-1 4.47233E+0 6.26307E+0           2367400400426 
 3.04172E-1 1.30696E+4 8.42555E-1 4.68839E+0 6.26205E+0           2367400400427 
 3.05953E-1 1.30315E+4 9.26527E-1 4.89221E+0 6.60063E+0           2367400400428 
 3.07749E-1 1.29934E+4 9.17986E-1 5.16669E+0 7.54856E+0           2367400400429 
 3.09562E-1 1.29554E+4 8.75970E-1 5.08124E+0 7.47755E+0           2367400400430 
 3.11390E-1 1.29173E+4 8.16259E-1 4.98815E+0 6.51173E+0           2367400400431 
 3.13235E-1 1.28792E+4 7.15823E-1 4.91891E+0 7.15194E+0           2367400400432 
 3.15096E-1 1.28411E+4 6.47148E-1 5.08821E+0 6.62141E+0           2367400400433 
 3.16974E-1 1.28031E+4 6.70656E-1 5.09618E+0 7.14745E+0           2367400400434 
 3.18869E-1 1.27650E+4 6.97749E-1 5.23562E+0 6.29021E+0           2367400400435 
 3.20781E-1 1.27269E+4 7.00966E-1 5.44882E+0 7.38258E+0           2367400400436 
 3.22710E-1 1.26888E+4 7.02597E-1 5.50772E+0 7.05431E+0           2367400400437 
 3.24657E-1 1.26508E+4 7.16725E-1 5.60830E+0 7.89854E+0           2367400400438 
 3.26621E-1 1.26127E+4 7.70584E-1 5.70811E+0 7.84556E+0           2367400400439 
 3.28603E-1 1.25746E+4 7.66387E-1 5.77125E+0 7.13368E+0           2367400400440 
 3.30603E-1 1.25365E+4 7.89120E-1 5.68589E+0 6.95305E+0           2367400400441 
 3.32621E-1 1.24985E+4 7.91923E-1 5.80184E+0 7.78389E+0           2367400400442 
 3.34659E-1 1.24604E+4 8.00549E-1 5.83376E+0 7.39102E+0           2367400400443 
 3.36714E-1 1.24223E+4 8.39417E-1 5.88483E+0 7.12707E+0           2367400400444 
 3.38789E-1 1.23842E+4 9.03844E-1 5.84101E+0 7.59171E+0           2367400400445 
 3.40883E-1 1.23461E+4 9.49139E-1 5.92688E+0 6.17419E+0           2367400400446 
 3.42997E-1 1.23081E+4 9.93891E-1 6.02311E+0 6.91316E+0           2367400400447 
 3.45130E-1 1.22700E+4 1.03897E+0 6.12987E+0 6.79297E+0           2367400400448 
 3.47283E-1 1.22319E+4 1.12296E+0 6.26285E+0 6.99216E+0           2367400400449 
 3.49457E-1 1.21938E+4 1.17909E+0 6.15694E+0 6.60799E+0           2367400400450 
 3.51651E-1 1.21558E+4 1.16023E+0 6.11647E+0 7.21300E+0           2367400400451 
 3.53865E-1 1.21177E+4 1.18174E+0 6.04343E+0 7.34208E+0           2367400400452 
 3.56101E-1 1.20796E+4 1.17638E+0 6.00106E+0 7.74963E+0           2367400400453 
 3.58358E-1 1.20415E+4 1.11110E+0 5.87731E+0 7.32360E+0           2367400400454 
 3.60636E-1 1.20035E+4 1.10920E+0 5.82734E+0 6.54612E+0           2367400400455 
 3.62936E-1 1.19654E+4 1.18350E+0 5.84181E+0 7.09373E+0           2367400400456 
 3.65259E-1 1.19273E+4 1.21083E+0 5.86785E+0 6.85688E+0           2367400400457 
 3.67603E-1 1.18892E+4 1.33433E+0 5.83302E+0 7.22598E+0           2367400400458 
 3.69971E-1 1.18512E+4 1.44947E+0 5.87591E+0 8.62859E+0           2367400400459 
 3.72361E-1 1.18131E+4 1.62332E+0 5.75387E+0 7.56943E+0           2367400400460 
 3.74774E-1 1.17750E+4 1.65047E+0 5.81406E+0 7.21783E+0           2367400400461 
 3.77211E-1 1.17369E+4 1.72145E+0 5.77595E+0 7.47585E+0           2367400400462 
 3.79672E-1 1.16989E+4 1.81473E+0 5.71465E+0 6.36316E+0           2367400400463 
 3.82157E-1 1.16608E+4 1.98301E+0 5.57721E+0 7.90057E+0           2367400400464 
 3.84667E-1 1.16227E+4 1.82850E+0 5.68538E+0 7.80164E+0           2367400400465 
 3.87201E-1 1.15846E+4 1.61286E+0 6.12575E+0 7.44742E+0           2367400400466 
 3.89761E-1 1.15465E+4 1.58954E+0 6.26143E+0 6.87415E+0           2367400400467 
 3.92346E-1 1.15085E+4 1.54440E+0 6.26984E+0 8.11786E+0           2367400400468 
 3.94957E-1 1.14704E+4 1.43043E+0 6.16763E+0 1.01438E+1           2367400400469 
 3.97594E-1 1.14323E+4 1.44450E+0 6.28017E+0 8.21574E+0           2367400400470 
 4.00257E-1 1.13942E+4 1.46586E+0 6.27245E+0 9.51603E+0           2367400400471 
 4.02947E-1 1.13562E+4 1.33168E+0 6.25167E+0 1.12748E+1           2367400400472 
 4.05665E-1 1.13181E+4 1.41428E+0 6.27838E+0 9.44999E+0           2367400400473 
 4.08410E-1 1.12800E+4 1.40153E+0 6.20119E+0 7.99324E+0           2367400400474 
 4.11183E-1 1.12419E+4 1.44144E+0 6.10681E+0 8.22987E+0           2367400400475 
 4.13984E-1 1.12039E+4 1.61833E+0 6.01640E+0 7.43093E+0           2367400400476 
 4.16815E-1 1.11658E+4 1.68019E+0 6.01222E+0 8.09176E+0           2367400400477 
 4.19674E-1 1.11277E+4 1.57629E+0 5.96180E+0 8.15387E+0           2367400400478 
 4.22563E-1 1.10896E+4 1.41308E+0 5.98998E+0 7.24195E+0           2367400400479 
 4.25481E-1 1.10516E+4 1.24752E+0 5.96226E+0 6.75217E+0           2367400400480 
 4.28430E-1 1.10135E+4 1.08212E+0 5.96419E+0 8.36017E+0           2367400400481 
 4.31410E-1 1.09754E+4 1.02438E+0 5.81042E+0 7.65484E+0           2367400400482 
 4.34421E-1 1.09373E+4 9.73979E-1 5.78406E+0 6.63784E+0           2367400400483 
 4.37464E-1 1.08992E+4 9.55857E-1 5.61480E+0 7.39173E+0           2367400400484 
 4.40539E-1 1.08612E+4 8.94614E-1 5.47836E+0 6.93120E+0           2367400400485 
 4.43646E-1 1.08231E+4 8.84307E-1 5.41333E+0 6.81895E+0           2367400400486 
 4.46787E-1 1.07850E+4 9.09335E-1 5.36244E+0 6.72730E+0           2367400400487 
 4.49960E-1 1.07469E+4 9.11382E-1 5.29223E+0 6.88092E+0           2367400400488 
 4.53168E-1 1.07089E+4 8.85838E-1 5.22159E+0 6.87655E+0           2367400400489 
 4.56410E-1 1.06708E+4 8.55827E-1 5.08747E+0 7.23459E+0           2367400400490 
 4.59687E-1 1.06327E+4 8.47167E-1 4.97455E+0 6.61583E+0           2367400400491 
 4.63000E-1 1.05946E+4 8.59561E-1 4.90394E+0 6.93317E+0           2367400400492 
 4.66348E-1 1.05566E+4 8.34496E-1 4.80593E+0 6.89096E+0           2367400400493 
 4.69733E-1 1.05185E+4 8.52078E-1 4.60033E+0 6.68150E+0           2367400400494 
 4.73155E-1 1.04804E+4 8.71818E-1 4.40999E+0 6.30965E+0           2367400400495 
 4.76615E-1 1.04423E+4 9.08409E-1 4.12621E+0 6.95295E+0           2367400400496 
 4.80112E-1 1.04043E+4 9.91335E-1 3.88666E+0 7.02564E+0           2367400400497 
 4.83649E-1 1.03662E+4 1.07194E+0 3.59846E+0 6.57579E+0           2367400400498 
 4.87224E-1 1.03281E+4 1.09047E+0 3.47538E+0 6.89118E+0           2367400400499 
 4.90839E-1 1.02900E+4 1.08638E+0 3.45535E+0 6.41737E+0           2367400400500 
 4.94495E-1 1.02520E+4 9.93555E-1 3.66854E+0 6.09511E+0           2367400400501 
 4.98192E-1 1.02139E+4 8.69592E-1 4.01682E+0 7.10871E+0           2367400400502 
 5.01930E-1 1.01758E+4 7.52540E-1 4.18988E+0 8.10826E+0           2367400400503 
 5.05711E-1 1.01377E+4 7.11545E-1 4.34034E+0 7.13162E+0           2367400400504 
 5.09534E-1 1.00996E+4 7.14907E-1 4.45333E+0 7.72754E+0           2367400400505 
 5.13401E-1 1.00616E+4 6.58412E-1 4.53091E+0 6.86556E+0           2367400400506 
 5.17312E-1 1.00235E+4 6.20078E-1 4.47086E+0 6.48581E+0           2367400400507 
 5.21268E-1 9.98542E+3 5.86588E-1 4.49254E+0 7.02701E+0           2367400400508 
 5.25270E-1 9.94734E+3 5.77994E-1 4.49672E+0 7.90156E+0           2367400400509 
 5.29318E-1 9.90926E+3 5.52849E-1 4.45686E+0 7.92812E+0           2367400400510 
 5.33413E-1 9.87119E+3 5.54245E-1 4.46716E+0 6.96977E+0           2367400400511 
 5.37555E-1 9.83311E+3 5.74901E-1 4.47283E+0 7.71152E+0           2367400400512 
 5.41746E-1 9.79503E+3 5.76272E-1 4.50093E+0 8.23255E+0           2367400400513 
 5.45986E-1 9.75696E+3 5.71416E-1 4.46644E+0 6.39825E+0           2367400400514 
 5.50277E-1 9.71888E+3 5.49078E-1 4.37077E+0 7.72895E+0           2367400400515 
 5.54618E-1 9.68081E+3 5.58373E-1 4.37789E+0 8.84867E+0           2367400400516 
 5.59010E-1 9.64273E+3 5.25029E-1 4.38667E+0 1.00744E+1           2367400400517 
 5.63455E-1 9.60465E+3 5.42841E-1 4.32940E+0 9.75185E+0           2367400400518 
 5.67954E-1 9.56658E+3 5.35628E-1 4.23954E+0 7.76507E+0           2367400400519 
 5.72506E-1 9.52850E+3 5.16505E-1 4.21317E+0 8.45950E+0           2367400400520 
 5.77113E-1 9.49042E+3 5.53190E-1 4.06173E+0 7.27078E+0           2367400400521 
 5.81776E-1 9.45235E+3 5.62252E-1 4.00575E+0 6.30014E+0           2367400400522 
 5.86496E-1 9.41427E+3 5.79730E-1 3.86835E+0 7.71597E+0           2367400400523 
 5.91274E-1 9.37619E+3 5.77948E-1 3.72918E+0 7.30465E+0           2367400400524 
 5.96110E-1 9.33812E+3 5.31006E-1 3.74410E+0 7.34918E+0           2367400400525 
 6.01006E-1 9.30004E+3 5.19406E-1 3.87083E+0 6.22763E+0           2367400400526 
 6.05963E-1 9.26197E+3 5.43350E-1 3.95706E+0 6.97055E+0           2367400400527 
 6.10981E-1 9.22389E+3 5.84440E-1 4.00779E+0 6.65867E+0           2367400400528 
 6.16062E-1 9.18581E+3 6.09668E-1 3.99079E+0 8.54006E+0           2367400400529 
 6.21206E-1 9.14774E+3 5.52524E-1 3.96231E+0 6.72935E+0           2367400400530 
 6.26415E-1 9.10966E+3 4.89872E-1 3.89977E+0 6.60590E+0           2367400400531 
 6.31690E-1 9.07158E+3 4.50489E-1 3.89489E+0 7.27861E+0           2367400400532 
 6.37032E-1 9.03351E+3 4.43499E-1 3.86787E+0 6.41737E+0           2367400400533 
 6.42442E-1 8.99543E+3 4.39006E-1 3.85909E+0 6.89091E+0           2367400400534 
 6.47921E-1 8.95735E+3 4.43067E-1 3.79852E+0 7.34180E+0           2367400400535 
 6.53470E-1 8.91928E+3 4.39565E-1 3.70307E+0 6.81462E+0           2367400400536 
 6.59091E-1 8.88120E+3 4.34377E-1 3.67458E+0 6.76520E+0           2367400400537 
 6.64785E-1 8.84312E+3 4.48452E-1 3.63768E+0 6.97693E+0           2367400400538 
 6.70554E-1 8.80505E+3 4.75266E-1 3.59444E+0 7.42913E+0           2367400400539 
 6.76397E-1 8.76697E+3 4.81770E-1 3.58088E+0 6.35532E+0           2367400400540 
 6.82318E-1 8.72890E+3 5.06643E-1 3.49860E+0 6.11620E+0           2367400400541 
 6.88316E-1 8.69082E+3 5.27947E-1 3.47727E+0 6.59301E+0           2367400400542 
 6.94394E-1 8.65274E+3 5.70334E-1 3.45509E+0 6.05227E+0           2367400400543 
 7.00553E-1 8.61467E+3 6.11865E-1 3.43275E+0 5.99974E+0           2367400400544 
 7.06794E-1 8.57659E+3 6.56324E-1 3.38854E+0 6.39598E+0           2367400400545 
 7.13119E-1 8.53851E+3 6.98203E-1 3.35506E+0 6.37272E+0           2367400400546 
 7.19529E-1 8.50044E+3 7.39966E-1 3.26781E+0 6.37936E+0           2367400400547 
 7.26026E-1 8.46236E+3 7.67844E-1 3.22421E+0 6.12006E+0           2367400400548 
 7.32612E-1 8.42428E+3 8.07267E-1 3.19031E+0 6.70410E+0           2367400400549 
 7.39288E-1 8.38621E+3 7.90554E-1 3.12440E+0 5.84745E+0           2367400400550 
 7.46055E-1 8.34813E+3 7.60201E-1 3.01834E+0 6.28015E+0           2367400400551 
 7.52916E-1 8.31005E+3 7.41759E-1 2.86430E+0 5.87664E+0           2367400400552 
 7.59871E-1 8.27198E+3 7.39098E-1 2.67075E+0 5.82118E+0           2367400400553 
 7.66924E-1 8.23390E+3 7.47889E-1 2.46972E+0 6.58857E+0           2367400400554 
 7.74076E-1 8.19583E+3 7.92668E-1 2.27404E+0 5.92715E+0           2367400400555 
 7.81327E-1 8.15775E+3 8.48892E-1 2.10425E+0 6.20594E+0           2367400400556 
 7.88682E-1 8.11967E+3 8.82287E-1 2.02830E+0 5.86470E+0           2367400400557 
 7.96141E-1 8.08160E+3 8.77046E-1 2.06398E+0 6.06063E+0           2367400400558 
 8.03706E-1 8.04352E+3 8.30505E-1 2.20969E+0 6.31793E+0           2367400400559 
 8.11379E-1 8.00544E+3 7.76236E-1 2.37216E+0 6.44520E+0           2367400400560 
 8.19163E-1 7.96737E+3 7.29015E-1 2.44114E+0 6.57025E+0           2367400400561 
 8.27060E-1 7.92929E+3 7.29932E-1 2.50449E+0 6.09494E+0           2367400400562 
 8.35071E-1 7.89121E+3 7.61968E-1 2.49894E+0 6.28840E+0           2367400400563 
 8.43199E-1 7.85314E+3 8.23364E-1 2.40295E+0 5.97579E+0           2367400400564 
 8.51447E-1 7.81506E+3 8.65880E-1 2.33314E+0 6.09155E+0           2367400400565 
 8.59816E-1 7.77698E+3 7.52851E-1 2.63489E+0 6.36720E+0           2367400400566 
 8.68310E-1 7.73891E+3 7.46931E-1 2.78529E+0 5.75444E+0           2367400400567 
 8.76930E-1 7.70083E+3 7.70297E-1 2.82202E+0 6.26497E+0           2367400400568 
 8.85679E-1 7.66275E+3 8.18382E-1 2.82875E+0 6.19051E+0           2367400400569 
 8.94559E-1 7.62468E+3 8.68178E-1 2.82116E+0 6.14891E+0           2367400400570 
 9.03574E-1 7.58660E+3 9.12503E-1 2.81732E+0 6.49707E+0           2367400400571 
 9.12726E-1 7.54853E+3 9.21946E-1 2.77442E+0 6.83484E+0           2367400400572 
 9.22018E-1 7.51045E+3 8.71462E-1 2.75603E+0 6.59029E+0           2367400400573 
 9.31453E-1 7.47237E+3 7.67193E-1 2.73098E+0 6.23746E+0           2367400400574 
 9.41033E-1 7.43430E+3 6.49604E-1 2.70521E+0 5.90273E+0           2367400400575 
 9.50761E-1 7.39622E+3 5.46577E-1 2.64843E+0 6.51380E+0           2367400400576 
 9.60642E-1 7.35814E+3 4.90830E-1 2.55471E+0 6.67311E+0           2367400400577 
 9.70677E-1 7.32007E+3 4.68842E-1 2.49930E+0 6.52700E+0           2367400400578 
 9.80871E-1 7.28199E+3 4.64878E-1 2.44032E+0 6.30606E+0           2367400400579 
 9.91226E-1 7.24391E+3 4.91042E-1 2.39767E+0 6.09861E+0           2367400400580 
 1.00175E+0 7.20584E+3 5.19605E-1 2.35251E+0 6.27622E+0           2367400400581 
 1.01243E+0 7.16776E+3 5.61868E-1 2.33483E+0 6.63429E+0           2367400400582 
 1.02330E+0 7.12968E+3 5.87431E-1 2.30501E+0 6.53063E+0           2367400400583 
 1.03433E+0 7.09161E+3 6.33599E-1 2.26431E+0 6.03805E+0           2367400400584 
 1.04555E+0 7.05353E+3 6.88431E-1 2.24211E+0 6.28183E+0           2367400400585 
 1.05695E+0 7.01545E+3 7.39582E-1 2.21332E+0 6.17888E+0           2367400400586 
 1.06853E+0 6.97738E+3 7.94772E-1 2.17314E+0 6.29109E+0           2367400400587 
 1.08031E+0 6.93930E+3 8.60174E-1 2.14020E+0 6.07561E+0           2367400400588 
 1.09229E+0 6.90122E+3 9.22381E-1 2.08096E+0 6.98773E+0           2367400400589 
 1.10446E+0 6.86315E+3 9.11258E-1 2.01782E+0 5.99425E+0           2367400400590 
 1.11684E+0 6.82507E+3 8.91059E-1 1.95614E+0 6.43236E+0           2367400400591 
 1.12943E+0 6.78699E+3 8.97758E-1 1.91789E+0 6.10592E+0           2367400400592 
 1.14224E+0 6.74892E+3 9.10579E-1 1.92141E+0 6.13524E+0           2367400400593 
 1.15526E+0 6.71084E+3 8.82775E-1 1.99597E+0 5.98781E+0           2367400400594 
 1.16850E+0 6.67276E+3 8.55520E-1 2.07639E+0 5.94289E+0           2367400400595 
 1.18198E+0 6.63469E+3 8.53133E-1 2.11206E+0 6.06527E+0           2367400400596 
 1.19569E+0 6.59661E+3 8.51522E-1 2.08450E+0 6.13999E+0           2367400400597 
 1.20964E+0 6.55853E+3 8.74380E-1 2.00392E+0 6.11430E+0           2367400400598 
 1.22384E+0 6.52046E+3 9.16128E-1 1.88828E+0 6.01988E+0           2367400400599 
 1.23829E+0 6.48238E+3 8.99970E-1 1.83304E+0 6.08671E+0           2367400400600 
 1.25299E+0 6.44430E+3 8.32991E-1 1.88432E+0 5.98335E+0           2367400400601 
 1.26796E+0 6.40623E+3 7.72977E-1 1.97544E+0 6.20435E+0           2367400400602 
 1.28320E+0 6.36815E+3 6.76398E-1 2.11097E+0 6.14446E+0           2367400400603 
 1.29872E+0 6.33007E+3 6.21128E-1 2.26191E+0 6.26662E+0           2367400400604 
 1.31452E+0 6.29200E+3 5.95071E-1 2.30674E+0 6.16444E+0           2367400400605 
 1.33061E+0 6.25392E+3 5.71571E-1 2.33282E+0 6.97882E+0           2367400400606 
 1.34699E+0 6.21584E+3 5.27935E-1 2.31594E+0 6.46095E+0           2367400400607 
 1.36368E+0 6.17777E+3 5.04208E-1 2.28426E+0 6.22038E+0           2367400400608 
 1.38069E+0 6.13969E+3 5.00637E-1 2.23212E+0 5.97270E+0           2367400400609 
 1.39801E+0 6.10161E+3 5.09126E-1 2.16980E+0 5.95397E+0           2367400400610 
 1.41567E+0 6.06354E+3 5.38983E-1 2.08664E+0 6.74007E+0           2367400400611 
 1.43366E+0 6.02546E+3 6.06103E-1 2.00147E+0 6.27540E+0           2367400400612 
 1.45199E+0 5.98738E+3 6.94419E-1 1.95368E+0 6.24539E+0           2367400400613 
 1.47068E+0 5.94931E+3 7.81190E-1 1.93420E+0 6.30319E+0           2367400400614 
 1.48973E+0 5.91123E+3 8.67266E-1 1.92410E+0 5.83629E+0           2367400400615 
 1.50916E+0 5.87315E+3 9.29856E-1 1.94250E+0 6.03102E+0           2367400400616 
 1.52897E+0 5.83508E+3 9.82035E-1 1.95426E+0 6.16620E+0           2367400400617 
 1.54917E+0 5.79700E+3 1.00991E+0 1.92323E+0 6.09167E+0           2367400400618 
 1.56977E+0 5.75892E+3 1.00571E+0 1.90089E+0 6.20093E+0           2367400400619 
 1.59079E+0 5.72085E+3 9.43457E-1 1.89193E+0 5.88683E+0           2367400400620 
 1.61224E+0 5.68277E+3 8.90798E-1 1.84074E+0 6.58830E+0           2367400400621 
 1.63412E+0 5.64469E+3 7.84429E-1 1.80704E+0 6.50966E+0           2367400400622 
 1.65645E+0 5.60662E+3 6.50195E-1 1.89144E+0 6.05488E+0           2367400400623 
 1.67924E+0 5.56854E+3 5.86624E-1 1.91869E+0 5.81476E+0           2367400400624 
 1.70251E+0 5.53046E+3 5.59630E-1 1.91305E+0 5.88078E+0           2367400400625 
 1.72626E+0 5.49239E+3 5.47847E-1 1.94783E+0 6.06425E+0           2367400400626 
 1.75051E+0 5.45431E+3 5.47118E-1 1.96043E+0 5.87373E+0           2367400400627 
 1.77528E+0 5.41623E+3 5.45509E-1 1.99889E+0 6.03769E+0           2367400400628 
 1.80058E+0 5.37816E+3 5.77198E-1 2.00758E+0 6.62409E+0           2367400400629 
 1.82643E+0 5.34008E+3 6.21836E-1 1.98553E+0 6.09662E+0           2367400400630 
 1.85283E+0 5.30200E+3 6.91386E-1 1.95622E+0 6.53167E+0           2367400400631 
 1.87981E+0 5.26392E+3 7.95762E-1 1.91913E+0 6.03559E+0           2367400400632 
 1.90739E+0 5.22585E+3 8.90231E-1 1.90758E+0 6.38446E+0           2367400400633 
 1.93558E+0 5.18777E+3 9.08812E-1 1.90928E+0 6.99517E+0           2367400400634 
 1.96440E+0 5.14969E+3 8.71417E-1 1.86626E+0 6.24855E+0           2367400400635 
 1.99387E+0 5.11162E+3 8.12022E-1 1.77980E+0 6.16574E+0           2367400400636 
 2.02401E+0 5.07354E+3 7.75191E-1 1.70182E+0 6.59382E+0           2367400400637 
 2.05483E+0 5.03546E+3 7.71900E-1 1.64551E+0 5.99321E+0           2367400400638 
 2.08637E+0 4.99739E+3 7.95724E-1 1.62117E+0 5.93396E+0           2367400400639 
 2.11864E+0 4.95931E+3 8.15288E-1 1.64313E+0 5.89696E+0           2367400400640 
 2.15166E+0 4.92123E+3 8.43151E-1 1.67201E+0 6.22227E+0           2367400400641 
 2.18547E+0 4.88315E+3 9.12580E-1 1.69622E+0 6.08002E+0           2367400400642 
 2.22008E+0 4.84508E+3 9.32373E-1 1.72447E+0 6.18782E+0           2367400400643 
 2.25551E+0 4.80700E+3 8.79469E-1 1.81840E+0 6.02219E+0           2367400400644 
 2.29181E+0 4.76892E+3 8.35652E-1 1.87402E+0 6.02259E+0           2367400400645 
 2.32899E+0 4.73085E+3 8.15808E-1 1.89807E+0 6.16254E+0           2367400400646 
 2.36708E+0 4.69277E+3 8.39016E-1 1.88147E+0 5.79699E+0           2367400400647 
 2.40611E+0 4.65469E+3 8.67567E-1 1.83287E+0 5.85592E+0           2367400400648 
 2.44612E+0 4.61662E+3 8.81673E-1 1.83480E+0 5.87529E+0           2367400400649 
 2.48714E+0 4.57854E+3 8.57609E-1 1.90503E+0 5.91919E+0           2367400400650 
 2.52920E+0 4.54046E+3 8.52112E-1 1.92972E+0 6.05074E+0           2367400400651 
 2.57234E+0 4.50238E+3 8.58242E-1 1.90470E+0 5.95360E+0           2367400400652 
 2.61659E+0 4.46431E+3 8.51227E-1 1.87895E+0 6.03332E+0           2367400400653 
 2.66199E+0 4.42623E+3 8.37738E-1 1.87003E+0 6.11435E+0           2367400400654 
 2.70859E+0 4.38815E+3 8.09867E-1 1.90581E+0 6.40129E+0           2367400400655 
 2.75643E+0 4.35007E+3 7.60211E-1 1.95435E+0 6.30147E+0           2367400400656 
 2.80554E+0 4.31200E+3 7.36297E-1 1.96907E+0 5.86160E+0           2367400400657 
 2.85599E+0 4.27392E+3 7.25795E-1 1.96566E+0 6.27089E+0           2367400400658 
 2.90780E+0 4.23584E+3 7.46490E-1 1.97870E+0 6.17260E+0           2367400400659 
 2.96105E+0 4.19777E+3 7.75400E-1 1.97273E+0 6.77598E+0           2367400400660 
 3.01577E+0 4.15969E+3 7.76126E-1 1.94217E+0 6.18142E+0           2367400400661 
 3.07202E+0 4.12161E+3 7.43695E-1 1.92414E+0 6.22675E+0           2367400400662 
 3.12987E+0 4.08353E+3 7.28389E-1 1.93496E+0 5.85267E+0           2367400400663 
 3.18937E+0 4.04546E+3 7.39755E-1 1.91549E+0 6.06177E+0           2367400400664 
 3.25058E+0 4.00738E+3 7.57757E-1 1.94980E+0 6.07561E+0           2367400400665 
 3.31358E+0 3.96930E+3 7.81716E-1 2.00153E+0 6.13338E+0           2367400400666 
 3.37843E+0 3.93122E+3 8.00635E-1 2.02111E+0 6.01330E+0           2367400400667 
 3.44520E+0 3.89315E+3 8.33292E-1 2.02300E+0 5.96759E+0           2367400400668 
 3.51398E+0 3.85507E+3 8.46035E-1 2.01984E+0 6.55110E+0           2367400400669 
 3.58484E+0 3.81699E+3 8.22821E-1 2.05822E+0 6.23850E+0           2367400400670 
 3.65788E+0 3.77891E+3 7.75530E-1 2.09086E+0 6.62654E+0           2367400400671 
 3.73317E+0 3.74084E+3 7.21115E-1 2.12997E+0 6.07862E+0           2367400400672 
 3.81081E+0 3.70276E+3 6.77082E-1 2.15339E+0 6.86916E+0           2367400400673 
 3.89091E+0 3.66468E+3 6.73419E-1 2.17897E+0 5.96604E+0           2367400400674 
 3.97357E+0 3.62660E+3 6.77619E-1 2.21117E+0 6.29640E+0           2367400400675 
 4.05889E+0 3.58852E+3 6.99871E-1 2.20936E+0 6.28048E+0           2367400400676 
 4.14700E+0 3.55045E+3 7.21364E-1 2.18995E+0 6.34072E+0           2367400400677 
 4.23802E+0 3.51237E+3 7.13545E-1 2.18635E+0 6.09549E+0           2367400400678 
 4.33207E+0 3.47429E+3 7.02848E-1 2.18069E+0 6.68435E+0           2367400400679 
 4.42930E+0 3.43621E+3 6.96803E-1 2.22284E+0 6.34475E+0           2367400400680 
 4.52984E+0 3.39814E+3 6.87308E-1 2.24492E+0 6.33793E+0           2367400400681 
 4.63386E+0 3.36006E+3 6.65974E-1 2.27776E+0 6.31800E+0           2367400400682 
 4.74151E+0 3.32198E+3 6.37695E-1 2.28424E+0 6.53478E+0           2367400400683 
 4.85296E+0 3.28390E+3 6.28460E-1 2.31713E+0 6.66103E+0           2367400400684 
 4.96840E+0 3.24582E+3 6.31291E-1 2.28227E+0 6.52452E+0           2367400400685 
 5.08803E+0 3.20774E+3 6.61383E-1 2.32131E+0 6.53583E+0           2367400400686 
 5.21203E+0 3.16967E+3 6.79153E-1 2.34253E+0 6.49491E+0           2367400400687 
 5.34065E+0 3.13159E+3 6.70813E-1 2.34352E+0 6.23475E+0           2367400400688 
 5.47409E+0 3.09351E+3 6.56801E-1 2.34662E+0 5.99954E+0           2367400400689 
 5.61261E+0 3.05543E+3 6.31017E-1 2.33390E+0 6.19887E+0           2367400400690 
 5.75648E+0 3.01735E+3 5.76463E-1 2.37715E+0 6.44109E+0           2367400400691 
 5.90597E+0 2.97927E+3 5.12259E-1 2.39473E+0 6.46087E+0           2367400400692 
 6.06138E+0 2.94120E+3 4.87254E-1 2.35901E+0 6.48033E+0           2367400400693 
 6.22302E+0 2.90312E+3 4.67465E-1 2.36414E+0 6.82945E+0           2367400400694 
 6.39124E+0 2.86504E+3 4.49908E-1 2.34787E+0 6.39370E+0           2367400400695 
 6.56640E+0 2.82696E+3 4.36177E-1 2.33680E+0 6.89575E+0           2367400400696 
 6.74889E+0 2.78888E+3 4.24507E-1 2.33510E+0 6.14383E+0           2367400400697 
 6.93912E+0 2.75080E+3 4.27495E-1 2.28607E+0 6.53889E+0           2367400400698 
 7.13754E+0 2.71272E+3 3.93696E-1 2.37628E+0 6.23707E+0           2367400400699 
 7.34463E+0 2.67464E+3 3.73206E-1 2.40965E+0 6.36396E+0           2367400400700 
 7.56090E+0 2.63656E+3 3.51883E-1 2.45248E+0 6.42759E+0           2367400400701 
 7.78691E+0 2.59848E+3 3.39363E-1 2.67514E+0 6.62073E+0           2367400400702 
 8.02325E+0 2.56041E+3 3.27659E-1 2.81030E+0 6.56976E+0           2367400400703 
 8.27056E+0 2.52233E+3 3.11277E-1 3.10145E+0 6.83974E+0           2367400400704 
 8.52954E+0 2.48425E+3 2.99050E-1 3.32998E+0 6.78068E+0           2367400400705 
 8.80094E+0 2.44617E+3 2.91986E-1 3.18371E+0 7.56911E+0           2367400400706 
 9.08557E+0 2.40809E+3 2.62412E-1 3.40004E+0 6.75478E+0           2367400400707 
 9.38430E+0 2.37001E+3 2.33879E-1 3.90291E+0 6.57044E+0           2367400400708 
 9.69810E+0 2.33193E+3 2.20011E-1 4.25825E+0 7.30274E+0           2367400400709 
 1.00280E+1 2.29385E+3 2.02932E-1 4.05290E+0 6.77045E+0           2367400400710 
 1.03751E+1 2.25577E+3 1.87495E-1 4.41432E+0 7.96365E+0           2367400400711 
 1.07406E+1 2.21769E+3 1.78655E-1 5.11490E+0 8.60681E+0           2367400400712 
 1.11260E+1 2.17960E+3 1.60184E-1 5.19886E+0 7.82828E+0           2367400400713 
 1.15326E+1 2.14152E+3 1.39955E-1 5.53374E+0 8.05370E+0           2367400400714 
 1.19620E+1 2.10344E+3 1.24581E-1 6.06356E+0 9.23590E+0           2367400400715 
 1.24160E+1 2.06536E+3 1.07772E-1 6.44037E+0 8.89199E+0           2367400400716 
 1.28966E+1 2.02728E+3 1.03081E-1 6.81446E+0 9.84491E+0           2367400400717 
 1.34059E+1 1.98920E+3 9.11335E-2 7.77520E+0 1.08020E+1           2367400400718 
 1.39461E+1 1.95112E+3 9.83321E-2 8.99322E+0 1.02275E+1           2367400400719 
 1.45199E+1 1.91303E+3 8.84365E-2 8.84370E+0 1.05717E+1           2367400400720 
 1.51302E+1 1.87495E+3 6.88975E-2 1.01114E+1 1.12177E+1           2367400400721 
 1.57802E+1 1.83687E+3 4.79033E-2 1.04034E+1 1.42571E+1           2367400400722 
 1.64733E+1 1.79879E+3 5.25687E-2 1.02425E+1 9.99866E+0           2367400400723 
 1.72135E+1 1.76070E+3 5.38599E-2 1.51905E+1 1.41839E+1           2367400400724 
 1.80053E+1 1.72262E+3 4.42856E-2 1.28207E+1 1.41420E+1           2367400400725 
ENDDATA            707          0                                 2367400400726 
ENDSUBENT          725          0                                 2367400499999 
ENDENTRY             4          0                                 2367499999999 
