ENTRY            23673   20251007                             23232367300000001 
SUBENT        23673001   20251007                             23232367300100001 
BIB                 15         74                                 2367300100002 
TITLE      Double-differential-cross-section measurements of      2367300100003 
            neutron scattering on 56Fe                            2367300100004 
AUTHOR     (G.Gkatis, M.Diakaki, G.Noguere, A.Oprea, C.Paradela,  2367300100005 
            E.Pirovano, A.J.M.Plompen)                            2367300100006 
INSTITUTE  (2FR CAD,2GRCTUA,2ZZZGEL,2GERPTB)                      2367300100007 
REFERENCE  (J,PR/C,112,044603,2025)                               2367300100008 
           #doi:10.1103/b5n2-9kxn                                 2367300100009 
FACILITY   (LINAC,2ZZZGEL) GELINA                                 2367300100010 
INC-SOURCE (PHOTO)                                                2367300100011 
            GELINA:                                               2367300100012 
            . Nominal average beam energy:  100 MeV               2367300100013 
            . Nominal average peak current:  70 uA                2367300100014 
            . Repetition rate:              400 Hz                2367300100015 
            . Pulse width:          typically 1 ns (FWHM)         2367300100016 
            . Primary neutron production target:                  2367300100017 
                U-Mo alloy with 10wt% of Mo, depleted uranium     2367300100018 
            . Moderator:                                          2367300100019 
                Unmoderated flux configuration                    2367300100020 
            . Flight path direction:                              2367300100021 
                108 deg from the electron beam direction          2367300100022 
            . Neutron beam diameter at sample: 4.9(2) cm          2367300100023 
SAMPLE     Enriched iron disk                                     2367300100024 
            . Thickness:     0.00878(1) at/b                      2367300100025 
            . Sample mass:     31.396(10) g                       2367300100026 
            . Surface dimension:                                  2367300100027 
                70.068(1) mm diam.x1.00(1) mm thick               2367300100028 
           (26-FE-54,ENR=0.0016)                                  2367300100029 
           (26-FE-56,ENR=0.9977)                                  2367300100030 
           (26-FE-57,ENR=0.0007)                                  2367300100031 
           (26-FE-58,ENR=0.0001)                                  2367300100032 
METHOD     (TOF)                                                  2367300100033 
            GELINA:                                               2367300100034 
            . Source-scattering distance:      27.037(5) m        2367300100035 
            . Source-fission chamber distance: 25.667(5) m        2367300100036 
            . TOF resolution:                         10 ns       2367300100037 
            . Energy resolution (at 1 MeV):           10 keV      2367300100038 
DETECTOR   (SCIN) EJ301 and EJ315 liquid organic scintillators,   2367300100039 
            (cylindrical, 5.08 cm diam.x5.08 cm high, 105.9 cm3), 2367300100040 
             which front face is placed at a distance of          2367300100041 
             0.300(3) m from the center of the sample.            2367300100042 
           Four detectors (two in horizontal, two at 60 deg with  2367300100043 
            the horizontal plane facing downward) at each of the  2367300100044 
            following angles (deg):                               2367300100045 
             163.8(1), 142.8(1), 121.7(1), 100.6(1), 79.4(1),     2367300100046 
             58.3(1), 37.2(1), 16.2(1).                           2367300100047 
           The scintillator absolute neutron response was         2367300100048 
            determined in a TOF experiment using carbon (neutron  2367300100049 
            elastic scattering cross section standard) as         2367300100050 
            scattering sample.                                    2367300100051 
           (FISCH) UF4 deposited on Al (8 deposits of 70 mm diam.,2367300100052 
            4.095(4) mg/cm2)                                      2367300100053 
CORRECTION - Dead time                                            2367300100054 
           - Background subtraction                               2367300100055 
             . Photon-induced events discriminated via pulse      2367300100056 
               shape analysis                                     2367300100057 
             . Neutron background - room return neutron           2367300100058 
               determination and sample-in/sample-out             2367300100059 
               measurements                                       2367300100060 
           - Multiple scattering                                  2367300100061 
               Correction factor determined via Monte Carlo       2367300100062 
               simulations.                                       2367300100063 
           - Elastic/inelastic reaction separation                2367300100064 
               via neutron spectrometry (deconvolution of the     2367300100065 
               detector response).                                2367300100066 
ERR-ANALYS (DATA-ERR) Propagated from uncertainties due to        2367300100067 
            - statistics,                                         2367300100068 
            - Monte-Carlo model for the detector response         2367300100069 
               modelling,                                         2367300100070 
            - beam monitoring with the fission (common for all    2367300100071 
               detectors)                                         2367300100072 
MONITOR    (92-U-235(N,F),,SIG)                                   2367300100073 
MONIT-REF  (,,3,ENDF/B-VIII.0,,2018)                              2367300100074 
STATUS     (TABLE) Data received from Georgios Gkatis             2367300100075 
HISTORY    (20251007C) Georgios Gkatis                            2367300100076 
ENDBIB              74          0                                 2367300100077 
NOCOMMON             0          0                                 2367300100078 
ENDSUBENT           77          0                                 2367300199999 
SUBENT        23673002   20251007                             23232367300200001 
BIB                  1          1                                 2367300200002 
REACTION   (26-FE-56(N,EL)26-FE-56,,DA)                           2367300200003 
ENDBIB               1          0                                 2367300200004 
NOCOMMON             0          0                                 2367300200005 
DATA                 6       1016                                 2367300200006 
COS        COS-RSL    EN-MIN     EN-MAX     DATA       DATA-ERR   2367300200007 
NO-DIM     NO-DIM     MEV        MEV        B/SR       B/SR       2367300200008 
-0.9603     0.0005     1.0047     1.0150     0.0943     0.0073    2367300200009 
-0.9603     0.0005     1.0150     1.0254     0.1302     0.0085    2367300200010 
-0.9603     0.0005     1.0254     1.0360     0.2986     0.0155    2367300200011 
-0.9603     0.0005     1.0360     1.0468     0.2890     0.0139    2367300200012 
-0.9603     0.0005     1.0468     1.0577     0.1339     0.0092    2367300200013 
-0.9603     0.0005     1.0577     1.0688     0.2275     0.0111    2367300200014 
-0.9603     0.0005     1.0688     1.0800     0.1603     0.0092    2367300200015 
-0.9603     0.0005     1.0800     1.0915     0.1114     0.0076    2367300200016 
-0.9603     0.0005     1.0915     1.1031     0.0867     0.0065    2367300200017 
-0.9603     0.0005     1.1031     1.1149     0.1208     0.0074    2367300200018 
-0.9603     0.0005     1.1149     1.1269     0.2156     0.0110    2367300200019 
-0.9603     0.0005     1.1269     1.1391     0.1519     0.0077    2367300200020 
-0.9603     0.0005     1.1391     1.1515     0.1900     0.0095    2367300200021 
-0.9603     0.0005     1.1515     1.1641     0.1824     0.0099    2367300200022 
-0.9603     0.0005     1.1641     1.1769     0.2788     0.0131    2367300200023 
-0.9603     0.0005     1.1769     1.1899     0.2490     0.0111    2367300200024 
-0.9603     0.0005     1.1899     1.2032     0.2887     0.0134    2367300200025 
-0.9603     0.0005     1.2032     1.2167     0.3366     0.0143    2367300200026 
-0.9603     0.0005     1.2167     1.2303     0.3684     0.0165    2367300200027 
-0.9603     0.0005     1.2303     1.2443     0.2459     0.0115    2367300200028 
-0.9603     0.0005     1.2443     1.2584     0.3319     0.0140    2367300200029 
-0.9603     0.0005     1.2584     1.2728     0.3285     0.0140    2367300200030 
-0.9603     0.0005     1.2728     1.2875     0.3325     0.0139    2367300200031 
-0.9603     0.0005     1.2875     1.3024     0.2210     0.0107    2367300200032 
-0.9603     0.0005     1.3024     1.3175     0.2696     0.0121    2367300200033 
-0.9603     0.0005     1.3175     1.3330     0.3081     0.0135    2367300200034 
-0.9603     0.0005     1.3330     1.3487     0.1505     0.0076    2367300200035 
-0.9603     0.0005     1.3487     1.3647     0.1302     0.0064    2367300200036 
-0.9603     0.0005     1.3647     1.3809     0.2136     0.0109    2367300200037 
-0.9603     0.0005     1.3809     1.3975     0.2457     0.0116    2367300200038 
-0.9603     0.0005     1.3975     1.4144     0.2446     0.0112    2367300200039 
-0.9603     0.0005     1.4144     1.4315     0.2771     0.0136    2367300200040 
-0.9603     0.0005     1.4315     1.4490     0.3088     0.0130    2367300200041 
-0.9603     0.0005     1.4490     1.4668     0.1881     0.0093    2367300200042 
-0.9603     0.0005     1.4668     1.4850     0.0973     0.0061    2367300200043 
-0.9603     0.0005     1.4850     1.5035     0.1036     0.0068    2367300200044 
-0.9603     0.0005     1.5035     1.5223     0.1770     0.0091    2367300200045 
-0.9603     0.0005     1.5223     1.5415     0.2549     0.0118    2367300200046 
-0.9603     0.0005     1.5415     1.5610     0.2404     0.0107    2367300200047 
-0.9603     0.0005     1.5610     1.5809     0.1321     0.0072    2367300200048 
-0.9603     0.0005     1.5809     1.6013     0.1703     0.0078    2367300200049 
-0.9603     0.0005     1.6013     1.6220     0.1776     0.0078    2367300200050 
-0.9603     0.0005     1.6220     1.6431     0.1338     0.0068    2367300200051 
-0.9603     0.0005     1.6431     1.6646     0.1464     0.0083    2367300200052 
-0.9603     0.0005     1.6646     1.6865     0.1804     0.0097    2367300200053 
-0.9603     0.0005     1.6865     1.7089     0.1455     0.0072    2367300200054 
-0.9603     0.0005     1.7089     1.7317     0.1356     0.0076    2367300200055 
-0.9603     0.0005     1.7317     1.7550     0.2102     0.0101    2367300200056 
-0.9603     0.0005     1.7550     1.7788     0.1523     0.0078    2367300200057 
-0.9603     0.0005     1.7788     1.8031     0.1770     0.0079    2367300200058 
-0.9603     0.0005     1.8031     1.8278     0.1651     0.0080    2367300200059 
-0.9603     0.0005     1.8278     1.8531     0.1933     0.0094    2367300200060 
-0.9603     0.0005     1.8531     1.8789     0.2124     0.0102    2367300200061 
-0.9603     0.0005     1.8789     1.9052     0.1894     0.0090    2367300200062 
-0.9603     0.0005     1.9052     1.9321     0.3815     0.0154    2367300200063 
-0.9603     0.0005     1.9321     1.9596     0.1959     0.0092    2367300200064 
-0.9603     0.0005     1.9596     1.9877     0.1972     0.0091    2367300200065 
-0.9603     0.0005     1.9877     2.0163     0.1490     0.0072    2367300200066 
-0.9603     0.0005     2.0163     2.0456     0.1403     0.0071    2367300200067 
-0.9603     0.0005     2.0456     2.0756     0.1325     0.0067    2367300200068 
-0.9603     0.0005     2.0756     2.1062     0.0985     0.0057    2367300200069 
-0.9603     0.0005     2.1062     2.1374     0.1202     0.0063    2367300200070 
-0.9603     0.0005     2.1374     2.1694     0.1408     0.0069    2367300200071 
-0.9603     0.0005     2.1694     2.2021     0.1416     0.0072    2367300200072 
-0.9603     0.0005     2.2021     2.2356     0.1035     0.0057    2367300200073 
-0.9603     0.0005     2.2356     2.2698     0.1285     0.0074    2367300200074 
-0.9603     0.0005     2.2698     2.3049     0.1366     0.0080    2367300200075 
-0.9603     0.0005     2.3049     2.3407     0.1642     0.0089    2367300200076 
-0.9603     0.0005     2.3407     2.3774     0.1430     0.0079    2367300200077 
-0.9603     0.0005     2.3774     2.4149     0.1429     0.0083    2367300200078 
-0.9603     0.0005     2.4149     2.4534     0.1800     0.0092    2367300200079 
-0.9603     0.0005     2.4534     2.4928     0.1848     0.0093    2367300200080 
-0.9603     0.0005     2.4928     2.5331     0.1708     0.0084    2367300200081 
-0.9603     0.0005     2.5331     2.5744     0.1726     0.0080    2367300200082 
-0.9603     0.0005     2.5744     2.6168     0.1137     0.0056    2367300200083 
-0.9603     0.0005     2.6168     2.6602     0.1398     0.0070    2367300200084 
-0.9603     0.0005     2.6602     2.7047     0.1176     0.0065    2367300200085 
-0.9603     0.0005     2.7047     2.7503     0.1057     0.0055    2367300200086 
-0.9603     0.0005     2.7503     2.7971     0.1111     0.0056    2367300200087 
-0.9603     0.0005     2.7971     2.8450     0.1242     0.0061    2367300200088 
-0.9603     0.0005     2.8450     2.8943     0.0803     0.0052    2367300200089 
-0.9603     0.0005     2.8943     2.9448     0.1051     0.0055    2367300200090 
-0.9603     0.0005     2.9448     2.9967     0.0994     0.0054    2367300200091 
-0.9603     0.0005     2.9967     3.0499     0.1061     0.0058    2367300200092 
-0.9603     0.0005     3.0499     3.1046     0.0949     0.0060    2367300200093 
-0.9603     0.0005     3.1046     3.1608     0.0774     0.0055    2367300200094 
-0.9603     0.0005     3.1608     3.2185     0.0717     0.0052    2367300200095 
-0.9603     0.0005     3.2185     3.2778     0.0639     0.0050    2367300200096 
-0.9603     0.0005     3.2778     3.3388     0.0578     0.0052    2367300200097 
-0.9603     0.0005     3.3388     3.4014     0.0785     0.0056    2367300200098 
-0.9603     0.0005     3.4014     3.4659     0.0676     0.0050    2367300200099 
-0.9603     0.0005     3.4659     3.5322     0.0539     0.0052    2367300200100 
-0.9603     0.0005     3.5322     3.6005     0.0469     0.0052    2367300200101 
-0.9603     0.0005     3.6005     3.6707     0.0667     0.0063    2367300200102 
-0.9603     0.0005     3.6707     3.7431     0.0580     0.0056    2367300200103 
-0.9603     0.0005     3.7431     3.8176     0.0585     0.0056    2367300200104 
-0.9603     0.0005     3.8176     3.8943     0.0509     0.0058    2367300200105 
-0.9603     0.0005     3.8943     3.9734     0.0570     0.0058    2367300200106 
-0.9603     0.0005     3.9734     4.0549     0.0580     0.0057    2367300200107 
-0.9603     0.0005     4.0549     4.1390     0.0635     0.0067    2367300200108 
-0.9603     0.0005     4.1390     4.2257     0.0452     0.0059    2367300200109 
-0.9603     0.0005     4.2257     4.3152     0.0456     0.0062    2367300200110 
-0.9603     0.0005     4.3152     4.4076     0.0428     0.0063    2367300200111 
-0.9603     0.0005     4.4076     4.5029     0.0417     0.0071    2367300200112 
-0.9603     0.0005     4.5029     4.6014     0.0553     0.0066    2367300200113 
-0.9603     0.0005     4.6014     4.7032     0.0494     0.0062    2367300200114 
-0.9603     0.0005     4.7032     4.8084     0.0443     0.0062    2367300200115 
-0.9603     0.0005     4.8084     4.9172     0.0423     0.0058    2367300200116 
-0.9603     0.0005     4.9172     5.0297     0.0470     0.0058    2367300200117 
-0.9603     0.0005     5.0297     5.1461     0.0370     0.0054    2367300200118 
-0.9603     0.0005     5.1461     5.2667     0.0312     0.0056    2367300200119 
-0.9603     0.0005     5.2667     5.3915     0.0305     0.0047    2367300200120 
-0.9603     0.0005     5.3915     5.5209     0.0431     0.0056    2367300200121 
-0.9603     0.0005     5.5209     5.6549     0.0342     0.0050    2367300200122 
-0.9603     0.0005     5.6549     5.7940     0.0345     0.0052    2367300200123 
-0.9603     0.0005     5.7940     5.9382     0.0406     0.0056    2367300200124 
-0.9603     0.0005     5.9382     6.0879     0.0299     0.0052    2367300200125 
-0.9603     0.0005     6.0879     6.2434     0.0327     0.0060    2367300200126 
-0.9603     0.0005     6.2434     6.4049     0.0327     0.0060    2367300200127 
-0.9603     0.0005     6.4049     6.5728     0.0385     0.0065    2367300200128 
-0.9603     0.0005     6.5728     6.7474     0.0401     0.0065    2367300200129 
-0.9603     0.0005     6.7474     6.9290     0.0403     0.0072    2367300200130 
-0.9603     0.0005     6.9290     7.1182     0.0442     0.0068    2367300200131 
-0.9603     0.0005     7.1182     7.3152     0.0391     0.0074    2367300200132 
-0.9603     0.0005     7.3152     7.5206     0.0423     0.0085    2367300200133 
-0.9603     0.0005     7.5206     7.7347     0.0464     0.0091    2367300200134 
-0.9603     0.0005     7.7347     7.9582     0.0483     0.0093    2367300200135 
-0.7967     0.0005     1.0047     1.0150     0.1120     0.0064    2367300200136 
-0.7967     0.0005     1.0150     1.0254     0.1152     0.0066    2367300200137 
-0.7967     0.0005     1.0254     1.0360     0.2622     0.0127    2367300200138 
-0.7967     0.0005     1.0360     1.0468     0.2739     0.0130    2367300200139 
-0.7967     0.0005     1.0468     1.0577     0.1526     0.0085    2367300200140 
-0.7967     0.0005     1.0577     1.0688     0.1948     0.0094    2367300200141 
-0.7967     0.0005     1.0688     1.0800     0.1507     0.0076    2367300200142 
-0.7967     0.0005     1.0800     1.0915     0.0866     0.0055    2367300200143 
-0.7967     0.0005     1.0915     1.1031     0.0842     0.0053    2367300200144 
-0.7967     0.0005     1.1031     1.1149     0.1133     0.0066    2367300200145 
-0.7967     0.0005     1.1149     1.1269     0.2138     0.0104    2367300200146 
-0.7967     0.0005     1.1269     1.1391     0.1610     0.0076    2367300200147 
-0.7967     0.0005     1.1391     1.1515     0.1608     0.0074    2367300200148 
-0.7967     0.0005     1.1515     1.1641     0.1622     0.0078    2367300200149 
-0.7967     0.0005     1.1641     1.1769     0.2105     0.0094    2367300200150 
-0.7967     0.0005     1.1769     1.1899     0.2133     0.0097    2367300200151 
-0.7967     0.0005     1.1899     1.2032     0.1868     0.0089    2367300200152 
-0.7967     0.0005     1.2032     1.2167     0.2487     0.0108    2367300200153 
-0.7967     0.0005     1.2167     1.2303     0.2621     0.0108    2367300200154 
-0.7967     0.0005     1.2303     1.2443     0.2429     0.0102    2367300200155 
-0.7967     0.0005     1.2443     1.2584     0.3021     0.0117    2367300200156 
-0.7967     0.0005     1.2584     1.2728     0.2915     0.0114    2367300200157 
-0.7967     0.0005     1.2728     1.2875     0.2528     0.0114    2367300200158 
-0.7967     0.0005     1.2875     1.3024     0.2027     0.0091    2367300200159 
-0.7967     0.0005     1.3024     1.3175     0.2086     0.0091    2367300200160 
-0.7967     0.0005     1.3175     1.3330     0.2466     0.0107    2367300200161 
-0.7967     0.0005     1.3330     1.3487     0.1438     0.0070    2367300200162 
-0.7967     0.0005     1.3487     1.3647     0.1170     0.0048    2367300200163 
-0.7967     0.0005     1.3647     1.3809     0.1516     0.0066    2367300200164 
-0.7967     0.0005     1.3809     1.3975     0.2049     0.0091    2367300200165 
-0.7967     0.0005     1.3975     1.4144     0.1713     0.0077    2367300200166 
-0.7967     0.0005     1.4144     1.4315     0.2592     0.0107    2367300200167 
-0.7967     0.0005     1.4315     1.4490     0.3070     0.0117    2367300200168 
-0.7967     0.0005     1.4490     1.4668     0.1713     0.0088    2367300200169 
-0.7967     0.0005     1.4668     1.4850     0.0969     0.0055    2367300200170 
-0.7967     0.0005     1.4850     1.5035     0.1152     0.0058    2367300200171 
-0.7967     0.0005     1.5035     1.5223     0.1885     0.0085    2367300200172 
-0.7967     0.0005     1.5223     1.5415     0.2384     0.0102    2367300200173 
-0.7967     0.0005     1.5415     1.5610     0.2080     0.0089    2367300200174 
-0.7967     0.0005     1.5610     1.5809     0.1217     0.0053    2367300200175 
-0.7967     0.0005     1.5809     1.6013     0.1563     0.0066    2367300200176 
-0.7967     0.0005     1.6013     1.6220     0.1391     0.0064    2367300200177 
-0.7967     0.0005     1.6220     1.6431     0.1268     0.0059    2367300200178 
-0.7967     0.0005     1.6431     1.6646     0.1363     0.0062    2367300200179 
-0.7967     0.0005     1.6646     1.6865     0.1376     0.0067    2367300200180 
-0.7967     0.0005     1.6865     1.7089     0.1416     0.0070    2367300200181 
-0.7967     0.0005     1.7089     1.7317     0.1285     0.0061    2367300200182 
-0.7967     0.0005     1.7317     1.7550     0.1679     0.0080    2367300200183 
-0.7967     0.0005     1.7550     1.7788     0.1382     0.0066    2367300200184 
-0.7967     0.0005     1.7788     1.8031     0.1546     0.0066    2367300200185 
-0.7967     0.0005     1.8031     1.8278     0.1539     0.0069    2367300200186 
-0.7967     0.0005     1.8278     1.8531     0.1573     0.0069    2367300200187 
-0.7967     0.0005     1.8531     1.8789     0.1634     0.0066    2367300200188 
-0.7967     0.0005     1.8789     1.9052     0.1520     0.0060    2367300200189 
-0.7967     0.0005     1.9052     1.9321     0.2611     0.0107    2367300200190 
-0.7967     0.0005     1.9321     1.9596     0.1396     0.0069    2367300200191 
-0.7967     0.0005     1.9596     1.9877     0.1683     0.0075    2367300200192 
-0.7967     0.0005     1.9877     2.0163     0.1489     0.0072    2367300200193 
-0.7967     0.0005     2.0163     2.0456     0.1333     0.0065    2367300200194 
-0.7967     0.0005     2.0456     2.0756     0.1187     0.0059    2367300200195 
-0.7967     0.0005     2.0756     2.1062     0.0808     0.0044    2367300200196 
-0.7967     0.0005     2.1062     2.1374     0.0935     0.0048    2367300200197 
-0.7967     0.0005     2.1374     2.1694     0.1067     0.0052    2367300200198 
-0.7967     0.0005     2.1694     2.2021     0.1194     0.0059    2367300200199 
-0.7967     0.0005     2.2021     2.2356     0.1187     0.0058    2367300200200 
-0.7967     0.0005     2.2356     2.2698     0.1107     0.0054    2367300200201 
-0.7967     0.0005     2.2698     2.3049     0.1179     0.0059    2367300200202 
-0.7967     0.0005     2.3049     2.3407     0.1503     0.0070    2367300200203 
-0.7967     0.0005     2.3407     2.3774     0.1210     0.0058    2367300200204 
-0.7967     0.0005     2.3774     2.4149     0.1274     0.0060    2367300200205 
-0.7967     0.0005     2.4149     2.4534     0.1355     0.0063    2367300200206 
-0.7967     0.0005     2.4534     2.4928     0.1367     0.0064    2367300200207 
-0.7967     0.0005     2.4928     2.5331     0.1204     0.0060    2367300200208 
-0.7967     0.0005     2.5331     2.5744     0.1146     0.0057    2367300200209 
-0.7967     0.0005     2.5744     2.6168     0.0898     0.0042    2367300200210 
-0.7967     0.0005     2.6168     2.6602     0.0930     0.0044    2367300200211 
-0.7967     0.0005     2.6602     2.7047     0.1012     0.0047    2367300200212 
-0.7967     0.0005     2.7047     2.7503     0.0866     0.0041    2367300200213 
-0.7967     0.0005     2.7503     2.7971     0.0742     0.0038    2367300200214 
-0.7967     0.0005     2.7971     2.8450     0.0935     0.0044    2367300200215 
-0.7967     0.0005     2.8450     2.8943     0.0701     0.0036    2367300200216 
-0.7967     0.0005     2.8943     2.9448     0.0822     0.0040    2367300200217 
-0.7967     0.0005     2.9448     2.9967     0.0735     0.0037    2367300200218 
-0.7967     0.0005     2.9967     3.0499     0.0843     0.0044    2367300200219 
-0.7967     0.0005     3.0499     3.1046     0.0765     0.0042    2367300200220 
-0.7967     0.0005     3.1046     3.1608     0.0680     0.0038    2367300200221 
-0.7967     0.0005     3.1608     3.2185     0.0532     0.0032    2367300200222 
-0.7967     0.0005     3.2185     3.2778     0.0518     0.0032    2367300200223 
-0.7967     0.0005     3.2778     3.3388     0.0547     0.0033    2367300200224 
-0.7967     0.0005     3.3388     3.4014     0.0643     0.0038    2367300200225 
-0.7967     0.0005     3.4014     3.4659     0.0485     0.0032    2367300200226 
-0.7967     0.0005     3.4659     3.5322     0.0403     0.0030    2367300200227 
-0.7967     0.0005     3.5322     3.6005     0.0430     0.0031    2367300200228 
-0.7967     0.0005     3.6005     3.6707     0.0478     0.0034    2367300200229 
-0.7967     0.0005     3.6707     3.7431     0.0327     0.0030    2367300200230 
-0.7967     0.0005     3.7431     3.8176     0.0481     0.0034    2367300200231 
-0.7967     0.0005     3.8176     3.8943     0.0385     0.0031    2367300200232 
-0.7967     0.0005     3.8943     3.9734     0.0384     0.0033    2367300200233 
-0.7967     0.0005     3.9734     4.0549     0.0288     0.0032    2367300200234 
-0.7967     0.0005     4.0549     4.1390     0.0276     0.0029    2367300200235 
-0.7967     0.0005     4.1390     4.2257     0.0254     0.0030    2367300200236 
-0.7967     0.0005     4.2257     4.3152     0.0274     0.0030    2367300200237 
-0.7967     0.0005     4.3152     4.4076     0.0258     0.0032    2367300200238 
-0.7967     0.0005     4.4076     4.5029     0.0279     0.0033    2367300200239 
-0.7967     0.0005     4.5029     4.6014     0.0278     0.0031    2367300200240 
-0.7967     0.0005     4.6014     4.7032     0.0218     0.0028    2367300200241 
-0.7967     0.0005     4.7032     4.8084     0.0243     0.0029    2367300200242 
-0.7967     0.0005     4.8084     4.9172     0.0213     0.0026    2367300200243 
-0.7967     0.0005     4.9172     5.0297     0.0188     0.0028    2367300200244 
-0.7967     0.0005     5.0297     5.1461     0.0173     0.0026    2367300200245 
-0.7967     0.0005     5.1461     5.2667     0.0178     0.0026    2367300200246 
-0.7967     0.0005     5.2667     5.3915     0.0167     0.0027    2367300200247 
-0.7967     0.0005     5.3915     5.5209     0.0168     0.0030    2367300200248 
-0.7967     0.0005     5.5209     5.6549     0.0136     0.0026    2367300200249 
-0.7967     0.0005     5.6549     5.7940     0.0145     0.0031    2367300200250 
-0.7967     0.0005     5.7940     5.9382     0.0163     0.0030    2367300200251 
-0.7967     0.0005     5.9382     6.0879     0.0162     0.0030    2367300200252 
-0.7967     0.0005     6.0879     6.2434     0.0168     0.0030    2367300200253 
-0.7967     0.0005     6.2434     6.4049     0.0160     0.0032    2367300200254 
-0.7967     0.0005     6.4049     6.5728     0.0149     0.0032    2367300200255 
-0.7967     0.0005     6.5728     6.7474     0.0131     0.0032    2367300200256 
-0.7967     0.0005     6.7474     6.9290     0.0150     0.0033    2367300200257 
-0.7967     0.0005     6.9290     7.1182     0.0135     0.0032    2367300200258 
-0.7967     0.0005     7.1182     7.3152     0.0119     0.0031    2367300200259 
-0.7967     0.0005     7.3152     7.5206     0.0188     0.0041    2367300200260 
-0.7967     0.0005     7.5206     7.7347     0.0203     0.0043    2367300200261 
-0.7967     0.0005     7.7347     7.9582     0.0184     0.0043    2367300200262 
-0.5255     0.0005     1.0047     1.0150     0.0945     0.0060    2367300200263 
-0.5255     0.0005     1.0150     1.0254     0.0820     0.0051    2367300200264 
-0.5255     0.0005     1.0254     1.0360     0.1720     0.0101    2367300200265 
-0.5255     0.0005     1.0360     1.0468     0.1591     0.0090    2367300200266 
-0.5255     0.0005     1.0468     1.0577     0.0992     0.0067    2367300200267 
-0.5255     0.0005     1.0577     1.0688     0.1062     0.0065    2367300200268 
-0.5255     0.0005     1.0688     1.0800     0.0931     0.0060    2367300200269 
-0.5255     0.0005     1.0800     1.0915     0.0640     0.0046    2367300200270 
-0.5255     0.0005     1.0915     1.1031     0.0589     0.0044    2367300200271 
-0.5255     0.0005     1.1031     1.1149     0.0796     0.0061    2367300200272 
-0.5255     0.0005     1.1149     1.1269     0.1396     0.0079    2367300200273 
-0.5255     0.0005     1.1269     1.1391     0.1275     0.0070    2367300200274 
-0.5255     0.0005     1.1391     1.1515     0.0960     0.0057    2367300200275 
-0.5255     0.0005     1.1515     1.1641     0.0951     0.0056    2367300200276 
-0.5255     0.0005     1.1641     1.1769     0.1146     0.0061    2367300200277 
-0.5255     0.0005     1.1769     1.1899     0.1370     0.0075    2367300200278 
-0.5255     0.0005     1.1899     1.2032     0.0954     0.0058    2367300200279 
-0.5255     0.0005     1.2032     1.2167     0.1215     0.0062    2367300200280 
-0.5255     0.0005     1.2167     1.2303     0.1487     0.0075    2367300200281 
-0.5255     0.0005     1.2303     1.2443     0.1894     0.0087    2367300200282 
-0.5255     0.0005     1.2443     1.2584     0.1865     0.0087    2367300200283 
-0.5255     0.0005     1.2584     1.2728     0.1767     0.0081    2367300200284 
-0.5255     0.0005     1.2728     1.2875     0.1208     0.0060    2367300200285 
-0.5255     0.0005     1.2875     1.3024     0.1240     0.0062    2367300200286 
-0.5255     0.0005     1.3024     1.3175     0.1355     0.0075    2367300200287 
-0.5255     0.0005     1.3175     1.3330     0.1473     0.0077    2367300200288 
-0.5255     0.0005     1.3330     1.3487     0.0988     0.0055    2367300200289 
-0.5255     0.0005     1.3487     1.3647     0.0648     0.0040    2367300200290 
-0.5255     0.0005     1.3647     1.3809     0.0786     0.0045    2367300200291 
-0.5255     0.0005     1.3809     1.3975     0.0943     0.0060    2367300200292 
-0.5255     0.0005     1.3975     1.4144     0.0993     0.0053    2367300200293 
-0.5255     0.0005     1.4144     1.4315     0.1675     0.0077    2367300200294 
-0.5255     0.0005     1.4315     1.4490     0.1853     0.0082    2367300200295 
-0.5255     0.0005     1.4490     1.4668     0.0870     0.0049    2367300200296 
-0.5255     0.0005     1.4668     1.4850     0.0583     0.0037    2367300200297 
-0.5255     0.0005     1.4850     1.5035     0.0822     0.0042    2367300200298 
-0.5255     0.0005     1.5035     1.5223     0.1248     0.0057    2367300200299 
-0.5255     0.0005     1.5223     1.5415     0.1602     0.0072    2367300200300 
-0.5255     0.0005     1.5415     1.5610     0.1113     0.0055    2367300200301 
-0.5255     0.0005     1.5610     1.5809     0.0755     0.0041    2367300200302 
-0.5255     0.0005     1.5809     1.6013     0.1000     0.0050    2367300200303 
-0.5255     0.0005     1.6013     1.6220     0.1002     0.0051    2367300200304 
-0.5255     0.0005     1.6220     1.6431     0.1094     0.0054    2367300200305 
-0.5255     0.0005     1.6431     1.6646     0.1007     0.0055    2367300200306 
-0.5255     0.0005     1.6646     1.6865     0.0945     0.0052    2367300200307 
-0.5255     0.0005     1.6865     1.7089     0.1232     0.0061    2367300200308 
-0.5255     0.0005     1.7089     1.7317     0.0950     0.0053    2367300200309 
-0.5255     0.0005     1.7317     1.7550     0.1170     0.0061    2367300200310 
-0.5255     0.0005     1.7550     1.7788     0.1253     0.0064    2367300200311 
-0.5255     0.0005     1.7788     1.8031     0.1078     0.0053    2367300200312 
-0.5255     0.0005     1.8031     1.8278     0.1117     0.0056    2367300200313 
-0.5255     0.0005     1.8278     1.8531     0.0967     0.0048    2367300200314 
-0.5255     0.0005     1.8531     1.8789     0.1025     0.0050    2367300200315 
-0.5255     0.0005     1.8789     1.9052     0.1114     0.0050    2367300200316 
-0.5255     0.0005     1.9052     1.9321     0.1413     0.0061    2367300200317 
-0.5255     0.0005     1.9321     1.9596     0.0887     0.0043    2367300200318 
-0.5255     0.0005     1.9596     1.9877     0.1274     0.0057    2367300200319 
-0.5255     0.0005     1.9877     2.0163     0.1330     0.0058    2367300200320 
-0.5255     0.0005     2.0163     2.0456     0.0954     0.0046    2367300200321 
-0.5255     0.0005     2.0456     2.0756     0.0964     0.0047    2367300200322 
-0.5255     0.0005     2.0756     2.1062     0.0683     0.0037    2367300200323 
-0.5255     0.0005     2.1062     2.1374     0.0671     0.0036    2367300200324 
-0.5255     0.0005     2.1374     2.1694     0.0705     0.0038    2367300200325 
-0.5255     0.0005     2.1694     2.2021     0.0977     0.0050    2367300200326 
-0.5255     0.0005     2.2021     2.2356     0.0982     0.0049    2367300200327 
-0.5255     0.0005     2.2356     2.2698     0.0929     0.0043    2367300200328 
-0.5255     0.0005     2.2698     2.3049     0.0898     0.0045    2367300200329 
-0.5255     0.0005     2.3049     2.3407     0.1255     0.0059    2367300200330 
-0.5255     0.0005     2.3407     2.3774     0.1111     0.0053    2367300200331 
-0.5255     0.0005     2.3774     2.4149     0.1140     0.0056    2367300200332 
-0.5255     0.0005     2.4149     2.4534     0.1021     0.0053    2367300200333 
-0.5255     0.0005     2.4534     2.4928     0.0990     0.0047    2367300200334 
-0.5255     0.0005     2.4928     2.5331     0.1078     0.0052    2367300200335 
-0.5255     0.0005     2.5331     2.5744     0.1014     0.0046    2367300200336 
-0.5255     0.0005     2.5744     2.6168     0.0915     0.0045    2367300200337 
-0.5255     0.0005     2.6168     2.6602     0.1093     0.0047    2367300200338 
-0.5255     0.0005     2.6602     2.7047     0.1081     0.0046    2367300200339 
-0.5255     0.0005     2.7047     2.7503     0.1119     0.0048    2367300200340 
-0.5255     0.0005     2.7503     2.7971     0.1023     0.0044    2367300200341 
-0.5255     0.0005     2.7971     2.8450     0.1028     0.0045    2367300200342 
-0.5255     0.0005     2.8450     2.8943     0.0840     0.0038    2367300200343 
-0.5255     0.0005     2.8943     2.9448     0.0940     0.0042    2367300200344 
-0.5255     0.0005     2.9448     2.9967     0.0905     0.0041    2367300200345 
-0.5255     0.0005     2.9967     3.0499     0.1015     0.0044    2367300200346 
-0.5255     0.0005     3.0499     3.1046     0.0879     0.0041    2367300200347 
-0.5255     0.0005     3.1046     3.1608     0.0887     0.0043    2367300200348 
-0.5255     0.0005     3.1608     3.2185     0.0848     0.0040    2367300200349 
-0.5255     0.0005     3.2185     3.2778     0.0747     0.0037    2367300200350 
-0.5255     0.0005     3.2778     3.3388     0.0754     0.0038    2367300200351 
-0.5255     0.0005     3.3388     3.4014     0.0805     0.0039    2367300200352 
-0.5255     0.0005     3.4014     3.4659     0.0718     0.0035    2367300200353 
-0.5255     0.0005     3.4659     3.5322     0.0639     0.0033    2367300200354 
-0.5255     0.0005     3.5322     3.6005     0.0704     0.0036    2367300200355 
-0.5255     0.0005     3.6005     3.6707     0.0712     0.0038    2367300200356 
-0.5255     0.0005     3.6707     3.7431     0.0711     0.0038    2367300200357 
-0.5255     0.0005     3.7431     3.8176     0.0736     0.0039    2367300200358 
-0.5255     0.0005     3.8176     3.8943     0.0716     0.0038    2367300200359 
-0.5255     0.0005     3.8943     3.9734     0.0624     0.0034    2367300200360 
-0.5255     0.0005     3.9734     4.0549     0.0517     0.0031    2367300200361 
-0.5255     0.0005     4.0549     4.1390     0.0486     0.0031    2367300200362 
-0.5255     0.0005     4.1390     4.2257     0.0516     0.0032    2367300200363 
-0.5255     0.0005     4.2257     4.3152     0.0563     0.0035    2367300200364 
-0.5255     0.0005     4.3152     4.4076     0.0508     0.0033    2367300200365 
-0.5255     0.0005     4.4076     4.5029     0.0563     0.0038    2367300200366 
-0.5255     0.0005     4.5029     4.6014     0.0501     0.0035    2367300200367 
-0.5255     0.0005     4.6014     4.7032     0.0470     0.0034    2367300200368 
-0.5255     0.0005     4.7032     4.8084     0.0452     0.0034    2367300200369 
-0.5255     0.0005     4.8084     4.9172     0.0412     0.0032    2367300200370 
-0.5255     0.0005     4.9172     5.0297     0.0376     0.0034    2367300200371 
-0.5255     0.0005     5.0297     5.1461     0.0289     0.0027    2367300200372 
-0.5255     0.0005     5.1461     5.2667     0.0311     0.0030    2367300200373 
-0.5255     0.0005     5.2667     5.3915     0.0317     0.0030    2367300200374 
-0.5255     0.0005     5.3915     5.5209     0.0270     0.0030    2367300200375 
-0.5255     0.0005     5.5209     5.6549     0.0251     0.0029    2367300200376 
-0.5255     0.0005     5.6549     5.7940     0.0216     0.0029    2367300200377 
-0.5255     0.0005     5.7940     5.9382     0.0239     0.0030    2367300200378 
-0.5255     0.0005     5.9382     6.0879     0.0218     0.0029    2367300200379 
-0.5255     0.0005     6.0879     6.2434     0.0198     0.0030    2367300200380 
-0.5255     0.0005     6.2434     6.4049     0.0209     0.0031    2367300200381 
-0.5255     0.0005     6.4049     6.5728     0.0168     0.0029    2367300200382 
-0.5255     0.0005     6.5728     6.7474     0.0206     0.0032    2367300200383 
-0.5255     0.0005     6.7474     6.9290     0.0195     0.0030    2367300200384 
-0.5255     0.0005     6.9290     7.1182     0.0153     0.0030    2367300200385 
-0.5255     0.0005     7.1182     7.3152     0.0164     0.0030    2367300200386 
-0.5255     0.0005     7.3152     7.5206     0.0131     0.0032    2367300200387 
-0.5255     0.0005     7.5206     7.7347     0.0145     0.0032    2367300200388 
-0.5255     0.0005     7.7347     7.9582     0.0199     0.0041    2367300200389 
-0.1834     0.0005     1.0047     1.0150     0.0711     0.0053    2367300200390 
-0.1834     0.0005     1.0150     1.0254     0.0497     0.0041    2367300200391 
-0.1834     0.0005     1.0254     1.0360     0.1230     0.0078    2367300200392 
-0.1834     0.0005     1.0360     1.0468     0.1343     0.0084    2367300200393 
-0.1834     0.0005     1.0468     1.0577     0.0976     0.0066    2367300200394 
-0.1834     0.0005     1.0577     1.0688     0.0774     0.0057    2367300200395 
-0.1834     0.0005     1.0688     1.0800     0.0501     0.0042    2367300200396 
-0.1834     0.0005     1.0800     1.0915     0.0479     0.0042    2367300200397 
-0.1834     0.0005     1.0915     1.1031     0.0551     0.0043    2367300200398 
-0.1834     0.0005     1.1031     1.1149     0.0574     0.0046    2367300200399 
-0.1834     0.0005     1.1149     1.1269     0.0862     0.0056    2367300200400 
-0.1834     0.0005     1.1269     1.1391     0.0865     0.0054    2367300200401 
-0.1834     0.0005     1.1391     1.1515     0.0830     0.0054    2367300200402 
-0.1834     0.0005     1.1515     1.1641     0.0560     0.0043    2367300200403 
-0.1834     0.0005     1.1641     1.1769     0.0552     0.0041    2367300200404 
-0.1834     0.0005     1.1769     1.1899     0.1040     0.0067    2367300200405 
-0.1834     0.0005     1.1899     1.2032     0.0647     0.0051    2367300200406 
-0.1834     0.0005     1.2032     1.2167     0.0964     0.0059    2367300200407 
-0.1834     0.0005     1.2167     1.2303     0.1386     0.0085    2367300200408 
-0.1834     0.0005     1.2303     1.2443     0.1598     0.0089    2367300200409 
-0.1834     0.0005     1.2443     1.2584     0.1259     0.0069    2367300200410 
-0.1834     0.0005     1.2584     1.2728     0.1267     0.0069    2367300200411 
-0.1834     0.0005     1.2728     1.2875     0.0955     0.0059    2367300200412 
-0.1834     0.0005     1.2875     1.3024     0.0757     0.0050    2367300200413 
-0.1834     0.0005     1.3024     1.3175     0.0953     0.0071    2367300200414 
-0.1834     0.0005     1.3175     1.3330     0.1405     0.0084    2367300200415 
-0.1834     0.0005     1.3330     1.3487     0.0988     0.0062    2367300200416 
-0.1834     0.0005     1.3487     1.3647     0.0502     0.0035    2367300200417 
-0.1834     0.0005     1.3647     1.3809     0.0429     0.0034    2367300200418 
-0.1834     0.0005     1.3809     1.3975     0.0664     0.0046    2367300200419 
-0.1834     0.0005     1.3975     1.4144     0.0914     0.0056    2367300200420 
-0.1834     0.0005     1.4144     1.4315     0.1113     0.0067    2367300200421 
-0.1834     0.0005     1.4315     1.4490     0.1107     0.0067    2367300200422 
-0.1834     0.0005     1.4490     1.4668     0.0791     0.0051    2367300200423 
-0.1834     0.0005     1.4668     1.4850     0.0466     0.0038    2367300200424 
-0.1834     0.0005     1.4850     1.5035     0.0599     0.0037    2367300200425 
-0.1834     0.0005     1.5035     1.5223     0.0812     0.0047    2367300200426 
-0.1834     0.0005     1.5223     1.5415     0.1114     0.0067    2367300200427 
-0.1834     0.0005     1.5415     1.5610     0.0642     0.0040    2367300200428 
-0.1834     0.0005     1.5610     1.5809     0.0494     0.0040    2367300200429 
-0.1834     0.0005     1.5809     1.6013     0.0713     0.0050    2367300200430 
-0.1834     0.0005     1.6013     1.6220     0.0760     0.0053    2367300200431 
-0.1834     0.0005     1.6220     1.6431     0.0817     0.0057    2367300200432 
-0.1834     0.0005     1.6431     1.6646     0.0825     0.0057    2367300200433 
-0.1834     0.0005     1.6646     1.6865     0.0808     0.0059    2367300200434 
-0.1834     0.0005     1.6865     1.7089     0.0878     0.0063    2367300200435 
-0.1834     0.0005     1.7089     1.7317     0.0643     0.0048    2367300200436 
-0.1834     0.0005     1.7317     1.7550     0.0868     0.0064    2367300200437 
-0.1834     0.0005     1.7550     1.7788     0.1032     0.0070    2367300200438 
-0.1834     0.0005     1.7788     1.8031     0.0723     0.0049    2367300200439 
-0.1834     0.0005     1.8031     1.8278     0.0665     0.0050    2367300200440 
-0.1834     0.0005     1.8278     1.8531     0.0619     0.0044    2367300200441 
-0.1834     0.0005     1.8531     1.8789     0.0822     0.0053    2367300200442 
-0.1834     0.0005     1.8789     1.9052     0.0776     0.0051    2367300200443 
-0.1834     0.0005     1.9052     1.9321     0.0684     0.0047    2367300200444 
-0.1834     0.0005     1.9321     1.9596     0.0612     0.0047    2367300200445 
-0.1834     0.0005     1.9596     1.9877     0.0960     0.0060    2367300200446 
-0.1834     0.0005     1.9877     2.0163     0.1153     0.0069    2367300200447 
-0.1834     0.0005     2.0163     2.0456     0.0604     0.0046    2367300200448 
-0.1834     0.0005     2.0456     2.0756     0.0675     0.0049    2367300200449 
-0.1834     0.0005     2.0756     2.1062     0.0597     0.0046    2367300200450 
-0.1834     0.0005     2.1062     2.1374     0.0494     0.0039    2367300200451 
-0.1834     0.0005     2.1374     2.1694     0.0436     0.0037    2367300200452 
-0.1834     0.0005     2.1694     2.2021     0.0654     0.0051    2367300200453 
-0.1834     0.0005     2.2021     2.2356     0.0774     0.0052    2367300200454 
-0.1834     0.0005     2.2356     2.2698     0.0699     0.0049    2367300200455 
-0.1834     0.0005     2.2698     2.3049     0.0776     0.0052    2367300200456 
-0.1834     0.0005     2.3049     2.3407     0.1111     0.0069    2367300200457 
-0.1834     0.0005     2.3407     2.3774     0.1027     0.0067    2367300200458 
-0.1834     0.0005     2.3774     2.4149     0.1096     0.0068    2367300200459 
-0.1834     0.0005     2.4149     2.4534     0.0835     0.0055    2367300200460 
-0.1834     0.0005     2.4534     2.4928     0.0907     0.0059    2367300200461 
-0.1834     0.0005     2.4928     2.5331     0.0964     0.0062    2367300200462 
-0.1834     0.0005     2.5331     2.5744     0.0919     0.0053    2367300200463 
-0.1834     0.0005     2.5744     2.6168     0.0703     0.0045    2367300200464 
-0.1834     0.0005     2.6168     2.6602     0.0839     0.0052    2367300200465 
-0.1834     0.0005     2.6602     2.7047     0.0821     0.0050    2367300200466 
-0.1834     0.0005     2.7047     2.7503     0.0943     0.0057    2367300200467 
-0.1834     0.0005     2.7503     2.7971     0.0880     0.0053    2367300200468 
-0.1834     0.0005     2.7971     2.8450     0.0770     0.0047    2367300200469 
-0.1834     0.0005     2.8450     2.8943     0.0666     0.0041    2367300200470 
-0.1834     0.0005     2.8943     2.9448     0.0756     0.0047    2367300200471 
-0.1834     0.0005     2.9448     2.9967     0.0791     0.0050    2367300200472 
-0.1834     0.0005     2.9967     3.0499     0.0878     0.0055    2367300200473 
-0.1834     0.0005     3.0499     3.1046     0.0674     0.0049    2367300200474 
-0.1834     0.0005     3.1046     3.1608     0.0754     0.0049    2367300200475 
-0.1834     0.0005     3.1608     3.2185     0.0808     0.0050    2367300200476 
-0.1834     0.0005     3.2185     3.2778     0.0666     0.0045    2367300200477 
-0.1834     0.0005     3.2778     3.3388     0.0668     0.0043    2367300200478 
-0.1834     0.0005     3.3388     3.4014     0.0672     0.0046    2367300200479 
-0.1834     0.0005     3.4014     3.4659     0.0630     0.0043    2367300200480 
-0.1834     0.0005     3.4659     3.5322     0.0686     0.0047    2367300200481 
-0.1834     0.0005     3.5322     3.6005     0.0669     0.0047    2367300200482 
-0.1834     0.0005     3.6005     3.6707     0.0730     0.0054    2367300200483 
-0.1834     0.0005     3.6707     3.7431     0.0820     0.0056    2367300200484 
-0.1834     0.0005     3.7431     3.8176     0.0698     0.0049    2367300200485 
-0.1834     0.0005     3.8176     3.8943     0.0713     0.0050    2367300200486 
-0.1834     0.0005     3.8943     3.9734     0.0655     0.0047    2367300200487 
-0.1834     0.0005     3.9734     4.0549     0.0574     0.0040    2367300200488 
-0.1834     0.0005     4.0549     4.1390     0.0618     0.0046    2367300200489 
-0.1834     0.0005     4.1390     4.2257     0.0640     0.0046    2367300200490 
-0.1834     0.0005     4.2257     4.3152     0.0644     0.0049    2367300200491 
-0.1834     0.0005     4.3152     4.4076     0.0611     0.0047    2367300200492 
-0.1834     0.0005     4.4076     4.5029     0.0635     0.0050    2367300200493 
-0.1834     0.0005     4.5029     4.6014     0.0623     0.0046    2367300200494 
-0.1834     0.0005     4.6014     4.7032     0.0559     0.0043    2367300200495 
-0.1834     0.0005     4.7032     4.8084     0.0524     0.0042    2367300200496 
-0.1834     0.0005     4.8084     4.9172     0.0542     0.0044    2367300200497 
-0.1834     0.0005     4.9172     5.0297     0.0454     0.0041    2367300200498 
-0.1834     0.0005     5.0297     5.1461     0.0411     0.0037    2367300200499 
-0.1834     0.0005     5.1461     5.2667     0.0410     0.0041    2367300200500 
-0.1834     0.0005     5.2667     5.3915     0.0398     0.0044    2367300200501 
-0.1834     0.0005     5.3915     5.5209     0.0389     0.0041    2367300200502 
-0.1834     0.0005     5.5209     5.6549     0.0345     0.0042    2367300200503 
-0.1834     0.0005     5.6549     5.7940     0.0372     0.0042    2367300200504 
-0.1834     0.0005     5.7940     5.9382     0.0312     0.0040    2367300200505 
-0.1834     0.0005     5.9382     6.0879     0.0328     0.0041    2367300200506 
-0.1834     0.0005     6.0879     6.2434     0.0276     0.0042    2367300200507 
-0.1834     0.0005     6.2434     6.4049     0.0272     0.0041    2367300200508 
-0.1834     0.0005     6.4049     6.5728     0.0274     0.0039    2367300200509 
-0.1834     0.0005     6.5728     6.7474     0.0222     0.0038    2367300200510 
-0.1834     0.0005     6.7474     6.9290     0.0247     0.0040    2367300200511 
-0.1834     0.0005     6.9290     7.1182     0.0239     0.0042    2367300200512 
-0.1834     0.0005     7.1182     7.3152     0.0215     0.0042    2367300200513 
-0.1834     0.0005     7.3152     7.5206     0.0213     0.0045    2367300200514 
-0.1834     0.0005     7.5206     7.7347     0.0173     0.0041    2367300200515 
-0.1834     0.0005     7.7347     7.9582     0.0181     0.0044    2367300200516 
 0.1834     0.0005     1.0047     1.0150     0.1205     0.0051    2367300200517 
 0.1834     0.0005     1.0150     1.0254     0.0733     0.0032    2367300200518 
 0.1834     0.0005     1.0254     1.0360     0.1339     0.0057    2367300200519 
 0.1834     0.0005     1.0360     1.0468     0.1946     0.0083    2367300200520 
 0.1834     0.0005     1.0468     1.0577     0.1872     0.0083    2367300200521 
 0.1834     0.0005     1.0577     1.0688     0.1566     0.0067    2367300200522 
 0.1834     0.0005     1.0688     1.0800     0.0958     0.0041    2367300200523 
 0.1834     0.0005     1.0800     1.0915     0.0862     0.0040    2367300200524 
 0.1834     0.0005     1.0915     1.1031     0.0942     0.0042    2367300200525 
 0.1834     0.0005     1.1031     1.1149     0.0706     0.0035    2367300200526 
 0.1834     0.0005     1.1149     1.1269     0.0902     0.0041    2367300200527 
 0.1834     0.0005     1.1269     1.1391     0.0823     0.0035    2367300200528 
 0.1834     0.0005     1.1391     1.1515     0.1008     0.0043    2367300200529 
 0.1834     0.0005     1.1515     1.1641     0.0647     0.0027    2367300200530 
 0.1834     0.0005     1.1641     1.1769     0.0549     0.0025    2367300200531 
 0.1834     0.0005     1.1769     1.1899     0.0934     0.0039    2367300200532 
 0.1834     0.0005     1.1899     1.2032     0.0812     0.0036    2367300200533 
 0.1834     0.0005     1.2032     1.2167     0.1033     0.0043    2367300200534 
 0.1834     0.0005     1.2167     1.2303     0.1262     0.0050    2367300200535 
 0.1834     0.0005     1.2303     1.2443     0.1035     0.0040    2367300200536 
 0.1834     0.0005     1.2443     1.2584     0.1052     0.0038    2367300200537 
 0.1834     0.0005     1.2584     1.2728     0.1253     0.0048    2367300200538 
 0.1834     0.0005     1.2728     1.2875     0.1213     0.0053    2367300200539 
 0.1834     0.0005     1.2875     1.3024     0.0828     0.0037    2367300200540 
 0.1834     0.0005     1.3024     1.3175     0.0768     0.0039    2367300200541 
 0.1834     0.0005     1.3175     1.3330     0.1581     0.0064    2367300200542 
 0.1834     0.0005     1.3330     1.3487     0.1356     0.0058    2367300200543 
 0.1834     0.0005     1.3487     1.3647     0.0889     0.0035    2367300200544 
 0.1834     0.0005     1.3647     1.3809     0.0542     0.0026    2367300200545 
 0.1834     0.0005     1.3809     1.3975     0.0679     0.0033    2367300200546 
 0.1834     0.0005     1.3975     1.4144     0.0824     0.0039    2367300200547 
 0.1834     0.0005     1.4144     1.4315     0.0740     0.0032    2367300200548 
 0.1834     0.0005     1.4315     1.4490     0.0845     0.0032    2367300200549 
 0.1834     0.0005     1.4490     1.4668     0.1281     0.0051    2367300200550 
 0.1834     0.0005     1.4668     1.4850     0.0614     0.0027    2367300200551 
 0.1834     0.0005     1.4850     1.5035     0.0450     0.0020    2367300200552 
 0.1834     0.0005     1.5035     1.5223     0.0586     0.0025    2367300200553 
 0.1834     0.0005     1.5223     1.5415     0.0956     0.0038    2367300200554 
 0.1834     0.0005     1.5415     1.5610     0.0990     0.0039    2367300200555 
 0.1834     0.0005     1.5610     1.5809     0.0598     0.0027    2367300200556 
 0.1834     0.0005     1.5809     1.6013     0.0768     0.0030    2367300200557 
 0.1834     0.0005     1.6013     1.6220     0.0959     0.0038    2367300200558 
 0.1834     0.0005     1.6220     1.6431     0.0737     0.0030    2367300200559 
 0.1834     0.0005     1.6431     1.6646     0.0706     0.0032    2367300200560 
 0.1834     0.0005     1.6646     1.6865     0.0810     0.0036    2367300200561 
 0.1834     0.0005     1.6865     1.7089     0.0618     0.0029    2367300200562 
 0.1834     0.0005     1.7089     1.7317     0.0640     0.0028    2367300200563 
 0.1834     0.0005     1.7317     1.7550     0.0769     0.0034    2367300200564 
 0.1834     0.0005     1.7550     1.7788     0.0861     0.0039    2367300200565 
 0.1834     0.0005     1.7788     1.8031     0.0633     0.0027    2367300200566 
 0.1834     0.0005     1.8031     1.8278     0.0682     0.0028    2367300200567 
 0.1834     0.0005     1.8278     1.8531     0.0871     0.0033    2367300200568 
 0.1834     0.0005     1.8531     1.8789     0.0786     0.0031    2367300200569 
 0.1834     0.0005     1.8789     1.9052     0.0534     0.0023    2367300200570 
 0.1834     0.0005     1.9052     1.9321     0.0562     0.0024    2367300200571 
 0.1834     0.0005     1.9321     1.9596     0.0534     0.0025    2367300200572 
 0.1834     0.0005     1.9596     1.9877     0.0556     0.0024    2367300200573 
 0.1834     0.0005     1.9877     2.0163     0.0845     0.0034    2367300200574 
 0.1834     0.0005     2.0163     2.0456     0.0684     0.0031    2367300200575 
 0.1834     0.0005     2.0456     2.0756     0.0639     0.0030    2367300200576 
 0.1834     0.0005     2.0756     2.1062     0.0746     0.0034    2367300200577 
 0.1834     0.0005     2.1062     2.1374     0.0613     0.0027    2367300200578 
 0.1834     0.0005     2.1374     2.1694     0.0522     0.0024    2367300200579 
 0.1834     0.0005     2.1694     2.2021     0.0429     0.0022    2367300200580 
 0.1834     0.0005     2.2021     2.2356     0.0526     0.0025    2367300200581 
 0.1834     0.0005     2.2356     2.2698     0.0479     0.0022    2367300200582 
 0.1834     0.0005     2.2698     2.3049     0.0597     0.0026    2367300200583 
 0.1834     0.0005     2.3049     2.3407     0.0585     0.0027    2367300200584 
 0.1834     0.0005     2.3407     2.3774     0.0625     0.0027    2367300200585 
 0.1834     0.0005     2.3774     2.4149     0.0700     0.0031    2367300200586 
 0.1834     0.0005     2.4149     2.4534     0.0641     0.0032    2367300200587 
 0.1834     0.0005     2.4534     2.4928     0.0688     0.0032    2367300200588 
 0.1834     0.0005     2.4928     2.5331     0.0622     0.0029    2367300200589 
 0.1834     0.0005     2.5331     2.5744     0.0557     0.0025    2367300200590 
 0.1834     0.0005     2.5744     2.6168     0.0403     0.0024    2367300200591 
 0.1834     0.0005     2.6168     2.6602     0.0444     0.0023    2367300200592 
 0.1834     0.0005     2.6602     2.7047     0.0544     0.0025    2367300200593 
 0.1834     0.0005     2.7047     2.7503     0.0522     0.0029    2367300200594 
 0.1834     0.0005     2.7503     2.7971     0.0452     0.0026    2367300200595 
 0.1834     0.0005     2.7971     2.8450     0.0402     0.0023    2367300200596 
 0.1834     0.0005     2.8450     2.8943     0.0396     0.0025    2367300200597 
 0.1834     0.0005     2.8943     2.9448     0.0394     0.0026    2367300200598 
 0.1834     0.0005     2.9448     2.9967     0.0436     0.0023    2367300200599 
 0.1834     0.0005     2.9967     3.0499     0.0538     0.0032    2367300200600 
 0.1834     0.0005     3.0499     3.1046     0.0428     0.0026    2367300200601 
 0.1834     0.0005     3.1046     3.1608     0.0460     0.0026    2367300200602 
 0.1834     0.0005     3.1608     3.2185     0.0405     0.0023    2367300200603 
 0.1834     0.0005     3.2185     3.2778     0.0301     0.0021    2367300200604 
 0.1834     0.0005     3.2778     3.3388     0.0333     0.0022    2367300200605 
 0.1834     0.0005     3.3388     3.4014     0.0320     0.0021    2367300200606 
 0.1834     0.0005     3.4014     3.4659     0.0365     0.0024    2367300200607 
 0.1834     0.0005     3.4659     3.5322     0.0396     0.0025    2367300200608 
 0.1834     0.0005     3.5322     3.6005     0.0372     0.0025    2367300200609 
 0.1834     0.0005     3.6005     3.6707     0.0424     0.0026    2367300200610 
 0.1834     0.0005     3.6707     3.7431     0.0372     0.0026    2367300200611 
 0.1834     0.0005     3.7431     3.8176     0.0336     0.0024    2367300200612 
 0.1834     0.0005     3.8176     3.8943     0.0310     0.0024    2367300200613 
 0.1834     0.0005     3.8943     3.9734     0.0303     0.0023    2367300200614 
 0.1834     0.0005     3.9734     4.0549     0.0330     0.0029    2367300200615 
 0.1834     0.0005     4.0549     4.1390     0.0314     0.0024    2367300200616 
 0.1834     0.0005     4.1390     4.2257     0.0332     0.0026    2367300200617 
 0.1834     0.0005     4.2257     4.3152     0.0356     0.0028    2367300200618 
 0.1834     0.0005     4.3152     4.4076     0.0346     0.0027    2367300200619 
 0.1834     0.0005     4.4076     4.5029     0.0315     0.0026    2367300200620 
 0.1834     0.0005     4.5029     4.6014     0.0325     0.0025    2367300200621 
 0.1834     0.0005     4.6014     4.7032     0.0319     0.0026    2367300200622 
 0.1834     0.0005     4.7032     4.8084     0.0292     0.0028    2367300200623 
 0.1834     0.0005     4.8084     4.9172     0.0266     0.0024    2367300200624 
 0.1834     0.0005     4.9172     5.0297     0.0279     0.0024    2367300200625 
 0.1834     0.0005     5.0297     5.1461     0.0298     0.0028    2367300200626 
 0.1834     0.0005     5.1461     5.2667     0.0312     0.0028    2367300200627 
 0.1834     0.0005     5.2667     5.3915     0.0292     0.0028    2367300200628 
 0.1834     0.0005     5.3915     5.5209     0.0266     0.0028    2367300200629 
 0.1834     0.0005     5.5209     5.6549     0.0277     0.0029    2367300200630 
 0.1834     0.0005     5.6549     5.7940     0.0240     0.0027    2367300200631 
 0.1834     0.0005     5.7940     5.9382     0.0282     0.0031    2367300200632 
 0.1834     0.0005     5.9382     6.0879     0.0289     0.0030    2367300200633 
 0.1834     0.0005     6.0879     6.2434     0.0270     0.0032    2367300200634 
 0.1834     0.0005     6.2434     6.4049     0.0273     0.0032    2367300200635 
 0.1834     0.0005     6.4049     6.5728     0.0300     0.0038    2367300200636 
 0.1834     0.0005     6.5728     6.7474     0.0281     0.0035    2367300200637 
 0.1834     0.0005     6.7474     6.9290     0.0283     0.0037    2367300200638 
 0.1834     0.0005     6.9290     7.1182     0.0243     0.0033    2367300200639 
 0.1834     0.0005     7.1182     7.3152     0.0236     0.0037    2367300200640 
 0.1834     0.0005     7.3152     7.5206     0.0254     0.0041    2367300200641 
 0.1834     0.0005     7.5206     7.7347     0.0271     0.0045    2367300200642 
 0.1834     0.0005     7.7347     7.9582     0.0262     0.0045    2367300200643 
 0.5255     0.0005     1.0047     1.0150     0.2275     0.0097    2367300200644 
 0.5255     0.0005     1.0150     1.0254     0.1399     0.0060    2367300200645 
 0.5255     0.0005     1.0254     1.0360     0.1763     0.0079    2367300200646 
 0.5255     0.0005     1.0360     1.0468     0.3164     0.0140    2367300200647 
 0.5255     0.0005     1.0468     1.0577     0.3327     0.0157    2367300200648 
 0.5255     0.0005     1.0577     1.0688     0.3224     0.0141    2367300200649 
 0.5255     0.0005     1.0688     1.0800     0.2706     0.0119    2367300200650 
 0.5255     0.0005     1.0800     1.0915     0.2016     0.0091    2367300200651 
 0.5255     0.0005     1.0915     1.1031     0.1949     0.0089    2367300200652 
 0.5255     0.0005     1.1031     1.1149     0.1455     0.0070    2367300200653 
 0.5255     0.0005     1.1149     1.1269     0.1968     0.0091    2367300200654 
 0.5255     0.0005     1.1269     1.1391     0.1655     0.0070    2367300200655 
 0.5255     0.0005     1.1391     1.1515     0.1823     0.0073    2367300200656 
 0.5255     0.0005     1.1515     1.1641     0.1567     0.0062    2367300200657 
 0.5255     0.0005     1.1641     1.1769     0.1097     0.0050    2367300200658 
 0.5255     0.0005     1.1769     1.1899     0.1513     0.0064    2367300200659 
 0.5255     0.0005     1.1899     1.2032     0.1464     0.0062    2367300200660 
 0.5255     0.0005     1.2032     1.2167     0.1644     0.0063    2367300200661 
 0.5255     0.0005     1.2167     1.2303     0.1469     0.0058    2367300200662 
 0.5255     0.0005     1.2303     1.2443     0.1473     0.0054    2367300200663 
 0.5255     0.0005     1.2443     1.2584     0.1912     0.0068    2367300200664 
 0.5255     0.0005     1.2584     1.2728     0.2244     0.0086    2367300200665 
 0.5255     0.0005     1.2728     1.2875     0.2498     0.0107    2367300200666 
 0.5255     0.0005     1.2875     1.3024     0.2144     0.0090    2367300200667 
 0.5255     0.0005     1.3024     1.3175     0.1452     0.0061    2367300200668 
 0.5255     0.0005     1.3175     1.3330     0.2674     0.0106    2367300200669 
 0.5255     0.0005     1.3330     1.3487     0.2852     0.0121    2367300200670 
 0.5255     0.0005     1.3487     1.3647     0.2364     0.0087    2367300200671 
 0.5255     0.0005     1.3647     1.3809     0.1519     0.0063    2367300200672 
 0.5255     0.0005     1.3809     1.3975     0.1809     0.0073    2367300200673 
 0.5255     0.0005     1.3975     1.4144     0.1228     0.0049    2367300200674 
 0.5255     0.0005     1.4144     1.4315     0.1403     0.0057    2367300200675 
 0.5255     0.0005     1.4315     1.4490     0.1903     0.0068    2367300200676 
 0.5255     0.0005     1.4490     1.4668     0.3428     0.0122    2367300200677 
 0.5255     0.0005     1.4668     1.4850     0.2110     0.0076    2367300200678 
 0.5255     0.0005     1.4850     1.5035     0.1120     0.0041    2367300200679 
 0.5255     0.0005     1.5035     1.5223     0.1383     0.0051    2367300200680 
 0.5255     0.0005     1.5223     1.5415     0.2214     0.0079    2367300200681 
 0.5255     0.0005     1.5415     1.5610     0.3184     0.0113    2367300200682 
 0.5255     0.0005     1.5610     1.5809     0.2091     0.0079    2367300200683 
 0.5255     0.0005     1.5809     1.6013     0.1869     0.0066    2367300200684 
 0.5255     0.0005     1.6013     1.6220     0.2228     0.0081    2367300200685 
 0.5255     0.0005     1.6220     1.6431     0.1708     0.0065    2367300200686 
 0.5255     0.0005     1.6431     1.6646     0.1468     0.0060    2367300200687 
 0.5255     0.0005     1.6646     1.6865     0.2046     0.0080    2367300200688 
 0.5255     0.0005     1.6865     1.7089     0.1599     0.0065    2367300200689 
 0.5255     0.0005     1.7089     1.7317     0.1650     0.0067    2367300200690 
 0.5255     0.0005     1.7317     1.7550     0.1614     0.0068    2367300200691 
 0.5255     0.0005     1.7550     1.7788     0.1692     0.0068    2367300200692 
 0.5255     0.0005     1.7788     1.8031     0.1734     0.0065    2367300200693 
 0.5255     0.0005     1.8031     1.8278     0.1731     0.0065    2367300200694 
 0.5255     0.0005     1.8278     1.8531     0.2162     0.0074    2367300200695 
 0.5255     0.0005     1.8531     1.8789     0.1610     0.0059    2367300200696 
 0.5255     0.0005     1.8789     1.9052     0.1375     0.0050    2367300200697 
 0.5255     0.0005     1.9052     1.9321     0.1843     0.0067    2367300200698 
 0.5255     0.0005     1.9321     1.9596     0.1924     0.0074    2367300200699 
 0.5255     0.0005     1.9596     1.9877     0.1257     0.0049    2367300200700 
 0.5255     0.0005     1.9877     2.0163     0.1760     0.0067    2367300200701 
 0.5255     0.0005     2.0163     2.0456     0.2350     0.0093    2367300200702 
 0.5255     0.0005     2.0456     2.0756     0.2067     0.0087    2367300200703 
 0.5255     0.0005     2.0756     2.1062     0.2279     0.0094    2367300200704 
 0.5255     0.0005     2.1062     2.1374     0.2101     0.0082    2367300200705 
 0.5255     0.0005     2.1374     2.1694     0.1904     0.0075    2367300200706 
 0.5255     0.0005     2.1694     2.2021     0.1536     0.0066    2367300200707 
 0.5255     0.0005     2.2021     2.2356     0.1562     0.0061    2367300200708 
 0.5255     0.0005     2.2356     2.2698     0.1317     0.0053    2367300200709 
 0.5255     0.0005     2.2698     2.3049     0.1532     0.0060    2367300200710 
 0.5255     0.0005     2.3049     2.3407     0.1164     0.0047    2367300200711 
 0.5255     0.0005     2.3407     2.3774     0.1384     0.0056    2367300200712 
 0.5255     0.0005     2.3774     2.4149     0.1525     0.0061    2367300200713 
 0.5255     0.0005     2.4149     2.4534     0.1704     0.0066    2367300200714 
 0.5255     0.0005     2.4534     2.4928     0.1652     0.0063    2367300200715 
 0.5255     0.0005     2.4928     2.5331     0.1672     0.0067    2367300200716 
 0.5255     0.0005     2.5331     2.5744     0.1862     0.0072    2367300200717 
 0.5255     0.0005     2.5744     2.6168     0.1847     0.0073    2367300200718 
 0.5255     0.0005     2.6168     2.6602     0.1330     0.0056    2367300200719 
 0.5255     0.0005     2.6602     2.7047     0.1745     0.0074    2367300200720 
 0.5255     0.0005     2.7047     2.7503     0.1544     0.0062    2367300200721 
 0.5255     0.0005     2.7503     2.7971     0.1444     0.0062    2367300200722 
 0.5255     0.0005     2.7971     2.8450     0.1454     0.0059    2367300200723 
 0.5255     0.0005     2.8450     2.8943     0.1529     0.0062    2367300200724 
 0.5255     0.0005     2.8943     2.9448     0.1177     0.0051    2367300200725 
 0.5255     0.0005     2.9448     2.9967     0.1220     0.0054    2367300200726 
 0.5255     0.0005     2.9967     3.0499     0.1403     0.0060    2367300200727 
 0.5255     0.0005     3.0499     3.1046     0.1556     0.0066    2367300200728 
 0.5255     0.0005     3.1046     3.1608     0.1328     0.0066    2367300200729 
 0.5255     0.0005     3.1608     3.2185     0.1141     0.0052    2367300200730 
 0.5255     0.0005     3.2185     3.2778     0.1392     0.0061    2367300200731 
 0.5255     0.0005     3.2778     3.3388     0.1259     0.0056    2367300200732 
 0.5255     0.0005     3.3388     3.4014     0.1248     0.0055    2367300200733 
 0.5255     0.0005     3.4014     3.4659     0.1275     0.0057    2367300200734 
 0.5255     0.0005     3.4659     3.5322     0.1303     0.0059    2367300200735 
 0.5255     0.0005     3.5322     3.6005     0.1097     0.0054    2367300200736 
 0.5255     0.0005     3.6005     3.6707     0.1083     0.0052    2367300200737 
 0.5255     0.0005     3.6707     3.7431     0.0924     0.0047    2367300200738 
 0.5255     0.0005     3.7431     3.8176     0.0961     0.0050    2367300200739 
 0.5255     0.0005     3.8176     3.8943     0.1074     0.0057    2367300200740 
 0.5255     0.0005     3.8943     3.9734     0.0996     0.0053    2367300200741 
 0.5255     0.0005     3.9734     4.0549     0.1000     0.0052    2367300200742 
 0.5255     0.0005     4.0549     4.1390     0.0946     0.0051    2367300200743 
 0.5255     0.0005     4.1390     4.2257     0.0915     0.0053    2367300200744 
 0.5255     0.0005     4.2257     4.3152     0.0850     0.0050    2367300200745 
 0.5255     0.0005     4.3152     4.4076     0.0938     0.0054    2367300200746 
 0.5255     0.0005     4.4076     4.5029     0.0809     0.0049    2367300200747 
 0.5255     0.0005     4.5029     4.6014     0.0799     0.0051    2367300200748 
 0.5255     0.0005     4.6014     4.7032     0.0716     0.0046    2367300200749 
 0.5255     0.0005     4.7032     4.8084     0.0713     0.0048    2367300200750 
 0.5255     0.0005     4.8084     4.9172     0.0736     0.0045    2367300200751 
 0.5255     0.0005     4.9172     5.0297     0.0697     0.0045    2367300200752 
 0.5255     0.0005     5.0297     5.1461     0.0628     0.0045    2367300200753 
 0.5255     0.0005     5.1461     5.2667     0.0634     0.0050    2367300200754 
 0.5255     0.0005     5.2667     5.3915     0.0639     0.0049    2367300200755 
 0.5255     0.0005     5.3915     5.5209     0.0531     0.0048    2367300200756 
 0.5255     0.0005     5.5209     5.6549     0.0531     0.0046    2367300200757 
 0.5255     0.0005     5.6549     5.7940     0.0494     0.0046    2367300200758 
 0.5255     0.0005     5.7940     5.9382     0.0424     0.0041    2367300200759 
 0.5255     0.0005     5.9382     6.0879     0.0464     0.0044    2367300200760 
 0.5255     0.0005     6.0879     6.2434     0.0411     0.0045    2367300200761 
 0.5255     0.0005     6.2434     6.4049     0.0364     0.0044    2367300200762 
 0.5255     0.0005     6.4049     6.5728     0.0292     0.0044    2367300200763 
 0.5255     0.0005     6.5728     6.7474     0.0321     0.0044    2367300200764 
 0.5255     0.0005     6.7474     6.9290     0.0293     0.0046    2367300200765 
 0.5255     0.0005     6.9290     7.1182     0.0334     0.0047    2367300200766 
 0.5255     0.0005     7.1182     7.3152     0.0341     0.0050    2367300200767 
 0.5255     0.0005     7.3152     7.5206     0.0322     0.0053    2367300200768 
 0.5255     0.0005     7.5206     7.7347     0.0291     0.0052    2367300200769 
 0.5255     0.0005     7.7347     7.9582     0.0254     0.0056    2367300200770 
 0.7967     0.0005     1.0047     1.0150     0.4224     0.0160    2367300200771 
 0.7967     0.0005     1.0150     1.0254     0.2855     0.0113    2367300200772 
 0.7967     0.0005     1.0254     1.0360     0.3037     0.0126    2367300200773 
 0.7967     0.0005     1.0360     1.0468     0.5100     0.0216    2367300200774 
 0.7967     0.0005     1.0468     1.0577     0.5046     0.0222    2367300200775 
 0.7967     0.0005     1.0577     1.0688     0.5582     0.0233    2367300200776 
 0.7967     0.0005     1.0688     1.0800     0.5384     0.0219    2367300200777 
 0.7967     0.0005     1.0800     1.0915     0.3961     0.0178    2367300200778 
 0.7967     0.0005     1.0915     1.1031     0.3378     0.0159    2367300200779 
 0.7967     0.0005     1.1031     1.1149     0.2812     0.0130    2367300200780 
 0.7967     0.0005     1.1149     1.1269     0.4023     0.0185    2367300200781 
 0.7967     0.0005     1.1269     1.1391     0.3621     0.0150    2367300200782 
 0.7967     0.0005     1.1391     1.1515     0.3459     0.0138    2367300200783 
 0.7967     0.0005     1.1515     1.1641     0.3106     0.0119    2367300200784 
 0.7967     0.0005     1.1641     1.1769     0.2354     0.0109    2367300200785 
 0.7967     0.0005     1.1769     1.1899     0.3194     0.0133    2367300200786 
 0.7967     0.0005     1.1899     1.2032     0.2871     0.0118    2367300200787 
 0.7967     0.0005     1.2032     1.2167     0.3317     0.0136    2367300200788 
 0.7967     0.0005     1.2167     1.2303     0.3749     0.0145    2367300200789 
 0.7967     0.0005     1.2303     1.2443     0.4111     0.0151    2367300200790 
 0.7967     0.0005     1.2443     1.2584     0.4088     0.0149    2367300200791 
 0.7967     0.0005     1.2584     1.2728     0.4237     0.0170    2367300200792 
 0.7967     0.0005     1.2728     1.2875     0.5265     0.0230    2367300200793 
 0.7967     0.0005     1.2875     1.3024     0.4607     0.0190    2367300200794 
 0.7967     0.0005     1.3024     1.3175     0.3436     0.0142    2367300200795 
 0.7967     0.0005     1.3175     1.3330     0.5155     0.0222    2367300200796 
 0.7967     0.0005     1.3330     1.3487     0.5579     0.0236    2367300200797 
 0.7967     0.0005     1.3487     1.3647     0.4595     0.0171    2367300200798 
 0.7967     0.0005     1.3647     1.3809     0.3340     0.0140    2367300200799 
 0.7967     0.0005     1.3809     1.3975     0.4539     0.0189    2367300200800 
 0.7967     0.0005     1.3975     1.4144     0.3133     0.0124    2367300200801 
 0.7967     0.0005     1.4144     1.4315     0.3157     0.0132    2367300200802 
 0.7967     0.0005     1.4315     1.4490     0.4113     0.0162    2367300200803 
 0.7967     0.0005     1.4490     1.4668     0.6835     0.0253    2367300200804 
 0.7967     0.0005     1.4668     1.4850     0.5489     0.0193    2367300200805 
 0.7967     0.0005     1.4850     1.5035     0.2802     0.0115    2367300200806 
 0.7967     0.0005     1.5035     1.5223     0.3166     0.0127    2367300200807 
 0.7967     0.0005     1.5223     1.5415     0.4810     0.0183    2367300200808 
 0.7967     0.0005     1.5415     1.5610     0.6435     0.0234    2367300200809 
 0.7967     0.0005     1.5610     1.5809     0.4669     0.0175    2367300200810 
 0.7967     0.0005     1.5809     1.6013     0.3957     0.0150    2367300200811 
 0.7967     0.0005     1.6013     1.6220     0.4947     0.0195    2367300200812 
 0.7967     0.0005     1.6220     1.6431     0.4379     0.0176    2367300200813 
 0.7967     0.0005     1.6431     1.6646     0.3959     0.0161    2367300200814 
 0.7967     0.0005     1.6646     1.6865     0.5233     0.0198    2367300200815 
 0.7967     0.0005     1.6865     1.7089     0.4106     0.0166    2367300200816 
 0.7967     0.0005     1.7089     1.7317     0.3731     0.0164    2367300200817 
 0.7967     0.0005     1.7317     1.7550     0.3958     0.0167    2367300200818 
 0.7967     0.0005     1.7550     1.7788     0.4288     0.0169    2367300200819 
 0.7967     0.0005     1.7788     1.8031     0.4209     0.0157    2367300200820 
 0.7967     0.0005     1.8031     1.8278     0.3737     0.0145    2367300200821 
 0.7967     0.0005     1.8278     1.8531     0.4324     0.0155    2367300200822 
 0.7967     0.0005     1.8531     1.8789     0.4285     0.0154    2367300200823 
 0.7967     0.0005     1.8789     1.9052     0.4084     0.0150    2367300200824 
 0.7967     0.0005     1.9052     1.9321     0.5137     0.0185    2367300200825 
 0.7967     0.0005     1.9321     1.9596     0.5917     0.0225    2367300200826 
 0.7967     0.0005     1.9596     1.9877     0.4004     0.0161    2367300200827 
 0.7967     0.0005     1.9877     2.0163     0.4724     0.0185    2367300200828 
 0.7967     0.0005     2.0163     2.0456     0.6163     0.0245    2367300200829 
 0.7967     0.0005     2.0456     2.0756     0.5521     0.0236    2367300200830 
 0.7967     0.0005     2.0756     2.1062     0.5962     0.0241    2367300200831 
 0.7967     0.0005     2.1062     2.1374     0.5249     0.0208    2367300200832 
 0.7967     0.0005     2.1374     2.1694     0.5154     0.0198    2367300200833 
 0.7967     0.0005     2.1694     2.2021     0.4676     0.0197    2367300200834 
 0.7967     0.0005     2.2021     2.2356     0.4756     0.0181    2367300200835 
 0.7967     0.0005     2.2356     2.2698     0.4050     0.0160    2367300200836 
 0.7967     0.0005     2.2698     2.3049     0.4635     0.0182    2367300200837 
 0.7967     0.0005     2.3049     2.3407     0.4685     0.0178    2367300200838 
 0.7967     0.0005     2.3407     2.3774     0.4572     0.0181    2367300200839 
 0.7967     0.0005     2.3774     2.4149     0.5182     0.0188    2367300200840 
 0.7967     0.0005     2.4149     2.4534     0.5265     0.0200    2367300200841 
 0.7967     0.0005     2.4534     2.4928     0.5584     0.0214    2367300200842 
 0.7967     0.0005     2.4928     2.5331     0.5660     0.0220    2367300200843 
 0.7967     0.0005     2.5331     2.5744     0.6871     0.0261    2367300200844 
 0.7967     0.0005     2.5744     2.6168     0.6639     0.0256    2367300200845 
 0.7967     0.0005     2.6168     2.6602     0.5087     0.0200    2367300200846 
 0.7967     0.0005     2.6602     2.7047     0.5592     0.0216    2367300200847 
 0.7967     0.0005     2.7047     2.7503     0.5841     0.0230    2367300200848 
 0.7967     0.0005     2.7503     2.7971     0.5344     0.0201    2367300200849 
 0.7967     0.0005     2.7971     2.8450     0.5175     0.0201    2367300200850 
 0.7967     0.0005     2.8450     2.8943     0.5526     0.0216    2367300200851 
 0.7967     0.0005     2.8943     2.9448     0.5112     0.0197    2367300200852 
 0.7967     0.0005     2.9448     2.9967     0.5038     0.0199    2367300200853 
 0.7967     0.0005     2.9967     3.0499     0.5343     0.0212    2367300200854 
 0.7967     0.0005     3.0499     3.1046     0.5617     0.0231    2367300200855 
 0.7967     0.0005     3.1046     3.1608     0.5508     0.0224    2367300200856 
 0.7967     0.0005     3.1608     3.2185     0.5455     0.0223    2367300200857 
 0.7967     0.0005     3.2185     3.2778     0.5640     0.0222    2367300200858 
 0.7967     0.0005     3.2778     3.3388     0.5398     0.0215    2367300200859 
 0.7967     0.0005     3.3388     3.4014     0.5294     0.0211    2367300200860 
 0.7967     0.0005     3.4014     3.4659     0.5284     0.0212    2367300200861 
 0.7967     0.0005     3.4659     3.5322     0.5382     0.0221    2367300200862 
 0.7967     0.0005     3.5322     3.6005     0.4952     0.0198    2367300200863 
 0.7967     0.0005     3.6005     3.6707     0.5158     0.0200    2367300200864 
 0.7967     0.0005     3.6707     3.7431     0.5192     0.0210    2367300200865 
 0.7967     0.0005     3.7431     3.8176     0.5489     0.0221    2367300200866 
 0.7967     0.0005     3.8176     3.8943     0.5859     0.0232    2367300200867 
 0.7967     0.0005     3.8943     3.9734     0.5547     0.0212    2367300200868 
 0.7967     0.0005     3.9734     4.0549     0.5593     0.0217    2367300200869 
 0.7967     0.0005     4.0549     4.1390     0.6128     0.0241    2367300200870 
 0.7967     0.0005     4.1390     4.2257     0.5655     0.0233    2367300200871 
 0.7967     0.0005     4.2257     4.3152     0.5544     0.0219    2367300200872 
 0.7967     0.0005     4.3152     4.4076     0.5807     0.0230    2367300200873 
 0.7967     0.0005     4.4076     4.5029     0.5523     0.0224    2367300200874 
 0.7967     0.0005     4.5029     4.6014     0.5888     0.0241    2367300200875 
 0.7967     0.0005     4.6014     4.7032     0.5718     0.0231    2367300200876 
 0.7967     0.0005     4.7032     4.8084     0.5767     0.0235    2367300200877 
 0.7967     0.0005     4.8084     4.9172     0.5830     0.0229    2367300200878 
 0.7967     0.0005     4.9172     5.0297     0.5673     0.0236    2367300200879 
 0.7967     0.0005     5.0297     5.1461     0.5490     0.0228    2367300200880 
 0.7967     0.0005     5.1461     5.2667     0.5631     0.0235    2367300200881 
 0.7967     0.0005     5.2667     5.3915     0.5726     0.0243    2367300200882 
 0.7967     0.0005     5.3915     5.5209     0.5458     0.0230    2367300200883 
 0.7967     0.0005     5.5209     5.6549     0.5549     0.0236    2367300200884 
 0.7967     0.0005     5.6549     5.7940     0.5148     0.0217    2367300200885 
 0.7967     0.0005     5.7940     5.9382     0.4943     0.0221    2367300200886 
 0.7967     0.0005     5.9382     6.0879     0.4853     0.0218    2367300200887 
 0.7967     0.0005     6.0879     6.2434     0.4853     0.0221    2367300200888 
 0.7967     0.0005     6.2434     6.4049     0.4819     0.0219    2367300200889 
 0.7967     0.0005     6.4049     6.5728     0.4511     0.0214    2367300200890 
 0.7967     0.0005     6.5728     6.7474     0.4631     0.0218    2367300200891 
 0.7967     0.0005     6.7474     6.9290     0.4372     0.0220    2367300200892 
 0.7967     0.0005     6.9290     7.1182     0.4381     0.0216    2367300200893 
 0.7967     0.0005     7.1182     7.3152     0.4181     0.0203    2367300200894 
 0.7967     0.0005     7.3152     7.5206     0.4085     0.0217    2367300200895 
 0.7967     0.0005     7.5206     7.7347     0.3906     0.0212    2367300200896 
 0.7967     0.0005     7.7347     7.9582     0.3869     0.0222    2367300200897 
 0.9603     0.0005     1.0047     1.0150     0.5738     0.0273    2367300200898 
 0.9603     0.0005     1.0150     1.0254     0.3384     0.0183    2367300200899 
 0.9603     0.0005     1.0254     1.0360     0.3255     0.0190    2367300200900 
 0.9603     0.0005     1.0360     1.0468     0.6402     0.0323    2367300200901 
 0.9603     0.0005     1.0468     1.0577     0.5911     0.0308    2367300200902 
 0.9603     0.0005     1.0577     1.0688     0.6552     0.0329    2367300200903 
 0.9603     0.0005     1.0688     1.0800     0.6686     0.0335    2367300200904 
 0.9603     0.0005     1.0800     1.0915     0.5337     0.0287    2367300200905 
 0.9603     0.0005     1.0915     1.1031     0.4327     0.0237    2367300200906 
 0.9603     0.0005     1.1031     1.1149     0.4033     0.0209    2367300200907 
 0.9603     0.0005     1.1149     1.1269     0.5824     0.0297    2367300200908 
 0.9603     0.0005     1.1269     1.1391     0.5553     0.0252    2367300200909 
 0.9603     0.0005     1.1391     1.1515     0.5279     0.0235    2367300200910 
 0.9603     0.0005     1.1515     1.1641     0.4709     0.0179    2367300200911 
 0.9603     0.0005     1.1641     1.1769     0.3189     0.0160    2367300200912 
 0.9603     0.0005     1.1769     1.1899     0.5248     0.0216    2367300200913 
 0.9603     0.0005     1.1899     1.2032     0.4190     0.0184    2367300200914 
 0.9603     0.0005     1.2032     1.2167     0.5770     0.0215    2367300200915 
 0.9603     0.0005     1.2167     1.2303     0.6976     0.0270    2367300200916 
 0.9603     0.0005     1.2303     1.2443     0.6933     0.0277    2367300200917 
 0.9603     0.0005     1.2443     1.2584     0.6045     0.0229    2367300200918 
 0.9603     0.0005     1.2584     1.2728     0.6559     0.0267    2367300200919 
 0.9603     0.0005     1.2728     1.2875     0.8502     0.0357    2367300200920 
 0.9603     0.0005     1.2875     1.3024     0.7218     0.0296    2367300200921 
 0.9603     0.0005     1.3024     1.3175     0.5114     0.0209    2367300200922 
 0.9603     0.0005     1.3175     1.3330     0.7562     0.0307    2367300200923 
 0.9603     0.0005     1.3330     1.3487     0.7609     0.0351    2367300200924 
 0.9603     0.0005     1.3487     1.3647     0.6694     0.0246    2367300200925 
 0.9603     0.0005     1.3647     1.3809     0.5062     0.0212    2367300200926 
 0.9603     0.0005     1.3809     1.3975     0.7482     0.0312    2367300200927 
 0.9603     0.0005     1.3975     1.4144     0.5347     0.0209    2367300200928 
 0.9603     0.0005     1.4144     1.4315     0.5287     0.0209    2367300200929 
 0.9603     0.0005     1.4315     1.4490     0.6775     0.0246    2367300200930 
 0.9603     0.0005     1.4490     1.4668     1.0008     0.0359    2367300200931 
 0.9603     0.0005     1.4668     1.4850     0.8250     0.0286    2367300200932 
 0.9603     0.0005     1.4850     1.5035     0.4835     0.0176    2367300200933 
 0.9603     0.0005     1.5035     1.5223     0.5194     0.0202    2367300200934 
 0.9603     0.0005     1.5223     1.5415     0.7588     0.0271    2367300200935 
 0.9603     0.0005     1.5415     1.5610     0.9746     0.0332    2367300200936 
 0.9603     0.0005     1.5610     1.5809     0.7746     0.0280    2367300200937 
 0.9603     0.0005     1.5809     1.6013     0.6306     0.0221    2367300200938 
 0.9603     0.0005     1.6013     1.6220     0.7661     0.0297    2367300200939 
 0.9603     0.0005     1.6220     1.6431     0.7422     0.0287    2367300200940 
 0.9603     0.0005     1.6431     1.6646     0.6853     0.0257    2367300200941 
 0.9603     0.0005     1.6646     1.6865     0.9096     0.0309    2367300200942 
 0.9603     0.0005     1.6865     1.7089     0.6843     0.0272    2367300200943 
 0.9603     0.0005     1.7089     1.7317     0.5752     0.0245    2367300200944 
 0.9603     0.0005     1.7317     1.7550     0.6804     0.0274    2367300200945 
 0.9603     0.0005     1.7550     1.7788     0.7280     0.0260    2367300200946 
 0.9603     0.0005     1.7788     1.8031     0.6681     0.0240    2367300200947 
 0.9603     0.0005     1.8031     1.8278     0.5675     0.0220    2367300200948 
 0.9603     0.0005     1.8278     1.8531     0.6334     0.0225    2367300200949 
 0.9603     0.0005     1.8531     1.8789     0.7760     0.0267    2367300200950 
 0.9603     0.0005     1.8789     1.9052     0.7269     0.0246    2367300200951 
 0.9603     0.0005     1.9052     1.9321     0.9055     0.0315    2367300200952 
 0.9603     0.0005     1.9321     1.9596     1.1204     0.0410    2367300200953 
 0.9603     0.0005     1.9596     1.9877     0.7486     0.0300    2367300200954 
 0.9603     0.0005     1.9877     2.0163     0.8345     0.0312    2367300200955 
 0.9603     0.0005     2.0163     2.0456     1.0452     0.0419    2367300200956 
 0.9603     0.0005     2.0456     2.0756     0.9380     0.0398    2367300200957 
 0.9603     0.0005     2.0756     2.1062     0.9064     0.0380    2367300200958 
 0.9603     0.0005     2.1062     2.1374     0.8764     0.0335    2367300200959 
 0.9603     0.0005     2.1374     2.1694     0.9029     0.0342    2367300200960 
 0.9603     0.0005     2.1694     2.2021     0.8617     0.0361    2367300200961 
 0.9603     0.0005     2.2021     2.2356     0.8954     0.0312    2367300200962 
 0.9603     0.0005     2.2356     2.2698     0.7477     0.0300    2367300200963 
 0.9603     0.0005     2.2698     2.3049     0.8743     0.0334    2367300200964 
 0.9603     0.0005     2.3049     2.3407     0.9421     0.0343    2367300200965 
 0.9603     0.0005     2.3407     2.3774     0.8548     0.0318    2367300200966 
 0.9603     0.0005     2.3774     2.4149     1.0222     0.0372    2367300200967 
 0.9603     0.0005     2.4149     2.4534     1.0235     0.0381    2367300200968 
 0.9603     0.0005     2.4534     2.4928     1.1487     0.0429    2367300200969 
 0.9603     0.0005     2.4928     2.5331     1.1169     0.0419    2367300200970 
 0.9603     0.0005     2.5331     2.5744     1.3969     0.0512    2367300200971 
 0.9603     0.0005     2.5744     2.6168     1.2649     0.0486    2367300200972 
 0.9603     0.0005     2.6168     2.6602     0.9989     0.0369    2367300200973 
 0.9603     0.0005     2.6602     2.7047     1.1487     0.0427    2367300200974 
 0.9603     0.0005     2.7047     2.7503     1.2275     0.0448    2367300200975 
 0.9603     0.0005     2.7503     2.7971     1.1332     0.0419    2367300200976 
 0.9603     0.0005     2.7971     2.8450     1.0733     0.0406    2367300200977 
 0.9603     0.0005     2.8450     2.8943     1.1732     0.0434    2367300200978 
 0.9603     0.0005     2.8943     2.9448     1.1522     0.0413    2367300200979 
 0.9603     0.0005     2.9448     2.9967     1.0999     0.0411    2367300200980 
 0.9603     0.0005     2.9967     3.0499     1.1600     0.0455    2367300200981 
 0.9603     0.0005     3.0499     3.1046     1.1886     0.0444    2367300200982 
 0.9603     0.0005     3.1046     3.1608     1.3116     0.0486    2367300200983 
 0.9603     0.0005     3.1608     3.2185     1.2253     0.0447    2367300200984 
 0.9603     0.0005     3.2185     3.2778     1.2017     0.0455    2367300200985 
 0.9603     0.0005     3.2778     3.3388     1.1753     0.0445    2367300200986 
 0.9603     0.0005     3.3388     3.4014     1.1849     0.0440    2367300200987 
 0.9603     0.0005     3.4014     3.4659     1.1761     0.0454    2367300200988 
 0.9603     0.0005     3.4659     3.5322     1.2094     0.0453    2367300200989 
 0.9603     0.0005     3.5322     3.6005     1.1434     0.0417    2367300200990 
 0.9603     0.0005     3.6005     3.6707     1.2442     0.0457    2367300200991 
 0.9603     0.0005     3.6707     3.7431     1.2699     0.0469    2367300200992 
 0.9603     0.0005     3.7431     3.8176     1.3193     0.0499    2367300200993 
 0.9603     0.0005     3.8176     3.8943     1.3974     0.0518    2367300200994 
 0.9603     0.0005     3.8943     3.9734     1.3736     0.0484    2367300200995 
 0.9603     0.0005     3.9734     4.0549     1.4205     0.0512    2367300200996 
 0.9603     0.0005     4.0549     4.1390     1.5670     0.0574    2367300200997 
 0.9603     0.0005     4.1390     4.2257     1.4690     0.0529    2367300200998 
 0.9603     0.0005     4.2257     4.3152     1.5284     0.0554    2367300200999 
 0.9603     0.0005     4.3152     4.4076     1.5355     0.0560    2367300201000 
 0.9603     0.0005     4.4076     4.5029     1.4964     0.0538    2367300201001 
 0.9603     0.0005     4.5029     4.6014     1.6011     0.0591    2367300201002 
 0.9603     0.0005     4.6014     4.7032     1.6268     0.0605    2367300201003 
 0.9603     0.0005     4.7032     4.8084     1.6261     0.0611    2367300201004 
 0.9603     0.0005     4.8084     4.9172     1.6604     0.0622    2367300201005 
 0.9603     0.0005     4.9172     5.0297     1.6432     0.0610    2367300201006 
 0.9603     0.0005     5.0297     5.1461     1.6954     0.0618    2367300201007 
 0.9603     0.0005     5.1461     5.2667     1.7384     0.0650    2367300201008 
 0.9603     0.0005     5.2667     5.3915     1.7557     0.0667    2367300201009 
 0.9603     0.0005     5.3915     5.5209     1.7716     0.0659    2367300201010 
 0.9603     0.0005     5.5209     5.6549     1.7840     0.0696    2367300201011 
 0.9603     0.0005     5.6549     5.7940     1.7873     0.0663    2367300201012 
 0.9603     0.0005     5.7940     5.9382     1.7895     0.0682    2367300201013 
 0.9603     0.0005     5.9382     6.0879     1.8299     0.0708    2367300201014 
 0.9603     0.0005     6.0879     6.2434     1.8304     0.0696    2367300201015 
 0.9603     0.0005     6.2434     6.4049     1.8993     0.0758    2367300201016 
 0.9603     0.0005     6.4049     6.5728     1.9121     0.0761    2367300201017 
 0.9603     0.0005     6.5728     6.7474     1.9380     0.0788    2367300201018 
 0.9603     0.0005     6.7474     6.9290     1.9572     0.0791    2367300201019 
 0.9603     0.0005     6.9290     7.1182     1.9339     0.0793    2367300201020 
 0.9603     0.0005     7.1182     7.3152     1.8765     0.0767    2367300201021 
 0.9603     0.0005     7.3152     7.5206     1.9041     0.0795    2367300201022 
 0.9603     0.0005     7.5206     7.7347     1.8970     0.0787    2367300201023 
 0.9603     0.0005     7.7347     7.9582     1.9175     0.0825    2367300201024 
ENDDATA           1018          0                                 2367300201025 
ENDSUBENT         1024          0                                 2367300299999 
SUBENT        23673003   20251007                             23232367300300001 
BIB                  1          1                                 2367300300002 
REACTION   (26-FE-56(N,EL)26-FE-56,,SIG)                          2367300300003 
ENDBIB               1          0                                 2367300300004 
NOCOMMON             0          0                                 2367300300005 
DATA                 4        127                                 2367300300006 
EN-MIN     EN-MAX     DATA       DATA-ERR                         2367300300007 
MEV        MEV        B          B                                2367300300008 
 1.0047     1.0150     2.2430     0.1078                          2367300300009 
 1.0150     1.0254     1.5757     0.0806                          2367300300010 
 1.0254     1.0360     2.4598     0.1235                          2367300300011 
 1.0360     1.0468     3.3730     0.1612                          2367300300012 
 1.0468     1.0577     2.8797     0.1464                          2367300300013 
 1.0577     1.0688     2.9915     0.1425                          2367300300014 
 1.0688     1.0800     2.5394     0.1227                          2367300300015 
 1.0800     1.0915     1.9138     0.1012                          2367300300016 
 1.0915     1.1031     1.7603     0.0943                          2367300300017 
 1.1031     1.1149     1.6202     0.0896                          2367300300018 
 1.1149     1.1269     2.4334     0.1221                          2367300300019 
 1.1269     1.1391     2.1428     0.1003                          2367300300020 
 1.1391     1.1515     2.1320     0.0985                          2367300300021 
 1.1515     1.1641     1.8476     0.0846                          2367300300022 
 1.1641     1.1769     1.6961     0.0836                          2367300300023 
 1.1769     1.1899     2.2544     0.1046                          2367300300024 
 1.1899     1.2032     1.9213     0.0925                          2367300300025 
 1.2032     1.2167     2.4104     0.1049                          2367300300026 
 1.2167     1.2303     2.7541     0.1199                          2367300300027 
 1.2303     1.2443     2.7750     0.1174                          2367300300028 
 1.2443     1.2584     2.8598     0.1156                          2367300300029 
 1.2584     1.2728     2.9904     0.1250                          2367300300030 
 1.2728     1.2875     3.0655     0.1380                          2367300300031 
 1.2875     1.3024     2.5546     0.1143                          2367300300032 
 1.3024     1.3175     2.2137     0.1055                          2367300300033 
 1.3175     1.3330     3.2397     0.1437                          2367300300034 
 1.3330     1.3487     2.8512     0.1320                          2367300300035 
 1.3487     1.3647     2.2248     0.0910                          2367300300036 
 1.3647     1.3809     1.8118     0.0840                          2367300300037 
 1.3809     1.3975     2.4013     0.1106                          2367300300038 
 1.3975     1.4144     2.0065     0.0902                          2367300300039 
 1.4144     1.4315     2.3445     0.1041                          2367300300040 
 1.4315     1.4490     2.8159     0.1148                          2367300300041 
 1.4490     1.4668     3.2699     0.1332                          2367300300042 
 1.4668     1.4850     2.2658     0.0936                          2367300300043 
 1.4850     1.5035     1.5476     0.0689                          2367300300044 
 1.5035     1.5223     1.9858     0.0857                          2367300300045 
 1.5223     1.5415     2.8740     0.1181                          2367300300046 
 1.5415     1.5610     3.1812     0.1243                          2367300300047 
 1.5610     1.5809     2.2090     0.0929                          2367300300048 
 1.5809     1.6013     2.1838     0.0903                          2367300300049 
 1.6013     1.6220     2.5142     0.1063                          2367300300050 
 1.6220     1.6431     2.2525     0.0987                          2367300300051 
 1.6431     1.6646     2.1094     0.0957                          2367300300052 
 1.6646     1.6865     2.5748     0.1105                          2367300300053 
 1.6865     1.7089     2.1978     0.1006                          2367300300054 
 1.7089     1.7317     1.9579     0.0928                          2367300300055 
 1.7317     1.7550     2.2758     0.1064                          2367300300056 
 1.7550     1.7788     2.3640     0.1049                          2367300300057 
 1.7788     1.8031     2.2048     0.0921                          2367300300058 
 1.8031     1.8278     2.0716     0.0906                          2367300300059 
 1.8278     1.8531     2.3058     0.0931                          2367300300060 
 1.8531     1.8789     2.3413     0.0950                          2367300300061 
 1.8789     1.9052     2.1549     0.0873                          2367300300062 
 1.9052     1.9321     2.8270     0.1122                          2367300300063 
 1.9321     1.9596     2.6744     0.1125                          2367300300064 
 1.9596     1.9877     2.2404     0.0980                          2367300300065 
 1.9877     2.0163     2.5581     0.1086                          2367300300066 
 2.0163     2.0456     2.7460     0.1195                          2367300300067 
 2.0456     2.0756     2.5151     0.1151                          2367300300068 
 2.0756     2.1062     2.4749     0.1116                          2367300300069 
 2.1062     2.1374     2.2967     0.0993                          2367300300070 
 2.1374     2.1694     2.2656     0.0974                          2367300300071 
 2.1694     2.2021     2.2002     0.1028                          2367300300072 
 2.2021     2.2356     2.2634     0.0960                          2367300300073 
 2.2356     2.2698     1.9889     0.0889                          2367300300074 
 2.2698     2.3049     2.2470     0.0985                          2367300300075 
 2.3049     2.3407     2.4315     0.1050                          2367300300076 
 2.3407     2.3774     2.3107     0.1016                          2367300300077 
 2.3774     2.4149     2.5776     0.1091                          2367300300078 
 2.4149     2.4534     2.5638     0.1101                          2367300300079 
 2.4534     2.4928     2.7034     0.1143                          2367300300080 
 2.4928     2.5331     2.6815     0.1152                          2367300300081 
 2.5331     2.5744     3.0215     0.1230                          2367300300082 
 2.5744     2.6168     2.7261     0.1148                          2367300300083 
 2.6168     2.6602     2.3349     0.0992                          2367300300084 
 2.6602     2.7047     2.5960     0.1087                          2367300300085 
 2.7047     2.7503     2.6436     0.1111                          2367300300086 
 2.7503     2.7971     2.4317     0.1025                          2367300300087 
 2.7971     2.8450     2.3714     0.1003                          2367300300088 
 2.8450     2.8943     2.3763     0.1009                          2367300300089 
 2.8943     2.9448     2.3078     0.0977                          2367300300090 
 2.9448     2.9967     2.2678     0.0979                          2367300300091 
 2.9967     3.0499     2.4690     0.1085                          2367300300092 
 3.0499     3.1046     2.4391     0.1085                          2367300300093 
 3.1046     3.1608     2.4610     0.1097                          2367300300094 
 3.1608     3.2185     2.3299     0.1021                          2367300300095 
 3.2185     3.2778     2.3074     0.1018                          2367300300096 
 3.2778     3.3388     2.2399     0.0996                          2367300300097 
 3.3388     3.4014     2.2636     0.1003                          2367300300098 
 3.4014     3.4659     2.2166     0.0995                          2367300300099 
 3.4659     3.5322     2.2409     0.1015                          2367300300100 
 3.5322     3.6005     2.1011     0.0958                          2367300300101 
 3.6005     3.6707     2.2381     0.1018                          2367300300102 
 3.6707     3.7431     2.2093     0.1019                          2367300300103 
 3.7431     3.8176     2.2806     0.1050                          2367300300104 
 3.8176     3.8943     2.3797     0.1089                          2367300300105 
 3.8943     3.9734     2.2763     0.1017                          2367300300106 
 3.9734     4.0549     2.2673     0.1031                          2367300300107 
 4.0549     4.1390     2.4262     0.1105                          2367300300108 
 4.1390     4.2257     2.2923     0.1072                          2367300300109 
 4.2257     4.3152     2.3203     0.1083                          2367300300110 
 4.3152     4.4076     2.3545     0.1103                          2367300300111 
 4.4076     4.5029     2.2758     0.1091                          2367300300112 
 4.5029     4.6014     2.3870     0.1130                          2367300300113 
 4.6014     4.7032     2.3295     0.1102                          2367300300114 
 4.7032     4.8084     2.3179     0.1116                          2367300300115 
 4.8084     4.9172     2.3378     0.1095                          2367300300116 
 4.9172     5.0297     2.2725     0.1096                          2367300300117 
 5.0297     5.1461     2.2355     0.1073                          2367300300118 
 5.1461     5.2667     2.2881     0.1127                          2367300300119 
 5.2667     5.3915     2.3053     0.1151                          2367300300120 
 5.3915     5.5209     2.2473     0.1125                          2367300300121 
 5.5209     5.6549     2.2464     0.1153                          2367300300122 
 5.6549     5.7940     2.1775     0.1107                          2367300300123 
 5.7940     5.9382     2.1434     0.1120                          2367300300124 
 5.9382     6.0879     2.1583     0.1136                          2367300300125 
 6.0879     6.2434     2.1310     0.1146                          2367300300126 
 6.2434     6.4049     2.1615     0.1186                          2367300300127 
 6.4049     6.5728     2.1130     0.1187                          2367300300128 
 6.5728     6.7474     2.1421     0.1207                          2367300300129 
 6.7474     6.9290     2.1192     0.1228                          2367300300130 
 6.9290     7.1182     2.0950     0.1215                          2367300300131 
 7.1182     7.3152     2.0214     0.1197                          2367300300132 
 7.3152     7.5206     2.0307     0.1282                          2367300300133 
 7.5206     7.7347     1.9973     0.1274                          2367300300134 
 7.7347     7.9582     2.0068     0.1348                          2367300300135 
ENDDATA            129          0                                 2367300300136 
ENDSUBENT          135          0                                 2367300399999 
SUBENT        23673004   20251007                             23232367300400001 
BIB                  1          1                                 2367300400002 
REACTION   (26-FE-56(N,INL)26-FE-56,PAR,DA)                       2367300400003 
ENDBIB               1          0                                 2367300400004 
COMMON               1          3                                 2367300400005 
E-LVL                                                             2367300400006 
MEV                                                               2367300400007 
0.8468                                                            2367300400008 
ENDCOMMON            3          0                                 2367300400009 
DATA                 6        416                                 2367300400010 
COS        COS-RSL    EN-MIN     EN-MAX     DATA       DATA-ERR   2367300400011 
NO-DIM     NO-DIM     MEV        MEV        B/SR       B/SR       2367300400012 
-0.9603     0.0005     1.9877     2.0163     0.0549     0.0030    2367300400013 
-0.9603     0.0005     2.0163     2.0456     0.0759     0.0040    2367300400014 
-0.9603     0.0005     2.0456     2.0756     0.0761     0.0040    2367300400015 
-0.9603     0.0005     2.0756     2.1062     0.0617     0.0032    2367300400016 
-0.9603     0.0005     2.1062     2.1374     0.0670     0.0034    2367300400017 
-0.9603     0.0005     2.1374     2.1694     0.0783     0.0038    2367300400018 
-0.9603     0.0005     2.1694     2.2021     0.0816     0.0039    2367300400019 
-0.9603     0.0005     2.2021     2.2356     0.0752     0.0037    2367300400020 
-0.9603     0.0005     2.2356     2.2698     0.0780     0.0038    2367300400021 
-0.9603     0.0005     2.2698     2.3049     0.0803     0.0039    2367300400022 
-0.9603     0.0005     2.3049     2.3407     0.0759     0.0038    2367300400023 
-0.9603     0.0005     2.3407     2.3774     0.0728     0.0039    2367300400024 
-0.9603     0.0005     2.3774     2.4149     0.0726     0.0040    2367300400025 
-0.9603     0.0005     2.4149     2.4534     0.0724     0.0039    2367300400026 
-0.9603     0.0005     2.4534     2.4928     0.0768     0.0041    2367300400027 
-0.9603     0.0005     2.4928     2.5331     0.0953     0.0050    2367300400028 
-0.9603     0.0005     2.5331     2.5744     0.0989     0.0049    2367300400029 
-0.9603     0.0005     2.5744     2.6168     0.0915     0.0046    2367300400030 
-0.9603     0.0005     2.6168     2.6602     0.0839     0.0042    2367300400031 
-0.9603     0.0005     2.6602     2.7047     0.0851     0.0044    2367300400032 
-0.9603     0.0005     2.7047     2.7503     0.0814     0.0043    2367300400033 
-0.9603     0.0005     2.7503     2.7971     0.0754     0.0049    2367300400034 
-0.9603     0.0005     2.7971     2.8450     0.0798     0.0043    2367300400035 
-0.9603     0.0005     2.8450     2.8943     0.0785     0.0042    2367300400036 
-0.9603     0.0005     2.8943     2.9448     0.0781     0.0051    2367300400037 
-0.9603     0.0005     2.9448     2.9967     0.0767     0.0050    2367300400038 
-0.9603     0.0005     2.9967     3.0499     0.0654     0.0048    2367300400039 
-0.9603     0.0005     3.0499     3.1046     0.0658     0.0045    2367300400040 
-0.9603     0.0005     3.1046     3.1608     0.0727     0.0044    2367300400041 
-0.9603     0.0005     3.1608     3.2185     0.0612     0.0039    2367300400042 
-0.9603     0.0005     3.2185     3.2778     0.0612     0.0049    2367300400043 
-0.9603     0.0005     3.2778     3.3388     0.0648     0.0045    2367300400044 
-0.9603     0.0005     3.3388     3.4014     0.0663     0.0045    2367300400045 
-0.9603     0.0005     3.4014     3.4659     0.0616     0.0044    2367300400046 
-0.9603     0.0005     3.4659     3.5322     0.0508     0.0041    2367300400047 
-0.9603     0.0005     3.5322     3.6005     0.0556     0.0041    2367300400048 
-0.9603     0.0005     3.6005     3.6707     0.0467     0.0044    2367300400049 
-0.9603     0.0005     3.6707     3.7431     0.0394     0.0042    2367300400050 
-0.9603     0.0005     3.7431     3.8176     0.0449     0.0043    2367300400051 
-0.9603     0.0005     3.8176     3.8943     0.0450     0.0044    2367300400052 
-0.9603     0.0005     3.8943     3.9734     0.0495     0.0060    2367300400053 
-0.9603     0.0005     3.9734     4.0549     0.0403     0.0049    2367300400054 
-0.9603     0.0005     4.0549     4.1390     0.0431     0.0057    2367300400055 
-0.9603     0.0005     4.1390     4.2257     0.0335     0.0043    2367300400056 
-0.9603     0.0005     4.2257     4.3152     0.0265     0.0056    2367300400057 
-0.9603     0.0005     4.3152     4.4076     0.0290     0.0057    2367300400058 
-0.9603     0.0005     4.4076     4.5029     0.0293     0.0043    2367300400059 
-0.9603     0.0005     4.5029     4.6014     0.0303     0.0044    2367300400060 
-0.9603     0.0005     4.6014     4.7032     0.0290     0.0045    2367300400061 
-0.9603     0.0005     4.7032     4.8084     0.0264     0.0043    2367300400062 
-0.9603     0.0005     4.8084     4.9172     0.0265     0.0042    2367300400063 
-0.9603     0.0005     4.9172     5.0297     0.0204     0.0042    2367300400064 
-0.7967     0.0005     1.9877     2.0163     0.0748     0.0035    2367300400065 
-0.7967     0.0005     2.0163     2.0456     0.0824     0.0038    2367300400066 
-0.7967     0.0005     2.0456     2.0756     0.0848     0.0039    2367300400067 
-0.7967     0.0005     2.0756     2.1062     0.0791     0.0037    2367300400068 
-0.7967     0.0005     2.1062     2.1374     0.0827     0.0037    2367300400069 
-0.7967     0.0005     2.1374     2.1694     0.0896     0.0039    2367300400070 
-0.7967     0.0005     2.1694     2.2021     0.0902     0.0041    2367300400071 
-0.7967     0.0005     2.2021     2.2356     0.0812     0.0037    2367300400072 
-0.7967     0.0005     2.2356     2.2698     0.0801     0.0036    2367300400073 
-0.7967     0.0005     2.2698     2.3049     0.0880     0.0039    2367300400074 
-0.7967     0.0005     2.3049     2.3407     0.0800     0.0037    2367300400075 
-0.7967     0.0005     2.3407     2.3774     0.0733     0.0034    2367300400076 
-0.7967     0.0005     2.3774     2.4149     0.0726     0.0034    2367300400077 
-0.7967     0.0005     2.4149     2.4534     0.0742     0.0034    2367300400078 
-0.7967     0.0005     2.4534     2.4928     0.0817     0.0037    2367300400079 
-0.7967     0.0005     2.4928     2.5331     0.0932     0.0043    2367300400080 
-0.7967     0.0005     2.5331     2.5744     0.0964     0.0044    2367300400081 
-0.7967     0.0005     2.5744     2.6168     0.0868     0.0039    2367300400082 
-0.7967     0.0005     2.6168     2.6602     0.0851     0.0039    2367300400083 
-0.7967     0.0005     2.6602     2.7047     0.0825     0.0038    2367300400084 
-0.7967     0.0005     2.7047     2.7503     0.0776     0.0037    2367300400085 
-0.7967     0.0005     2.7503     2.7971     0.0741     0.0035    2367300400086 
-0.7967     0.0005     2.7971     2.8450     0.0781     0.0037    2367300400087 
-0.7967     0.0005     2.8450     2.8943     0.0779     0.0038    2367300400088 
-0.7967     0.0005     2.8943     2.9448     0.0785     0.0039    2367300400089 
-0.7967     0.0005     2.9448     2.9967     0.0771     0.0038    2367300400090 
-0.7967     0.0005     2.9967     3.0499     0.0686     0.0037    2367300400091 
-0.7967     0.0005     3.0499     3.1046     0.0707     0.0038    2367300400092 
-0.7967     0.0005     3.1046     3.1608     0.0725     0.0041    2367300400093 
-0.7967     0.0005     3.1608     3.2185     0.0639     0.0036    2367300400094 
-0.7967     0.0005     3.2185     3.2778     0.0583     0.0034    2367300400095 
-0.7967     0.0005     3.2778     3.3388     0.0566     0.0034    2367300400096 
-0.7967     0.0005     3.3388     3.4014     0.0578     0.0035    2367300400097 
-0.7967     0.0005     3.4014     3.4659     0.0566     0.0033    2367300400098 
-0.7967     0.0005     3.4659     3.5322     0.0483     0.0030    2367300400099 
-0.7967     0.0005     3.5322     3.6005     0.0498     0.0036    2367300400100 
-0.7967     0.0005     3.6005     3.6707     0.0513     0.0034    2367300400101 
-0.7967     0.0005     3.6707     3.7431     0.0439     0.0031    2367300400102 
-0.7967     0.0005     3.7431     3.8176     0.0432     0.0029    2367300400103 
-0.7967     0.0005     3.8176     3.8943     0.0395     0.0030    2367300400104 
-0.7967     0.0005     3.8943     3.9734     0.0424     0.0032    2367300400105 
-0.7967     0.0005     3.9734     4.0549     0.0396     0.0034    2367300400106 
-0.7967     0.0005     4.0549     4.1390     0.0363     0.0030    2367300400107 
-0.7967     0.0005     4.1390     4.2257     0.0346     0.0029    2367300400108 
-0.7967     0.0005     4.2257     4.3152     0.0298     0.0030    2367300400109 
-0.7967     0.0005     4.3152     4.4076     0.0317     0.0030    2367300400110 
-0.7967     0.0005     4.4076     4.5029     0.0319     0.0029    2367300400111 
-0.7967     0.0005     4.5029     4.6014     0.0279     0.0028    2367300400112 
-0.7967     0.0005     4.6014     4.7032     0.0277     0.0028    2367300400113 
-0.7967     0.0005     4.7032     4.8084     0.0238     0.0028    2367300400114 
-0.7967     0.0005     4.8084     4.9172     0.0233     0.0026    2367300400115 
-0.7967     0.0005     4.9172     5.0297     0.0161     0.0026    2367300400116 
-0.5255     0.0005     1.9877     2.0163     0.0968     0.0040    2367300400117 
-0.5255     0.0005     2.0163     2.0456     0.1028     0.0043    2367300400118 
-0.5255     0.0005     2.0456     2.0756     0.0993     0.0043    2367300400119 
-0.5255     0.0005     2.0756     2.1062     0.0933     0.0041    2367300400120 
-0.5255     0.0005     2.1062     2.1374     0.0994     0.0042    2367300400121 
-0.5255     0.0005     2.1374     2.1694     0.1036     0.0042    2367300400122 
-0.5255     0.0005     2.1694     2.2021     0.0991     0.0043    2367300400123 
-0.5255     0.0005     2.2021     2.2356     0.0916     0.0041    2367300400124 
-0.5255     0.0005     2.2356     2.2698     0.0952     0.0040    2367300400125 
-0.5255     0.0005     2.2698     2.3049     0.1043     0.0043    2367300400126 
-0.5255     0.0005     2.3049     2.3407     0.0973     0.0042    2367300400127 
-0.5255     0.0005     2.3407     2.3774     0.0878     0.0038    2367300400128 
-0.5255     0.0005     2.3774     2.4149     0.0853     0.0038    2367300400129 
-0.5255     0.0005     2.4149     2.4534     0.0866     0.0039    2367300400130 
-0.5255     0.0005     2.4534     2.4928     0.0942     0.0040    2367300400131 
-0.5255     0.0005     2.4928     2.5331     0.0984     0.0042    2367300400132 
-0.5255     0.0005     2.5331     2.5744     0.0941     0.0039    2367300400133 
-0.5255     0.0005     2.5744     2.6168     0.0852     0.0036    2367300400134 
-0.5255     0.0005     2.6168     2.6602     0.0860     0.0039    2367300400135 
-0.5255     0.0005     2.6602     2.7047     0.0868     0.0039    2367300400136 
-0.5255     0.0005     2.7047     2.7503     0.0811     0.0037    2367300400137 
-0.5255     0.0005     2.7503     2.7971     0.0762     0.0036    2367300400138 
-0.5255     0.0005     2.7971     2.8450     0.0793     0.0036    2367300400139 
-0.5255     0.0005     2.8450     2.8943     0.0797     0.0039    2367300400140 
-0.5255     0.0005     2.8943     2.9448     0.0788     0.0039    2367300400141 
-0.5255     0.0005     2.9448     2.9967     0.0794     0.0040    2367300400142 
-0.5255     0.0005     2.9967     3.0499     0.0733     0.0037    2367300400143 
-0.5255     0.0005     3.0499     3.1046     0.0715     0.0038    2367300400144 
-0.5255     0.0005     3.1046     3.1608     0.0730     0.0039    2367300400145 
-0.5255     0.0005     3.1608     3.2185     0.0638     0.0035    2367300400146 
-0.5255     0.0005     3.2185     3.2778     0.0562     0.0032    2367300400147 
-0.5255     0.0005     3.2778     3.3388     0.0620     0.0035    2367300400148 
-0.5255     0.0005     3.3388     3.4014     0.0634     0.0035    2367300400149 
-0.5255     0.0005     3.4014     3.4659     0.0591     0.0033    2367300400150 
-0.5255     0.0005     3.4659     3.5322     0.0534     0.0031    2367300400151 
-0.5255     0.0005     3.5322     3.6005     0.0537     0.0032    2367300400152 
-0.5255     0.0005     3.6005     3.6707     0.0547     0.0033    2367300400153 
-0.5255     0.0005     3.6707     3.7431     0.0500     0.0031    2367300400154 
-0.5255     0.0005     3.7431     3.8176     0.0460     0.0031    2367300400155 
-0.5255     0.0005     3.8176     3.8943     0.0421     0.0029    2367300400156 
-0.5255     0.0005     3.8943     3.9734     0.0477     0.0031    2367300400157 
-0.5255     0.0005     3.9734     4.0549     0.0443     0.0029    2367300400158 
-0.5255     0.0005     4.0549     4.1390     0.0401     0.0027    2367300400159 
-0.5255     0.0005     4.1390     4.2257     0.0334     0.0028    2367300400160 
-0.5255     0.0005     4.2257     4.3152     0.0319     0.0029    2367300400161 
-0.5255     0.0005     4.3152     4.4076     0.0306     0.0028    2367300400162 
-0.5255     0.0005     4.4076     4.5029     0.0283     0.0031    2367300400163 
-0.5255     0.0005     4.5029     4.6014     0.0254     0.0028    2367300400164 
-0.5255     0.0005     4.6014     4.7032     0.0255     0.0030    2367300400165 
-0.5255     0.0005     4.7032     4.8084     0.0244     0.0029    2367300400166 
-0.5255     0.0005     4.8084     4.9172     0.0217     0.0028    2367300400167 
-0.5255     0.0005     4.9172     5.0297     0.0237     0.0029    2367300400168 
-0.1834     0.0005     1.9877     2.0163     0.0906     0.0042    2367300400169 
-0.1834     0.0005     2.0163     2.0456     0.0959     0.0045    2367300400170 
-0.1834     0.0005     2.0456     2.0756     0.0909     0.0043    2367300400171 
-0.1834     0.0005     2.0756     2.1062     0.0893     0.0043    2367300400172 
-0.1834     0.0005     2.1062     2.1374     0.0919     0.0043    2367300400173 
-0.1834     0.0005     2.1374     2.1694     0.0934     0.0042    2367300400174 
-0.1834     0.0005     2.1694     2.2021     0.0892     0.0043    2367300400175 
-0.1834     0.0005     2.2021     2.2356     0.0814     0.0039    2367300400176 
-0.1834     0.0005     2.2356     2.2698     0.0809     0.0037    2367300400177 
-0.1834     0.0005     2.2698     2.3049     0.0904     0.0040    2367300400178 
-0.1834     0.0005     2.3049     2.3407     0.0878     0.0041    2367300400179 
-0.1834     0.0005     2.3407     2.3774     0.0815     0.0039    2367300400180 
-0.1834     0.0005     2.3774     2.4149     0.0806     0.0038    2367300400181 
-0.1834     0.0005     2.4149     2.4534     0.0801     0.0038    2367300400182 
-0.1834     0.0005     2.4534     2.4928     0.0873     0.0040    2367300400183 
-0.1834     0.0005     2.4928     2.5331     0.0888     0.0041    2367300400184 
-0.1834     0.0005     2.5331     2.5744     0.0821     0.0038    2367300400185 
-0.1834     0.0005     2.5744     2.6168     0.0758     0.0035    2367300400186 
-0.1834     0.0005     2.6168     2.6602     0.0807     0.0038    2367300400187 
-0.1834     0.0005     2.6602     2.7047     0.0811     0.0037    2367300400188 
-0.1834     0.0005     2.7047     2.7503     0.0780     0.0037    2367300400189 
-0.1834     0.0005     2.7503     2.7971     0.0710     0.0034    2367300400190 
-0.1834     0.0005     2.7971     2.8450     0.0689     0.0033    2367300400191 
-0.1834     0.0005     2.8450     2.8943     0.0671     0.0032    2367300400192 
-0.1834     0.0005     2.8943     2.9448     0.0690     0.0033    2367300400193 
-0.1834     0.0005     2.9448     2.9967     0.0722     0.0035    2367300400194 
-0.1834     0.0005     2.9967     3.0499     0.0713     0.0035    2367300400195 
-0.1834     0.0005     3.0499     3.1046     0.0687     0.0034    2367300400196 
-0.1834     0.0005     3.1046     3.1608     0.0676     0.0035    2367300400197 
-0.1834     0.0005     3.1608     3.2185     0.0614     0.0032    2367300400198 
-0.1834     0.0005     3.2185     3.2778     0.0550     0.0029    2367300400199 
-0.1834     0.0005     3.2778     3.3388     0.0557     0.0030    2367300400200 
-0.1834     0.0005     3.3388     3.4014     0.0566     0.0030    2367300400201 
-0.1834     0.0005     3.4014     3.4659     0.0544     0.0029    2367300400202 
-0.1834     0.0005     3.4659     3.5322     0.0498     0.0028    2367300400203 
-0.1834     0.0005     3.5322     3.6005     0.0541     0.0030    2367300400204 
-0.1834     0.0005     3.6005     3.6707     0.0535     0.0030    2367300400205 
-0.1834     0.0005     3.6707     3.7431     0.0496     0.0029    2367300400206 
-0.1834     0.0005     3.7431     3.8176     0.0451     0.0027    2367300400207 
-0.1834     0.0005     3.8176     3.8943     0.0437     0.0027    2367300400208 
-0.1834     0.0005     3.8943     3.9734     0.0423     0.0027    2367300400209 
-0.1834     0.0005     3.9734     4.0549     0.0401     0.0025    2367300400210 
-0.1834     0.0005     4.0549     4.1390     0.0340     0.0024    2367300400211 
-0.1834     0.0005     4.1390     4.2257     0.0298     0.0024    2367300400212 
-0.1834     0.0005     4.2257     4.3152     0.0271     0.0024    2367300400213 
-0.1834     0.0005     4.3152     4.4076     0.0252     0.0024    2367300400214 
-0.1834     0.0005     4.4076     4.5029     0.0244     0.0025    2367300400215 
-0.1834     0.0005     4.5029     4.6014     0.0267     0.0025    2367300400216 
-0.1834     0.0005     4.6014     4.7032     0.0252     0.0024    2367300400217 
-0.1834     0.0005     4.7032     4.8084     0.0220     0.0024    2367300400218 
-0.1834     0.0005     4.8084     4.9172     0.0189     0.0023    2367300400219 
-0.1834     0.0005     4.9172     5.0297     0.0215     0.0024    2367300400220 
 0.1834     0.0005     1.9877     2.0163     0.0930     0.0036    2367300400221 
 0.1834     0.0005     2.0163     2.0456     0.0979     0.0039    2367300400222 
 0.1834     0.0005     2.0456     2.0756     0.0933     0.0039    2367300400223 
 0.1834     0.0005     2.0756     2.1062     0.0919     0.0038    2367300400224 
 0.1834     0.0005     2.1062     2.1374     0.0952     0.0038    2367300400225 
 0.1834     0.0005     2.1374     2.1694     0.0947     0.0037    2367300400226 
 0.1834     0.0005     2.1694     2.2021     0.0901     0.0037    2367300400227 
 0.1834     0.0005     2.2021     2.2356     0.0809     0.0034    2367300400228 
 0.1834     0.0005     2.2356     2.2698     0.0793     0.0032    2367300400229 
 0.1834     0.0005     2.2698     2.3049     0.0907     0.0036    2367300400230 
 0.1834     0.0005     2.3049     2.3407     0.0886     0.0036    2367300400231 
 0.1834     0.0005     2.3407     2.3774     0.0844     0.0034    2367300400232 
 0.1834     0.0005     2.3774     2.4149     0.0859     0.0034    2367300400233 
 0.1834     0.0005     2.4149     2.4534     0.0860     0.0035    2367300400234 
 0.1834     0.0005     2.4534     2.4928     0.0892     0.0038    2367300400235 
 0.1834     0.0005     2.4928     2.5331     0.0891     0.0038    2367300400236 
 0.1834     0.0005     2.5331     2.5744     0.0829     0.0034    2367300400237 
 0.1834     0.0005     2.5744     2.6168     0.0768     0.0032    2367300400238 
 0.1834     0.0005     2.6168     2.6602     0.0817     0.0035    2367300400239 
 0.1834     0.0005     2.6602     2.7047     0.0836     0.0035    2367300400240 
 0.1834     0.0005     2.7047     2.7503     0.0800     0.0034    2367300400241 
 0.1834     0.0005     2.7503     2.7971     0.0719     0.0032    2367300400242 
 0.1834     0.0005     2.7971     2.8450     0.0680     0.0030    2367300400243 
 0.1834     0.0005     2.8450     2.8943     0.0706     0.0031    2367300400244 
 0.1834     0.0005     2.8943     2.9448     0.0685     0.0030    2367300400245 
 0.1834     0.0005     2.9448     2.9967     0.0672     0.0030    2367300400246 
 0.1834     0.0005     2.9967     3.0499     0.0622     0.0029    2367300400247 
 0.1834     0.0005     3.0499     3.1046     0.0649     0.0030    2367300400248 
 0.1834     0.0005     3.1046     3.1608     0.0638     0.0031    2367300400249 
 0.1834     0.0005     3.1608     3.2185     0.0597     0.0029    2367300400250 
 0.1834     0.0005     3.2185     3.2778     0.0538     0.0026    2367300400251 
 0.1834     0.0005     3.2778     3.3388     0.0542     0.0026    2367300400252 
 0.1834     0.0005     3.3388     3.4014     0.0552     0.0026    2367300400253 
 0.1834     0.0005     3.4014     3.4659     0.0483     0.0025    2367300400254 
 0.1834     0.0005     3.4659     3.5322     0.0433     0.0023    2367300400255 
 0.1834     0.0005     3.5322     3.6005     0.0462     0.0025    2367300400256 
 0.1834     0.0005     3.6005     3.6707     0.0461     0.0025    2367300400257 
 0.1834     0.0005     3.6707     3.7431     0.0428     0.0024    2367300400258 
 0.1834     0.0005     3.7431     3.8176     0.0380     0.0023    2367300400259 
 0.1834     0.0005     3.8176     3.8943     0.0397     0.0023    2367300400260 
 0.1834     0.0005     3.8943     3.9734     0.0344     0.0021    2367300400261 
 0.1834     0.0005     3.9734     4.0549     0.0300     0.0020    2367300400262 
 0.1834     0.0005     4.0549     4.1390     0.0271     0.0020    2367300400263 
 0.1834     0.0005     4.1390     4.2257     0.0240     0.0020    2367300400264 
 0.1834     0.0005     4.2257     4.3152     0.0227     0.0021    2367300400265 
 0.1834     0.0005     4.3152     4.4076     0.0185     0.0021    2367300400266 
 0.1834     0.0005     4.4076     4.5029     0.0214     0.0021    2367300400267 
 0.1834     0.0005     4.5029     4.6014     0.0209     0.0021    2367300400268 
 0.1834     0.0005     4.6014     4.7032     0.0185     0.0021    2367300400269 
 0.1834     0.0005     4.7032     4.8084     0.0185     0.0021    2367300400270 
 0.1834     0.0005     4.8084     4.9172     0.0180     0.0021    2367300400271 
 0.1834     0.0005     4.9172     5.0297     0.0148     0.0020    2367300400272 
 0.5255     0.0005     1.9877     2.0163     0.0903     0.0039    2367300400273 
 0.5255     0.0005     2.0163     2.0456     0.0965     0.0043    2367300400274 
 0.5255     0.0005     2.0456     2.0756     0.0937     0.0044    2367300400275 
 0.5255     0.0005     2.0756     2.1062     0.0907     0.0043    2367300400276 
 0.5255     0.0005     2.1062     2.1374     0.0946     0.0044    2367300400277 
 0.5255     0.0005     2.1374     2.1694     0.0950     0.0043    2367300400278 
 0.5255     0.0005     2.1694     2.2021     0.0887     0.0041    2367300400279 
 0.5255     0.0005     2.2021     2.2356     0.0804     0.0037    2367300400280 
 0.5255     0.0005     2.2356     2.2698     0.0808     0.0036    2367300400281 
 0.5255     0.0005     2.2698     2.3049     0.0905     0.0039    2367300400282 
 0.5255     0.0005     2.3049     2.3407     0.0858     0.0037    2367300400283 
 0.5255     0.0005     2.3407     2.3774     0.0843     0.0037    2367300400284 
 0.5255     0.0005     2.3774     2.4149     0.0852     0.0038    2367300400285 
 0.5255     0.0005     2.4149     2.4534     0.0884     0.0043    2367300400286 
 0.5255     0.0005     2.4534     2.4928     0.0905     0.0043    2367300400287 
 0.5255     0.0005     2.4928     2.5331     0.0890     0.0044    2367300400288 
 0.5255     0.0005     2.5331     2.5744     0.0856     0.0042    2367300400289 
 0.5255     0.0005     2.5744     2.6168     0.0802     0.0041    2367300400290 
 0.5255     0.0005     2.6168     2.6602     0.0846     0.0043    2367300400291 
 0.5255     0.0005     2.6602     2.7047     0.0877     0.0043    2367300400292 
 0.5255     0.0005     2.7047     2.7503     0.0834     0.0042    2367300400293 
 0.5255     0.0005     2.7503     2.7971     0.0760     0.0039    2367300400294 
 0.5255     0.0005     2.7971     2.8450     0.0763     0.0039    2367300400295 
 0.5255     0.0005     2.8450     2.8943     0.0801     0.0042    2367300400296 
 0.5255     0.0005     2.8943     2.9448     0.0765     0.0041    2367300400297 
 0.5255     0.0005     2.9448     2.9967     0.0715     0.0039    2367300400298 
 0.5255     0.0005     2.9967     3.0499     0.0653     0.0037    2367300400299 
 0.5255     0.0005     3.0499     3.1046     0.0688     0.0040    2367300400300 
 0.5255     0.0005     3.1046     3.1608     0.0729     0.0041    2367300400301 
 0.5255     0.0005     3.1608     3.2185     0.0667     0.0037    2367300400302 
 0.5255     0.0005     3.2185     3.2778     0.0583     0.0035    2367300400303 
 0.5255     0.0005     3.2778     3.3388     0.0579     0.0035    2367300400304 
 0.5255     0.0005     3.3388     3.4014     0.0547     0.0033    2367300400305 
 0.5255     0.0005     3.4014     3.4659     0.0503     0.0032    2367300400306 
 0.5255     0.0005     3.4659     3.5322     0.0430     0.0032    2367300400307 
 0.5255     0.0005     3.5322     3.6005     0.0495     0.0034    2367300400308 
 0.5255     0.0005     3.6005     3.6707     0.0479     0.0034    2367300400309 
 0.5255     0.0005     3.6707     3.7431     0.0433     0.0032    2367300400310 
 0.5255     0.0005     3.7431     3.8176     0.0419     0.0033    2367300400311 
 0.5255     0.0005     3.8176     3.8943     0.0410     0.0033    2367300400312 
 0.5255     0.0005     3.8943     3.9734     0.0384     0.0031    2367300400313 
 0.5255     0.0005     3.9734     4.0549     0.0350     0.0030    2367300400314 
 0.5255     0.0005     4.0549     4.1390     0.0321     0.0030    2367300400315 
 0.5255     0.0005     4.1390     4.2257     0.0286     0.0029    2367300400316 
 0.5255     0.0005     4.2257     4.3152     0.0271     0.0029    2367300400317 
 0.5255     0.0005     4.3152     4.4076     0.0244     0.0030    2367300400318 
 0.5255     0.0005     4.4076     4.5029     0.0257     0.0030    2367300400319 
 0.5255     0.0005     4.5029     4.6014     0.0254     0.0030    2367300400320 
 0.5255     0.0005     4.6014     4.7032     0.0300     0.0031    2367300400321 
 0.5255     0.0005     4.7032     4.8084     0.0246     0.0030    2367300400322 
 0.5255     0.0005     4.8084     4.9172     0.0202     0.0028    2367300400323 
 0.5255     0.0005     4.9172     5.0297     0.0214     0.0029    2367300400324 
 0.7967     0.0005     1.9877     2.0163     0.0507     0.0100    2367300400325 
 0.7967     0.0005     2.0163     2.0456     0.0471     0.0100    2367300400326 
 0.7967     0.0005     2.0456     2.0756     0.0465     0.0100    2367300400327 
 0.7967     0.0005     2.0756     2.1062     0.0440     0.0100    2367300400328 
 0.7967     0.0005     2.1062     2.1374     0.0493     0.0100    2367300400329 
 0.7967     0.0005     2.1374     2.1694     0.0591     0.0100    2367300400330 
 0.7967     0.0005     2.1694     2.2021     0.0592     0.0100    2367300400331 
 0.7967     0.0005     2.2021     2.2356     0.0542     0.0100    2367300400332 
 0.7967     0.0005     2.2356     2.2698     0.0624     0.0100    2367300400333 
 0.7967     0.0005     2.2698     2.3049     0.0707     0.0100    2367300400334 
 0.7967     0.0005     2.3049     2.3407     0.0617     0.0100    2367300400335 
 0.7967     0.0005     2.3407     2.3774     0.0616     0.0046    2367300400336 
 0.7967     0.0005     2.3774     2.4149     0.0667     0.0047    2367300400337 
 0.7967     0.0005     2.4149     2.4534     0.0736     0.0050    2367300400338 
 0.7967     0.0005     2.4534     2.4928     0.0728     0.0052    2367300400339 
 0.7967     0.0005     2.4928     2.5331     0.0755     0.0054    2367300400340 
 0.7967     0.0005     2.5331     2.5744     0.0754     0.0056    2367300400341 
 0.7967     0.0005     2.5744     2.6168     0.0643     0.0053    2367300400342 
 0.7967     0.0005     2.6168     2.6602     0.0657     0.0051    2367300400343 
 0.7967     0.0005     2.6602     2.7047     0.0672     0.0051    2367300400344 
 0.7967     0.0005     2.7047     2.7503     0.0658     0.0052    2367300400345 
 0.7967     0.0005     2.7503     2.7971     0.0655     0.0050    2367300400346 
 0.7967     0.0005     2.7971     2.8450     0.0680     0.0057    2367300400347 
 0.7967     0.0005     2.8450     2.8943     0.0729     0.0060    2367300400348 
 0.7967     0.0005     2.8943     2.9448     0.0699     0.0059    2367300400349 
 0.7967     0.0005     2.9448     2.9967     0.0604     0.0055    2367300400350 
 0.7967     0.0005     2.9967     3.0499     0.0612     0.0057    2367300400351 
 0.7967     0.0005     3.0499     3.1046     0.0641     0.0061    2367300400352 
 0.7967     0.0005     3.1046     3.1608     0.0731     0.0065    2367300400353 
 0.7967     0.0005     3.1608     3.2185     0.0645     0.0073    2367300400354 
 0.7967     0.0005     3.2185     3.2778     0.0571     0.0068    2367300400355 
 0.7967     0.0005     3.2778     3.3388     0.0580     0.0068    2367300400356 
 0.7967     0.0005     3.3388     3.4014     0.0531     0.0065    2367300400357 
 0.7967     0.0005     3.4014     3.4659     0.0541     0.0065    2367300400358 
 0.7967     0.0005     3.4659     3.5322     0.0488     0.0064    2367300400359 
 0.7967     0.0005     3.5322     3.6005     0.0506     0.0064    2367300400360 
 0.7967     0.0005     3.6005     3.6707     0.0490     0.0066    2367300400361 
 0.7967     0.0005     3.6707     3.7431     0.0433     0.0068    2367300400362 
 0.7967     0.0005     3.7431     3.8176     0.0430     0.0070    2367300400363 
 0.7967     0.0005     3.8176     3.8943     0.0438     0.0070    2367300400364 
 0.7967     0.0005     3.8943     3.9734     0.0428     0.0069    2367300400365 
 0.7967     0.0005     3.9734     4.0549     0.0442     0.0071    2367300400366 
 0.7967     0.0005     4.0549     4.1390     0.0437     0.0074    2367300400367 
 0.7967     0.0005     4.1390     4.2257     0.0431     0.0076    2367300400368 
 0.7967     0.0005     4.2257     4.3152     0.0409     0.0074    2367300400369 
 0.7967     0.0005     4.3152     4.4076     0.0417     0.0077    2367300400370 
 0.7967     0.0005     4.4076     4.5029     0.0397     0.0077    2367300400371 
 0.7967     0.0005     4.5029     4.6014     0.0414     0.0081    2367300400372 
 0.7967     0.0005     4.6014     4.7032     0.0426     0.0082    2367300400373 
 0.7967     0.0005     4.7032     4.8084     0.0384     0.0079    2367300400374 
 0.7967     0.0005     4.8084     4.9172     0.0445     0.0082    2367300400375 
 0.7967     0.0005     4.9172     5.0297     0.0417     0.0082    2367300400376 
 0.9603     0.0005     1.9877     2.0163     0.0426     0.0100    2367300400377 
 0.9603     0.0005     2.0163     2.0456     0.0403     0.0100    2367300400378 
 0.9603     0.0005     2.0456     2.0756     0.0443     0.0100    2367300400379 
 0.9603     0.0005     2.0756     2.1062     0.0510     0.0100    2367300400380 
 0.9603     0.0005     2.1062     2.1374     0.0597     0.0100    2367300400381 
 0.9603     0.0005     2.1374     2.1694     0.0617     0.0100    2367300400382 
 0.9603     0.0005     2.1694     2.2021     0.0612     0.0100    2367300400383 
 0.9603     0.0005     2.2021     2.2356     0.0546     0.0100    2367300400384 
 0.9603     0.0005     2.2356     2.2698     0.0627     0.0100    2367300400385 
 0.9603     0.0005     2.2698     2.3049     0.0662     0.0100    2367300400386 
 0.9603     0.0005     2.3049     2.3407     0.0556     0.0100    2367300400387 
 0.9603     0.0005     2.3407     2.3774     0.0567     0.0052    2367300400388 
 0.9603     0.0005     2.3774     2.4149     0.0604     0.0055    2367300400389 
 0.9603     0.0005     2.4149     2.4534     0.0676     0.0058    2367300400390 
 0.9603     0.0005     2.4534     2.4928     0.0662     0.0059    2367300400391 
 0.9603     0.0005     2.4928     2.5331     0.0720     0.0063    2367300400392 
 0.9603     0.0005     2.5331     2.5744     0.0717     0.0066    2367300400393 
 0.9603     0.0005     2.5744     2.6168     0.0617     0.0064    2367300400394 
 0.9603     0.0005     2.6168     2.6602     0.0615     0.0059    2367300400395 
 0.9603     0.0005     2.6602     2.7047     0.0568     0.0057    2367300400396 
 0.9603     0.0005     2.7047     2.7503     0.0573     0.0059    2367300400397 
 0.9603     0.0005     2.7503     2.7971     0.0554     0.0058    2367300400398 
 0.9603     0.0005     2.7971     2.8450     0.0604     0.0060    2367300400399 
 0.9603     0.0005     2.8450     2.8943     0.0672     0.0064    2367300400400 
 0.9603     0.0005     2.8943     2.9448     0.0661     0.0065    2367300400401 
 0.9603     0.0005     2.9448     2.9967     0.0564     0.0062    2367300400402 
 0.9603     0.0005     2.9967     3.0499     0.0539     0.0063    2367300400403 
 0.9603     0.0005     3.0499     3.1046     0.0578     0.0065    2367300400404 
 0.9603     0.0005     3.1046     3.1608     0.0731     0.0072    2367300400405 
 0.9603     0.0005     3.1608     3.2185     0.0598     0.0068    2367300400406 
 0.9603     0.0005     3.2185     3.2778     0.0578     0.0083    2367300400407 
 0.9603     0.0005     3.2778     3.3388     0.0579     0.0080    2367300400408 
 0.9603     0.0005     3.3388     3.4014     0.0566     0.0075    2367300400409 
 0.9603     0.0005     3.4014     3.4659     0.0590     0.0074    2367300400410 
 0.9603     0.0005     3.4659     3.5322     0.0573     0.0073    2367300400411 
 0.9603     0.0005     3.5322     3.6005     0.0593     0.0073    2367300400412 
 0.9603     0.0005     3.6005     3.6707     0.0575     0.0075    2367300400413 
 0.9603     0.0005     3.6707     3.7431     0.0557     0.0078    2367300400414 
 0.9603     0.0005     3.7431     3.8176     0.0555     0.0081    2367300400415 
 0.9603     0.0005     3.8176     3.8943     0.0486     0.0078    2367300400416 
 0.9603     0.0005     3.8943     3.9734     0.0508     0.0078    2367300400417 
 0.9603     0.0005     3.9734     4.0549     0.0469     0.0080    2367300400418 
 0.9603     0.0005     4.0549     4.1390     0.0391     0.0084    2367300400419 
 0.9603     0.0005     4.1390     4.2257     0.0292     0.0086    2367300400420 
 0.9603     0.0005     4.2257     4.3152     0.0293     0.0087    2367300400421 
 0.9603     0.0005     4.3152     4.4076     0.0328     0.0091    2367300400422 
 0.9603     0.0005     4.4076     4.5029     0.0305     0.0091    2367300400423 
 0.9603     0.0005     4.5029     4.6014     0.0329     0.0095    2367300400424 
 0.9603     0.0005     4.6014     4.7032     0.0271     0.0095    2367300400425 
 0.9603     0.0005     4.7032     4.8084     0.0279     0.0095    2367300400426 
 0.9603     0.0005     4.8084     4.9172     0.0288     0.0095    2367300400427 
 0.9603     0.0005     4.9172     5.0297     0.0306     0.0095    2367300400428 
ENDDATA            418          0                                 2367300400429 
ENDSUBENT          428          0                                 2367300499999 
SUBENT        23673005   20251007                             23232367300500001 
BIB                  1          1                                 2367300500002 
REACTION   (26-FE-56(N,INL)26-FE-56,PAR,SIG)                      2367300500003 
ENDBIB               1          0                                 2367300500004 
COMMON               1          3                                 2367300500005 
E-LVL                                                             2367300500006 
MEV                                                               2367300500007 
0.8468                                                            2367300500008 
ENDCOMMON            3          0                                 2367300500009 
DATA                 4         51                                 2367300500010 
EN-MIN     EN-MAX     DATA       DATA-ERR                         2367300500011 
MEV        MEV        B          B                                2367300500012 
 2.0163     2.0456     1.0846     0.0572                          2367300500013 
 2.0456     2.0756     1.0509     0.0570                          2367300500014 
 2.0756     2.1062     1.0058     0.0552                          2367300500015 
 2.1062     2.1374     1.0692     0.0561                          2367300500016 
 2.1374     2.1694     1.1168     0.0563                          2367300500017 
 2.1694     2.2021     1.0782     0.0563                          2367300500018 
 2.2021     2.2356     0.9807     0.0523                          2367300500019 
 2.2356     2.2698     1.0005     0.0509                          2367300500020 
 2.2698     2.3049     1.1115     0.0550                          2367300500021 
 2.3049     2.3407     1.0446     0.0532                          2367300500022 
 2.3407     2.3774     0.9880     0.0515                          2367300500023 
 2.3774     2.4149     0.9947     0.0515                          2367300500024 
 2.4149     2.4534     1.0188     0.0538                          2367300500025 
 2.4534     2.4928     1.0731     0.0561                          2367300500026 
 2.4928     2.5331     1.1171     0.0586                          2367300500027 
 2.5331     2.5744     1.0787     0.0565                          2367300500028 
 2.5744     2.6168     0.9823     0.0526                          2367300500029 
 2.6168     2.6602     1.0097     0.0544                          2367300500030 
 2.6602     2.7047     1.0187     0.0542                          2367300500031 
 2.7047     2.7503     0.9727     0.0532                          2367300500032 
 2.7503     2.7971     0.9037     0.0508                          2367300500033 
 2.7971     2.8450     0.9120     0.0513                          2367300500034 
 2.8450     2.8943     0.9321     0.0532                          2367300500035 
 2.8943     2.9448     0.9185     0.0535                          2367300500036 
 2.9448     2.9967     0.8917     0.0528                          2367300500037 
 2.9967     3.0499     0.8345     0.0521                          2367300500038 
 3.0499     3.1046     0.8481     0.0532                          2367300500039 
 3.1046     3.1608     0.8831     0.0555                          2367300500040 
 3.1608     3.2185     0.7896     0.0526                          2367300500041 
 3.2185     3.2778     0.7104     0.0506                          2367300500042 
 3.2778     3.3388     0.7250     0.0506                          2367300500043 
 3.3388     3.4014     0.7206     0.0500                          2367300500044 
 3.4014     3.4659     0.6811     0.0484                          2367300500045 
 3.4659     3.5322     0.6066     0.0462                          2367300500046 
 3.5322     3.6005     0.6453     0.0489                          2367300500047 
 3.6005     3.6707     0.6358     0.0494                          2367300500048 
 3.6707     3.7431     0.5767     0.0482                          2367300500049 
 3.7431     3.8176     0.5468     0.0478                          2367300500050 
 3.8176     3.8943     0.5294     0.0476                          2367300500051 
 3.8943     3.9734     0.5274     0.0479                          2367300500052 
 3.9734     4.0549     0.4885     0.0464                          2367300500053 
 4.0549     4.1390     0.4455     0.0464                          2367300500054 
 4.1390     4.2257     0.3933     0.0459                          2367300500055 
 4.2257     4.3152     0.3697     0.0472                          2367300500056 
 4.3152     4.4076     0.3576     0.0478                          2367300500057 
 4.4076     4.5029     0.3554     0.0476                          2367300500058 
 4.5029     4.6014     0.3561     0.0477                          2367300500059 
 4.6014     4.7032     0.3427     0.0483                          2367300500060 
 4.7032     4.8084     0.3160     0.0472                          2367300500061 
 4.8084     4.9172     0.2965     0.0467                          2367300500062 
 4.9172     5.0297     0.2847     0.0469                          2367300500063 
ENDDATA             53          0                                 2367300500064 
ENDSUBENT           63          0                                 2367300599999 
SUBENT        23673006   20251007                             23232367300600001 
BIB                  1          1                                 2367300600002 
REACTION   (26-FE-56(N,INL)26-FE-56,PAR,DA)                       2367300600003 
ENDBIB               1          0                                 2367300600004 
COMMON               1          3                                 2367300600005 
E-LVL                                                             2367300600006 
MEV                                                               2367300600007 
2.0851                                                            2367300600008 
ENDCOMMON            3          0                                 2367300600009 
DATA                 6        264                                 2367300600010 
COS        COS-RSL    EN-MIN     EN-MAX     DATA       DATA-ERR   2367300600011 
NO-DIM     NO-DIM     MEV        MEV        B/SR       B/SR       2367300600012 
-0.9603     0.0005     2.9967     3.0499     0.0158     0.0071    2367300600013 
-0.9603     0.0005     3.0499     3.1046     0.0134     0.0046    2367300600014 
-0.9603     0.0005     3.1046     3.1608     0.0149     0.0036    2367300600015 
-0.9603     0.0005     3.1608     3.2185     0.0144     0.0029    2367300600016 
-0.9603     0.0005     3.2185     3.2778     0.0136     0.0026    2367300600017 
-0.9603     0.0005     3.2778     3.3388     0.0165     0.0026    2367300600018 
-0.9603     0.0005     3.3388     3.4014     0.0155     0.0023    2367300600019 
-0.9603     0.0005     3.4014     3.4659     0.0137     0.0024    2367300600020 
-0.9603     0.0005     3.4659     3.5322     0.0164     0.0023    2367300600021 
-0.9603     0.0005     3.5322     3.6005     0.0155     0.0024    2367300600022 
-0.9603     0.0005     3.6005     3.6707     0.0129     0.0025    2367300600023 
-0.9603     0.0005     3.6707     3.7431     0.0132     0.0026    2367300600024 
-0.9603     0.0005     3.7431     3.8176     0.0136     0.0027    2367300600025 
-0.9603     0.0005     3.8176     3.8943     0.0134     0.0027    2367300600026 
-0.9603     0.0005     3.8943     3.9734     0.0117     0.0029    2367300600027 
-0.9603     0.0005     3.9734     4.0549     0.0109     0.0028    2367300600028 
-0.9603     0.0005     4.0549     4.1390     0.0122     0.0030    2367300600029 
-0.9603     0.0005     4.1390     4.2257     0.0140     0.0031    2367300600030 
-0.9603     0.0005     4.2257     4.3152     0.0121     0.0031    2367300600031 
-0.9603     0.0005     4.3152     4.4076     0.0111     0.0035    2367300600032 
-0.9603     0.0005     4.4076     4.5029     0.0076     0.0032    2367300600033 
-0.9603     0.0005     4.5029     4.6014     0.0102     0.0033    2367300600034 
-0.9603     0.0005     4.6014     4.7032     0.0103     0.0037    2367300600035 
-0.9603     0.0005     4.7032     4.8084     0.0087     0.0037    2367300600036 
-0.9603     0.0005     4.8084     4.9172     0.0066     0.0030    2367300600037 
-0.9603     0.0005     4.9172     5.0297     0.0092     0.0035    2367300600038 
-0.9603     0.0005     5.0297     5.1461     0.0101     0.0040    2367300600039 
-0.9603     0.0005     5.1461     5.2667     0.0084     0.0044    2367300600040 
-0.9603     0.0005     5.2667     5.3915     0.0081     0.0036    2367300600041 
-0.9603     0.0005     5.3915     5.5209     0.0097     0.0055    2367300600042 
-0.9603     0.0005     5.5209     5.6549     0.0084     0.0056    2367300600043 
-0.9603     0.0005     5.6549     5.7940     0.0071     0.0065    2367300600044 
-0.9603     0.0005     5.7940     5.9382     0.0089     0.0048    2367300600045 
-0.7967     0.0005     2.9967     3.0499     0.0178     0.0048    2367300600046 
-0.7967     0.0005     3.0499     3.1046     0.0174     0.0039    2367300600047 
-0.7967     0.0005     3.1046     3.1608     0.0166     0.0031    2367300600048 
-0.7967     0.0005     3.1608     3.2185     0.0160     0.0027    2367300600049 
-0.7967     0.0005     3.2185     3.2778     0.0148     0.0023    2367300600050 
-0.7967     0.0005     3.2778     3.3388     0.0160     0.0023    2367300600051 
-0.7967     0.0005     3.3388     3.4014     0.0156     0.0024    2367300600052 
-0.7967     0.0005     3.4014     3.4659     0.0149     0.0024    2367300600053 
-0.7967     0.0005     3.4659     3.5322     0.0155     0.0023    2367300600054 
-0.7967     0.0005     3.5322     3.6005     0.0141     0.0024    2367300600055 
-0.7967     0.0005     3.6005     3.6707     0.0133     0.0025    2367300600056 
-0.7967     0.0005     3.6707     3.7431     0.0135     0.0025    2367300600057 
-0.7967     0.0005     3.7431     3.8176     0.0126     0.0025    2367300600058 
-0.7967     0.0005     3.8176     3.8943     0.0112     0.0026    2367300600059 
-0.7967     0.0005     3.8943     3.9734     0.0104     0.0026    2367300600060 
-0.7967     0.0005     3.9734     4.0549     0.0104     0.0026    2367300600061 
-0.7967     0.0005     4.0549     4.1390     0.0119     0.0026    2367300600062 
-0.7967     0.0005     4.1390     4.2257     0.0113     0.0027    2367300600063 
-0.7967     0.0005     4.2257     4.3152     0.0112     0.0027    2367300600064 
-0.7967     0.0005     4.3152     4.4076     0.0102     0.0026    2367300600065 
-0.7967     0.0005     4.4076     4.5029     0.0104     0.0027    2367300600066 
-0.7967     0.0005     4.5029     4.6014     0.0112     0.0027    2367300600067 
-0.7967     0.0005     4.6014     4.7032     0.0084     0.0026    2367300600068 
-0.7967     0.0005     4.7032     4.8084     0.0087     0.0025    2367300600069 
-0.7967     0.0005     4.8084     4.9172     0.0076     0.0025    2367300600070 
-0.7967     0.0005     4.9172     5.0297     0.0090     0.0026    2367300600071 
-0.7967     0.0005     5.0297     5.1461     0.0104     0.0027    2367300600072 
-0.7967     0.0005     5.1461     5.2667     0.0100     0.0028    2367300600073 
-0.7967     0.0005     5.2667     5.3915     0.0082     0.0030    2367300600074 
-0.7967     0.0005     5.3915     5.5209     0.0078     0.0031    2367300600075 
-0.7967     0.0005     5.5209     5.6549     0.0073     0.0032    2367300600076 
-0.7967     0.0005     5.6549     5.7940     0.0062     0.0034    2367300600077 
-0.7967     0.0005     5.7940     5.9382     0.0055     0.0036    2367300600078 
-0.5255     0.0005     2.9967     3.0499     0.0172     0.0080    2367300600079 
-0.5255     0.0005     3.0499     3.1046     0.0164     0.0050    2367300600080 
-0.5255     0.0005     3.1046     3.1608     0.0171     0.0037    2367300600081 
-0.5255     0.0005     3.1608     3.2185     0.0158     0.0029    2367300600082 
-0.5255     0.0005     3.2185     3.2778     0.0165     0.0025    2367300600083 
-0.5255     0.0005     3.2778     3.3388     0.0177     0.0024    2367300600084 
-0.5255     0.0005     3.3388     3.4014     0.0162     0.0023    2367300600085 
-0.5255     0.0005     3.4014     3.4659     0.0138     0.0023    2367300600086 
-0.5255     0.0005     3.4659     3.5322     0.0139     0.0023    2367300600087 
-0.5255     0.0005     3.5322     3.6005     0.0144     0.0023    2367300600088 
-0.5255     0.0005     3.6005     3.6707     0.0134     0.0024    2367300600089 
-0.5255     0.0005     3.6707     3.7431     0.0135     0.0024    2367300600090 
-0.5255     0.0005     3.7431     3.8176     0.0134     0.0024    2367300600091 
-0.5255     0.0005     3.8176     3.8943     0.0139     0.0025    2367300600092 
-0.5255     0.0005     3.8943     3.9734     0.0133     0.0025    2367300600093 
-0.5255     0.0005     3.9734     4.0549     0.0113     0.0025    2367300600094 
-0.5255     0.0005     4.0549     4.1390     0.0127     0.0026    2367300600095 
-0.5255     0.0005     4.1390     4.2257     0.0121     0.0026    2367300600096 
-0.5255     0.0005     4.2257     4.3152     0.0105     0.0027    2367300600097 
-0.5255     0.0005     4.3152     4.4076     0.0099     0.0027    2367300600098 
-0.5255     0.0005     4.4076     4.5029     0.0091     0.0028    2367300600099 
-0.5255     0.0005     4.5029     4.6014     0.0097     0.0028    2367300600100 
-0.5255     0.0005     4.6014     4.7032     0.0101     0.0029    2367300600101 
-0.5255     0.0005     4.7032     4.8084     0.0092     0.0027    2367300600102 
-0.5255     0.0005     4.8084     4.9172     0.0102     0.0026    2367300600103 
-0.5255     0.0005     4.9172     5.0297     0.0092     0.0026    2367300600104 
-0.5255     0.0005     5.0297     5.1461     0.0090     0.0027    2367300600105 
-0.5255     0.0005     5.1461     5.2667     0.0096     0.0029    2367300600106 
-0.5255     0.0005     5.2667     5.3915     0.0093     0.0029    2367300600107 
-0.5255     0.0005     5.3915     5.5209     0.0082     0.0029    2367300600108 
-0.5255     0.0005     5.5209     5.6549     0.0080     0.0029    2367300600109 
-0.5255     0.0005     5.6549     5.7940     0.0088     0.0030    2367300600110 
-0.5255     0.0005     5.7940     5.9382     0.0094     0.0031    2367300600111 
-0.1834     0.0005     2.9967     3.0499     0.0139     0.0050    2367300600112 
-0.1834     0.0005     3.0499     3.1046     0.0129     0.0033    2367300600113 
-0.1834     0.0005     3.1046     3.1608     0.0151     0.0027    2367300600114 
-0.1834     0.0005     3.1608     3.2185     0.0127     0.0024    2367300600115 
-0.1834     0.0005     3.2185     3.2778     0.0138     0.0021    2367300600116 
-0.1834     0.0005     3.2778     3.3388     0.0147     0.0020    2367300600117 
-0.1834     0.0005     3.3388     3.4014     0.0149     0.0020    2367300600118 
-0.1834     0.0005     3.4014     3.4659     0.0128     0.0019    2367300600119 
-0.1834     0.0005     3.4659     3.5322     0.0137     0.0019    2367300600120 
-0.1834     0.0005     3.5322     3.6005     0.0137     0.0020    2367300600121 
-0.1834     0.0005     3.6005     3.6707     0.0133     0.0021    2367300600122 
-0.1834     0.0005     3.6707     3.7431     0.0133     0.0021    2367300600123 
-0.1834     0.0005     3.7431     3.8176     0.0129     0.0021    2367300600124 
-0.1834     0.0005     3.8176     3.8943     0.0120     0.0021    2367300600125 
-0.1834     0.0005     3.8943     3.9734     0.0114     0.0021    2367300600126 
-0.1834     0.0005     3.9734     4.0549     0.0117     0.0021    2367300600127 
-0.1834     0.0005     4.0549     4.1390     0.0125     0.0022    2367300600128 
-0.1834     0.0005     4.1390     4.2257     0.0133     0.0021    2367300600129 
-0.1834     0.0005     4.2257     4.3152     0.0145     0.0021    2367300600130 
-0.1834     0.0005     4.3152     4.4076     0.0123     0.0021    2367300600131 
-0.1834     0.0005     4.4076     4.5029     0.0127     0.0020    2367300600132 
-0.1834     0.0005     4.5029     4.6014     0.0139     0.0021    2367300600133 
-0.1834     0.0005     4.6014     4.7032     0.0138     0.0021    2367300600134 
-0.1834     0.0005     4.7032     4.8084     0.0127     0.0021    2367300600135 
-0.1834     0.0005     4.8084     4.9172     0.0111     0.0021    2367300600136 
-0.1834     0.0005     4.9172     5.0297     0.0116     0.0022    2367300600137 
-0.1834     0.0005     5.0297     5.1461     0.0104     0.0022    2367300600138 
-0.1834     0.0005     5.1461     5.2667     0.0104     0.0022    2367300600139 
-0.1834     0.0005     5.2667     5.3915     0.0091     0.0022    2367300600140 
-0.1834     0.0005     5.3915     5.5209     0.0100     0.0023    2367300600141 
-0.1834     0.0005     5.5209     5.6549     0.0087     0.0024    2367300600142 
-0.1834     0.0005     5.6549     5.7940     0.0085     0.0025    2367300600143 
-0.1834     0.0005     5.7940     5.9382     0.0092     0.0025    2367300600144 
 0.1834     0.0005     2.9967     3.0499     0.0166     0.0025    2367300600145 
 0.1834     0.0005     3.0499     3.1046     0.0165     0.0023    2367300600146 
 0.1834     0.0005     3.1046     3.1608     0.0178     0.0022    2367300600147 
 0.1834     0.0005     3.1608     3.2185     0.0156     0.0020    2367300600148 
 0.1834     0.0005     3.2185     3.2778     0.0140     0.0019    2367300600149 
 0.1834     0.0005     3.2778     3.3388     0.0152     0.0019    2367300600150 
 0.1834     0.0005     3.3388     3.4014     0.0157     0.0020    2367300600151 
 0.1834     0.0005     3.4014     3.4659     0.0126     0.0019    2367300600152 
 0.1834     0.0005     3.4659     3.5322     0.0131     0.0019    2367300600153 
 0.1834     0.0005     3.5322     3.6005     0.0133     0.0019    2367300600154 
 0.1834     0.0005     3.6005     3.6707     0.0136     0.0020    2367300600155 
 0.1834     0.0005     3.6707     3.7431     0.0143     0.0018    2367300600156 
 0.1834     0.0005     3.7431     3.8176     0.0128     0.0018    2367300600157 
 0.1834     0.0005     3.8176     3.8943     0.0127     0.0018    2367300600158 
 0.1834     0.0005     3.8943     3.9734     0.0140     0.0018    2367300600159 
 0.1834     0.0005     3.9734     4.0549     0.0152     0.0018    2367300600160 
 0.1834     0.0005     4.0549     4.1390     0.0170     0.0018    2367300600161 
 0.1834     0.0005     4.1390     4.2257     0.0161     0.0019    2367300600162 
 0.1834     0.0005     4.2257     4.3152     0.0142     0.0019    2367300600163 
 0.1834     0.0005     4.3152     4.4076     0.0138     0.0020    2367300600164 
 0.1834     0.0005     4.4076     4.5029     0.0137     0.0020    2367300600165 
 0.1834     0.0005     4.5029     4.6014     0.0130     0.0020    2367300600166 
 0.1834     0.0005     4.6014     4.7032     0.0125     0.0020    2367300600167 
 0.1834     0.0005     4.7032     4.8084     0.0131     0.0021    2367300600168 
 0.1834     0.0005     4.8084     4.9172     0.0113     0.0021    2367300600169 
 0.1834     0.0005     4.9172     5.0297     0.0109     0.0022    2367300600170 
 0.1834     0.0005     5.0297     5.1461     0.0107     0.0023    2367300600171 
 0.1834     0.0005     5.1461     5.2667     0.0098     0.0023    2367300600172 
 0.1834     0.0005     5.2667     5.3915     0.0120     0.0025    2367300600173 
 0.1834     0.0005     5.3915     5.5209     0.0109     0.0026    2367300600174 
 0.1834     0.0005     5.5209     5.6549     0.0117     0.0028    2367300600175 
 0.1834     0.0005     5.6549     5.7940     0.0106     0.0027    2367300600176 
 0.1834     0.0005     5.7940     5.9382     0.0082     0.0027    2367300600177 
 0.5255     0.0005     2.9967     3.0499     0.0138     0.0029    2367300600178 
 0.5255     0.0005     3.0499     3.1046     0.0139     0.0026    2367300600179 
 0.5255     0.0005     3.1046     3.1608     0.0137     0.0026    2367300600180 
 0.5255     0.0005     3.1608     3.2185     0.0121     0.0022    2367300600181 
 0.5255     0.0005     3.2185     3.2778     0.0127     0.0022    2367300600182 
 0.5255     0.0005     3.2778     3.3388     0.0142     0.0023    2367300600183 
 0.5255     0.0005     3.3388     3.4014     0.0143     0.0024    2367300600184 
 0.5255     0.0005     3.4014     3.4659     0.0122     0.0023    2367300600185 
 0.5255     0.0005     3.4659     3.5322     0.0113     0.0024    2367300600186 
 0.5255     0.0005     3.5322     3.6005     0.0121     0.0024    2367300600187 
 0.5255     0.0005     3.6005     3.6707     0.0169     0.0022    2367300600188 
 0.5255     0.0005     3.6707     3.7431     0.0169     0.0023    2367300600189 
 0.5255     0.0005     3.7431     3.8176     0.0158     0.0021    2367300600190 
 0.5255     0.0005     3.8176     3.8943     0.0166     0.0018    2367300600191 
 0.5255     0.0005     3.8943     3.9734     0.0178     0.0019    2367300600192 
 0.5255     0.0005     3.9734     4.0549     0.0179     0.0019    2367300600193 
 0.5255     0.0005     4.0549     4.1390     0.0179     0.0020    2367300600194 
 0.5255     0.0005     4.1390     4.2257     0.0193     0.0022    2367300600195 
 0.5255     0.0005     4.2257     4.3152     0.0167     0.0022    2367300600196 
 0.5255     0.0005     4.3152     4.4076     0.0141     0.0021    2367300600197 
 0.5255     0.0005     4.4076     4.5029     0.0154     0.0022    2367300600198 
 0.5255     0.0005     4.5029     4.6014     0.0161     0.0022    2367300600199 
 0.5255     0.0005     4.6014     4.7032     0.0158     0.0023    2367300600200 
 0.5255     0.0005     4.7032     4.8084     0.0139     0.0023    2367300600201 
 0.5255     0.0005     4.8084     4.9172     0.0149     0.0024    2367300600202 
 0.5255     0.0005     4.9172     5.0297     0.0133     0.0025    2367300600203 
 0.5255     0.0005     5.0297     5.1461     0.0119     0.0025    2367300600204 
 0.5255     0.0005     5.1461     5.2667     0.0124     0.0027    2367300600205 
 0.5255     0.0005     5.2667     5.3915     0.0128     0.0028    2367300600206 
 0.5255     0.0005     5.3915     5.5209     0.0133     0.0029    2367300600207 
 0.5255     0.0005     5.5209     5.6549     0.0138     0.0032    2367300600208 
 0.5255     0.0005     5.6549     5.7940     0.0106     0.0033    2367300600209 
 0.5255     0.0005     5.7940     5.9382     0.0081     0.0032    2367300600210 
 0.7967     0.0005     2.9967     3.0499     0.0106     0.0056    2367300600211 
 0.7967     0.0005     3.0499     3.1046     0.0093     0.0055    2367300600212 
 0.7967     0.0005     3.1046     3.1608     0.0147     0.0052    2367300600213 
 0.7967     0.0005     3.1608     3.2185     0.0092     0.0049    2367300600214 
 0.7967     0.0005     3.2185     3.2778     0.0103     0.0048    2367300600215 
 0.7967     0.0005     3.2778     3.3388     0.0144     0.0047    2367300600216 
 0.7967     0.0005     3.3388     3.4014     0.0135     0.0046    2367300600217 
 0.7967     0.0005     3.4014     3.4659     0.0168     0.0046    2367300600218 
 0.7967     0.0005     3.4659     3.5322     0.0113     0.0047    2367300600219 
 0.7967     0.0005     3.5322     3.6005     0.0121     0.0048    2367300600220 
 0.7967     0.0005     3.6005     3.6707     0.0119     0.0049    2367300600221 
 0.7967     0.0005     3.6707     3.7431     0.0138     0.0049    2367300600222 
 0.7967     0.0005     3.7431     3.8176     0.0109     0.0047    2367300600223 
 0.7967     0.0005     3.8176     3.8943     0.0165     0.0049    2367300600224 
 0.7967     0.0005     3.8943     3.9734     0.0144     0.0049    2367300600225 
 0.7967     0.0005     3.9734     4.0549     0.0144     0.0049    2367300600226 
 0.7967     0.0005     4.0549     4.1390     0.0136     0.0051    2367300600227 
 0.7967     0.0005     4.1390     4.2257     0.0105     0.0053    2367300600228 
 0.7967     0.0005     4.2257     4.3152     0.0100     0.0054    2367300600229 
 0.7967     0.0005     4.3152     4.4076     0.0121     0.0047    2367300600230 
 0.7967     0.0005     4.4076     4.5029     0.0126     0.0048    2367300600231 
 0.7967     0.0005     4.5029     4.6014     0.0137     0.0050    2367300600232 
 0.7967     0.0005     4.6014     4.7032     0.0115     0.0051    2367300600233 
 0.7967     0.0005     4.7032     4.8084     0.0137     0.0052    2367300600234 
 0.7967     0.0005     4.8084     4.9172     0.0114     0.0054    2367300600235 
 0.7967     0.0005     4.9172     5.0297     0.0098     0.0057    2367300600236 
 0.7967     0.0005     5.0297     5.1461     0.0107     0.0056    2367300600237 
 0.7967     0.0005     5.1461     5.2667     0.0126     0.0056    2367300600238 
 0.7967     0.0005     5.2667     5.3915     0.0093     0.0058    2367300600239 
 0.7967     0.0005     5.3915     5.5209     0.0073     0.0046    2367300600240 
 0.7967     0.0005     5.5209     5.6549     0.0083     0.0059    2367300600241 
 0.7967     0.0005     5.6549     5.7940     0.0103     0.0056    2367300600242 
 0.7967     0.0005     5.7940     5.9382     0.0102     0.0066    2367300600243 
 0.9603     0.0005     2.9967     3.0499     0.0180     0.0074    2367300600244 
 0.9603     0.0005     3.0499     3.1046     0.0140     0.0076    2367300600245 
 0.9603     0.0005     3.1046     3.1608     0.0117     0.0077    2367300600246 
 0.9603     0.0005     3.1608     3.2185     0.0120     0.0075    2367300600247 
 0.9603     0.0005     3.2185     3.2778     0.0146     0.0075    2367300600248 
 0.9603     0.0005     3.2778     3.3388     0.0163     0.0074    2367300600249 
 0.9603     0.0005     3.3388     3.4014     0.0120     0.0073    2367300600250 
 0.9603     0.0005     3.4014     3.4659     0.0160     0.0074    2367300600251 
 0.9603     0.0005     3.4659     3.5322     0.0150     0.0072    2367300600252 
 0.9603     0.0005     3.5322     3.6005     0.0122     0.0073    2367300600253 
 0.9603     0.0005     3.6005     3.6707     0.0129     0.0074    2367300600254 
 0.9603     0.0005     3.6707     3.7431     0.0138     0.0075    2367300600255 
 0.9603     0.0005     3.7431     3.8176     0.0112     0.0076    2367300600256 
 0.9603     0.0005     3.8176     3.8943     0.0178     0.0077    2367300600257 
 0.9603     0.0005     3.8943     3.9734     0.0128     0.0077    2367300600258 
 0.9603     0.0005     3.9734     4.0549     0.0124     0.0077    2367300600259 
 0.9603     0.0005     4.0549     4.1390     0.0152     0.0075    2367300600260 
 0.9603     0.0005     4.1390     4.2257     0.0142     0.0071    2367300600261 
 0.9603     0.0005     4.2257     4.3152     0.0124     0.0071    2367300600262 
 0.9603     0.0005     4.3152     4.4076     0.0148     0.0072    2367300600263 
 0.9603     0.0005     4.4076     4.5029     0.0140     0.0074    2367300600264 
 0.9603     0.0005     4.5029     4.6014     0.0137     0.0076    2367300600265 
 0.9603     0.0005     4.6014     4.7032     0.0127     0.0077    2367300600266 
 0.9603     0.0005     4.7032     4.8084     0.0127     0.0077    2367300600267 
 0.9603     0.0005     4.8084     4.9172     0.0111     0.0074    2367300600268 
 0.9603     0.0005     4.9172     5.0297     0.0145     0.0073    2367300600269 
 0.9603     0.0005     5.0297     5.1461     0.0190     0.0074    2367300600270 
 0.9603     0.0005     5.1461     5.2667     0.0140     0.0076    2367300600271 
 0.9603     0.0005     5.2667     5.3915     0.0144     0.0075    2367300600272 
 0.9603     0.0005     5.3915     5.5209     0.0163     0.0074    2367300600273 
 0.9603     0.0005     5.5209     5.6549     0.0147     0.0078    2367300600274 
 0.9603     0.0005     5.6549     5.7940     0.0119     0.0075    2367300600275 
 0.9603     0.0005     5.7940     5.9382     0.0101     0.0071    2367300600276 
ENDDATA            266          0                                 2367300600277 
ENDSUBENT          276          0                                 2367300699999 
SUBENT        23673007   20251007                             23232367300700001 
BIB                  1          1                                 2367300700002 
REACTION   (26-FE-56(N,INL)26-FE-56,PAR,SIG)                      2367300700003 
ENDBIB               1          0                                 2367300700004 
COMMON               1          3                                 2367300700005 
E-LVL                                                             2367300700006 
MEV                                                               2367300700007 
2.0851                                                            2367300700008 
ENDCOMMON            3          0                                 2367300700009 
DATA                 4         33                                 2367300700010 
EN-MIN     EN-MAX     DATA       DATA-ERR                         2367300700011 
MEV        MEV        B          B                                2367300700012 
 2.9967     3.0499     0.1917     0.0658                          2367300700013 
 3.0499     3.1046     0.1813     0.0510                          2367300700014 
 3.1046     3.1608     0.1963     0.0441                          2367300700015 
 3.1608     3.2185     0.1714     0.0393                          2367300700016 
 3.2185     3.2778     0.1739     0.0363                          2367300700017 
 3.2778     3.3388     0.1943     0.0358                          2367300700018 
 3.3388     3.4014     0.1881     0.0358                          2367300700019 
 3.4014     3.4659     0.1724     0.0349                          2367300700020 
 3.4659     3.5322     0.1683     0.0350                          2367300700021 
 3.5322     3.6005     0.1677     0.0358                          2367300700022 
 3.6005     3.6707     0.1725     0.0365                          2367300700023 
 3.6707     3.7431     0.1780     0.0365                          2367300700024 
 3.7431     3.8176     0.1648     0.0361                          2367300700025 
 3.8176     3.8943     0.1747     0.0359                          2367300700026 
 3.8943     3.9734     0.1695     0.0364                          2367300700027 
 3.9734     4.0549     0.1683     0.0365                          2367300700028 
 4.0549     4.1390     0.1803     0.0373                          2367300700029 
 4.1390     4.2257     0.1772     0.0377                          2367300700030 
 4.2257     4.3152     0.1639     0.0382                          2367300700031 
 4.3152     4.4076     0.1542     0.0375                          2367300700032 
 4.4076     4.5029     0.1541     0.0376                          2367300700033 
 4.5029     4.6014     0.1620     0.0383                          2367300700034 
 4.6014     4.7032     0.1535     0.0392                          2367300700035 
 4.7032     4.8084     0.1490     0.0390                          2367300700036 
 4.8084     4.9172     0.1381     0.0384                          2367300700037 
 4.9172     5.0297     0.1368     0.0398                          2367300700038 
 5.0297     5.1461     0.1374     0.0409                          2367300700039 
 5.1461     5.2667     0.1354     0.0422                          2367300700040 
 5.2667     5.3915     0.1302     0.0430                          2367300700041 
 5.3915     5.5209     0.1278     0.0411                          2367300700042 
 5.5209     5.6549     0.1257     0.0468                          2367300700043 
 5.6549     5.7940     0.1168     0.0473                          2367300700044 
 5.7940     5.9382     0.1080     0.0479                          2367300700045 
ENDDATA             35          0                                 2367300700046 
ENDSUBENT           45          0                                 2367300799999 
ENDENTRY             7          0                                 2367399999999 
