ENTRY            23672   20250915                             23232367200000001 
SUBENT        23672001   20250915                             23232367200100001 
BIB                 15        109                                 2367200100002 
TITLE      Total cross section of 14N+n from 0.1 to 12 MeV        2367200100003 
AUTHOR     (R.J.deBoer, A.R.Junghans, R.Arquette, D.Bemmerer,     2367200100004 
            A.Best, R.Beyer, A.Boeltzig, G.Clarke, J.Goerres,     2367200100005 
            T.Hensel, M.Matney, S.E.Mueller, D.Rapagnani,         2367200100006 
            A.Roberts, K.Roemer, S.Turkat, K.Schmidt,             2367200100007 
            J.Skowronski, A.Wagner, M.Wiescher, A.Yadav)          2367200100008 
INSTITUTE  (1USANOT,2GERZFK,2ITYNAP,2GERDRE,2ITYUPV)              2367200100009 
           (1USAUSA) University of Colorado Denver, Colorado      2367200100010 
REFERENCE  (J,PR/C,112,025805,2025)                               2367200100011 
           #doi:10.1103/frgb-j5c3                                 2367200100012 
REL-REF    (I,,R.Beyer+,J,NIM/A,723,151,2013)                     2367200100013 
            Neutron beam profile, dead time correction            2367200100014 
FACILITY   (LINAC,2GERZFK) nELBE time-of-flight facility          2367200100015 
INC-SOURCE (PHOTO) No moderation of neutrons.                     2367200100016 
            - Neutron production beam:                            2367200100017 
               Electron                                           2367200100018 
            - Nominal average beam energy:                        2367200100019 
               30 MeV                                             2367200100020 
            - Nominal average current:                            2367200100021 
               1.7 uA                                             2367200100022 
            - Repetition rate (pulses per second):                2367200100023 
               101.562 kHz                                        2367200100024 
            - Pulse width:                                        2367200100025 
               5 ps                                               2367200100026 
            - Primary neutron production target:                  2367200100027 
               Liquid Pb-target                                   2367200100028 
              (11 mm*11 mm Mo tube with liquid Pb flowing through)2367200100029 
            - Primary neutron production target temperature:      2367200100030 
               420 deg-C                                          2367200100031 
            - Target nominal neutron production intensity:        2367200100032 
               1E+11 neutrons/s at 1 mA                           2367200100033 
SAMPLE     - Type:                                                2367200100034 
              gas                                                 2367200100035 
           - Chemical composition:                                2367200100036 
              nitrogen, 99.999%                                   2367200100037 
           - Sample composition:                                  2367200100038 
              0.19736(24) at/b                                    2367200100039 
           - Temperature:                                         2367200100040 
              293.6 K                                             2367200100041 
           - Sample mass:                                         2367200100042 
              absolute pressure of 102 bar                        2367200100043 
           - Geometrical shape:                                   2367200100044 
              right cylinder                                      2367200100045 
           - Surface dimension:                                   2367200100046 
              30 mm * 400 mm                                      2367200100047 
           - Nominal thickness:                                   2367200100048 
              393 mm                                              2367200100049 
           - Containment description:                             2367200100050 
              high pressure gas cell                              2367200100051 
           - Additional comment:                                  2367200100052 
              stainless steel flat end caps (3 mm thickness)      2367200100053 
METHOD     (TOF)                                                  2367200100054 
            - Flight path length:                                 2367200100055 
               Target-detector 868.2(3) cm                        2367200100056 
            - Flight path direction:                              2367200100057 
               Single flight path only                            2367200100058 
            - Neutron beam dimensions at sample position:         2367200100059 
               Sample in open field in front of 2.5 m long        2367200100060 
               collimator                                         2367200100061 
            - Neutron beam profile:                               2367200100062 
               Uniform beam                                       2367200100063 
            - Overlap suppression:                                2367200100064 
               No beam overlap, detection threshold is ca. 10 keV.2367200100065 
            - Other fixed beam filters:                           2367200100066 
               5 cm Pb filter between neutron production target   2367200100067 
               and transmission sample                            2367200100068 
            - Time-of-flight binning                              2367200100069 
               20/40.96=0.488 ns bin size from TDC                2367200100070 
           * Gaussian response function                           2367200100071 
            - Initial pulse:                                      2367200100072 
               Initial pulse length negligible (5 ps)             2367200100073 
            - Target/moderator assembly:                          2367200100074 
               delta L=0.35 cm (1 sigma) from detector thickness  2367200100075 
               and beam spot size on neutron production target    2367200100076 
            - Detector:                                           2367200100077 
               delta t=0.20 ns (1 sigma) time resolution measured 2367200100078 
               from width of bremsstrahlung peak in ToF spectra   2367200100079 
DETECTOR   (SCIN) Plastic scintillator                            2367200100080 
            - Material                                            2367200100081 
               EJ 228                                             2367200100082 
            - Surface dimensions:                                 2367200100083 
               200 * 20 mm2                                       2367200100084 
            - Thickness:                                          2367200100085 
               5 mm                                               2367200100086 
            - Distance from sample:                               2367200100087 
               Sample-detector 768 cm                             2367200100088 
            - Detector position relative to neutron beam:         2367200100089 
               Detector in beam 0 deg                             2367200100090 
            - Detector solid angle:                               2367200100091 
               Neutron beam larger than detector cross section    2367200100092 
CORRECTION  - Dead time correction:                               2367200100093 
               Dead time measured per event, time-of-flight       2367200100094 
               dependent correction. Live time factor is          2367200100095 
               0.93-0.95.                                         2367200100096 
            - Background subtraction:                             2367200100097 
               Constant background subtracted ca. 80% of which is 2367200100098 
               beam off background.                               2367200100099 
            - Self-shielding correction:                          2367200100100 
               URR self-shielding correction not applied          2367200100101 
ERR-ANALYS (ERR-S,,,U) Uncertainty from counting statistics and   2367200100102 
            background subtraction                                2367200100103 
COMMENT    By authors:                                            2367200100104 
           The data in lines with data index number 6193 - 6198   2367200100105 
            (around 380 nsec) have been omitted, because a cable  2367200100106 
            reflexion is present in this time interval.           2367200100107 
STATUS     (TABLE) Data received from Arnd Junghans               2367200100108 
           (APRVD) Proof-read by Arnd Junghans (2025-09-16)       2367200100109 
HISTORY    (20250915R) On. Data received from Arnd Junghans.      2367200100110 
           (20250915C) On                                         2367200100111 
ENDBIB             109          0                                 2367200100112 
NOCOMMON             0          0                                 2367200100113 
ENDSUBENT          112          0                                 2367200199999 
SUBENT        23672002   20250915                             23232367200200001 
BIB                  2         16                                 2367200200002 
REACTION  1(7-N-14(N,TOT),,TRN)                                   2367200200003 
          2(7-N-14(N,TOT),,SIG)                                   2367200200004 
MISC-COL   (MISC1) Neutron kinetic energy in MeV (center energy   2367200200005 
            of each TOF channel)                                  2367200200006 
           (MISC2) Target IN TOF spectra in counts (summed over   2367200200007 
            all runs, rebinned to 20 TDC channels, dead time      2367200200008 
            corrected, but with background)                       2367200200009 
           (MISC3) Target IN ratio of background/total counts     2367200200010 
            (summed over all runs, rebinned to 20 TDC channels,   2367200200011 
            dead time corrected)                                  2367200200012 
           (MISC4) Target OUT TOF spectra in counts (summed over  2367200200013 
            all runs, rebinned to 20 TDC channels, dead time      2367200200014 
            corrected, but with background)                       2367200200015 
           (MISC5) Target OUT ratio of background/total counts    2367200200016 
            (summed over all runs, rebinned to 20 TDC channels,   2367200200017 
            dead time corrected)                                  2367200200018 
ENDBIB              16          0                                 2367200200019 
COMMON               2          3                                 2367200200020 
THICKNESS 1THICK-ERR 1                                            2367200200021 
ATOMS/B    ATOMS/B                                                2367200200022 
 0.19736    0.00024                                               2367200200023 
ENDCOMMON            3          0                                 2367200200024 
DATA                12       3685                                 2367200200025 
EN-MAX     EN-MIN     MISC1      TOF        DATA      1ERR-S     12367200200026 
DATA      2ERR-S     2MISC2      MISC3      MISC4      MISC5      2367200200027 
MEV        MEV        MEV        NSEC       NO-DIM     NO-DIM     2367200200028 
B          B          SEE TEXT   NO-DIM     SEE TEXT   NO-DIM     2367200200029 
 1.1980E+01 1.1915E+01 1.8309E+02 1.1948E+01 7.3643E-01 1.1576E-022367200200030 
 1.5502E+00 7.9645E-02 9.8528E+00 1.5199E-02 7.0170E+00 1.1319E-022367200200031 
 1.1915E+01 1.1851E+01 1.8358E+02 1.1883E+01 7.5230E-01 1.1724E-022367200200032 
 1.4422E+00 7.8966E-02 1.0155E+01 1.4746E-02 7.0823E+00 1.1215E-022367200200033 
 1.1851E+01 1.1787E+01 1.8406E+02 1.1819E+01 7.3680E-01 1.1486E-022367200200034 
 1.5476E+00 7.8987E-02 1.0029E+01 1.4931E-02 7.1396E+00 1.1125E-022367200200035 
 1.1787E+01 1.1724E+01 1.8455E+02 1.1756E+01 7.5043E-01 1.1563E-022367200200036 
 1.4548E+00 7.8075E-02 1.0365E+01 1.4448E-02 7.2468E+00 1.0960E-022367200200037 
 1.1724E+01 1.1661E+01 1.8504E+02 1.1693E+01 7.2895E-01 1.1109E-022367200200038 
 1.6019E+00 7.7220E-02 1.0409E+01 1.4386E-02 7.4900E+00 1.0604E-022367200200039 
 1.1661E+01 1.1599E+01 1.8553E+02 1.1630E+01 7.5105E-01 1.1311E-022367200200040 
 1.4505E+00 7.6307E-02 1.0839E+01 1.3815E-02 7.5735E+00 1.0487E-022367200200041 
 1.1599E+01 1.1537E+01 1.8602E+02 1.1568E+01 7.6106E-01 1.1335E-022367200200042 
 1.3835E+00 7.5466E-02 1.1157E+01 1.3422E-02 7.6948E+00 1.0322E-022367200200043 
 1.1537E+01 1.1476E+01 1.8651E+02 1.1506E+01 7.3835E-01 1.0836E-022367200200044 
 1.5370E+00 7.4360E-02 1.1281E+01 1.3275E-02 8.0173E+00 9.9068E-032367200200045 
 1.1476E+01 1.1415E+01 1.8699E+02 1.1445E+01 7.6564E-01 1.1069E-022367200200046 
 1.3531E+00 7.3252E-02 1.1870E+01 1.2616E-02 8.1393E+00 9.7583E-032367200200047 
 1.1415E+01 1.1355E+01 1.8748E+02 1.1385E+01 7.6129E-01 1.0899E-022367200200048 
 1.3819E+00 7.2543E-02 1.2053E+01 1.2425E-02 8.3118E+00 9.5558E-032367200200049 
 1.1355E+01 1.1295E+01 1.8797E+02 1.1325E+01 7.7866E-01 1.0974E-022367200200050 
 1.2676E+00 7.1412E-02 1.2596E+01 1.1889E-02 8.4955E+00 9.3492E-032367200200051 
 1.1295E+01 1.1236E+01 1.8846E+02 1.1265E+01 7.6203E-01 1.0633E-022367200200052 
 1.3770E+00 7.0700E-02 1.2688E+01 1.1803E-02 8.7426E+00 9.0850E-032367200200053 
 1.1236E+01 1.1177E+01 1.8895E+02 1.1206E+01 7.7345E-01 1.0771E-022367200200054 
 1.3017E+00 7.0563E-02 1.2847E+01 1.1656E-02 8.7235E+00 9.1049E-032367200200055 
 1.1177E+01 1.1118E+01 1.8944E+02 1.1147E+01 7.6938E-01 1.0430E-022367200200056 
 1.3284E+00 6.8686E-02 1.3488E+01 1.1102E-02 9.2076E+00 8.6261E-032367200200057 
 1.1118E+01 1.1060E+01 1.8992E+02 1.1089E+01 7.6258E-01 1.0279E-022367200200058 
 1.3734E+00 6.8300E-02 1.3569E+01 1.1036E-02 9.3450E+00 8.4993E-032367200200059 
 1.1060E+01 1.1003E+01 1.9041E+02 1.1031E+01 7.5507E-01 1.0105E-022367200200060 
 1.4235E+00 6.7807E-02 1.3681E+01 1.0946E-02 9.5153E+00 8.3472E-032367200200061 
 1.1003E+01 1.0946E+01 1.9090E+02 1.0974E+01 7.6852E-01 1.0147E-022367200200062 
 1.3341E+00 6.6898E-02 1.4198E+01 1.0547E-02 9.7043E+00 8.1847E-032367200200063 
 1.0946E+01 1.0889E+01 1.9139E+02 1.0917E+01 7.4408E-01 9.7439E-032367200200064 
 1.4978E+00 6.6352E-02 1.4162E+01 1.0574E-02 9.9950E+00 7.9466E-032367200200065 
 1.0889E+01 1.0833E+01 1.9188E+02 1.0861E+01 7.6569E-01 9.8957E-032367200200066 
 1.3528E+00 6.5484E-02 1.4766E+01 1.0141E-02 1.0131E+01 7.8402E-032367200200067 
 1.0833E+01 1.0777E+01 1.9236E+02 1.0805E+01 7.5400E-01 9.7247E-032367200200068 
 1.4307E+00 6.5350E-02 1.4703E+01 1.0185E-02 1.0242E+01 7.7548E-032367200200069 
 1.0777E+01 1.0722E+01 1.9285E+02 1.0750E+01 7.7239E-01 9.8585E-032367200200070 
 1.3086E+00 6.4671E-02 1.5221E+01 9.8383E-03 1.0353E+01 7.6715E-032367200200071 
 1.0722E+01 1.0667E+01 1.9334E+02 1.0694E+01 7.4720E-01 9.4585E-032367200200072 
 1.4766E+00 6.4139E-02 1.5167E+01 9.8733E-03 1.0662E+01 7.4496E-032367200200073 
 1.0667E+01 1.0613E+01 1.9383E+02 1.0640E+01 7.6242E-01 9.6225E-032367200200074 
 1.3745E+00 6.3950E-02 1.5430E+01 9.7048E-03 1.0632E+01 7.4702E-032367200200075 
 1.0613E+01 1.0559E+01 1.9432E+02 1.0586E+01 7.5108E-01 9.3923E-032367200200076 
 1.4504E+00 6.3362E-02 1.5582E+01 9.6104E-03 1.0898E+01 7.2882E-032367200200077 
 1.0559E+01 1.0505E+01 1.9481E+02 1.0532E+01 7.6848E-01 9.6031E-032367200200078 
 1.3343E+00 6.3317E-02 1.5814E+01 9.4691E-03 1.0812E+01 7.3459E-032367200200079 
 1.0505E+01 1.0452E+01 1.9529E+02 1.0478E+01 7.4866E-01 9.2588E-032367200200080 
 1.4667E+00 6.2663E-02 1.5905E+01 9.4152E-03 1.1160E+01 7.1170E-032367200200081 
 1.0452E+01 1.0399E+01 1.9578E+02 1.0425E+01 7.5648E-01 9.2640E-032367200200082 
 1.4141E+00 6.2050E-02 1.6303E+01 9.1853E-03 1.1323E+01 7.0148E-032367200200083 
 1.0399E+01 1.0346E+01 1.9627E+02 1.0373E+01 7.3744E-01 9.0261E-032367200200084 
 1.5432E+00 6.2017E-02 1.6077E+01 9.3147E-03 1.1451E+01 6.9361E-032367200200085 
 1.0346E+01 1.0294E+01 1.9676E+02 1.0320E+01 7.5072E-01 9.1480E-032367200200086 
 1.4528E+00 6.1743E-02 1.6386E+01 9.1389E-03 1.1467E+01 6.9265E-032367200200087 
 1.0294E+01 1.0243E+01 1.9725E+02 1.0269E+01 7.6097E-01 9.1876E-032367200200088 
 1.3841E+00 6.1176E-02 1.6812E+01 8.9074E-03 1.1608E+01 6.8421E-032367200200089 
 1.0243E+01 1.0192E+01 1.9774E+02 1.0217E+01 7.6053E-01 9.0945E-032367200200090 
 1.3870E+00 6.0590E-02 1.7130E+01 8.7418E-03 1.1835E+01 6.7109E-032367200200091 
 1.0192E+01 1.0141E+01 1.9822E+02 1.0166E+01 7.5635E-01 9.0109E-032367200200092 
 1.4149E+00 6.0365E-02 1.7203E+01 8.7049E-03 1.1951E+01 6.6460E-032367200200093 
 1.0141E+01 1.0090E+01 1.9871E+02 1.0116E+01 7.5779E-01 8.8845E-032367200200094 
 1.4053E+00 5.9406E-02 1.7772E+01 8.4262E-03 1.2324E+01 6.4449E-032367200200095 
 1.0090E+01 1.0040E+01 1.9920E+02 1.0065E+01 7.4459E-01 8.6629E-032367200200096 
 1.4944E+00 5.8951E-02 1.7860E+01 8.3845E-03 1.2603E+01 6.3020E-032367200200097 
 1.0040E+01 9.9906E+00 1.9969E+02 1.0015E+01 7.7094E-01 8.9408E-032367200200098 
 1.3181E+00 5.8762E-02 1.8341E+01 8.1646E-03 1.2504E+01 6.3521E-032367200200099 
 9.9906E+00 9.9412E+00 2.0018E+02 9.9659E+00 7.6127E-01 8.6959E-032367200200100 
 1.3821E+00 5.7878E-02 1.8767E+01 7.9795E-03 1.2956E+01 6.1306E-032367200200101 
 9.9412E+00 9.8923E+00 2.0067E+02 9.9168E+00 7.6647E-01 8.6186E-032367200200102 
 1.3476E+00 5.6975E-02 1.9419E+01 7.7116E-03 1.3316E+01 5.9645E-032367200200103 
 9.8923E+00 9.8437E+00 2.0115E+02 9.8680E+00 7.6524E-01 8.5236E-032367200200104 
 1.3557E+00 5.6437E-02 1.9765E+01 7.5764E-03 1.3576E+01 5.8504E-032367200200105 
 9.8437E+00 9.7954E+00 2.0164E+02 9.8195E+00 7.7211E-01 8.5231E-032367200200106 
 1.3105E+00 5.5932E-02 2.0228E+01 7.4029E-03 1.3772E+01 5.7672E-032367200200107 
 9.7954E+00 9.7475E+00 2.0213E+02 9.7715E+00 7.6515E-01 8.3331E-032367200200108 
 1.3563E+00 5.5183E-02 2.0673E+01 7.2437E-03 1.4202E+01 5.5925E-032367200200109 
 9.7475E+00 9.7000E+00 2.0262E+02 9.7238E+00 7.5720E-01 8.1569E-032367200200110 
 1.4093E+00 5.4583E-02 2.0990E+01 7.1342E-03 1.4571E+01 5.4508E-032367200200111 
 9.7000E+00 9.6528E+00 2.0311E+02 9.6764E+00 7.6903E-01 8.2394E-032367200200112 
 1.3307E+00 5.4287E-02 2.1412E+01 6.9937E-03 1.4637E+01 5.4263E-032367200200113 
 9.6528E+00 9.6060E+00 2.0360E+02 9.6294E+00 7.6659E-01 8.0746E-032367200200114 
 1.3468E+00 5.3371E-02 2.2107E+01 6.7737E-03 1.5161E+01 5.2388E-032367200200115 
 9.6060E+00 9.5595E+00 2.0408E+02 9.5827E+00 7.6809E-01 8.0359E-032367200200116 
 1.3369E+00 5.3011E-02 2.2420E+01 6.6792E-03 1.5346E+01 5.1757E-032367200200117 
 9.5595E+00 9.5133E+00 2.0457E+02 9.5364E+00 7.7862E-01 8.0132E-032367200200118 
 1.2679E+00 5.2146E-02 2.3357E+01 6.4114E-03 1.5773E+01 5.0356E-032367200200119 
 9.5133E+00 9.4675E+00 2.0506E+02 9.4904E+00 7.8963E-01 8.0402E-032367200200120 
 1.1968E+00 5.1593E-02 2.4045E+01 6.2278E-03 1.6013E+01 4.9600E-032367200200121 
 9.4675E+00 9.4220E+00 2.0555E+02 9.4447E+00 7.7527E-01 7.7835E-032367200200122 
 1.2897E+00 5.0870E-02 2.4452E+01 6.1243E-03 1.6584E+01 4.7893E-032367200200123 
 9.4220E+00 9.3768E+00 2.0604E+02 9.3994E+00 7.7626E-01 7.6858E-032367200200124 
 1.2833E+00 5.0167E-02 2.5152E+01 5.9539E-03 1.7038E+01 4.6617E-032367200200125 
 9.3768E+00 9.3320E+00 2.0652E+02 9.3544E+00 7.7804E-01 7.6053E-032367200200126 
 1.2717E+00 4.9529E-02 2.5842E+01 5.7947E-03 1.7467E+01 4.5472E-032367200200127 
 9.3320E+00 9.2874E+00 2.0701E+02 9.3097E+00 7.8319E-01 7.5411E-032367200200128 
 1.2383E+00 4.8787E-02 2.6726E+01 5.6031E-03 1.7947E+01 4.4257E-032367200200129 
 9.2874E+00 9.2432E+00 2.0750E+02 9.2653E+00 7.6795E-01 7.3190E-032367200200130 
 1.3378E+00 4.8290E-02 2.6961E+01 5.5544E-03 1.8462E+01 4.3022E-032367200200131 
 9.2432E+00 9.1993E+00 2.0799E+02 9.2213E+00 7.7445E-01 7.3400E-032367200200132 
 1.2951E+00 4.8022E-02 2.7382E+01 5.4688E-03 1.8594E+01 4.2715E-032367200200133 
 9.1993E+00 9.1558E+00 2.0848E+02 9.1776E+00 7.7391E-01 7.2508E-032367200200134 
 1.2986E+00 4.7472E-02 2.8004E+01 5.3475E-03 1.9030E+01 4.1737E-032367200200135 
 9.1558E+00 9.1125E+00 2.0897E+02 9.1341E+00 7.8908E-01 7.4191E-032367200200136 
 1.2003E+00 4.7640E-02 2.8143E+01 5.3210E-03 1.8759E+01 4.2341E-032367200200137 
 9.1125E+00 9.0696E+00 2.0945E+02 9.0910E+00 7.7705E-01 7.2422E-032367200200138 
 1.2781E+00 4.7224E-02 2.8361E+01 5.2801E-03 1.9196E+01 4.1377E-032367200200139 
 9.0696E+00 9.0269E+00 2.0994E+02 9.0482E+00 7.6057E-01 7.0726E-032367200200140 
 1.3867E+00 4.7118E-02 2.8154E+01 5.3190E-03 1.9466E+01 4.0802E-032367200200141 
 9.0269E+00 8.9846E+00 2.1043E+02 9.0057E+00 7.8698E-01 7.3406E-032367200200142 
 1.2138E+00 4.7261E-02 2.8543E+01 5.2465E-03 1.9076E+01 4.1637E-032367200200143 
 8.9846E+00 8.9425E+00 2.1092E+02 8.9635E+00 7.8275E-01 7.2694E-032367200200144 
 1.2411E+00 4.7056E-02 2.8698E+01 5.2182E-03 1.9283E+01 4.1190E-032367200200145 
 8.9425E+00 8.9008E+00 2.1141E+02 8.9216E+00 7.7350E-01 7.1132E-032367200200146 
 1.3013E+00 4.6596E-02 2.9049E+01 5.1550E-03 1.9752E+01 4.0212E-032367200200147 
 8.9008E+00 8.8593E+00 2.1190E+02 8.8800E+00 7.7694E-01 7.1464E-032367200200148 
 1.2788E+00 4.6606E-02 2.9120E+01 5.1425E-03 1.9712E+01 4.0293E-032367200200149 
 8.8593E+00 8.8181E+00 2.1238E+02 8.8387E+00 7.8165E-01 7.1694E-032367200200150 
 1.2482E+00 4.6474E-02 2.9375E+01 5.0978E-03 1.9766E+01 4.0183E-032367200200151 
 8.8181E+00 8.7773E+00 2.1287E+02 8.7977E+00 7.8373E-01 7.1336E-032367200200152 
 1.2347E+00 4.6119E-02 2.9879E+01 5.0118E-03 2.0053E+01 3.9609E-032367200200153 
 8.7773E+00 8.7367E+00 2.1336E+02 8.7570E+00 7.6064E-01 6.8531E-032367200200154 
 1.3863E+00 4.5651E-02 2.9962E+01 4.9980E-03 2.0716E+01 3.8340E-032367200200155 
 8.7367E+00 8.6963E+00 2.1385E+02 8.7165E+00 7.8410E-01 7.0614E-032367200200156 
 1.2324E+00 4.5631E-02 3.0527E+01 4.9055E-03 2.0478E+01 3.8786E-032367200200157 
 8.6963E+00 8.6563E+00 2.1434E+02 8.6763E+00 7.7116E-01 6.8451E-032367200200158 
 1.3167E+00 4.4976E-02 3.1106E+01 4.8142E-03 2.1216E+01 3.7438E-032367200200159 
 8.6563E+00 8.6166E+00 2.1483E+02 8.6364E+00 7.7571E-01 6.8700E-032367200200160 
 1.2869E+00 4.4874E-02 3.1343E+01 4.7777E-03 2.1253E+01 3.7372E-032367200200161 
 8.6166E+00 8.5771E+00 2.1531E+02 8.5968E+00 7.8431E-01 6.9218E-032367200200162 
 1.2310E+00 4.4717E-02 3.1783E+01 4.7116E-03 2.1316E+01 3.7262E-032367200200163 
 8.5771E+00 8.5379E+00 2.1580E+02 8.5575E+00 7.8083E-01 6.8237E-032367200200164 
 1.2535E+00 4.4280E-02 3.2309E+01 4.6349E-03 2.1765E+01 3.6492E-032367200200165 
 8.5379E+00 8.4989E+00 2.1629E+02 8.5184E+00 7.8712E-01 6.8279E-032367200200166 
 1.2129E+00 4.3953E-02 3.2949E+01 4.5449E-03 2.2020E+01 3.6070E-032367200200167 
 8.4989E+00 8.4602E+00 2.1678E+02 8.4796E+00 7.7940E-01 6.7133E-032367200200168 
 1.2628E+00 4.3643E-02 3.3220E+01 4.5079E-03 2.2420E+01 3.5426E-032367200200169 
 8.4602E+00 8.4218E+00 2.1727E+02 8.4410E+00 7.8099E-01 6.6297E-032367200200170 
 1.2525E+00 4.3012E-02 3.4239E+01 4.3736E-03 2.3062E+01 3.4440E-032367200200171 
 8.4218E+00 8.3837E+00 2.1776E+02 8.4028E+00 7.8456E-01 6.5871E-032367200200172 
 1.2294E+00 4.2541E-02 3.5089E+01 4.2676E-03 2.3528E+01 3.3758E-032367200200173 
 8.3837E+00 8.3458E+00 2.1824E+02 8.3647E+00 7.7754E-01 6.4839E-032367200200174 
 1.2749E+00 4.2253E-02 3.5371E+01 4.2337E-03 2.3931E+01 3.3190E-032367200200175 
 8.3458E+00 8.3082E+00 2.1873E+02 8.3270E+00 7.7863E-01 6.4131E-032367200200176 
 1.2678E+00 4.1732E-02 3.6275E+01 4.1282E-03 2.4508E+01 3.2408E-032367200200177 
 8.3082E+00 8.2708E+00 2.1922E+02 8.2895E+00 7.7282E-01 6.2978E-032367200200178 
 1.3058E+00 4.1291E-02 3.6890E+01 4.0594E-03 2.5111E+01 3.1630E-032367200200179 
 8.2708E+00 8.2337E+00 2.1971E+02 8.2522E+00 7.8504E-01 6.3173E-032367200200180 
 1.2263E+00 4.0773E-02 3.8176E+01 3.9226E-03 2.5584E+01 3.1045E-032367200200181 
 8.2337E+00 8.1968E+00 2.2020E+02 8.2152E+00 7.7506E-01 6.1352E-032367200200182 
 1.2911E+00 4.0108E-02 3.9154E+01 3.8246E-03 2.6577E+01 2.9885E-032367200200183 
 8.1968E+00 8.1602E+00 2.2069E+02 8.1785E+00 7.6243E-01 5.9095E-032367200200184 
 1.3744E+00 3.9273E-02 4.0438E+01 3.7032E-03 2.7902E+01 2.8466E-032367200200185 
 8.1602E+00 8.1238E+00 2.2117E+02 8.1420E+00 7.5925E-01 5.7468E-032367200200186 
 1.3955E+00 3.8351E-02 4.2281E+01 3.5417E-03 2.9297E+01 2.7110E-032367200200187 
 8.1238E+00 8.0877E+00 2.2166E+02 8.1057E+00 7.6764E-01 5.6432E-032367200200188 
 1.3398E+00 3.7248E-02 4.5094E+01 3.3208E-03 3.0908E+01 2.5698E-032367200200189 
 8.0877E+00 8.0518E+00 2.2215E+02 8.0697E+00 7.6752E-01 5.5378E-032367200200190 
 1.3406E+00 3.6558E-02 4.6787E+01 3.2006E-03 3.2074E+01 2.4764E-032367200200191 
 8.0518E+00 8.0161E+00 2.2264E+02 8.0339E+00 7.5478E-01 5.3837E-032367200200192 
 1.4254E+00 3.6141E-02 4.7374E+01 3.1610E-03 3.3023E+01 2.4052E-032367200200193 
 8.0161E+00 7.9807E+00 2.2313E+02 7.9984E+00 7.5627E-01 5.3926E-032367200200194 
 1.4155E+00 3.6130E-02 4.7479E+01 3.1540E-03 3.3031E+01 2.4046E-032367200200195 
 7.9807E+00 7.9455E+00 2.2361E+02 7.9631E+00 7.2739E-01 5.1636E-032367200200196 
 1.6128E+00 3.5969E-02 4.6848E+01 3.1965E-03 3.3883E+01 2.3441E-032367200200197 
 7.9455E+00 7.9106E+00 2.2410E+02 7.9280E+00 7.2317E-01 5.1019E-032367200200198 
 1.6423E+00 3.5747E-02 4.7246E+01 3.1696E-03 3.4370E+01 2.3109E-032367200200199 
 7.9106E+00 7.8758E+00 2.2459E+02 7.8932E+00 7.2359E-01 5.0556E-032367200200200 
 1.6393E+00 3.5402E-02 4.8190E+01 3.1075E-03 3.5037E+01 2.2669E-032367200200201 
 7.8758E+00 7.8414E+00 2.2508E+02 7.8586E+00 7.2955E-01 5.0075E-032367200200202 
 1.5977E+00 3.4778E-02 5.0170E+01 2.9848E-03 3.6180E+01 2.1953E-032367200200203 
 7.8414E+00 7.8071E+00 2.2557E+02 7.8242E+00 7.3063E-01 4.9202E-032367200200204 
 1.5902E+00 3.4121E-02 5.2126E+01 2.8728E-03 3.7537E+01 2.1160E-032367200200205 
 7.8071E+00 7.7731E+00 2.2606E+02 7.7901E+00 7.4445E-01 4.8884E-032367200200206 
 1.4953E+00 3.3272E-02 5.5426E+01 2.7018E-03 3.9175E+01 2.0275E-032367200200207 
 7.7731E+00 7.7392E+00 2.2654E+02 7.7562E+00 7.4225E-01 4.7261E-032367200200208 
 1.5103E+00 3.2263E-02 5.8819E+01 2.5459E-03 4.1698E+01 1.9048E-032367200200209 
 7.7392E+00 7.7057E+00 2.2703E+02 7.7225E+00 7.4961E-01 4.6982E-032367200200210 
 1.4603E+00 3.1757E-02 6.1052E+01 2.4528E-03 4.2858E+01 1.8533E-032367200200211 
 7.7057E+00 7.6723E+00 2.2752E+02 7.6890E+00 7.5234E-01 4.7600E-032367200200212 
 1.4418E+00 3.2058E-02 6.0029E+01 2.4946E-03 4.1987E+01 1.8917E-032367200200213 
 7.6723E+00 7.6391E+00 2.2801E+02 7.6557E+00 7.4193E-01 4.7212E-032367200200214 
 1.5125E+00 3.2243E-02 5.8867E+01 2.5439E-03 4.1750E+01 1.9024E-032367200200215 
 7.6391E+00 7.6062E+00 2.2850E+02 7.6227E+00 7.5800E-01 4.8711E-032367200200216 
 1.4039E+00 3.2561E-02 5.8472E+01 2.5610E-03 4.0592E+01 1.9567E-032367200200217 
 7.6062E+00 7.5735E+00 2.2899E+02 7.5898E+00 7.5345E-01 4.8321E-032367200200218 
 1.4344E+00 3.2495E-02 5.8503E+01 2.5597E-03 4.0858E+01 1.9440E-032367200200219 
 7.5735E+00 7.5409E+00 2.2947E+02 7.5572E+00 7.4604E-01 4.7859E-032367200200220 
 1.4845E+00 3.2505E-02 5.8097E+01 2.5776E-03 4.0977E+01 1.9383E-032367200200221 
 7.5409E+00 7.5086E+00 2.2996E+02 7.5248E+00 7.3860E-01 4.7201E-032367200200222 
 1.5352E+00 3.2380E-02 5.8231E+01 2.5716E-03 4.1485E+01 1.9146E-032367200200223 
 7.5086E+00 7.4765E+00 2.3045E+02 7.4926E+00 7.2852E-01 4.6453E-032367200200224 
 1.6049E+00 3.2308E-02 5.8037E+01 2.5802E-03 4.1917E+01 1.8949E-032367200200225 
 7.4765E+00 7.4447E+00 2.3094E+02 7.4606E+00 7.1724E-01 4.5672E-032367200200226 
 1.6840E+00 3.2265E-02 5.7643E+01 2.5979E-03 4.2286E+01 1.8783E-032367200200227 
 7.4447E+00 7.4130E+00 2.3143E+02 7.4288E+00 7.1692E-01 4.6016E-032367200200228 
 1.6862E+00 3.2522E-02 5.6738E+01 2.6393E-03 4.1640E+01 1.9074E-032367200200229 
 7.4130E+00 7.3815E+00 2.3192E+02 7.3972E+00 7.1963E-01 4.6137E-032367200200230 
 1.6671E+00 3.2485E-02 5.6977E+01 2.6283E-03 4.1658E+01 1.9066E-032367200200231 
 7.3815E+00 7.3502E+00 2.3240E+02 7.3658E+00 7.1625E-01 4.5949E-032367200200232 
 1.6909E+00 3.2505E-02 5.6757E+01 2.6384E-03 4.1693E+01 1.9050E-032367200200233 
 7.3502E+00 7.3191E+00 2.3289E+02 7.3347E+00 7.2166E-01 4.6742E-032367200200234 
 1.6528E+00 3.2818E-02 5.5946E+01 2.6767E-03 4.0789E+01 1.9472E-032367200200235 
 7.3191E+00 7.2882E+00 2.3338E+02 7.3037E+00 7.3014E-01 4.7660E-032367200200236 
 1.5936E+00 3.3074E-02 5.5450E+01 2.7006E-03 3.9959E+01 1.9877E-032367200200237 
 7.2882E+00 7.2575E+00 2.3387E+02 7.2729E+00 7.3664E-01 4.8185E-032367200200238 
 1.5487E+00 3.3144E-02 5.5496E+01 2.6984E-03 3.9640E+01 2.0037E-032367200200239 
 7.2575E+00 7.2270E+00 2.3436E+02 7.2423E+00 7.4586E-01 4.8750E-032367200200240 
 1.4857E+00 3.3117E-02 5.6005E+01 2.6739E-03 3.9510E+01 2.0103E-032367200200241 
 7.2270E+00 7.1967E+00 2.3485E+02 7.2119E+00 7.5077E-01 4.9607E-032367200200242 
 1.4524E+00 3.3479E-02 5.4997E+01 2.7228E-03 3.8545E+01 2.0606E-032367200200243 
 7.1967E+00 7.1666E+00 2.3533E+02 7.1817E+00 7.5831E-01 5.0007E-032367200200244 
 1.4018E+00 3.3414E-02 5.5531E+01 2.6967E-03 3.8534E+01 2.0612E-032367200200245 
 7.1666E+00 7.1367E+00 2.3582E+02 7.1517E+00 7.5362E-01 4.9421E-032367200200246 
 1.4332E+00 3.3227E-02 5.5969E+01 2.6756E-03 3.9078E+01 2.0325E-032367200200247 
 7.1367E+00 7.1070E+00 2.3631E+02 7.1218E+00 7.6461E-01 4.9590E-032367200200248 
 1.3599E+00 3.2862E-02 5.7706E+01 2.5950E-03 3.9715E+01 1.9999E-032367200200249 
 7.1070E+00 7.0774E+00 2.3680E+02 7.0922E+00 7.8058E-01 5.0108E-032367200200250 
 1.2551E+00 3.2526E-02 5.9640E+01 2.5109E-03 4.0208E+01 1.9754E-032367200200251 
 7.0774E+00 7.0480E+00 2.3729E+02 7.0627E+00 7.8345E-01 5.0017E-032367200200252 
 1.2365E+00 3.2348E-02 6.0401E+01 2.4793E-03 4.0572E+01 1.9577E-032367200200253 
 7.0480E+00 7.0189E+00 2.3777E+02 7.0335E+00 7.7999E-01 4.9650E-032367200200254 
 1.2590E+00 3.2253E-02 6.0585E+01 2.4717E-03 4.0876E+01 1.9431E-032367200200255 
 7.0189E+00 6.9899E+00 2.3826E+02 7.0044E+00 7.8436E-01 4.9401E-032367200200256 
 1.2307E+00 3.1913E-02 6.2097E+01 2.4115E-03 4.1664E+01 1.9064E-032367200200257 
 6.9899E+00 6.9610E+00 2.3875E+02 6.9755E+00 7.9567E-01 4.9889E-032367200200258 
 1.1581E+00 3.1769E-02 6.3175E+01 2.3704E-03 4.1786E+01 1.9008E-032367200200259 
 6.9610E+00 6.9324E+00 2.3924E+02 6.9467E+00 7.9379E-01 4.9507E-032367200200260 
 1.1701E+00 3.1601E-02 6.3789E+01 2.3476E-03 4.2292E+01 1.8780E-032367200200261 
 6.9324E+00 6.9039E+00 2.3973E+02 6.9182E+00 7.8601E-01 4.8651E-032367200200262 
 1.2200E+00 3.1362E-02 6.4359E+01 2.3268E-03 4.3092E+01 1.8432E-032367200200263 
 6.9039E+00 6.8756E+00 2.4022E+02 6.8898E+00 7.9361E-01 4.8536E-032367200200264 
 1.1713E+00 3.0988E-02 6.6270E+01 2.2597E-03 4.3948E+01 1.8073E-032367200200265 
 6.8756E+00 6.8475E+00 2.4070E+02 6.8616E+00 7.8850E-01 4.7823E-032367200200266 
 1.2040E+00 3.0731E-02 6.7167E+01 2.2295E-03 4.4831E+01 1.7717E-032367200200267 
 6.8475E+00 6.8196E+00 2.4119E+02 6.8336E+00 7.8921E-01 4.7588E-032367200200268 
 1.1995E+00 3.0552E-02 6.7967E+01 2.2033E-03 4.5325E+01 1.7524E-032367200200269 
 6.8196E+00 6.7918E+00 2.4168E+02 6.8057E+00 7.9100E-01 4.7740E-032367200200270 
 1.1880E+00 3.0581E-02 6.7942E+01 2.2041E-03 4.5206E+01 1.7570E-032367200200271 
 6.7918E+00 6.7642E+00 2.4217E+02 6.7780E+00 7.8889E-01 4.7221E-032367200200272 
 1.2015E+00 3.0329E-02 6.8968E+01 2.1713E-03 4.6011E+01 1.7262E-032367200200273 
 6.7642E+00 6.7368E+00 2.4266E+02 6.7505E+00 7.7758E-01 4.6273E-032367200200274 
 1.2747E+00 3.0153E-02 6.9151E+01 2.1655E-03 4.6803E+01 1.6970E-032367200200275 
 6.7368E+00 6.7095E+00 2.4315E+02 6.7232E+00 7.8733E-01 4.6691E-032367200200276 
 1.2115E+00 3.0048E-02 7.0168E+01 2.1342E-03 4.6905E+01 1.6934E-032367200200277 
 6.7095E+00 6.6824E+00 2.4363E+02 6.6960E+00 7.6386E-01 4.4766E-032367200200278 
 1.3649E+00 2.9694E-02 7.0544E+01 2.1228E-03 4.8603E+01 1.6342E-032367200200279 
 6.6824E+00 6.6555E+00 2.4412E+02 6.6690E+00 7.7388E-01 4.5138E-032367200200280 
 1.2988E+00 2.9554E-02 7.1772E+01 2.0864E-03 4.8810E+01 1.6272E-032367200200281 
 6.6555E+00 6.6287E+00 2.4461E+02 6.6421E+00 7.6816E-01 4.4696E-032367200200282 
 1.3364E+00 2.9482E-02 7.1821E+01 2.0850E-03 4.9206E+01 1.6142E-032367200200283 
 6.6287E+00 6.6021E+00 2.4510E+02 6.6154E+00 7.6064E-01 4.4368E-032367200200284 
 1.3863E+00 2.9555E-02 7.1032E+01 2.1082E-03 4.9146E+01 1.6161E-032367200200285 
 6.6021E+00 6.5756E+00 2.4559E+02 6.5889E+00 7.5649E-01 4.4335E-032367200200286 
 1.4140E+00 2.9695E-02 7.0146E+01 2.1348E-03 4.8798E+01 1.6276E-032367200200287 
 6.5756E+00 6.5494E+00 2.4608E+02 6.5625E+00 7.5165E-01 4.4208E-032367200200288 
 1.4465E+00 2.9800E-02 6.9370E+01 2.1587E-03 4.8568E+01 1.6353E-032367200200289 
 6.5494E+00 6.5232E+00 2.4656E+02 6.5363E+00 7.5294E-01 4.3602E-032367200200290 
 1.4378E+00 2.9342E-02 7.1633E+01 2.0905E-03 5.0068E+01 1.5864E-032367200200291 
 6.5232E+00 6.4972E+00 2.4705E+02 6.5102E+00 7.6390E-01 4.3111E-032367200200292 
 1.3646E+00 2.8595E-02 7.6054E+01 1.9690E-03 5.2398E+01 1.5158E-032367200200293 
 6.4972E+00 6.4714E+00 2.4754E+02 6.4843E+00 7.6057E-01 4.2545E-032367200200294 
 1.3867E+00 2.8343E-02 7.7225E+01 1.9391E-03 5.3438E+01 1.4863E-032367200200295 
 6.4714E+00 6.4458E+00 2.4803E+02 6.4586E+00 7.5692E-01 4.2218E-032367200200296 
 1.4111E+00 2.8261E-02 7.7444E+01 1.9336E-03 5.3848E+01 1.4750E-032367200200297 
 6.4458E+00 6.4202E+00 2.4852E+02 6.4330E+00 7.7113E-01 4.2989E-032367200200298 
 1.3169E+00 2.8247E-02 7.8379E+01 1.9106E-03 5.3496E+01 1.4847E-032367200200299 
 6.4202E+00 6.3949E+00 2.4901E+02 6.4076E+00 7.6655E-01 4.2401E-032367200200300 
 1.3470E+00 2.8027E-02 7.9322E+01 1.8878E-03 5.4462E+01 1.4584E-032367200200301 
 6.3949E+00 6.3697E+00 2.4949E+02 6.3823E+00 7.7773E-01 4.2483E-032367200200302 
 1.2737E+00 2.7677E-02 8.2033E+01 1.8255E-03 5.5516E+01 1.4307E-032367200200303 
 6.3697E+00 6.3446E+00 2.4998E+02 6.3571E+00 7.7681E-01 4.1173E-032367200200304 
 1.2797E+00 2.6856E-02 8.7050E+01 1.7203E-03 5.8982E+01 1.3466E-032367200200305 
 6.3446E+00 6.3197E+00 2.5047E+02 6.3322E+00 7.6826E-01 3.9353E-032367200200306 
 1.3358E+00 2.5955E-02 9.2563E+01 1.6178E-03 6.3416E+01 1.2525E-032367200200307 
 6.3197E+00 6.2949E+00 2.5096E+02 6.3073E+00 7.5724E-01 3.7150E-032367200200308 
 1.4090E+00 2.4858E-02 1.0004E+02 1.4969E-03 6.9535E+01 1.1422E-032367200200309 
 6.2949E+00 6.2703E+00 2.5145E+02 6.2826E+00 7.5242E-01 3.5896E-032367200200310 
 1.4414E+00 2.4173E-02 1.0536E+02 1.4214E-03 7.3702E+01 1.0777E-032367200200311 
 6.2703E+00 6.2458E+00 2.5194E+02 6.2581E+00 7.3834E-01 3.6139E-032367200200312 
 1.5371E+00 2.4801E-02 9.9012E+01 1.5124E-03 7.0582E+01 1.1253E-032367200200313 
 6.2458E+00 6.2215E+00 2.5242E+02 6.2337E+00 7.3534E-01 3.7258E-032367200200314 
 1.5577E+00 2.5673E-02 9.2201E+01 1.6242E-03 6.5992E+01 1.2036E-032367200200315 
 6.2215E+00 6.1973E+00 2.5291E+02 6.2094E+00 7.3563E-01 3.7818E-032367200200316 
 1.5557E+00 2.6049E-02 8.9580E+01 1.6717E-03 6.4090E+01 1.2393E-032367200200317 
 6.1973E+00 6.1733E+00 2.5340E+02 6.1853E+00 7.4370E-01 3.8737E-032367200200318 
 1.5004E+00 2.6392E-02 8.7837E+01 1.7049E-03 6.2162E+01 1.2777E-032367200200319 
 6.1733E+00 6.1493E+00 2.5389E+02 6.1613E+00 7.3450E-01 3.8437E-032367200200320 
 1.5634E+00 2.6515E-02 8.6401E+01 1.7332E-03 6.1909E+01 1.2829E-032367200200321 
 6.1493E+00 6.1256E+00 2.5438E+02 6.1375E+00 7.4430E-01 3.9247E-032367200200322 
 1.4963E+00 2.6717E-02 8.5759E+01 1.7462E-03 6.0641E+01 1.3098E-032367200200323 
 6.1256E+00 6.1019E+00 2.5486E+02 6.1138E+00 7.5111E-01 3.9884E-032367200200324 
 1.4502E+00 2.6905E-02 8.5054E+01 1.7606E-03 5.9598E+01 1.3327E-032367200200325 
 6.1019E+00 6.0784E+00 2.5535E+02 6.0902E+00 7.5249E-01 3.9602E-032367200200326 
 1.4409E+00 2.6666E-02 8.6652E+01 1.7282E-03 6.0607E+01 1.3105E-032367200200327 
 6.0784E+00 6.0551E+00 2.5584E+02 6.0668E+00 7.5138E-01 3.9381E-032367200200328 
 1.4483E+00 2.6556E-02 8.7311E+01 1.7151E-03 6.1158E+01 1.2987E-032367200200329 
 6.0551E+00 6.0319E+00 2.5633E+02 6.0435E+00 7.5933E-01 3.9991E-032367200200330 
 1.3950E+00 2.6685E-02 8.6984E+01 1.7216E-03 6.0292E+01 1.3173E-032367200200331 
 6.0319E+00 6.0088E+00 2.5682E+02 6.0203E+00 7.5434E-01 3.9768E-032367200200332 
 1.4284E+00 2.6712E-02 8.6475E+01 1.7317E-03 6.0336E+01 1.3164E-032367200200333 
 6.0088E+00 5.9858E+00 2.5731E+02 5.9973E+00 7.5897E-01 4.0219E-032367200200334 
 1.3974E+00 2.6850E-02 8.5905E+01 1.7432E-03 5.9572E+01 1.3333E-032367200200335 
 5.9858E+00 5.9630E+00 2.5779E+02 5.9744E+00 7.4959E-01 3.9831E-032367200200336 
 1.4604E+00 2.6924E-02 8.4820E+01 1.7655E-03 5.9554E+01 1.3337E-032367200200337 
 5.9630E+00 5.9403E+00 2.5828E+02 5.9516E+00 7.5705E-01 3.9970E-032367200200338 
 1.4102E+00 2.6751E-02 8.6399E+01 1.7332E-03 6.0067E+01 1.3223E-032367200200339 
 5.9403E+00 5.9177E+00 2.5877E+02 5.9290E+00 7.6755E-01 4.0165E-032367200200340 
 1.3404E+00 2.6514E-02 8.8666E+01 1.6889E-03 6.0801E+01 1.3063E-032367200200341 
 5.9177E+00 5.8953E+00 2.5926E+02 5.9065E+00 7.5512E-01 3.9022E-032367200200342 
 1.4232E+00 2.6184E-02 9.0029E+01 1.6633E-03 6.2751E+01 1.2657E-032367200200343 
 5.8953E+00 5.8730E+00 2.5975E+02 5.8841E+00 7.7005E-01 3.9607E-032367200200344 
 1.3240E+00 2.6061E-02 9.1957E+01 1.6285E-03 6.2854E+01 1.2637E-032367200200345 
 5.8730E+00 5.8508E+00 2.6024E+02 5.8619E+00 7.6477E-01 3.9415E-032367200200346 
 1.3589E+00 2.6114E-02 9.1184E+01 1.6423E-03 6.2756E+01 1.2656E-032367200200347 
 5.8508E+00 5.8287E+00 2.6072E+02 5.8398E+00 7.6617E-01 3.9689E-032367200200348 
 1.3495E+00 2.6247E-02 9.0384E+01 1.6568E-03 6.2091E+01 1.2792E-032367200200349 
 5.8287E+00 5.8068E+00 2.6121E+02 5.8178E+00 7.6961E-01 3.9799E-032367200200350 
 1.3269E+00 2.6203E-02 9.0963E+01 1.6463E-03 6.2211E+01 1.2767E-032367200200351 
 5.8068E+00 5.7850E+00 2.6170E+02 5.7959E+00 7.6350E-01 3.9641E-032367200200352 
 1.3672E+00 2.6307E-02 8.9797E+01 1.6676E-03 6.1903E+01 1.2831E-032367200200353 
 5.7850E+00 5.7633E+00 2.6219E+02 5.7742E+00 7.6736E-01 3.9789E-032367200200354 
 1.3417E+00 2.6273E-02 9.0299E+01 1.6584E-03 6.1936E+01 1.2824E-032367200200355 
 5.7633E+00 5.7417E+00 2.6268E+02 5.7525E+00 7.5729E-01 3.9479E-032367200200356 
 1.4087E+00 2.6415E-02 8.8624E+01 1.6897E-03 6.1595E+01 1.2895E-032367200200357 
 5.7417E+00 5.7203E+00 2.6317E+02 5.7310E+00 7.6955E-01 4.0647E-032367200200358 
 1.3273E+00 2.6763E-02 8.7180E+01 1.7177E-03 5.9627E+01 1.3321E-032367200200359 
 5.7203E+00 5.6990E+00 2.6365E+02 5.7096E+00 7.6177E-01 4.0144E-032367200200360 
 1.3788E+00 2.6702E-02 8.7052E+01 1.7202E-03 6.0146E+01 1.3205E-032367200200361 
 5.6990E+00 5.6778E+00 2.6414E+02 5.6884E+00 7.5100E-01 3.9017E-032367200200362 
 1.4509E+00 2.6324E-02 8.8807E+01 1.6862E-03 6.2238E+01 1.2762E-032367200200363 
 5.6778E+00 5.6567E+00 2.6463E+02 5.6672E+00 7.5084E-01 3.9233E-032367200200364 
 1.4520E+00 2.6476E-02 8.7793E+01 1.7057E-03 6.1540E+01 1.2907E-032367200200365 
 5.6567E+00 5.6357E+00 2.6512E+02 5.6462E+00 7.5093E-01 3.9806E-032367200200366 
 1.4514E+00 2.6859E-02 8.5320E+01 1.7551E-03 5.9799E+01 1.3282E-032367200200367 
 5.6357E+00 5.6149E+00 2.6561E+02 5.6253E+00 7.4126E-01 3.9401E-032367200200368 
 1.5171E+00 2.6933E-02 8.4188E+01 1.7787E-03 5.9774E+01 1.3288E-032367200200369 
 5.6149E+00 5.5942E+00 2.6610E+02 5.6045E+00 7.3858E-01 3.9100E-032367200200370 
 1.5354E+00 2.6824E-02 8.4673E+01 1.7685E-03 6.0336E+01 1.3164E-032367200200371 
 5.5942E+00 5.5735E+00 2.6658E+02 5.5838E+00 7.2938E-01 3.8415E-032367200200372 
 1.5989E+00 2.6686E-02 8.4951E+01 1.7628E-03 6.1297E+01 1.2958E-032367200200373 
 5.5735E+00 5.5530E+00 2.6707E+02 5.5633E+00 7.3508E-01 3.8911E-032367200200374 
 1.5595E+00 2.6821E-02 8.4493E+01 1.7723E-03 6.0494E+01 1.3130E-032367200200375 
 5.5530E+00 5.5326E+00 2.6756E+02 5.5428E+00 7.3996E-01 3.8868E-032367200200376 
 1.5260E+00 2.6615E-02 8.6129E+01 1.7387E-03 6.1260E+01 1.2965E-032367200200377 
 5.5326E+00 5.5124E+00 2.6805E+02 5.5225E+00 7.4540E-01 3.8735E-032367200200378 
 1.4888E+00 2.6331E-02 8.8369E+01 1.6946E-03 6.2396E+01 1.2729E-032367200200379 
 5.5124E+00 5.4922E+00 2.6854E+02 5.5023E+00 7.4873E-01 3.9125E-032367200200380 
 1.4662E+00 2.6477E-02 8.7638E+01 1.7087E-03 6.1604E+01 1.2893E-032367200200381 
 5.4922E+00 5.4721E+00 2.6902E+02 5.4822E+00 7.4214E-01 3.8536E-032367200200382 
 1.5110E+00 2.6310E-02 8.8284E+01 1.6962E-03 6.2609E+01 1.2686E-032367200200383 
 5.4721E+00 5.4522E+00 2.6951E+02 5.4622E+00 7.4909E-01 3.9002E-032367200200384 
 1.4638E+00 2.6381E-02 8.8277E+01 1.6963E-03 6.2024E+01 1.2806E-032367200200385 
 5.4522E+00 5.4323E+00 2.7000E+02 5.4423E+00 7.4500E-01 3.8430E-032367200200386 
 1.4916E+00 2.6137E-02 8.9642E+01 1.6705E-03 6.3329E+01 1.2542E-032367200200387 
 5.4323E+00 5.4126E+00 2.7049E+02 5.4225E+00 7.5576E-01 3.9203E-032367200200388 
 1.4189E+00 2.6283E-02 8.9388E+01 1.6753E-03 6.2252E+01 1.2759E-032367200200389 
 5.4126E+00 5.3930E+00 2.7098E+02 5.4028E+00 7.4967E-01 3.8716E-032367200200390 
 1.4599E+00 2.6167E-02 8.9768E+01 1.6682E-03 6.3023E+01 1.2603E-032367200200391 
 5.3930E+00 5.3735E+00 2.7147E+02 5.3832E+00 7.4177E-01 3.7928E-032367200200392 
 1.5135E+00 2.5908E-02 9.1025E+01 1.6451E-03 6.4586E+01 1.2298E-032367200200393 
 5.3735E+00 5.3541E+00 2.7195E+02 5.3638E+00 7.4891E-01 3.8086E-032367200200394 
 1.4650E+00 2.5768E-02 9.2505E+01 1.6188E-03 6.5012E+01 1.2217E-032367200200395 
 5.3541E+00 5.3348E+00 2.7244E+02 5.3444E+00 7.3914E-01 3.7652E-032367200200396 
 1.5316E+00 2.5811E-02 9.1488E+01 1.6368E-03 6.5146E+01 1.2192E-032367200200397 
 5.3348E+00 5.3156E+00 2.7293E+02 5.3252E+00 7.4271E-01 3.8186E-032367200200398 
 1.5071E+00 2.6051E-02 9.0077E+01 1.6625E-03 6.3832E+01 1.2443E-032367200200399 
 5.3156E+00 5.2965E+00 2.7342E+02 5.3060E+00 7.4172E-01 3.8293E-032367200200400 
 1.5139E+00 2.6159E-02 8.9264E+01 1.6776E-03 6.3340E+01 1.2540E-032367200200401 
 5.2965E+00 5.2775E+00 2.7391E+02 5.2870E+00 7.3194E-01 3.8193E-032367200200402 
 1.5812E+00 2.6439E-02 8.6710E+01 1.7270E-03 6.2348E+01 1.2739E-032367200200403 
 5.2775E+00 5.2586E+00 2.7440E+02 5.2680E+00 7.3926E-01 3.8344E-032367200200404 
 1.5307E+00 2.6281E-02 8.8262E+01 1.6966E-03 6.2837E+01 1.2640E-032367200200405 
 5.2586E+00 5.2398E+00 2.7488E+02 5.2492E+00 7.4198E-01 3.7862E-032367200200406 
 1.5122E+00 2.5855E-02 9.1398E+01 1.6384E-03 6.4833E+01 1.2251E-032367200200407 
 5.2398E+00 5.2211E+00 2.7537E+02 5.2305E+00 7.3736E-01 3.7844E-032367200200408 
 1.5438E+00 2.6005E-02 9.0026E+01 1.6634E-03 6.4259E+01 1.2360E-032367200200409 
 5.2211E+00 5.2025E+00 2.7586E+02 5.2118E+00 7.4246E-01 3.8435E-032367200200410 
 1.5088E+00 2.6230E-02 8.8856E+01 1.6853E-03 6.2988E+01 1.2610E-032367200200411 
 5.2025E+00 5.1840E+00 2.7635E+02 5.1933E+00 7.3130E-01 3.7675E-032367200200412 
 1.5856E+00 2.6103E-02 8.8909E+01 1.6843E-03 6.3986E+01 1.2413E-032367200200413 
 5.1840E+00 5.1657E+00 2.7684E+02 5.1748E+00 7.3968E-01 3.8074E-032367200200414 
 1.5279E+00 2.6081E-02 8.9652E+01 1.6703E-03 6.3791E+01 1.2451E-032367200200415 
 5.1657E+00 5.1474E+00 2.7733E+02 5.1565E+00 7.4363E-01 3.8794E-032367200200416 
 1.5009E+00 2.6433E-02 8.7590E+01 1.7097E-03 6.1992E+01 1.2812E-032367200200417 
 5.1474E+00 5.1292E+00 2.7781E+02 5.1383E+00 7.4088E-01 3.8987E-032367200200418 
 1.5197E+00 2.6663E-02 8.5866E+01 1.7440E-03 6.0997E+01 1.3021E-032367200200419 
 5.1292E+00 5.1111E+00 2.7830E+02 5.1201E+00 7.4836E-01 3.8951E-032367200200420 
 1.4687E+00 2.6372E-02 8.8303E+01 1.6959E-03 6.2102E+01 1.2790E-032367200200421 
 5.1111E+00 5.0931E+00 2.7879E+02 5.1021E+00 7.5964E-01 3.8987E-032367200200422 
 1.3930E+00 2.6005E-02 9.1596E+01 1.6349E-03 6.3464E+01 1.2515E-032367200200423 
 5.0931E+00 5.0752E+00 2.7928E+02 5.0841E+00 7.6738E-01 3.9398E-032367200200424 
 1.3416E+00 2.6014E-02 9.2073E+01 1.6264E-03 6.3153E+01 1.2577E-032367200200425 
 5.0752E+00 5.0573E+00 2.7977E+02 5.0663E+00 7.6766E-01 3.8896E-032367200200426 
 1.3397E+00 2.5673E-02 9.4573E+01 1.5834E-03 6.4844E+01 1.2249E-032367200200427 
 5.0573E+00 5.0396E+00 2.8026E+02 5.0485E+00 7.7632E-01 3.8702E-032367200200428 
 1.2829E+00 2.5260E-02 9.8307E+01 1.5233E-03 6.6654E+01 1.1916E-032367200200429 
 5.0396E+00 5.0220E+00 2.8074E+02 5.0308E+00 7.8679E-01 3.9179E-032367200200430 
 1.2150E+00 2.5231E-02 9.9319E+01 1.5078E-03 6.6445E+01 1.1954E-032367200200431 
 5.0220E+00 5.0045E+00 2.8123E+02 5.0132E+00 7.9836E-01 4.0005E-032367200200432 
 1.1410E+00 2.5389E-02 9.8974E+01 1.5130E-03 6.5256E+01 1.2171E-032367200200433 
 5.0045E+00 4.9870E+00 2.8172E+02 4.9958E+00 8.0145E-01 4.0278E-032367200200434 
 1.1215E+00 2.5464E-02 9.8631E+01 1.5183E-03 6.4780E+01 1.2261E-032367200200435 
 4.9870E+00 4.9697E+00 2.8221E+02 4.9784E+00 8.0232E-01 4.0677E-032367200200436 
 1.1160E+00 2.5689E-02 9.6975E+01 1.5442E-03 6.3623E+01 1.2484E-032367200200437 
 4.9697E+00 4.9524E+00 2.8270E+02 4.9611E+00 8.0367E-01 4.0656E-032367200200438 
 1.1074E+00 2.5632E-02 9.7464E+01 1.5365E-03 6.3836E+01 1.2442E-032367200200439 
 4.9524E+00 4.9353E+00 2.8319E+02 4.9438E+00 8.0942E-01 3.9599E-032367200200440 
 1.0713E+00 2.4788E-02 1.0466E+02 1.4308E-03 6.8063E+01 1.1670E-032367200200441 
 4.9353E+00 4.9182E+00 2.8367E+02 4.9267E+00 8.0557E-01 3.9370E-032367200200442 
 1.0955E+00 2.4763E-02 1.0460E+02 1.4317E-03 6.8349E+01 1.1621E-032367200200443 
 4.9182E+00 4.9012E+00 2.8416E+02 4.9097E+00 8.0886E-01 3.8900E-032367200200444 
 1.0748E+00 2.4368E-02 1.0824E+02 1.3834E-03 7.0445E+01 1.1275E-032367200200445 
 4.9012E+00 4.8843E+00 2.8465E+02 4.8927E+00 8.1225E-01 3.9271E-032367200200446 
 1.0537E+00 2.4498E-02 1.0740E+02 1.3943E-03 6.9606E+01 1.1411E-032367200200447 
 4.8843E+00 4.8675E+00 2.8514E+02 4.8759E+00 8.1147E-01 4.0184E-032367200200448 
 1.0585E+00 2.5091E-02 1.0232E+02 1.4635E-03 6.6375E+01 1.1966E-032367200200449 
 4.8675E+00 4.8507E+00 2.8563E+02 4.8591E+00 8.1247E-01 4.0059E-032367200200450 
 1.0523E+00 2.4982E-02 1.0329E+02 1.4498E-03 6.6922E+01 1.1869E-032367200200451 
 4.8507E+00 4.8341E+00 2.8611E+02 4.8424E+00 8.0815E-01 4.0301E-032367200200452 
 1.0793E+00 2.5268E-02 1.0066E+02 1.4876E-03 6.5567E+01 1.2114E-032367200200453 
 4.8341E+00 4.8175E+00 2.8660E+02 4.8258E+00 8.1922E-01 4.0882E-032367200200454 
 1.0104E+00 2.5286E-02 1.0135E+02 1.4776E-03 6.5122E+01 1.2197E-032367200200455 
 4.8175E+00 4.8011E+00 2.8709E+02 4.8093E+00 8.0221E-01 4.0385E-032367200200456 
 1.1167E+00 2.5508E-02 9.8351E+01 1.5226E-03 6.4535E+01 1.2308E-032367200200457 
 4.8011E+00 4.7847E+00 2.8758E+02 4.7929E+00 8.1250E-01 4.1080E-032367200200458 
 1.0521E+00 2.5618E-02 9.8263E+01 1.5240E-03 6.3661E+01 1.2476E-032367200200459 
 4.7847E+00 4.7684E+00 2.8807E+02 4.7765E+00 7.9847E-01 4.0222E-032367200200460 
 1.1404E+00 2.5524E-02 9.7902E+01 1.5296E-03 6.4541E+01 1.2306E-032367200200461 
 4.7684E+00 4.7522E+00 2.8856E+02 4.7603E+00 7.9368E-01 3.9783E-032367200200462 
 1.1708E+00 2.5398E-02 9.8559E+01 1.5194E-03 6.5365E+01 1.2151E-032367200200463 
 4.7522E+00 4.7360E+00 2.8904E+02 4.7441E+00 7.9642E-01 3.9416E-032367200200464 
 1.1534E+00 2.5077E-02 1.0132E+02 1.4779E-03 6.6969E+01 1.1860E-032367200200465 
 4.7360E+00 4.7200E+00 2.8953E+02 4.7280E+00 7.8555E-01 3.8526E-032367200200466 
 1.2230E+00 2.4850E-02 1.0231E+02 1.4636E-03 6.8558E+01 1.1585E-032367200200467 
 4.7200E+00 4.7040E+00 2.9002E+02 4.7120E+00 7.8262E-01 3.9126E-032367200200468 
 1.2419E+00 2.5331E-02 9.8235E+01 1.5244E-03 6.6070E+01 1.2022E-032367200200469 
 4.7040E+00 4.6881E+00 2.9051E+02 4.6961E+00 7.7800E-01 3.9405E-032367200200470 
 1.2719E+00 2.5663E-02 9.5415E+01 1.5694E-03 6.4553E+01 1.2304E-032367200200471 
 4.6881E+00 4.6723E+00 2.9100E+02 4.6802E+00 7.5826E-01 3.8108E-032367200200472 
 1.4021E+00 2.5465E-02 9.5429E+01 1.5692E-03 6.6241E+01 1.1990E-032367200200473 
 4.6723E+00 4.6566E+00 2.9149E+02 4.6644E+00 7.4495E-01 3.6524E-032367200200474 
 1.4919E+00 2.4843E-02 9.9193E+01 1.5097E-03 7.0084E+01 1.1333E-032367200200475 
 4.6566E+00 4.6409E+00 2.9197E+02 4.6487E+00 7.3079E-01 3.6085E-032367200200476 
 1.5891E+00 2.5019E-02 9.6734E+01 1.5480E-03 6.9669E+01 1.1401E-032367200200477 
 4.6409E+00 4.6253E+00 2.9246E+02 4.6331E+00 7.1676E-01 3.6027E-032367200200478 
 1.6874E+00 2.5468E-02 9.2309E+01 1.6223E-03 6.7780E+01 1.1718E-032367200200479 
 4.6253E+00 4.6099E+00 2.9295E+02 4.6176E+00 6.9970E-01 3.5318E-032367200200480 
 1.8094E+00 2.5576E-02 9.0269E+01 1.6589E-03 6.7895E+01 1.1698E-032367200200481 
 4.6099E+00 4.5944E+00 2.9344E+02 4.6021E+00 7.0397E-01 3.5599E-032367200200482 
 1.7786E+00 2.5623E-02 9.0262E+01 1.6591E-03 6.7479E+01 1.1771E-032367200200483 
 4.5944E+00 4.5791E+00 2.9393E+02 4.5868E+00 7.0743E-01 3.4620E-032367200200484 
 1.7537E+00 2.4796E-02 9.6655E+01 1.5493E-03 7.1907E+01 1.1046E-032367200200485 
 4.5791E+00 4.5638E+00 2.9442E+02 4.5715E+00 7.0892E-01 3.4371E-032367200200486 
 1.7431E+00 2.4566E-02 9.8580E+01 1.5191E-03 7.3186E+01 1.0853E-032367200200487 
 4.5638E+00 4.5487E+00 2.9490E+02 4.5562E+00 7.1755E-01 3.5818E-032367200200488 
 1.6817E+00 2.5292E-02 9.3649E+01 1.5990E-03 6.8688E+01 1.1563E-032367200200489 
 4.5487E+00 4.5335E+00 2.9539E+02 4.5411E+00 7.1896E-01 3.5430E-032367200200490 
 1.6719E+00 2.4969E-02 9.6192E+01 1.5568E-03 7.0417E+01 1.1279E-032367200200491 
 4.5335E+00 4.5185E+00 2.9588E+02 4.5260E+00 7.1950E-01 3.5325E-032367200200492 
 1.6680E+00 2.4877E-02 9.6945E+01 1.5447E-03 7.0915E+01 1.1200E-032367200200493 
 4.5185E+00 4.5035E+00 2.9637E+02 4.5110E+00 7.2189E-01 3.5385E-032367200200494 
 1.6512E+00 2.4836E-02 9.7452E+01 1.5366E-03 7.1050E+01 1.1179E-032367200200495 
 4.5035E+00 4.4887E+00 2.9686E+02 4.4961E+00 7.1493E-01 3.4995E-032367200200496 
 1.7003E+00 2.4802E-02 9.7193E+01 1.5407E-03 7.1551E+01 1.1101E-032367200200497 
 4.4887E+00 4.4739E+00 2.9735E+02 4.4813E+00 7.2520E-01 3.5256E-032367200200498 
 1.6280E+00 2.4633E-02 9.9307E+01 1.5079E-03 7.2073E+01 1.1020E-032367200200499 
 4.4739E+00 4.4591E+00 2.9783E+02 4.4665E+00 7.2314E-01 3.4870E-032367200200500 
 1.6424E+00 2.4433E-02 1.0080E+02 1.4857E-03 7.3362E+01 1.0827E-032367200200501 
 4.4591E+00 4.4444E+00 2.9832E+02 4.4518E+00 7.2363E-01 3.5571E-032367200200502 
 1.6390E+00 2.4907E-02 9.7019E+01 1.5435E-03 7.0565E+01 1.1256E-032367200200503 
 4.4444E+00 4.4299E+00 2.9881E+02 4.4372E+00 7.2575E-01 3.5776E-032367200200504 
 1.6242E+00 2.4978E-02 9.6638E+01 1.5496E-03 7.0082E+01 1.1333E-032367200200505 
 4.4299E+00 4.4153E+00 2.9930E+02 4.4226E+00 7.1722E-01 3.5838E-032367200200506 
 1.6841E+00 2.5318E-02 9.3453E+01 1.6024E-03 6.8577E+01 1.1582E-032367200200507 
 4.4153E+00 4.4009E+00 2.9979E+02 4.4081E+00 7.1098E-01 3.5212E-032367200200508 
 1.7284E+00 2.5095E-02 9.4624E+01 1.5826E-03 7.0045E+01 1.1339E-032367200200509 
 4.4009E+00 4.3865E+00 3.0027E+02 4.3937E+00 7.1276E-01 3.4822E-032367200200510 
 1.7157E+00 2.4754E-02 9.7352E+01 1.5382E-03 7.1886E+01 1.1049E-032367200200511 
 4.3865E+00 4.3722E+00 3.0076E+02 4.3794E+00 7.0433E-01 3.5244E-032367200200512 
 1.7760E+00 2.5355E-02 9.2190E+01 1.6244E-03 6.8886E+01 1.1530E-032367200200513 
 4.3722E+00 4.3580E+00 3.0125E+02 4.3651E+00 6.9416E-01 3.4929E-032367200200514 
 1.8497E+00 2.5496E-02 9.0435E+01 1.6559E-03 6.8563E+01 1.1584E-032367200200515 
 4.3580E+00 4.3438E+00 3.0174E+02 4.3509E+00 6.9305E-01 3.3845E-032367200200516 
 1.8578E+00 2.4744E-02 9.5891E+01 1.5617E-03 7.2818E+01 1.0908E-032367200200517 
 4.3438E+00 4.3297E+00 3.0223E+02 4.3367E+00 6.8946E-01 3.3722E-032367200200518 
 1.8841E+00 2.4782E-02 9.5332E+01 1.5708E-03 7.2769E+01 1.0915E-032367200200519 
 4.3297E+00 4.3157E+00 3.0272E+02 4.3227E+00 6.8681E-01 3.3687E-032367200200520 
 1.9037E+00 2.4852E-02 9.4598E+01 1.5830E-03 7.2488E+01 1.0957E-032367200200521 
 4.3157E+00 4.3017E+00 3.0320E+02 4.3087E+00 6.7975E-01 3.2798E-032367200200522 
 1.9560E+00 2.4448E-02 9.7177E+01 1.5410E-03 7.5237E+01 1.0557E-032367200200523 
 4.3017E+00 4.2878E+00 3.0369E+02 4.2948E+00 6.6936E-01 3.1764E-032367200200524 
 2.0340E+00 2.4045E-02 9.9582E+01 1.5038E-03 7.8295E+01 1.0144E-032367200200525 
 4.2878E+00 4.2740E+00 3.0418E+02 4.2809E+00 6.5949E-01 3.0976E-032367200200526 
 2.1093E+00 2.3799E-02 1.0079E+02 1.4857E-03 8.0433E+01 9.8749E-042367200200527 
 4.2740E+00 4.2602E+00 3.0467E+02 4.2671E+00 6.5521E-01 3.1115E-032367200200528 
 2.1423E+00 2.4062E-02 9.8286E+01 1.5236E-03 7.8943E+01 1.0061E-032367200200529 
 4.2602E+00 4.2465E+00 3.0516E+02 4.2534E+00 6.4863E-01 3.0816E-032367200200530 
 2.1934E+00 2.4073E-02 9.7620E+01 1.5340E-03 7.9202E+01 1.0028E-032367200200531 
 4.2465E+00 4.2329E+00 3.0565E+02 4.2397E+00 6.4016E-01 3.0642E-032367200200532 
 2.2600E+00 2.4253E-02 9.5519E+01 1.5677E-03 7.8522E+01 1.0115E-032367200200533 
 4.2329E+00 4.2193E+00 3.0613E+02 4.2261E+00 6.3428E-01 3.0349E-032367200200534 
 2.3068E+00 2.4244E-02 9.5099E+01 1.5747E-03 7.8900E+01 1.0067E-032367200200535 
 4.2193E+00 4.2058E+00 3.0662E+02 4.2126E+00 6.2896E-01 3.0021E-032367200200536 
 2.3495E+00 2.4185E-02 9.5122E+01 1.5743E-03 7.9586E+01 9.9800E-042367200200537 
 4.2058E+00 4.1924E+00 3.0711E+02 4.1991E+00 6.2831E-01 3.0033E-032367200200538 
 2.3547E+00 2.4220E-02 9.4799E+01 1.5796E-03 7.9397E+01 1.0004E-032367200200539 
 4.1924E+00 4.1790E+00 3.0760E+02 4.1857E+00 6.2894E-01 2.9726E-032367200200540 
 2.3496E+00 2.3948E-02 9.6983E+01 1.5441E-03 8.1146E+01 9.7881E-042367200200541 
 4.1790E+00 4.1657E+00 3.0809E+02 4.1724E+00 6.3228E-01 3.0062E-032367200200542 
 2.3228E+00 2.4091E-02 9.6143E+01 1.5576E-03 8.0018E+01 9.9261E-042367200200543 
 4.1657E+00 4.1525E+00 3.0858E+02 4.1591E+00 6.3360E-01 3.0278E-032367200200544 
 2.3122E+00 2.4214E-02 9.5276E+01 1.5717E-03 7.9132E+01 1.0037E-032367200200545 
 4.1525E+00 4.1393E+00 3.0906E+02 4.1459E+00 6.4023E-01 3.0552E-032367200200546 
 2.2594E+00 2.4179E-02 9.6080E+01 1.5586E-03 7.8974E+01 1.0057E-032367200200547 
 4.1393E+00 4.1262E+00 3.0955E+02 4.1328E+00 6.4630E-01 3.0603E-032367200200548 
 2.2117E+00 2.3992E-02 9.8070E+01 1.5270E-03 7.9855E+01 9.9463E-042367200200549 
 4.1262E+00 4.1132E+00 3.1004E+02 4.1197E+00 6.4855E-01 3.0434E-032367200200550 
 2.1940E+00 2.3777E-02 1.0005E+02 1.4967E-03 8.1188E+01 9.7830E-042367200200551 
 4.1132E+00 4.1002E+00 3.1053E+02 4.1067E+00 6.5719E-01 3.0561E-032367200200552 
 2.1270E+00 2.3563E-02 1.0263E+02 1.4591E-03 8.2186E+01 9.6642E-042367200200553 
 4.1002E+00 4.0872E+00 3.1102E+02 4.0937E+00 6.6142E-01 3.1598E-032367200200554 
 2.0945E+00 2.4206E-02 9.7588E+01 1.5345E-03 7.7647E+01 1.0229E-032367200200555 
 4.0872E+00 4.0744E+00 3.1151E+02 4.0808E+00 6.5482E-01 3.1302E-032367200200556 
 2.1453E+00 2.4221E-02 9.6941E+01 1.5447E-03 7.7909E+01 1.0195E-032367200200557 
 4.0744E+00 4.0616E+00 3.1199E+02 4.0680E+00 6.4918E-01 3.0642E-032367200200558 
 2.1891E+00 2.3916E-02 9.8957E+01 1.5133E-03 8.0219E+01 9.9012E-042367200200559 
 4.0616E+00 4.0488E+00 3.1248E+02 4.0552E+00 6.5604E-01 3.0810E-032367200200560 
 2.1358E+00 2.3795E-02 1.0055E+02 1.4893E-03 8.0661E+01 9.8470E-042367200200561 
 4.0488E+00 4.0361E+00 3.1297E+02 4.0425E+00 6.6768E-01 3.0386E-032367200200562 
 2.0467E+00 2.3059E-02 1.0810E+02 1.3853E-03 8.5209E+01 9.3214E-042367200200563 
 4.0361E+00 4.0235E+00 3.1346E+02 4.0298E+00 6.7259E-01 3.0991E-032367200200564 
 2.0096E+00 2.3347E-02 1.0589E+02 1.4142E-03 8.2857E+01 9.5860E-042367200200565 
 4.0235E+00 4.0110E+00 3.1395E+02 4.0172E+00 6.7218E-01 3.0346E-032367200200566 
 2.0127E+00 2.2875E-02 1.1027E+02 1.3581E-03 8.6336E+01 9.1997E-042367200200567 
 4.0110E+00 3.9984E+00 3.1444E+02 4.0047E+00 6.7555E-01 2.9810E-032367200200568 
 1.9874E+00 2.2358E-02 1.1572E+02 1.2940E-03 9.0159E+01 8.8096E-042367200200569 
 3.9984E+00 3.9860E+00 3.1492E+02 3.9922E+00 6.7505E-01 2.9349E-032367200200570 
 1.9911E+00 2.2029E-02 1.1910E+02 1.2573E-03 9.2862E+01 8.5531E-042367200200571 
 3.9860E+00 3.9736E+00 3.1541E+02 3.9798E+00 6.8164E-01 2.9496E-032367200200572 
 1.9419E+00 2.1925E-02 1.2093E+02 1.2383E-03 9.3376E+01 8.5060E-042367200200573 
 3.9736E+00 3.9613E+00 3.1590E+02 3.9674E+00 6.7935E-01 3.0622E-032367200200574 
 1.9590E+00 2.2840E-02 1.1125E+02 1.3461E-03 8.6188E+01 9.2155E-042367200200575 
 3.9613E+00 3.9490E+00 3.1639E+02 3.9551E+00 6.7750E-01 3.0981E-032367200200576 
 1.9727E+00 2.3170E-02 1.0795E+02 1.3872E-03 8.3859E+01 9.4715E-042367200200577 
 3.9490E+00 3.9368E+00 3.1688E+02 3.9429E+00 6.8156E-01 3.0395E-032367200200578 
 1.9425E+00 2.2596E-02 1.1386E+02 1.3152E-03 8.7923E+01 9.0336E-042367200200579 
 3.9368E+00 3.9246E+00 3.1736E+02 3.9307E+00 6.8845E-01 3.0169E-032367200200580 
 1.8915E+00 2.2204E-02 1.1857E+02 1.2629E-03 9.0649E+01 8.7619E-042367200200581 
 3.9246E+00 3.9125E+00 3.1785E+02 3.9186E+00 6.8852E-01 2.9799E-032367200200582 
 1.8910E+00 2.1929E-02 1.2158E+02 1.2317E-03 9.2942E+01 8.5457E-042367200200583 
 3.9125E+00 3.9005E+00 3.1834E+02 3.9065E+00 6.8659E-01 3.0345E-032367200200584 
 1.9052E+00 2.2394E-02 1.1642E+02 1.2863E-03 8.9244E+01 8.8999E-042367200200585 
 3.9005E+00 3.8885E+00 3.1883E+02 3.8945E+00 6.8282E-01 2.9572E-032367200200586 
 1.9332E+00 2.1944E-02 1.2083E+02 1.2393E-03 9.3142E+01 8.5275E-042367200200587 
 3.8885E+00 3.8765E+00 3.1932E+02 3.8825E+00 6.9357E-01 3.0525E-032367200200588 
 1.8540E+00 2.2300E-02 1.1807E+02 1.2683E-03 8.9600E+01 8.8645E-042367200200589 
 3.8765E+00 3.8646E+00 3.1981E+02 3.8706E+00 6.9629E-01 3.0834E-032367200200590 
 1.8342E+00 2.2438E-02 1.1686E+02 1.2814E-03 8.8339E+01 8.9910E-042367200200591 
 3.8646E+00 3.8528E+00 3.2029E+02 3.8587E+00 7.0163E-01 3.0462E-032367200200592 
 1.7955E+00 2.1998E-02 1.2212E+02 1.2263E-03 9.1609E+01 8.6701E-042367200200593 
 3.8528E+00 3.8410E+00 3.2078E+02 3.8469E+00 7.0608E-01 3.0993E-032367200200594 
 1.7634E+00 2.2241E-02 1.1992E+02 1.2487E-03 8.9395E+01 8.8848E-042367200200595 
 3.8410E+00 3.8293E+00 3.2127E+02 3.8352E+00 7.0160E-01 3.0359E-032367200200596 
 1.7957E+00 2.1925E-02 1.2293E+02 1.2182E-03 9.2221E+01 8.6126E-042367200200597 
 3.8293E+00 3.8177E+00 3.2176E+02 3.8235E+00 7.0076E-01 3.0487E-032367200200598 
 1.8017E+00 2.2044E-02 1.2151E+02 1.2324E-03 9.1267E+01 8.7027E-042367200200599 
 3.8177E+00 3.8060E+00 3.2225E+02 3.8118E+00 7.0347E-01 3.0717E-032367200200600 
 1.7822E+00 2.2125E-02 1.2090E+02 1.2387E-03 9.0456E+01 8.7806E-042367200200601 
 3.8060E+00 3.7945E+00 3.2274E+02 3.8003E+00 7.0603E-01 3.1167E-032367200200602 
 1.7638E+00 2.2367E-02 1.1856E+02 1.2631E-03 8.8386E+01 8.9862E-042367200200603 
 3.7945E+00 3.7830E+00 3.2322E+02 3.7887E+00 7.1133E-01 3.1676E-032367200200604 
 1.7258E+00 2.2563E-02 1.1701E+02 1.2798E-03 8.6582E+01 9.1735E-042367200200605 
 3.7830E+00 3.7715E+00 3.2371E+02 3.7772E+00 7.0766E-01 3.0694E-032367200200606 
 1.7521E+00 2.1977E-02 1.2296E+02 1.2179E-03 9.1454E+01 8.6848E-042367200200607 
 3.7715E+00 3.7601E+00 3.2420E+02 3.7658E+00 7.1180E-01 3.1004E-032367200200608 
 1.7225E+00 2.2070E-02 1.2231E+02 1.2243E-03 9.0444E+01 8.7818E-042367200200609 
 3.7601E+00 3.7488E+00 3.2469E+02 3.7544E+00 7.0514E-01 3.0535E-032367200200610 
 1.7701E+00 2.1941E-02 1.2310E+02 1.2165E-03 9.1884E+01 8.6442E-042367200200611 
 3.7488E+00 3.7375E+00 3.2518E+02 3.7431E+00 7.1216E-01 3.0112E-032367200200612 
 1.7199E+00 2.1424E-02 1.2982E+02 1.1535E-03 9.5948E+01 8.2781E-042367200200613 
 3.7375E+00 3.7262E+00 3.2567E+02 3.7318E+00 7.1406E-01 2.9236E-032367200200614 
 1.7065E+00 2.0745E-02 1.3867E+02 1.0799E-03 1.0222E+02 7.7700E-042367200200615 
 3.7262E+00 3.7150E+00 3.2615E+02 3.7206E+00 7.1524E-01 2.9151E-032367200200616 
 1.6981E+00 2.0651E-02 1.4005E+02 1.0692E-03 1.0307E+02 7.7060E-042367200200617 
 3.7150E+00 3.7039E+00 3.2664E+02 3.7094E+00 7.1240E-01 2.8885E-032367200200618 
 1.7182E+00 2.0544E-02 1.4120E+02 1.0605E-03 1.0433E+02 7.6130E-042367200200619 
 3.7039E+00 3.6928E+00 3.2713E+02 3.6983E+00 7.1708E-01 2.9235E-032367200200620 
 1.6851E+00 2.0657E-02 1.4020E+02 1.0681E-03 1.0292E+02 7.7174E-042367200200621 
 3.6928E+00 3.6817E+00 3.2762E+02 3.6872E+00 7.1673E-01 2.9192E-032367200200622 
 1.6875E+00 2.0637E-02 1.4041E+02 1.0665E-03 1.0312E+02 7.7022E-042367200200623 
 3.6817E+00 3.6707E+00 3.2811E+02 3.6762E+00 7.1904E-01 2.9457E-032367200200624 
 1.6713E+00 2.0758E-02 1.3907E+02 1.0768E-03 1.0181E+02 7.8018E-042367200200625 
 3.6707E+00 3.6598E+00 3.2860E+02 3.6653E+00 7.1701E-01 2.9063E-032367200200626 
 1.6856E+00 2.0538E-02 1.4184E+02 1.0557E-03 1.0413E+02 7.6275E-042367200200627 
 3.6598E+00 3.6489E+00 3.2908E+02 3.6543E+00 7.1462E-01 2.8867E-032367200200628 
 1.7025E+00 2.0468E-02 1.4251E+02 1.0508E-03 1.0497E+02 7.5663E-042367200200629 
 3.6489E+00 3.6380E+00 3.2957E+02 3.6435E+00 7.2247E-01 3.0044E-032367200200630 
 1.6471E+00 2.1071E-02 1.3536E+02 1.1063E-03 9.8619E+01 8.0538E-042367200200631 
 3.6380E+00 3.6272E+00 3.3006E+02 3.6326E+00 7.2359E-01 2.9171E-032367200200632 
 1.6393E+00 2.0427E-02 1.4410E+02 1.0392E-03 1.0483E+02 7.5769E-042367200200633 
 3.6272E+00 3.6165E+00 3.3055E+02 3.6218E+00 7.1027E-01 2.8957E-032367200200634 
 1.7335E+00 2.0657E-02 1.3943E+02 1.0740E-03 1.0333E+02 7.6868E-042367200200635 
 3.6165E+00 3.6058E+00 3.3104E+02 3.6111E+00 7.1088E-01 2.9854E-032367200200636 
 1.7291E+00 2.1279E-02 1.3150E+02 1.1388E-03 9.7367E+01 8.1574E-042367200200637 
 3.6058E+00 3.5951E+00 3.3152E+02 3.6004E+00 7.0140E-01 2.9337E-032367200200638 
 1.7971E+00 2.1193E-02 1.3154E+02 1.1384E-03 9.8715E+01 8.0460E-042367200200639 
 3.5951E+00 3.5845E+00 3.3201E+02 3.5898E+00 6.8280E-01 2.8258E-032367200200640 
 1.9333E+00 2.0970E-02 1.3228E+02 1.1320E-03 1.0197E+02 7.7890E-042367200200641 
 3.5845E+00 3.5739E+00 3.3250E+02 3.5792E+00 6.6703E-01 2.7827E-032367200200642 
 2.0517E+00 2.1138E-02 1.2848E+02 1.1655E-03 1.0138E+02 7.8345E-042367200200643 
 3.5739E+00 3.5634E+00 3.3299E+02 3.5687E+00 6.6716E-01 2.7900E-032367200200644 
 2.0507E+00 2.1189E-02 1.2792E+02 1.1707E-03 1.0092E+02 7.8705E-042367200200645 
 3.5634E+00 3.5529E+00 3.3348E+02 3.5582E+00 6.7528E-01 2.7275E-032367200200646 
 1.9894E+00 2.0465E-02 1.3803E+02 1.0849E-03 1.0759E+02 7.3825E-042367200200647 
 3.5529E+00 3.5425E+00 3.3397E+02 3.5477E+00 6.9473E-01 2.8154E-032367200200648 
 1.8455E+00 2.0534E-02 1.3931E+02 1.0749E-03 1.0555E+02 7.5248E-042367200200649 
 3.5425E+00 3.5321E+00 3.3445E+02 3.5373E+00 7.0460E-01 2.9073E-032367200200650 
 1.7741E+00 2.0907E-02 1.3551E+02 1.1050E-03 1.0124E+02 7.8457E-042367200200651 
 3.5321E+00 3.5218E+00 3.3494E+02 3.5270E+00 6.9623E-01 2.8798E-032367200200652 
 1.8346E+00 2.0958E-02 1.3394E+02 1.1180E-03 1.0126E+02 7.8439E-042367200200653 
 3.5218E+00 3.5115E+00 3.3543E+02 3.5167E+00 6.7035E-01 2.6625E-032367200200654 
 2.0265E+00 2.0125E-02 1.4214E+02 1.0535E-03 1.1161E+02 7.1164E-042367200200655 
 3.5115E+00 3.5013E+00 3.3592E+02 3.5064E+00 6.6497E-01 2.5692E-032367200200656 
 2.0674E+00 1.9577E-02 1.4951E+02 1.0016E-03 1.1835E+02 6.7111E-042367200200657 
 3.5013E+00 3.4911E+00 3.3641E+02 3.4962E+00 6.9903E-01 2.8005E-032367200200658 
 1.8143E+00 2.0300E-02 1.4306E+02 1.0468E-03 1.0772E+02 7.3731E-042367200200659 
 3.4911E+00 3.4809E+00 3.3690E+02 3.4860E+00 7.2066E-01 2.9325E-032367200200660 
 1.6598E+00 2.0618E-02 1.4112E+02 1.0611E-03 1.0308E+02 7.7054E-042367200200661 
 3.4809E+00 3.4708E+00 3.3738E+02 3.4759E+00 7.3321E-01 2.8578E-032367200200662 
 1.5723E+00 1.9749E-02 1.5533E+02 9.6405E-04 1.1152E+02 7.1222E-042367200200663 
 3.4708E+00 3.4607E+00 3.3787E+02 3.4658E+00 7.3126E-01 2.8790E-032367200200664 
 1.5858E+00 1.9948E-02 1.5207E+02 9.8473E-04 1.0947E+02 7.2557E-042367200200665 
 3.4607E+00 3.4507E+00 3.3836E+02 3.4557E+00 7.4128E-01 2.8380E-032367200200666 
 1.5169E+00 1.9399E-02 1.6199E+02 9.2444E-04 1.1503E+02 6.9046E-042367200200667 
 3.4507E+00 3.4407E+00 3.3885E+02 3.4457E+00 7.3538E-01 2.8253E-032367200200668 
 1.5574E+00 1.9467E-02 1.6015E+02 9.3505E-04 1.1464E+02 6.9283E-042367200200669 
 3.4407E+00 3.4308E+00 3.3934E+02 3.4358E+00 7.3992E-01 2.8228E-032367200200670 
 1.5262E+00 1.9330E-02 1.6298E+02 9.1882E-04 1.1595E+02 6.8500E-042367200200671 
 3.4308E+00 3.4209E+00 3.3983E+02 3.4259E+00 7.3802E-01 2.8305E-032367200200672 
 1.5392E+00 1.9433E-02 1.6101E+02 9.3005E-04 1.1484E+02 6.9160E-042367200200673 
 3.4209E+00 3.4111E+00 3.4031E+02 3.4160E+00 7.3964E-01 2.8558E-032367200200674 
 1.5281E+00 1.9564E-02 1.5908E+02 9.4136E-04 1.1322E+02 7.0154E-042367200200675 
 3.4111E+00 3.4013E+00 3.4080E+02 3.4062E+00 7.3214E-01 2.8171E-032367200200676 
 1.5797E+00 1.9496E-02 1.5924E+02 9.4038E-04 1.1449E+02 6.9372E-042367200200677 
 3.4013E+00 3.3915E+00 3.4129E+02 3.3964E+00 7.3888E-01 2.9012E-032367200200678 
 1.5334E+00 1.9895E-02 1.5375E+02 9.7400E-04 1.0953E+02 7.2512E-042367200200679 
 3.3915E+00 3.3818E+00 3.4178E+02 3.3866E+00 7.3629E-01 2.9642E-032367200200680 
 1.5511E+00 2.0399E-02 1.4599E+02 1.0258E-03 1.0437E+02 7.6100E-042367200200681 
 3.3818E+00 3.3721E+00 3.4227E+02 3.3769E+00 7.3396E-01 3.0480E-032367200200682 
 1.5672E+00 2.1042E-02 1.3695E+02 1.0935E-03 9.8218E+01 8.0867E-042367200200683 
 3.3721E+00 3.3625E+00 3.4276E+02 3.3673E+00 7.3379E-01 3.0275E-032367200200684 
 1.5684E+00 2.0905E-02 1.3872E+02 1.0795E-03 9.9511E+01 7.9817E-042367200200685 
 3.3625E+00 3.3529E+00 3.4324E+02 3.3577E+00 7.3814E-01 3.0364E-032367200200686 
 1.5384E+00 2.0843E-02 1.4003E+02 1.0694E-03 9.9857E+01 7.9540E-042367200200687 
 3.3529E+00 3.3433E+00 3.4373E+02 3.3481E+00 7.3868E-01 2.9997E-032367200200688 
 1.5347E+00 2.0576E-02 1.4375E+02 1.0417E-03 1.0244E+02 7.7536E-042367200200689 
 3.3433E+00 3.3338E+00 3.4422E+02 3.3385E+00 7.3083E-01 2.9095E-032367200200690 
 1.5888E+00 2.0172E-02 1.4864E+02 1.0075E-03 1.0706E+02 7.4189E-042367200200691 
 3.3338E+00 3.3243E+00 3.4471E+02 3.3291E+00 7.3455E-01 2.9688E-032367200200692 
 1.5631E+00 2.0479E-02 1.4462E+02 1.0354E-03 1.0364E+02 7.6637E-042367200200693 
 3.3243E+00 3.3149E+00 3.4520E+02 3.3196E+00 7.2878E-01 3.1008E-032367200200694 
 1.6031E+00 2.1558E-02 1.2994E+02 1.1525E-03 9.3850E+01 8.4631E-042367200200695 
 3.3149E+00 3.3055E+00 3.4569E+02 3.3102E+00 7.3308E-01 3.1154E-032367200200696 
 1.5733E+00 2.1533E-02 1.3074E+02 1.1454E-03 9.3874E+01 8.4610E-042367200200697 
 3.3055E+00 3.2961E+00 3.4617E+02 3.3008E+00 7.2439E-01 3.1233E-032367200200698 
 1.6337E+00 2.1847E-02 1.2611E+02 1.1875E-03 9.1635E+01 8.6677E-042367200200699 
 3.2961E+00 3.2868E+00 3.4666E+02 3.2915E+00 7.2637E-01 3.0667E-032367200200700 
 1.6199E+00 2.1392E-02 1.3170E+02 1.1370E-03 9.5439E+01 8.3222E-042367200200701 
 3.2868E+00 3.2775E+00 3.4715E+02 3.2822E+00 7.2507E-01 3.0406E-032367200200702 
 1.6289E+00 2.1248E-02 1.3338E+02 1.1227E-03 9.6831E+01 8.2026E-042367200200703 
 3.2775E+00 3.2683E+00 3.4764E+02 3.2729E+00 7.2551E-01 3.0437E-032367200200704 
 1.6258E+00 2.1257E-02 1.3331E+02 1.1233E-03 9.6723E+01 8.2118E-042367200200705 
 3.2683E+00 3.2591E+00 3.4813E+02 3.2637E+00 7.2330E-01 3.0940E-032367200200706 
 1.6413E+00 2.1674E-02 1.2801E+02 1.1698E-03 9.3158E+01 8.5260E-042367200200707 
 3.2591E+00 3.2500E+00 3.4861E+02 3.2545E+00 7.1823E-01 2.9677E-032367200200708 
 1.6770E+00 2.0936E-02 1.3662E+02 1.0961E-03 1.0013E+02 7.9324E-042367200200709 
 3.2500E+00 3.2408E+00 3.4910E+02 3.2454E+00 7.0572E-01 2.7980E-032367200200710 
 1.7660E+00 2.0089E-02 1.4686E+02 1.0197E-03 1.0954E+02 7.2510E-042367200200711 
 3.2408E+00 3.2318E+00 3.4959E+02 3.2363E+00 6.9656E-01 2.8284E-032367200200712 
 1.8322E+00 2.0574E-02 1.3900E+02 1.0773E-03 1.0504E+02 7.5617E-042367200200713 
 3.2318E+00 3.2227E+00 3.5008E+02 3.2272E+00 6.9382E-01 2.8266E-032367200200714 
 1.8521E+00 2.0643E-02 1.3775E+02 1.0871E-03 1.0450E+02 7.6005E-042367200200715 
 3.2227E+00 3.2137E+00 3.5057E+02 3.2182E+00 6.7603E-01 2.7463E-032367200200716 
 1.9837E+00 2.0583E-02 1.3654E+02 1.0967E-03 1.0631E+02 7.4714E-042367200200717 
 3.2137E+00 3.2047E+00 3.5106E+02 3.2092E+00 6.7818E-01 2.7642E-032367200200718 
 1.9677E+00 2.0652E-02 1.3587E+02 1.1022E-03 1.0545E+02 7.5321E-042367200200719 
 3.2047E+00 3.1958E+00 3.5154E+02 3.2003E+00 6.8748E-01 2.7728E-032367200200720 
 1.8987E+00 2.0436E-02 1.3981E+02 1.0711E-03 1.0704E+02 7.4201E-042367200200721 
 3.1958E+00 3.1869E+00 3.5203E+02 3.1914E+00 6.9434E-01 2.7566E-032367200200722 
 1.8484E+00 2.0116E-02 1.4510E+02 1.0321E-03 1.1000E+02 7.2208E-042367200200723 
 3.1869E+00 3.1781E+00 3.5252E+02 3.1825E+00 7.0045E-01 2.8014E-032367200200724 
 1.8040E+00 2.0264E-02 1.4377E+02 1.0416E-03 1.0804E+02 7.3514E-042367200200725 
 3.1781E+00 3.1692E+00 3.5301E+02 3.1737E+00 7.0522E-01 2.8112E-032367200200726 
 1.7696E+00 2.0198E-02 1.4523E+02 1.0311E-03 1.0840E+02 7.3273E-042367200200727 
 3.1692E+00 3.1605E+00 3.5350E+02 3.1649E+00 7.0377E-01 2.8184E-032367200200728 
 1.7800E+00 2.0292E-02 1.4371E+02 1.0420E-03 1.0748E+02 7.3896E-042367200200729 
 3.1605E+00 3.1517E+00 3.5399E+02 3.1561E+00 7.1260E-01 2.9562E-032367200200730 
 1.7169E+00 2.1020E-02 1.3490E+02 1.1101E-03 9.9643E+01 7.9711E-042367200200731 
 3.1517E+00 3.1430E+00 3.5447E+02 3.1474E+00 7.1151E-01 2.8615E-032367200200732 
 1.7246E+00 2.0378E-02 1.4340E+02 1.0443E-03 1.0609E+02 7.4869E-042367200200733 
 3.1430E+00 3.1343E+00 3.5496E+02 3.1387E+00 7.1457E-01 2.8673E-032367200200734 
 1.7028E+00 2.0332E-02 1.4444E+02 1.0367E-03 1.0640E+02 7.4647E-042367200200735 
 3.1343E+00 3.1257E+00 3.5545E+02 3.1300E+00 7.1545E-01 2.8715E-032367200200736 
 1.6966E+00 2.0336E-02 1.4448E+02 1.0365E-03 1.0630E+02 7.4719E-042367200200737 
 3.1257E+00 3.1171E+00 3.5594E+02 3.1214E+00 7.1947E-01 2.8544E-032367200200738 
 1.6682E+00 2.0102E-02 1.4830E+02 1.0098E-03 1.0850E+02 7.3203E-042367200200739 
 3.1171E+00 3.1085E+00 3.5643E+02 3.1128E+00 7.2099E-01 2.7906E-032367200200740 
 1.6576E+00 1.9611E-02 1.5598E+02 9.6004E-04 1.1388E+02 6.9744E-042367200200741 
 3.1085E+00 3.1000E+00 3.5692E+02 3.1043E+00 7.1676E-01 2.7991E-032367200200742 
 1.6873E+00 1.9787E-02 1.5273E+02 9.8046E-04 1.1217E+02 7.0810E-042367200200743 
 3.1000E+00 3.0915E+00 3.5740E+02 3.0958E+00 7.1615E-01 2.7735E-032367200200744 
 1.6917E+00 1.9623E-02 1.5520E+02 9.6488E-04 1.1408E+02 6.9625E-042367200200745 
 3.0915E+00 3.0830E+00 3.5789E+02 3.0873E+00 7.1252E-01 2.7275E-032367200200746 
 1.7174E+00 1.9396E-02 1.5838E+02 9.4548E-04 1.1701E+02 6.7879E-042367200200747 
 3.0830E+00 3.0746E+00 3.5838E+02 3.0788E+00 7.0954E-01 2.8306E-032367200200748 
 1.7386E+00 2.0213E-02 1.4554E+02 1.0289E-03 1.0797E+02 7.3563E-042367200200749 
 3.0746E+00 3.0662E+00 3.5887E+02 3.0704E+00 7.1068E-01 2.9212E-032367200200750 
 1.7305E+00 2.0827E-02 1.3722E+02 1.0913E-03 1.0163E+02 7.8152E-042367200200751 
 3.0662E+00 3.0579E+00 3.5936E+02 3.0621E+00 7.1676E-01 2.8908E-032367200200752 
 1.6874E+00 2.0436E-02 1.4322E+02 1.0456E-03 1.0518E+02 7.5517E-042367200200753 
 3.0579E+00 3.0496E+00 3.5985E+02 3.0537E+00 7.2203E-01 2.8891E-032367200200754 
 1.6502E+00 2.0274E-02 1.4606E+02 1.0252E-03 1.0649E+02 7.4588E-042367200200755 
 3.0496E+00 3.0413E+00 3.6033E+02 3.0454E+00 7.1611E-01 2.8202E-032367200200756 
 1.6919E+00 1.9954E-02 1.5012E+02 9.9756E-04 1.1034E+02 7.1980E-042367200200757 
 3.0413E+00 3.0330E+00 3.6082E+02 3.0371E+00 7.2660E-01 2.9726E-032367200200758 
 1.6183E+00 2.0729E-02 1.4027E+02 1.0676E-03 1.0162E+02 7.8163E-042367200200759 
 3.0330E+00 3.0248E+00 3.6131E+02 3.0289E+00 7.2645E-01 2.9359E-032367200200760 
 1.6193E+00 2.0478E-02 1.4369E+02 1.0422E-03 1.0412E+02 7.6285E-042367200200761 
 3.0248E+00 3.0166E+00 3.6180E+02 3.0207E+00 7.2388E-01 3.1207E-032367200200762 
 1.6372E+00 2.1843E-02 1.2609E+02 1.1876E-03 9.1689E+01 8.6626E-042367200200763 
 3.0166E+00 3.0085E+00 3.6229E+02 3.0125E+00 7.3268E-01 3.1347E-032367200200764 
 1.5760E+00 2.1678E-02 1.2891E+02 1.1616E-03 9.2615E+01 8.5759E-042367200200765 
 3.0085E+00 3.0003E+00 3.6277E+02 3.0044E+00 7.3086E-01 2.9993E-032367200200766 
 1.5886E+00 2.0793E-02 1.3989E+02 1.0705E-03 1.0075E+02 7.8834E-042367200200767 
 3.0003E+00 2.9922E+00 3.6326E+02 2.9963E+00 7.2700E-01 2.9993E-032367200200768 
 1.6155E+00 2.0904E-02 1.3801E+02 1.0851E-03 9.9926E+01 7.9485E-042367200200769 
 2.9922E+00 2.9842E+00 3.6375E+02 2.9882E+00 7.2880E-01 3.0405E-032367200200770 
 1.6029E+00 2.1139E-02 1.3516E+02 1.1080E-03 9.7617E+01 8.1365E-042367200200771 
 2.9842E+00 2.9762E+00 3.6424E+02 2.9802E+00 7.2093E-01 2.9529E-032367200200772 
 1.6580E+00 2.0754E-02 1.3931E+02 1.0749E-03 1.0172E+02 7.8087E-042367200200773 
 2.9762E+00 2.9682E+00 3.6473E+02 2.9722E+00 7.0300E-01 2.8048E-032367200200774 
 1.7855E+00 2.0216E-02 1.4471E+02 1.0348E-03 1.0835E+02 7.3306E-042367200200775 
 2.9682E+00 2.9602E+00 3.6522E+02 2.9642E+00 6.6484E-01 2.6425E-032367200200776 
 2.0683E+00 2.0139E-02 1.4130E+02 1.0598E-03 1.1187E+02 7.0999E-042367200200777 
 2.9602E+00 2.9523E+00 3.6570E+02 2.9563E+00 6.6325E-01 2.6125E-032367200200778 
 2.0804E+00 1.9958E-02 1.4365E+02 1.0425E-03 1.1400E+02 6.9674E-042367200200779 
 2.9523E+00 2.9444E+00 3.6619E+02 2.9483E+00 6.9065E-01 2.6848E-032367200200780 
 1.8754E+00 1.9697E-02 1.5090E+02 9.9238E-04 1.1501E+02 6.9062E-042367200200781 
 2.9444E+00 2.9365E+00 3.6668E+02 2.9405E+00 7.1720E-01 2.7208E-032367200200782 
 1.6842E+00 1.9222E-02 1.6187E+02 9.2510E-04 1.1881E+02 6.6853E-042367200200783 
 2.9365E+00 2.9287E+00 3.6717E+02 2.9326E+00 7.2747E-01 2.6506E-032367200200784 
 1.6122E+00 1.8462E-02 1.7689E+02 8.4657E-04 1.2800E+02 6.2051E-042367200200785 
 2.9287E+00 2.9209E+00 3.6766E+02 2.9248E+00 7.3617E-01 2.6381E-032367200200786 
 1.5520E+00 1.8157E-02 1.8411E+02 8.1336E-04 1.3166E+02 6.0328E-042367200200787 
 2.9209E+00 2.9131E+00 3.6815E+02 2.9170E+00 7.4047E-01 2.6274E-032367200200788 
 1.5225E+00 1.7979E-02 1.8847E+02 7.9456E-04 1.3399E+02 5.9278E-042367200200789 
 2.9131E+00 2.9054E+00 3.6863E+02 2.9093E+00 7.4196E-01 2.5847E-032367200200790 
 1.5122E+00 1.7651E-02 1.9574E+02 7.6504E-04 1.3888E+02 5.7190E-042367200200791 
 2.9054E+00 2.8977E+00 3.6912E+02 2.9015E+00 7.3774E-01 2.7053E-032367200200792 
 1.5411E+00 1.8580E-02 1.7607E+02 8.5052E-04 1.2563E+02 6.3220E-042367200200793 
 2.8977E+00 2.8900E+00 3.6961E+02 2.8938E+00 7.4002E-01 2.7006E-032367200200794 
 1.5255E+00 1.8491E-02 1.7810E+02 8.4081E-04 1.2669E+02 6.2692E-042367200200795 
 2.8900E+00 2.8824E+00 3.7010E+02 2.8862E+00 7.4241E-01 2.6540E-032367200200796 
 1.5092E+00 1.8114E-02 1.8595E+02 8.0530E-04 1.3186E+02 6.0237E-042367200200797 
 2.8824E+00 2.8747E+00 3.7059E+02 2.8786E+00 7.4450E-01 2.6727E-032367200200798 
 1.4950E+00 1.8190E-02 1.8472E+02 8.1069E-04 1.3061E+02 6.0810E-042367200200799 
 2.8747E+00 2.8672E+00 3.7108E+02 2.8710E+00 7.4175E-01 2.6595E-032367200200800 
 1.5137E+00 1.8167E-02 1.8475E+02 8.1055E-04 1.3112E+02 6.0575E-042367200200801 
 2.8672E+00 2.8596E+00 3.7156E+02 2.8634E+00 7.4532E-01 2.8176E-032367200200802 
 1.4894E+00 1.9154E-02 1.6668E+02 8.9840E-04 1.1773E+02 6.7466E-042367200200803 
 2.8596E+00 2.8521E+00 3.7205E+02 2.8558E+00 7.4656E-01 2.8255E-032367200200804 
 1.4810E+00 1.9177E-02 1.6645E+02 8.9964E-04 1.1737E+02 6.7671E-042367200200805 
 2.8521E+00 2.8446E+00 3.7254E+02 2.8483E+00 7.5018E-01 2.7057E-032367200200806 
 1.4565E+00 1.8275E-02 1.8380E+02 8.1473E-04 1.2898E+02 6.1579E-042367200200807 
 2.8446E+00 2.8371E+00 3.7303E+02 2.8409E+00 7.4769E-01 2.5333E-032367200200808 
 1.4733E+00 1.7167E-02 2.0782E+02 7.2058E-04 1.4632E+02 5.4282E-042367200200809 
 2.8371E+00 2.8297E+00 3.7352E+02 2.8334E+00 7.5139E-01 2.5879E-032367200200810 
 1.4483E+00 1.7451E-02 2.0171E+02 7.4241E-04 1.4132E+02 5.6203E-042367200200811 
 2.8297E+00 2.8223E+00 3.7401E+02 2.8260E+00 7.4813E-01 2.6198E-032367200200812 
 1.4703E+00 1.7743E-02 1.9462E+02 7.6942E-04 1.3695E+02 5.7996E-042367200200813 
 2.8223E+00 2.8149E+00 3.7449E+02 2.8186E+00 7.5356E-01 2.6175E-032367200200814 
 1.4337E+00 1.7600E-02 1.9869E+02 7.5370E-04 1.3880E+02 5.7222E-042367200200815 
 2.8149E+00 2.8076E+00 3.7498E+02 2.8112E+00 7.5580E-01 2.6033E-032367200200816 
 1.4186E+00 1.7453E-02 2.0236E+02 7.4000E-04 1.4095E+02 5.6349E-042367200200817 
 2.8076E+00 2.8002E+00 3.7547E+02 2.8039E+00 7.5507E-01 2.6493E-032367200200818 
 1.4235E+00 1.7778E-02 1.9492E+02 7.6827E-04 1.3590E+02 5.8445E-042367200200819 
 2.8002E+00 2.7929E+00 3.7596E+02 2.7966E+00 7.6246E-01 2.7504E-032367200200820 
 1.3741E+00 1.8278E-02 1.8553E+02 8.0714E-04 1.2810E+02 6.2005E-042367200200821 
 2.7929E+00 2.7857E+00 3.7645E+02 2.7893E+00 7.6187E-01 2.8365E-032367200200822 
 1.3781E+00 1.8864E-02 1.7410E+02 8.6012E-04 1.2030E+02 6.6024E-042367200200823 
 2.7857E+00 2.7784E+00 3.7694E+02 2.7821E+00 7.7062E-01 2.8282E-032367200200824 
 1.3202E+00 1.8596E-02 1.8036E+02 8.3029E-04 1.2321E+02 6.4465E-042367200200825 
 2.7784E+00 2.7712E+00 3.7742E+02 2.7748E+00 7.6918E-01 3.0610E-032367200200826 
 1.3297E+00 2.0164E-02 1.5327E+02 9.7703E-04 1.0490E+02 7.5719E-042367200200827 
 2.7712E+00 2.7641E+00 3.7791E+02 2.7676E+00 7.7882E-01 3.1364E-032367200200828 
 1.2666E+00 2.0405E-02 1.5080E+02 9.9301E-04 1.0193E+02 7.7921E-042367200200829 
 2.7641E+00 2.7569E+00 3.7840E+02 2.7605E+00 7.7665E-01 2.9263E-032367200200830 
 1.2807E+00 1.9091E-02 1.7191E+02 8.7108E-04 1.1653E+02 6.8162E-042367200200831 
 2.7569E+00 2.7498E+00 3.7889E+02 2.7533E+00 7.7990E-01 2.7579E-032367200200832 
 1.2596E+00 1.7918E-02 1.9562E+02 7.6549E-04 1.3205E+02 6.0148E-042367200200833 
 2.7498E+00 2.7427E+00 3.7938E+02 2.7462E+00 7.8281E-01 2.7420E-032367200200834 
 1.2407E+00 1.7748E-02 1.9985E+02 7.4932E-04 1.3440E+02 5.9097E-042367200200835 
 2.7007E+00 2.6938E+00 3.8279E+02 2.6972E+00 7.4295E-01 2.5795E-032367200200836 
 1.5055E+00 1.7592E-02 1.9720E+02 7.5937E-04 1.3973E+02 5.6842E-042367200200837 
 2.6938E+00 2.6869E+00 3.8328E+02 2.6903E+00 7.5022E-01 2.6648E-032367200200838 
 1.4562E+00 1.7998E-02 1.8949E+02 7.9026E-04 1.3297E+02 5.9733E-042367200200839 
 2.6869E+00 2.6800E+00 3.8377E+02 2.6835E+00 7.5423E-01 2.7512E-032367200200840 
 1.4292E+00 1.8483E-02 1.8026E+02 8.3076E-04 1.2581E+02 6.3130E-042367200200841 
 2.6800E+00 2.6732E+00 3.8426E+02 2.6766E+00 7.5275E-01 2.6136E-032367200200842 
 1.4391E+00 1.7592E-02 1.9871E+02 7.5362E-04 1.3897E+02 5.7155E-042367200200843 
 2.6732E+00 2.6664E+00 3.8475E+02 2.6698E+00 7.6250E-01 2.8525E-032367200200844 
 1.3739E+00 1.8955E-02 1.7253E+02 8.6793E-04 1.1912E+02 6.6679E-042367200200845 
 2.6664E+00 2.6596E+00 3.8524E+02 2.6630E+00 7.5794E-01 2.7607E-032367200200846 
 1.4043E+00 1.8455E-02 1.8130E+02 8.2596E-04 1.2593E+02 6.3074E-042367200200847 
 2.6596E+00 2.6529E+00 3.8572E+02 2.6563E+00 7.5432E-01 2.4831E-032367200200848 
 1.4285E+00 1.6680E-02 2.2128E+02 6.7675E-04 1.5443E+02 5.1431E-042367200200849 
 2.6529E+00 2.6462E+00 3.8621E+02 2.6495E+00 7.5638E-01 2.4941E-032367200200850 
 1.4147E+00 1.6708E-02 2.2092E+02 6.7783E-04 1.5376E+02 5.1654E-042367200200851 
 2.6462E+00 2.6395E+00 3.8670E+02 2.6428E+00 7.5952E-01 2.6757E-032367200200852 
 1.3937E+00 1.7850E-02 1.9404E+02 7.7173E-04 1.3449E+02 5.9055E-042367200200853 
 2.6395E+00 2.6328E+00 3.8719E+02 2.6361E+00 7.5194E-01 2.6277E-032367200200854 
 1.4445E+00 1.7706E-02 1.9603E+02 7.6390E-04 1.3724E+02 5.7873E-042367200200855 
 2.6328E+00 2.6261E+00 3.8768E+02 2.6295E+00 7.5051E-01 2.6755E-032367200200856 
 1.4542E+00 1.8063E-02 1.8822E+02 7.9561E-04 1.3202E+02 6.0160E-042367200200857 
 2.6261E+00 2.6195E+00 3.8817E+02 2.6228E+00 7.5622E-01 2.6606E-032367200200858 
 1.4158E+00 1.7827E-02 1.9405E+02 7.7171E-04 1.3509E+02 5.8797E-042367200200859 
 2.6195E+00 2.6129E+00 3.8865E+02 2.6162E+00 7.5578E-01 2.6956E-032367200200860 
 1.4187E+00 1.8072E-02 1.8878E+02 7.9325E-04 1.3149E+02 6.0403E-042367200200861 
 2.6129E+00 2.6064E+00 3.8914E+02 2.6096E+00 7.5868E-01 2.7271E-032367200200862 
 1.3994E+00 1.8213E-02 1.8629E+02 8.0385E-04 1.2926E+02 6.1445E-042367200200863 
 2.6064E+00 2.5998E+00 3.8963E+02 2.6031E+00 7.4974E-01 2.6347E-032367200200864 
 1.4594E+00 1.7806E-02 1.9355E+02 7.7369E-04 1.3590E+02 5.8443E-042367200200865 
 2.5998E+00 2.5933E+00 3.9012E+02 2.5965E+00 7.5441E-01 2.4625E-032367200200866 
 1.4280E+00 1.6539E-02 2.2504E+02 6.6543E-04 1.5704E+02 5.0577E-042367200200867 
 2.5933E+00 2.5868E+00 3.9061E+02 2.5900E+00 7.5625E-01 2.4600E-032367200200868 
 1.4156E+00 1.6482E-02 2.2695E+02 6.5984E-04 1.5799E+02 5.0274E-042367200200869 
 2.5868E+00 2.5803E+00 3.9110E+02 2.5836E+00 7.5056E-01 2.4663E-032367200200870 
 1.4539E+00 1.6649E-02 2.2143E+02 6.7629E-04 1.5531E+02 5.1140E-042367200200871 
 2.5803E+00 2.5739E+00 3.9158E+02 2.5771E+00 7.4726E-01 2.4040E-032367200200872 
 1.4762E+00 1.6300E-02 2.3042E+02 6.4990E-04 1.6233E+02 4.8929E-042367200200873 
 2.5739E+00 2.5674E+00 3.9207E+02 2.5707E+00 7.5174E-01 2.4984E-032367200200874 
 1.4459E+00 1.6839E-02 2.1667E+02 6.9114E-04 1.5173E+02 5.2346E-042367200200875 
 2.5674E+00 2.5610E+00 3.9256E+02 2.5642E+00 7.5110E-01 2.5614E-032367200200876 
 1.4502E+00 1.7279E-02 2.0571E+02 7.2794E-04 1.4418E+02 5.5087E-042367200200877 
 2.5610E+00 2.5547E+00 3.9305E+02 2.5579E+00 7.4994E-01 2.5380E-032367200200878 
 1.4581E+00 1.7148E-02 2.0868E+02 7.1761E-04 1.4649E+02 5.4220E-042367200200879 
 2.5547E+00 2.5483E+00 3.9354E+02 2.5515E+00 7.5115E-01 2.6045E-032367200200880 
 1.4499E+00 1.7569E-02 1.9900E+02 7.5251E-04 1.3947E+02 5.6950E-042367200200881 
 2.5483E+00 2.5420E+00 3.9402E+02 2.5451E+00 7.5204E-01 2.7402E-032367200200882 
 1.4439E+00 1.8462E-02 1.8037E+02 8.3024E-04 1.2626E+02 6.2908E-042367200200883 
 2.5420E+00 2.5357E+00 3.9451E+02 2.5388E+00 7.4812E-01 2.6956E-032367200200884 
 1.4704E+00 1.8257E-02 1.8389E+02 8.1435E-04 1.2940E+02 6.1382E-042367200200885 
 2.5357E+00 2.5294E+00 3.9500E+02 2.5325E+00 7.4749E-01 2.5555E-032367200200886 
 1.4747E+00 1.7323E-02 2.0410E+02 7.3372E-04 1.4374E+02 5.5257E-042367200200887 
 2.5294E+00 2.5231E+00 3.9549E+02 2.5263E+00 7.5330E-01 2.4711E-032367200200888 
 1.4354E+00 1.6621E-02 2.2265E+02 6.7257E-04 1.5560E+02 5.1044E-042367200200889 
 2.5231E+00 2.5169E+00 3.9598E+02 2.5200E+00 7.4364E-01 2.4483E-032367200200890 
 1.5008E+00 1.6682E-02 2.1939E+02 6.8256E-04 1.5532E+02 5.1138E-042367200200891 
 2.5169E+00 2.5107E+00 3.9647E+02 2.5138E+00 7.2297E-01 2.5410E-032367200200892 
 1.6437E+00 1.7809E-02 1.8940E+02 7.9064E-04 1.3791E+02 5.7592E-042367200200893 
 2.5107E+00 2.5045E+00 3.9695E+02 2.5076E+00 7.3632E-01 2.6548E-032367200200894 
 1.5510E+00 1.8269E-02 1.8196E+02 8.2300E-04 1.3009E+02 6.1056E-042367200200895 
 2.5045E+00 2.4983E+00 3.9744E+02 2.5014E+00 7.5298E-01 2.7221E-032367200200896 
 1.4376E+00 1.8317E-02 1.8334E+02 8.1678E-04 1.2818E+02 6.1965E-042367200200897 
 2.4983E+00 2.4922E+00 3.9793E+02 2.4953E+00 7.5559E-01 2.7596E-032367200200898 
 1.4200E+00 1.8505E-02 1.8002E+02 8.3184E-04 1.2542E+02 6.3326E-042367200200899 
 2.4922E+00 2.4861E+00 3.9842E+02 2.4891E+00 7.5127E-01 2.4801E-032367200200900 
 1.4491E+00 1.6727E-02 2.1947E+02 6.8232E-04 1.5379E+02 5.1645E-042367200200901 
 2.4861E+00 2.4800E+00 3.9891E+02 2.4830E+00 7.5394E-01 2.4221E-032367200200902 
 1.4311E+00 1.6278E-02 2.3223E+02 6.4482E-04 1.6216E+02 4.8979E-042367200200903 
 2.4800E+00 2.4739E+00 3.9940E+02 2.4769E+00 7.4678E-01 2.4971E-032367200200904 
 1.4795E+00 1.6943E-02 2.1325E+02 7.0223E-04 1.5033E+02 5.2834E-042367200200905 
 2.4739E+00 2.4678E+00 3.9988E+02 2.4709E+00 7.4800E-01 2.6194E-032367200200906 
 1.4712E+00 1.7743E-02 1.9461E+02 7.6950E-04 1.3696E+02 5.7992E-042367200200907 
 2.4678E+00 2.4618E+00 4.0037E+02 2.4648E+00 7.5235E-01 2.4928E-032367200200908 
 1.4418E+00 1.6788E-02 2.1811E+02 6.8659E-04 1.5262E+02 5.2043E-042367200200909 
 2.4618E+00 2.4558E+00 4.0086E+02 2.4588E+00 7.5047E-01 2.3807E-032367200200910 
 1.4545E+00 1.6073E-02 2.3757E+02 6.3033E-04 1.6666E+02 4.7659E-042367200200911 
 2.4558E+00 2.4498E+00 4.0135E+02 2.4528E+00 7.4548E-01 2.3357E-032367200200912 
 1.4883E+00 1.5876E-02 2.4252E+02 6.1748E-04 1.7126E+02 4.6376E-042367200200913 
 2.4498E+00 2.4438E+00 4.0184E+02 2.4468E+00 7.5211E-01 2.5987E-032367200200914 
 1.4434E+00 1.7507E-02 2.0055E+02 7.4669E-04 1.4038E+02 5.6581E-042367200200915 
 2.4438E+00 2.4379E+00 4.0233E+02 2.4409E+00 7.5457E-01 2.7924E-032367200200916 
 1.4269E+00 1.8751E-02 1.7520E+02 8.5475E-04 1.2223E+02 6.4983E-042367200200917 
 2.4379E+00 2.4320E+00 4.0281E+02 2.4349E+00 7.5033E-01 2.6219E-032367200200918 
 1.4554E+00 1.7705E-02 1.9582E+02 7.6475E-04 1.3739E+02 5.7813E-042367200200919 
 2.4320E+00 2.4261E+00 4.0330E+02 2.4290E+00 7.4949E-01 2.6030E-032367200200920 
 1.4611E+00 1.7598E-02 1.9809E+02 7.5595E-04 1.3914E+02 5.7084E-042367200200921 
 2.4261E+00 2.4202E+00 4.0379E+02 2.4231E+00 7.4482E-01 2.5362E-032367200200922 
 1.4928E+00 1.7253E-02 2.0531E+02 7.2937E-04 1.4511E+02 5.4733E-042367200200923 
 2.4202E+00 2.4143E+00 4.0428E+02 2.4173E+00 7.4797E-01 2.7279E-032367200200924 
 1.4714E+00 1.8480E-02 1.7945E+02 8.3448E-04 1.2630E+02 6.2887E-042367200200925 
 2.4143E+00 2.4085E+00 4.0477E+02 2.4114E+00 7.5094E-01 2.8503E-032367200200926 
 1.4513E+00 1.9232E-02 1.6609E+02 9.0160E-04 1.1643E+02 6.8217E-042367200200927 
 2.4085E+00 2.4027E+00 4.0526E+02 2.4056E+00 7.4855E-01 2.6736E-032367200200928 
 1.4675E+00 1.8098E-02 1.8718E+02 8.0002E-04 1.3164E+02 6.0336E-042367200200929 
 2.4027E+00 2.3969E+00 4.0574E+02 2.3998E+00 7.5072E-01 2.5859E-032367200200930 
 1.4528E+00 1.7454E-02 2.0156E+02 7.4293E-04 1.4135E+02 5.6192E-042367200200931 
 2.3969E+00 2.3911E+00 4.0623E+02 2.3940E+00 7.4763E-01 2.7242E-032367200200932 
 1.4737E+00 1.8463E-02 1.7972E+02 8.3322E-04 1.2655E+02 6.2764E-042367200200933 
 2.3911E+00 2.3854E+00 4.0672E+02 2.3882E+00 7.4685E-01 2.6388E-032367200200934 
 1.4790E+00 1.7903E-02 1.9101E+02 7.8399E-04 1.3464E+02 5.8993E-042367200200935 
 2.3854E+00 2.3796E+00 4.0721E+02 2.3825E+00 7.4666E-01 2.5600E-032367200200936 
 1.4803E+00 1.7372E-02 2.0282E+02 7.3834E-04 1.4300E+02 5.5543E-042367200200937 
 2.3796E+00 2.3739E+00 4.0770E+02 2.3768E+00 7.5027E-01 2.3761E-032367200200938 
 1.4558E+00 1.6047E-02 2.3832E+02 6.2835E-04 1.6723E+02 4.7496E-042367200200939 
 2.3739E+00 2.3682E+00 4.0819E+02 2.3711E+00 7.4559E-01 2.3048E-032367200200940 
 1.4875E+00 1.5663E-02 2.4924E+02 6.0082E-04 1.7599E+02 4.5131E-042367200200941 
 2.3682E+00 2.3626E+00 4.0867E+02 2.3654E+00 7.4833E-01 2.4126E-032367200200942 
 1.4689E+00 1.6335E-02 2.2962E+02 6.5217E-04 1.6154E+02 4.9169E-042367200200943 
 2.3626E+00 2.3569E+00 4.0916E+02 2.3597E+00 7.4726E-01 2.6532E-032367200200944 
 1.4762E+00 1.7990E-02 1.8921E+02 7.9145E-04 1.3329E+02 5.9587E-042367200200945 
 2.3569E+00 2.3513E+00 4.0965E+02 2.3541E+00 7.4215E-01 2.5333E-032367200200946 
 1.5110E+00 1.7296E-02 2.0386E+02 7.3458E-04 1.4460E+02 5.4927E-042367200200947 
 2.3513E+00 2.3457E+00 4.1014E+02 2.3485E+00 7.4458E-01 2.4954E-032367200200948 
 1.4944E+00 1.6982E-02 2.1191E+02 7.0667E-04 1.4983E+02 5.3013E-042367200200949 
 2.3457E+00 2.3401E+00 4.1063E+02 2.3429E+00 7.3878E-01 2.6472E-032367200200950 
 1.5340E+00 1.8156E-02 1.8458E+02 8.1131E-04 1.3152E+02 6.0390E-042367200200951 
 2.3401E+00 2.3345E+00 4.1111E+02 2.3373E+00 7.4603E-01 2.6946E-032367200200952 
 1.4845E+00 1.8301E-02 1.8272E+02 8.1956E-04 1.2893E+02 6.1603E-042367200200953 
 2.3345E+00 2.3290E+00 4.1160E+02 2.3317E+00 7.4367E-01 2.5417E-032367200200954 
 1.5006E+00 1.7318E-02 2.0364E+02 7.3537E-04 1.4415E+02 5.5098E-042367200200955 
 2.3290E+00 2.3234E+00 4.1209E+02 2.3262E+00 7.4192E-01 2.5015E-032367200200956 
 1.5125E+00 1.7084E-02 2.0893E+02 7.1674E-04 1.4825E+02 5.3576E-042367200200957 
 2.3234E+00 2.3179E+00 4.1258E+02 2.3207E+00 7.4195E-01 2.6522E-032367200200958 
 1.5123E+00 1.8112E-02 1.8590E+02 8.0554E-04 1.3190E+02 6.0217E-042367200200959 
 2.3179E+00 2.3124E+00 4.1307E+02 2.3152E+00 7.3750E-01 2.6628E-032367200200960 
 1.5428E+00 1.8294E-02 1.8157E+02 8.2475E-04 1.2960E+02 6.1284E-042367200200961 
 2.3124E+00 2.3070E+00 4.1356E+02 2.3097E+00 7.4252E-01 2.7160E-032367200200962 
 1.5084E+00 1.8533E-02 1.7764E+02 8.4300E-04 1.2594E+02 6.3067E-042367200200963 
 2.3070E+00 2.3015E+00 4.1404E+02 2.3042E+00 7.3980E-01 2.5876E-032367200200964 
 1.5270E+00 1.7722E-02 1.9385E+02 7.7249E-04 1.3794E+02 5.7580E-042367200200965 
 2.3015E+00 2.2961E+00 4.1453E+02 2.2988E+00 7.3471E-01 2.4863E-032367200200966 
 1.5620E+00 1.7147E-02 2.0620E+02 7.2624E-04 1.4774E+02 5.3759E-042367200200967 
 2.2961E+00 2.2907E+00 4.1502E+02 2.2934E+00 7.3144E-01 2.4737E-032367200200968 
 1.5846E+00 1.7136E-02 2.0592E+02 7.2720E-04 1.4821E+02 5.3591E-042367200200969 
 2.2907E+00 2.2853E+00 4.1551E+02 2.2880E+00 7.2527E-01 2.4599E-032367200200970 
 1.6276E+00 1.7186E-02 2.0377E+02 7.3489E-04 1.4791E+02 5.3701E-042367200200971 
 2.2853E+00 2.2799E+00 4.1600E+02 2.2826E+00 7.3523E-01 2.6072E-032367200200972 
 1.5584E+00 1.7967E-02 1.8792E+02 7.9689E-04 1.3455E+02 5.9032E-042367200200973 
 2.2799E+00 2.2745E+00 4.1649E+02 2.2772E+00 7.2594E-01 2.5500E-032367200200974 
 1.6228E+00 1.7798E-02 1.9007E+02 7.8786E-04 1.3783E+02 5.7625E-042367200200975 
 2.2745E+00 2.2692E+00 4.1697E+02 2.2719E+00 7.2057E-01 2.4537E-032367200200976 
 1.6605E+00 1.7254E-02 2.0137E+02 7.4364E-04 1.4712E+02 5.3988E-042367200200977 
 2.2692E+00 2.2639E+00 4.1746E+02 2.2665E+00 7.2491E-01 2.4638E-032367200200978 
 1.6300E+00 1.7221E-02 2.0286E+02 7.3818E-04 1.4732E+02 5.3915E-042367200200979 
 2.2639E+00 2.2586E+00 4.1795E+02 2.2612E+00 7.1701E-01 2.2836E-032367200200980 
 1.6856E+00 1.6137E-02 2.2949E+02 6.5253E-04 1.6850E+02 4.7138E-042367200200981 
 2.2586E+00 2.2533E+00 4.1844E+02 2.2559E+00 7.0992E-01 2.2728E-032367200200982 
 1.7359E+00 1.6221E-02 2.2584E+02 6.6307E-04 1.6747E+02 4.7427E-042367200200983 
 2.2533E+00 2.2480E+00 4.1893E+02 2.2507E+00 7.1008E-01 2.2631E-032367200200984 
 1.7348E+00 1.6149E-02 2.2789E+02 6.5711E-04 1.6895E+02 4.7011E-042367200200985 
 2.2480E+00 2.2428E+00 4.1942E+02 2.2454E+00 7.0537E-01 2.2442E-032367200200986 
 1.7685E+00 1.6120E-02 2.2784E+02 6.5725E-04 1.7004E+02 4.6709E-042367200200987 
 2.2428E+00 2.2376E+00 4.1990E+02 2.2402E+00 6.9879E-01 2.2287E-032367200200988 
 1.8160E+00 1.6160E-02 2.2550E+02 6.6408E-04 1.6988E+02 4.6755E-042367200200989 
 2.2376E+00 2.2324E+00 4.2039E+02 2.2350E+00 6.9798E-01 2.2834E-032367200200990 
 1.8219E+00 1.6576E-02 2.1419E+02 6.9913E-04 1.6155E+02 4.9166E-042367200200991 
 2.2324E+00 2.2272E+00 4.2088E+02 2.2298E+00 6.8936E-01 2.2420E-032367200200992 
 1.8848E+00 1.6479E-02 2.1521E+02 6.9584E-04 1.6434E+02 4.8331E-042367200200993 
 2.2272E+00 2.2220E+00 4.2137E+02 2.2246E+00 6.9125E-01 2.1871E-032367200200994 
 1.8710E+00 1.6031E-02 2.2770E+02 6.5766E-04 1.7341E+02 4.5803E-042367200200995 
 2.2220E+00 2.2168E+00 4.2186E+02 2.2194E+00 6.9549E-01 2.1706E-032367200200996 
 1.8399E+00 1.5814E-02 2.3483E+02 6.3769E-04 1.7775E+02 4.4685E-042367200200997 
 2.2168E+00 2.2117E+00 4.2235E+02 2.2143E+00 6.9741E-01 2.3011E-032367200200998 
 1.8260E+00 1.6718E-02 2.1050E+02 7.1140E-04 1.5889E+02 4.9988E-042367200200999 
 2.2117E+00 2.2066E+00 4.2283E+02 2.2092E+00 7.0713E-01 2.3784E-032367200201000 
 1.7559E+00 1.7042E-02 2.0421E+02 7.3332E-04 1.5202E+02 5.2246E-042367200201001 
 2.2066E+00 2.2015E+00 4.2332E+02 2.2040E+00 7.1049E-01 2.2808E-032367200201002 
 1.7319E+00 1.6266E-02 2.2472E+02 6.6637E-04 1.6651E+02 4.7702E-042367200201003 
 2.2015E+00 2.1964E+00 4.2381E+02 2.1990E+00 7.1898E-01 2.3300E-032367200201004 
 1.6717E+00 1.6420E-02 2.2201E+02 6.7452E-04 1.6255E+02 4.8861E-042367200201005 
 2.1964E+00 2.1913E+00 4.2430E+02 2.1939E+00 7.2401E-01 2.5114E-032367200201006 
 1.6364E+00 1.7576E-02 1.9463E+02 7.6941E-04 1.4151E+02 5.6126E-042367200201007 
 2.1913E+00 2.1863E+00 4.2479E+02 2.1888E+00 7.2456E-01 2.5030E-032367200201008 
 1.6325E+00 1.7504E-02 1.9631E+02 7.6283E-04 1.4263E+02 5.5688E-042367200201009 
 2.1863E+00 2.1813E+00 4.2527E+02 2.1838E+00 7.3378E-01 2.4563E-032367200201010 
 1.5684E+00 1.6961E-02 2.1057E+02 7.1116E-04 1.5107E+02 5.2576E-042367200201011 
 2.1813E+00 2.1763E+00 4.2576E+02 2.1788E+00 7.3614E-01 2.3960E-032367200201012 
 1.5522E+00 1.6492E-02 2.2316E+02 6.7103E-04 1.5959E+02 4.9768E-042367200201013 
 2.1763E+00 2.1713E+00 4.2625E+02 2.1738E+00 7.3827E-01 2.3726E-032367200201014 
 1.5375E+00 1.6284E-02 2.2927E+02 6.5317E-04 1.6349E+02 4.8583E-042367200201015 
 2.1713E+00 2.1663E+00 4.2674E+02 2.1688E+00 7.3703E-01 2.2740E-032367200201016 
 1.5460E+00 1.5633E-02 2.4846E+02 6.0272E-04 1.7747E+02 4.4755E-042367200201017 
 2.1663E+00 2.1613E+00 4.2723E+02 2.1638E+00 7.3710E-01 2.3366E-032367200201018 
 1.5456E+00 1.6062E-02 2.3540E+02 6.3615E-04 1.6813E+02 4.7242E-042367200201019 
 2.1613E+00 2.1564E+00 4.2772E+02 2.1589E+00 7.3646E-01 2.3795E-032367200201020 
 1.5500E+00 1.6371E-02 2.2649E+02 6.6117E-04 1.6190E+02 4.9058E-042367200201021 
 2.1564E+00 2.1515E+00 4.2820E+02 2.1539E+00 7.4081E-01 2.3281E-032367200201022 
 1.5201E+00 1.5924E-02 2.4018E+02 6.2349E-04 1.7068E+02 4.6535E-042367200201023 
 2.1515E+00 2.1465E+00 4.2869E+02 2.1490E+00 7.3679E-01 2.2353E-032367200201024 
 1.5477E+00 1.5372E-02 2.5687E+02 5.8298E-04 1.8354E+02 4.3275E-042367200201025 
 2.1465E+00 2.1417E+00 4.2918E+02 2.1441E+00 7.4052E-01 2.3091E-032367200201026 
 1.5221E+00 1.5800E-02 2.4396E+02 6.1383E-04 1.7344E+02 4.5796E-042367200201027 
 2.1417E+00 2.1368E+00 4.2967E+02 2.1392E+00 7.3765E-01 2.3152E-032367200201028 
 1.5418E+00 1.5903E-02 2.4025E+02 6.2330E-04 1.7146E+02 4.6322E-042367200201029 
 2.1368E+00 2.1319E+00 4.3016E+02 2.1343E+00 7.3896E-01 2.3299E-032367200201030 
 1.5328E+00 1.5976E-02 2.3833E+02 6.2831E-04 1.6980E+02 4.6778E-042367200201031 
 2.1319E+00 2.1271E+00 4.3065E+02 2.1295E+00 7.4346E-01 2.2880E-032367200201032 
 1.5020E+00 1.5593E-02 2.5105E+02 5.9650E-04 1.7777E+02 4.4679E-042367200201033 
 2.1271E+00 2.1223E+00 4.3113E+02 2.1247E+00 7.4220E-01 2.3549E-032367200201034 
 1.5106E+00 1.6077E-02 2.3592E+02 6.3475E-04 1.6734E+02 4.7464E-042367200201035 
 2.1223E+00 2.1174E+00 4.3162E+02 2.1198E+00 7.3768E-01 2.3903E-032367200201036 
 1.5415E+00 1.6418E-02 2.2545E+02 6.6423E-04 1.6089E+02 4.9367E-042367200201037 
 2.1174E+00 2.1126E+00 4.3211E+02 2.1150E+00 7.3879E-01 2.4701E-032367200201038 
 1.5339E+00 1.6940E-02 2.1195E+02 7.0654E-04 1.5103E+02 5.2591E-042367200201039 
 2.1126E+00 2.1079E+00 4.3260E+02 2.1103E+00 7.3385E-01 2.5350E-032367200201040 
 1.5679E+00 1.7503E-02 1.9777E+02 7.5718E-04 1.4187E+02 5.5985E-042367200201041 
 2.1079E+00 2.1031E+00 4.3309E+02 2.1055E+00 7.3765E-01 2.4149E-032367200201042 
 1.5418E+00 1.6587E-02 2.2081E+02 6.7818E-04 1.5759E+02 5.0402E-042367200201043 
 2.1031E+00 2.0984E+00 4.3358E+02 2.1007E+00 7.4040E-01 2.3166E-032367200201044 
 1.5230E+00 1.5853E-02 2.4224E+02 6.1818E-04 1.7224E+02 4.6113E-042367200201045 
 2.0984E+00 2.0936E+00 4.3406E+02 2.0960E+00 7.4239E-01 2.2632E-032367200201046 
 1.5093E+00 1.5446E-02 2.5558E+02 5.8592E-04 1.8124E+02 4.3824E-042367200201047 
 2.0936E+00 2.0889E+00 4.3455E+02 2.0913E+00 7.4459E-01 2.2081E-032367200201048 
 1.4943E+00 1.5026E-02 2.7054E+02 5.5353E-04 1.9128E+02 4.1523E-042367200201049 
 2.0889E+00 2.0842E+00 4.3504E+02 2.0866E+00 7.4081E-01 2.2492E-032367200201050 
 1.5201E+00 1.5383E-02 2.5738E+02 5.8182E-04 1.8291E+02 4.3425E-042367200201051 
 2.0842E+00 2.0795E+00 4.3553E+02 2.0819E+00 7.3579E-01 2.2799E-032367200201052 
 1.5546E+00 1.5700E-02 2.4607E+02 6.0857E-04 1.7606E+02 4.5113E-042367200201053 
 2.0795E+00 2.0749E+00 4.3602E+02 2.0772E+00 7.4029E-01 2.2310E-032367200201054 
 1.5237E+00 1.5270E-02 2.6107E+02 5.7361E-04 1.8566E+02 4.2781E-042367200201055 
 2.0749E+00 2.0702E+00 4.3651E+02 2.0726E+00 7.3829E-01 2.2311E-032367200201056 
 1.5374E+00 1.5312E-02 2.5924E+02 5.7765E-04 1.8486E+02 4.2966E-042367200201057 
 2.0702E+00 2.0656E+00 4.3699E+02 2.0679E+00 7.4199E-01 2.4183E-032367200201058 
 1.5120E+00 1.6514E-02 2.2363E+02 6.6962E-04 1.5867E+02 5.0058E-042367200201059 
 2.0656E+00 2.0610E+00 4.3748E+02 2.0633E+00 7.3514E-01 2.5595E-032367200201060 
 1.5590E+00 1.7641E-02 1.9488E+02 7.6843E-04 1.3955E+02 5.6916E-042367200201061 
 2.0610E+00 2.0564E+00 4.3797E+02 2.0587E+00 7.3791E-01 2.4298E-032367200201062 
 1.5400E+00 1.6684E-02 2.1833E+02 6.8587E-04 1.5576E+02 5.0991E-042367200201063 
 2.0564E+00 2.0518E+00 4.3846E+02 2.0541E+00 7.3171E-01 2.3048E-032367200201064 
 1.5827E+00 1.5960E-02 2.3737E+02 6.3086E-04 1.7078E+02 4.6507E-042367200201065 
 2.0518E+00 2.0472E+00 4.3895E+02 2.0495E+00 7.3409E-01 2.4078E-032367200201066 
 1.5663E+00 1.6620E-02 2.1935E+02 6.8269E-04 1.5730E+02 5.0492E-042367200201067 
 2.0472E+00 2.0427E+00 4.3944E+02 2.0449E+00 7.3042E-01 2.4868E-032367200201068 
 1.5917E+00 1.7251E-02 2.0304E+02 7.3755E-04 1.4633E+02 5.4278E-042367200201069 
 2.0427E+00 2.0381E+00 4.3992E+02 2.0404E+00 7.3653E-01 2.5620E-032367200201070 
 1.5495E+00 1.7625E-02 1.9547E+02 7.6610E-04 1.3971E+02 5.6850E-042367200201071 
 2.0381E+00 2.0336E+00 4.4041E+02 2.0359E+00 7.3456E-01 2.4369E-032367200201072 
 1.5631E+00 1.6809E-02 2.1454E+02 6.9801E-04 1.5375E+02 5.1659E-042367200201073 
 2.0336E+00 2.0291E+00 4.4090E+02 2.0313E+00 7.3695E-01 2.3389E-032367200201074 
 1.5466E+00 1.6081E-02 2.3483E+02 6.3770E-04 1.6775E+02 4.7348E-042367200201075 
 2.0291E+00 2.0246E+00 4.4139E+02 2.0268E+00 7.3423E-01 2.2801E-032367200201076 
 1.5653E+00 1.5735E-02 2.4472E+02 6.1191E-04 1.7547E+02 4.5265E-042367200201077 
 2.0246E+00 2.0201E+00 4.4188E+02 2.0223E+00 7.3619E-01 2.2106E-032367200201078 
 1.5518E+00 1.5215E-02 2.6209E+02 5.7136E-04 1.8743E+02 4.2377E-042367200201079 
 2.0201E+00 2.0156E+00 4.4236E+02 2.0179E+00 7.3057E-01 2.2489E-032367200201080 
 1.5907E+00 1.5597E-02 2.4832E+02 6.0304E-04 1.7894E+02 4.4386E-042367200201081 
 2.0156E+00 2.0112E+00 4.4285E+02 2.0134E+00 7.3206E-01 2.2979E-032367200201082 
 1.5803E+00 1.5905E-02 2.3910E+02 6.2631E-04 1.7194E+02 4.6194E-042367200201083 
 2.0112E+00 2.0067E+00 4.4334E+02 2.0090E+00 7.2781E-01 2.2281E-032367200201084 
 1.6099E+00 1.5512E-02 2.5052E+02 5.9775E-04 1.8121E+02 4.3831E-042367200201085 
 2.0067E+00 2.0023E+00 4.4383E+02 2.0045E+00 7.2885E-01 2.2560E-032367200201086 
 1.6026E+00 1.5683E-02 2.4525E+02 6.1061E-04 1.7714E+02 4.4838E-042367200201087 
 2.0023E+00 1.9979E+00 4.4432E+02 2.0001E+00 7.2827E-01 2.3364E-032367200201088 
 1.6066E+00 1.6255E-02 2.2823E+02 6.5614E-04 1.6498E+02 4.8144E-042367200201089 
 1.9979E+00 1.9935E+00 4.4481E+02 1.9957E+00 7.2647E-01 2.1850E-032367200201090 
 1.6192E+00 1.5240E-02 2.5928E+02 5.7756E-04 1.8789E+02 4.2272E-042367200201091 
 1.9935E+00 1.9891E+00 4.4529E+02 1.9913E+00 7.2904E-01 2.1551E-032367200201092 
 1.6013E+00 1.4978E-02 2.6895E+02 5.5680E-04 1.9421E+02 4.0896E-042367200201093 
 1.9891E+00 1.9848E+00 4.4578E+02 1.9870E+00 7.3064E-01 2.2235E-032367200201094 
 1.5901E+00 1.5419E-02 2.5410E+02 5.8932E-04 1.8309E+02 4.3381E-042367200201095 
 1.9848E+00 1.9804E+00 4.4627E+02 1.9826E+00 7.2707E-01 2.1884E-032367200201096 
 1.6150E+00 1.5251E-02 2.5902E+02 5.7815E-04 1.8755E+02 4.2350E-042367200201097 
 1.9804E+00 1.9761E+00 4.4676E+02 1.9783E+00 7.2926E-01 2.2366E-032367200201098 
 1.5997E+00 1.5540E-02 2.4992E+02 5.9918E-04 1.8042E+02 4.4023E-042367200201099 
 1.9761E+00 1.9718E+00 4.4725E+02 1.9739E+00 7.3222E-01 2.2651E-032367200201100 
 1.5792E+00 1.5674E-02 2.4624E+02 6.0814E-04 1.7704E+02 4.4863E-042367200201101 
 1.9718E+00 1.9675E+00 4.4774E+02 1.9696E+00 7.2800E-01 2.2755E-032367200201102 
 1.6085E+00 1.5837E-02 2.4039E+02 6.2294E-04 1.7384E+02 4.5690E-042367200201103 
 1.9675E+00 1.9632E+00 4.4822E+02 1.9653E+00 7.2822E-01 2.3853E-032367200201104 
 1.6070E+00 1.6597E-02 2.1896E+02 6.8391E-04 1.5829E+02 5.0178E-042367200201105 
 1.9632E+00 1.9589E+00 4.4871E+02 1.9610E+00 7.2897E-01 2.4110E-032367200201106 
 1.6018E+00 1.6758E-02 2.1484E+02 6.9703E-04 1.5515E+02 5.1193E-042367200201107 
 1.9589E+00 1.9546E+00 4.4920E+02 1.9568E+00 7.2587E-01 2.4025E-032367200201108 
 1.6233E+00 1.6770E-02 2.1403E+02 6.9966E-04 1.5523E+02 5.1168E-042367200201109 
 1.9546E+00 1.9504E+00 4.4969E+02 1.9525E+00 7.2391E-01 2.2822E-032367200201110 
 1.6370E+00 1.5974E-02 2.3553E+02 6.3579E-04 1.7128E+02 4.6371E-042367200201111 
 1.9504E+00 1.9461E+00 4.5018E+02 1.9483E+00 7.2917E-01 2.2170E-032367200201112 
 1.6003E+00 1.5405E-02 2.5428E+02 5.8891E-04 1.8359E+02 4.3263E-042367200201113 
 1.9461E+00 1.9419E+00 4.5067E+02 1.9440E+00 7.2167E-01 2.2749E-032367200201114 
 1.6528E+00 1.5972E-02 2.3513E+02 6.3687E-04 1.7152E+02 4.6306E-042367200201115 
 1.9419E+00 1.9377E+00 4.5115E+02 1.9398E+00 7.2400E-01 2.3722E-032367200201116 
 1.6365E+00 1.6602E-02 2.1808E+02 6.8668E-04 1.5857E+02 5.0089E-042367200201117 
 1.9377E+00 1.9335E+00 4.5164E+02 1.9356E+00 7.2072E-01 2.3104E-032367200201118 
 1.6594E+00 1.6243E-02 2.2720E+02 6.5912E-04 1.6595E+02 4.7861E-042367200201119 
 1.9335E+00 1.9293E+00 4.5213E+02 1.9314E+00 7.2291E-01 2.3491E-032367200201120 
 1.6441E+00 1.6465E-02 2.2154E+02 6.7595E-04 1.6133E+02 4.9232E-042367200201121 
 1.9293E+00 1.9252E+00 4.5262E+02 1.9272E+00 7.2174E-01 2.4008E-032367200201122 
 1.6523E+00 1.6855E-02 2.1123E+02 7.0894E-04 1.5407E+02 5.1552E-042367200201123 
 1.9252E+00 1.9210E+00 4.5311E+02 1.9231E+00 7.2305E-01 2.4236E-032367200201124 
 1.6431E+00 1.6984E-02 2.0823E+02 7.1916E-04 1.5160E+02 5.2390E-042367200201125 
 1.9210E+00 1.9169E+00 4.5360E+02 1.9189E+00 7.2344E-01 2.3933E-032367200201126 
 1.6403E+00 1.6762E-02 2.1380E+02 7.0041E-04 1.5558E+02 5.1052E-042367200201127 
 1.9169E+00 1.9127E+00 4.5408E+02 1.9148E+00 7.2433E-01 2.3597E-032367200201128 
 1.6341E+00 1.6507E-02 2.2067E+02 6.7862E-04 1.6038E+02 4.9524E-042367200201129 
 1.9127E+00 1.9086E+00 4.5457E+02 1.9107E+00 7.1925E-01 2.3377E-032367200201130 
 1.6697E+00 1.6468E-02 2.2079E+02 6.7825E-04 1.6160E+02 4.9150E-042367200201131 
 1.9086E+00 1.9045E+00 4.5506E+02 1.9066E+00 7.1686E-01 2.3210E-032367200201132 
 1.6867E+00 1.6406E-02 2.2205E+02 6.7439E-04 1.6307E+02 4.8708E-042367200201133 
 1.9045E+00 1.9004E+00 4.5555E+02 1.9025E+00 7.1751E-01 2.1605E-032367200201134 
 1.6821E+00 1.5257E-02 2.5682E+02 5.8310E-04 1.8843E+02 4.2151E-042367200201135 
 1.9004E+00 1.8964E+00 4.5604E+02 1.8984E+00 7.1949E-01 2.1264E-032367200201136 
 1.6681E+00 1.4975E-02 2.6703E+02 5.6080E-04 1.9538E+02 4.0651E-042367200201137 
 1.8964E+00 1.8923E+00 4.5652E+02 1.8943E+00 7.1753E-01 2.1458E-032367200201138 
 1.6819E+00 1.5152E-02 2.6039E+02 5.7509E-04 1.9105E+02 4.1574E-042367200201139 
 1.8923E+00 1.8882E+00 4.5701E+02 1.8903E+00 7.1470E-01 2.1338E-032367200201140 
 1.7019E+00 1.5128E-02 2.6062E+02 5.7459E-04 1.9197E+02 4.1374E-042367200201141 
 1.8882E+00 1.8842E+00 4.5750E+02 1.8862E+00 7.1296E-01 2.1328E-032367200201142 
 1.7143E+00 1.5157E-02 2.5927E+02 5.7758E-04 1.9144E+02 4.1488E-042367200201143 
 1.8842E+00 1.8802E+00 4.5799E+02 1.8822E+00 7.1429E-01 2.1170E-032367200201144 
 1.7048E+00 1.5017E-02 2.6440E+02 5.6637E-04 1.9487E+02 4.0758E-042367200201145 
 1.8802E+00 1.8762E+00 4.5848E+02 1.8782E+00 7.1167E-01 2.0797E-032367200201146 
 1.7235E+00 1.4807E-02 2.7138E+02 5.5180E-04 2.0075E+02 3.9564E-042367200201147 
 1.8762E+00 1.8722E+00 4.5897E+02 1.8742E+00 7.1117E-01 2.0990E-032367200201148 
 1.7270E+00 1.4955E-02 2.6593E+02 5.6311E-04 1.9686E+02 4.0346E-042367200201149 
 1.8722E+00 1.8682E+00 4.5945E+02 1.8702E+00 7.0665E-01 2.1355E-032367200201150 
 1.7593E+00 1.5312E-02 2.5275E+02 5.9248E-04 1.8829E+02 4.2182E-042367200201151 
 1.8682E+00 1.8642E+00 4.5994E+02 1.8662E+00 7.1105E-01 2.2106E-032367200201152 
 1.7279E+00 1.5752E-02 2.3969E+02 6.2477E-04 1.7746E+02 4.4758E-042367200201153 
 1.8642E+00 1.8603E+00 4.6043E+02 1.8622E+00 7.0656E-01 2.1851E-032367200201154 
 1.7600E+00 1.5670E-02 2.4135E+02 6.2046E-04 1.7982E+02 4.4169E-042367200201155 
 1.8603E+00 1.8563E+00 4.6092E+02 1.8583E+00 7.0574E-01 2.1368E-032367200201156 
 1.7658E+00 1.5341E-02 2.5160E+02 5.9520E-04 1.8768E+02 4.2321E-042367200201157 
 1.8563E+00 1.8524E+00 4.6141E+02 1.8543E+00 7.0493E-01 2.0591E-032367200201158 
 1.7716E+00 1.4800E-02 2.7015E+02 5.5432E-04 2.0175E+02 3.9369E-042367200201159 
 1.8524E+00 1.8485E+00 4.6190E+02 1.8504E+00 7.0223E-01 2.0153E-032367200201160 
 1.7911E+00 1.4542E-02 2.7922E+02 5.3631E-04 2.0933E+02 3.7943E-042367200201161 
 1.8485E+00 1.8445E+00 4.6238E+02 1.8465E+00 6.9579E-01 2.0208E-032367200201162 
 1.8378E+00 1.4716E-02 2.7122E+02 5.5212E-04 2.0521E+02 3.8704E-042367200201163 
 1.8445E+00 1.8407E+00 4.6287E+02 1.8426E+00 6.9189E-01 2.0383E-032367200201164 
 1.8663E+00 1.4927E-02 2.6280E+02 5.6982E-04 1.9996E+02 3.9721E-042367200201165 
 1.8407E+00 1.8368E+00 4.6336E+02 1.8387E+00 6.9278E-01 2.0302E-032367200201166 
 1.8598E+00 1.4849E-02 2.6572E+02 5.6356E-04 2.0192E+02 3.9336E-042367200201167 
 1.8368E+00 1.8329E+00 4.6385E+02 1.8348E+00 6.9185E-01 2.0336E-032367200201168 
 1.8666E+00 1.4894E-02 2.6395E+02 5.6733E-04 2.0085E+02 3.9545E-042367200201169 
 1.8329E+00 1.8290E+00 4.6434E+02 1.8310E+00 6.8390E-01 2.0669E-032367200201170 
 1.9252E+00 1.5314E-02 2.4807E+02 6.0365E-04 1.9096E+02 4.1594E-042367200201171 
 1.8290E+00 1.8252E+00 4.6483E+02 1.8271E+00 6.7913E-01 2.0692E-032367200201172 
 1.9606E+00 1.5438E-02 2.4312E+02 6.1595E-04 1.8845E+02 4.2146E-042367200201173 
 1.8252E+00 1.8214E+00 4.6531E+02 1.8233E+00 6.7239E-01 1.9963E-032367200201174 
 2.0112E+00 1.5043E-02 2.5458E+02 5.8821E-04 1.9932E+02 3.9848E-042367200201175 
 1.8214E+00 1.8175E+00 4.6580E+02 1.8194E+00 6.6728E-01 2.0508E-032367200201176 
 2.0498E+00 1.5572E-02 2.3662E+02 6.3287E-04 1.8667E+02 4.2549E-042367200201177 
 1.8175E+00 1.8137E+00 4.6629E+02 1.8156E+00 6.5927E-01 2.1048E-032367200201178 
 2.1110E+00 1.6177E-02 2.1779E+02 6.8757E-04 1.7390E+02 4.5672E-042367200201179 
 1.8137E+00 1.8099E+00 4.6678E+02 1.8118E+00 6.4513E-01 2.0458E-032367200201180 
 2.2209E+00 1.6068E-02 2.1807E+02 6.8671E-04 1.7794E+02 4.4637E-042367200201181 
 1.8099E+00 1.8061E+00 4.6727E+02 1.8080E+00 6.3321E-01 1.9754E-032367200201182 
 2.3153E+00 1.5807E-02 2.2303E+02 6.7142E-04 1.8542E+02 4.2837E-042367200201183 
 1.8061E+00 1.8024E+00 4.6776E+02 1.8042E+00 6.1738E-01 2.0064E-032367200201184 
 2.4436E+00 1.6467E-02 2.0279E+02 7.3845E-04 1.7290E+02 4.5938E-042367200201185 
 1.8024E+00 1.7986E+00 4.6824E+02 1.8005E+00 5.9966E-01 1.9259E-032367200201186 
 2.5912E+00 1.6273E-02 2.0437E+02 7.3274E-04 1.7940E+02 4.4274E-042367200201187 
 1.7986E+00 1.7948E+00 4.6873E+02 1.7967E+00 5.8445E-01 1.8259E-032367200201188 
 2.7213E+00 1.5830E-02 2.1308E+02 7.0277E-04 1.9191E+02 4.1387E-042367200201189 
 1.7948E+00 1.7911E+00 4.6922E+02 1.7930E+00 5.6820E-01 1.8392E-032367200201190 
 2.8642E+00 1.6401E-02 1.9564E+02 7.6543E-04 1.8123E+02 4.3825E-042367200201191 
 1.7911E+00 1.7874E+00 4.6971E+02 1.7892E+00 5.5733E-01 1.8140E-032367200201192 
 2.9621E+00 1.6492E-02 1.9156E+02 7.8172E-04 1.8092E+02 4.3902E-042367200201193 
 1.7874E+00 1.7837E+00 4.7020E+02 1.7855E+00 5.5006E-01 1.8159E-032367200201194 
 3.0287E+00 1.6727E-02 1.8496E+02 8.0964E-04 1.7698E+02 4.4878E-042367200201195 
 1.7837E+00 1.7799E+00 4.7069E+02 1.7818E+00 5.5245E-01 1.8335E-032367200201196 
 3.0067E+00 1.6817E-02 1.8341E+02 8.1645E-04 1.7475E+02 4.5452E-042367200201197 
 1.7799E+00 1.7763E+00 4.7117E+02 1.7781E+00 5.6372E-01 1.7638E-032367200201198 
 2.9043E+00 1.5854E-02 2.0848E+02 7.1830E-04 1.9466E+02 4.0802E-042367200201199 
 1.7763E+00 1.7726E+00 4.7166E+02 1.7744E+00 5.7920E-01 1.8105E-032367200201200 
 2.7670E+00 1.5838E-02 2.1183E+02 7.0692E-04 1.9252E+02 4.1257E-042367200201201 
 1.7726E+00 1.7689E+00 4.7215E+02 1.7707E+00 5.9386E-01 1.9038E-032367200201202 
 2.6404E+00 1.6243E-02 2.0409E+02 7.3374E-04 1.8090E+02 4.3907E-042367200201203 
 1.7689E+00 1.7652E+00 4.7264E+02 1.7671E+00 6.0775E-01 1.9856E-032367200201204 
 2.5233E+00 1.6554E-02 1.9894E+02 7.5274E-04 1.7230E+02 4.6097E-042367200201205 
 1.7652E+00 1.7616E+00 4.7313E+02 1.7634E+00 6.2276E-01 2.0806E-032367200201206 
 2.3997E+00 1.6928E-02 1.9281E+02 7.7667E-04 1.6297E+02 4.8737E-042367200201207 
 1.7616E+00 1.7580E+00 4.7361E+02 1.7598E+00 6.3460E-01 2.2437E-032367200201208 
 2.3042E+00 1.7915E-02 1.7395E+02 8.6086E-04 1.4429E+02 5.5048E-042367200201209 
 1.7580E+00 1.7543E+00 4.7410E+02 1.7561E+00 6.4859E-01 2.3465E-032367200201210 
 2.1938E+00 1.8331E-02 1.6812E+02 8.9072E-04 1.3644E+02 5.8213E-042367200201211 
 1.7543E+00 1.7507E+00 4.7459E+02 1.7525E+00 6.5480E-01 2.2722E-032367200201212 
 2.1454E+00 1.7582E-02 1.8372E+02 8.1511E-04 1.4769E+02 5.3780E-042367200201213 
 1.7507E+00 1.7471E+00 4.7508E+02 1.7489E+00 6.5855E-01 2.3839E-032367200201214 
 2.1165E+00 1.8341E-02 1.6941E+02 8.8395E-04 1.3541E+02 5.8657E-042367200201215 
 1.7471E+00 1.7435E+00 4.7557E+02 1.7453E+00 6.6907E-01 2.5508E-032367200201216 
 2.0362E+00 1.9317E-02 1.5408E+02 9.7190E-04 1.2122E+02 6.5525E-042367200201217 
 1.7435E+00 1.7399E+00 4.7606E+02 1.7417E+00 6.7092E-01 2.5493E-032367200201218 
 2.0222E+00 1.9253E-02 1.5535E+02 9.6393E-04 1.2188E+02 6.5167E-042367200201219 
 1.7399E+00 1.7364E+00 4.7654E+02 1.7382E+00 6.7624E-01 2.4873E-032367200201220 
 1.9822E+00 1.8637E-02 1.6648E+02 8.9948E-04 1.2959E+02 6.1290E-042367200201221 
 1.7364E+00 1.7328E+00 4.7703E+02 1.7346E+00 6.7546E-01 2.3758E-032367200201222 
 1.9881E+00 1.7822E-02 1.8194E+02 8.2307E-04 1.4179E+02 5.6018E-042367200201223 
 1.7328E+00 1.7293E+00 4.7752E+02 1.7310E+00 6.8028E-01 2.3224E-032367200201224 
 1.9520E+00 1.7298E-02 1.9394E+02 7.7212E-04 1.5008E+02 5.2924E-042367200201225 
 1.7293E+00 1.7257E+00 4.7801E+02 1.7275E+00 6.8288E-01 2.2763E-032367200201226 
 1.9327E+00 1.6890E-02 2.0382E+02 7.3472E-04 1.5712E+02 5.0552E-042367200201227 
 1.7257E+00 1.7222E+00 4.7850E+02 1.7240E+00 6.8879E-01 2.2777E-032367200201228 
 1.8890E+00 1.6755E-02 2.0808E+02 7.1968E-04 1.5903E+02 4.9945E-042367200201229 
 1.7222E+00 1.7187E+00 4.7899E+02 1.7204E+00 6.8931E-01 2.2382E-032367200201230 
 1.8852E+00 1.6452E-02 2.1591E+02 6.9358E-04 1.6489E+02 4.8170E-042367200201231 
 1.7187E+00 1.7152E+00 4.7947E+02 1.7169E+00 6.8546E-01 2.2376E-032367200201232 
 1.9136E+00 1.6540E-02 2.1295E+02 7.0322E-04 1.6354E+02 4.8567E-042367200201233 
 1.7152E+00 1.7117E+00 4.7996E+02 1.7134E+00 6.8929E-01 2.2373E-032367200201234 
 1.8854E+00 1.6446E-02 2.1606E+02 6.9310E-04 1.6501E+02 4.8135E-042367200201235 
 1.7117E+00 1.7082E+00 4.8045E+02 1.7099E+00 6.8217E-01 2.1870E-032367200201236 
 1.9380E+00 1.6244E-02 2.2017E+02 6.8016E-04 1.6990E+02 4.6749E-042367200201237 
 1.7082E+00 1.7047E+00 4.8094E+02 1.7065E+00 6.9076E-01 2.2012E-032367200201238 
 1.8746E+00 1.6146E-02 2.2443E+02 6.6725E-04 1.7104E+02 4.6439E-042367200201239 
 1.7047E+00 1.7013E+00 4.8143E+02 1.7030E+00 6.8824E-01 2.2856E-032367200201240 
 1.8931E+00 1.6827E-02 2.0623E+02 7.2612E-04 1.5774E+02 5.0353E-042367200201241 
 1.7013E+00 1.6978E+00 4.8192E+02 1.6995E+00 6.8922E-01 2.5302E-032367200201242 
 1.8859E+00 1.8601E-02 1.6895E+02 8.8633E-04 1.2904E+02 6.1552E-042367200201243 
 1.6978E+00 1.6944E+00 4.8240E+02 1.6961E+00 6.8628E-01 2.5040E-032367200201244 
 1.9075E+00 1.8487E-02 1.7063E+02 8.7764E-04 1.3087E+02 6.0689E-042367200201245 
 1.6944E+00 1.6909E+00 4.8289E+02 1.6927E+00 6.9089E-01 2.3653E-032367200201246 
 1.8736E+00 1.7347E-02 1.9447E+02 7.7005E-04 1.4817E+02 5.3604E-042367200201247 
 1.6909E+00 1.6875E+00 4.8338E+02 1.6892E+00 6.8809E-01 2.2932E-032367200201248 
 1.8942E+00 1.6886E-02 2.0475E+02 7.3138E-04 1.5664E+02 5.0707E-042367200201249 
 1.6875E+00 1.6841E+00 4.8387E+02 1.6858E+00 6.9475E-01 2.3330E-032367200201250 
 1.8453E+00 1.7014E-02 2.0279E+02 7.3843E-04 1.5366E+02 5.1690E-042367200201251 
 1.6841E+00 1.6807E+00 4.8436E+02 1.6824E+00 6.8966E-01 2.3196E-032367200201252 
 1.8826E+00 1.7042E-02 2.0132E+02 7.4383E-04 1.5367E+02 5.1687E-042367200201253 
 1.6807E+00 1.6773E+00 4.8485E+02 1.6790E+00 6.9020E-01 2.3122E-032367200201254 
 1.8787E+00 1.6975E-02 2.0295E+02 7.3785E-04 1.5479E+02 5.1311E-042367200201255 
 1.6773E+00 1.6739E+00 4.8533E+02 1.6756E+00 6.8964E-01 2.3332E-032367200201256 
 1.8828E+00 1.7143E-02 1.9892E+02 7.5283E-04 1.5184E+02 5.2310E-042367200201257 
 1.6739E+00 1.6706E+00 4.8582E+02 1.6723E+00 6.8683E-01 2.3623E-032367200201258 
 1.9035E+00 1.7427E-02 1.9205E+02 7.7974E-04 1.4719E+02 5.3960E-042367200201259 
 1.6706E+00 1.6672E+00 4.8631E+02 1.6689E+00 6.8772E-01 2.3564E-032367200201260 
 1.8969E+00 1.7361E-02 1.9367E+02 7.7323E-04 1.4824E+02 5.3579E-042367200201261 
 1.6672E+00 1.6639E+00 4.8680E+02 1.6655E+00 6.8699E-01 2.4033E-032367200201262 
 1.9023E+00 1.7726E-02 1.8568E+02 8.0648E-04 1.4228E+02 5.5825E-042367200201263 
 1.6639E+00 1.6605E+00 4.8729E+02 1.6622E+00 6.8737E-01 2.5681E-032367200201264 
 1.8995E+00 1.8930E-02 1.6289E+02 9.1935E-04 1.2474E+02 6.3675E-042367200201265 
 1.6605E+00 1.6572E+00 4.8777E+02 1.6589E+00 6.8628E-01 2.5298E-032367200201266 
 1.9076E+00 1.8678E-02 1.6714E+02 8.9595E-04 1.2820E+02 6.1955E-042367200201267 
 1.6572E+00 1.6539E+00 4.8826E+02 1.6555E+00 6.8702E-01 2.3184E-032367200201268 
 1.9021E+00 1.7098E-02 1.9954E+02 7.5048E-04 1.5289E+02 5.1949E-042367200201269 
 1.6539E+00 1.6506E+00 4.8875E+02 1.6522E+00 6.7959E-01 2.1649E-032367200201270 
 1.9572E+00 1.6141E-02 2.2250E+02 6.7304E-04 1.7235E+02 4.6084E-042367200201271 
 1.6506E+00 1.6473E+00 4.8924E+02 1.6489E+00 6.8706E-01 2.0970E-032367200201272 
 1.9018E+00 1.5465E-02 2.4383E+02 6.1416E-04 1.8682E+02 4.2514E-042367200201273 
 1.6473E+00 1.6440E+00 4.8973E+02 1.6456E+00 6.8120E-01 2.0270E-032367200201274 
 1.9452E+00 1.5077E-02 2.5529E+02 5.8658E-04 1.9729E+02 4.0258E-042367200201275 
 1.6440E+00 1.6407E+00 4.9022E+02 1.6423E+00 6.7982E-01 2.0257E-032367200201276 
 1.9555E+00 1.5098E-02 2.5430E+02 5.8887E-04 1.9692E+02 4.0333E-042367200201277 
 1.6407E+00 1.6374E+00 4.9070E+02 1.6391E+00 6.7904E-01 1.9601E-032367200201278 
 1.9613E+00 1.4626E-02 2.7078E+02 5.5303E-04 2.0993E+02 3.7835E-042367200201279 
 1.6374E+00 1.6342E+00 4.9119E+02 1.6358E+00 6.7791E-01 2.0040E-032367200201280 
 1.9697E+00 1.4979E-02 2.5796E+02 5.8050E-04 2.0033E+02 3.9649E-042367200201281 
 1.6342E+00 1.6309E+00 4.9168E+02 1.6326E+00 6.7446E-01 1.9795E-032367200201282 
 1.9955E+00 1.4871E-02 2.6099E+02 5.7378E-04 2.0371E+02 3.8990E-042367200201283 
 1.6309E+00 1.6277E+00 4.9217E+02 1.6293E+00 6.7045E-01 2.0536E-032367200201284 
 2.0258E+00 1.5520E-02 2.3884E+02 6.2698E-04 1.8754E+02 4.2352E-042367200201285 
 1.6277E+00 1.6245E+00 4.9266E+02 1.6261E+00 6.6940E-01 2.1451E-032367200201286 
 2.0337E+00 1.6237E-02 2.1802E+02 6.8686E-04 1.7145E+02 4.6326E-042367200201287 
 1.6245E+00 1.6212E+00 4.9315E+02 1.6229E+00 6.6086E-01 2.1320E-032367200201288 
 2.0988E+00 1.6346E-02 2.1357E+02 7.0116E-04 1.7012E+02 4.6687E-042367200201289 
 1.6212E+00 1.6180E+00 4.9363E+02 1.6196E+00 6.4982E-01 2.1290E-032367200201290 
 2.1841E+00 1.6601E-02 2.0517E+02 7.2989E-04 1.6620E+02 4.7789E-042367200201291 
 1.6180E+00 1.6148E+00 4.9412E+02 1.6164E+00 6.4551E-01 2.2152E-032367200201292 
 2.2179E+00 1.7388E-02 1.8637E+02 8.0352E-04 1.5197E+02 5.2263E-042367200201293 
 1.6148E+00 1.6116E+00 4.9461E+02 1.6132E+00 6.2666E-01 2.1610E-032367200201294 
 2.3680E+00 1.7473E-02 1.8156E+02 8.2478E-04 1.5251E+02 5.2081E-042367200201295 
 1.6116E+00 1.6085E+00 4.9510E+02 1.6100E+00 6.0435E-01 2.0096E-032367200201296 
 2.5517E+00 1.6848E-02 1.9150E+02 7.8196E-04 1.6680E+02 4.7619E-042367200201297 
 1.6085E+00 1.6053E+00 4.9559E+02 1.6069E+00 5.7387E-01 1.8123E-032367200201298 
 2.8139E+00 1.6001E-02 2.0655E+02 7.2502E-04 1.8945E+02 4.1925E-042367200201299 
 1.6053E+00 1.6021E+00 4.9608E+02 1.6037E+00 5.3926E-01 1.7588E-032367200201300 
 3.1291E+00 1.6526E-02 1.8758E+02 7.9832E-04 1.8309E+02 4.3381E-042367200201301 
 1.6021E+00 1.5990E+00 4.9656E+02 1.6005E+00 5.0869E-01 1.7375E-032367200201302 
 3.4248E+00 1.7307E-02 1.6614E+02 9.0136E-04 1.7189E+02 4.6208E-042367200201303 
 1.5990E+00 1.5958E+00 4.9705E+02 1.5974E+00 4.9645E-01 1.7892E-032367200201304 
 3.5482E+00 1.8262E-02 1.4749E+02 1.0153E-03 1.5635E+02 5.0800E-042367200201305 
 1.5958E+00 1.5927E+00 4.9754E+02 1.5943E+00 5.2129E-01 1.9059E-032367200201306 
 3.3008E+00 1.8525E-02 1.4682E+02 1.0199E-03 1.4823E+02 5.3584E-042367200201307 
 1.5927E+00 1.5896E+00 4.9803E+02 1.5911E+00 5.5819E-01 1.9010E-032367200201308 
 2.9543E+00 1.7256E-02 1.7510E+02 8.5522E-04 1.6511E+02 4.8105E-042367200201309 
 1.5896E+00 1.5864E+00 4.9852E+02 1.5880E+00 5.9609E-01 1.8934E-032367200201310 
 2.6214E+00 1.6095E-02 2.0831E+02 7.1887E-04 1.8395E+02 4.3178E-042367200201311 
 1.5864E+00 1.5833E+00 4.9901E+02 1.5849E+00 6.1929E-01 1.9145E-032367200201312 
 2.4280E+00 1.5664E-02 2.2442E+02 6.6726E-04 1.9076E+02 4.1636E-042367200201313 
 1.5833E+00 1.5802E+00 4.9949E+02 1.5818E+00 6.3874E-01 1.9297E-032367200201314 
 2.2713E+00 1.5308E-02 2.3894E+02 6.2673E-04 1.9692E+02 4.0334E-042367200201315 
 1.5802E+00 1.5771E+00 4.9998E+02 1.5787E+00 6.4940E-01 1.9695E-032367200201316 
 2.1874E+00 1.5367E-02 2.3928E+02 6.2582E-04 1.9397E+02 4.0948E-042367200201317 
 1.5771E+00 1.5741E+00 5.0047E+02 1.5756E+00 6.6076E-01 2.0002E-032367200201318 
 2.0996E+00 1.5338E-02 2.4251E+02 6.1749E-04 1.9321E+02 4.1109E-042367200201319 
 1.5741E+00 1.5710E+00 5.0096E+02 1.5725E+00 6.6706E-01 2.0109E-032367200201320 
 2.0514E+00 1.5274E-02 2.4588E+02 6.0903E-04 1.9405E+02 4.0932E-042367200201321 
 1.5710E+00 1.5679E+00 5.0145E+02 1.5695E+00 6.7048E-01 2.1019E-032367200201322 
 2.0255E+00 1.5884E-02 2.2802E+02 6.5673E-04 1.7903E+02 4.4365E-042367200201323 
 1.5679E+00 1.5649E+00 5.0194E+02 1.5664E+00 6.6983E-01 2.1444E-032367200201324 
 2.0305E+00 1.6221E-02 2.1850E+02 6.8535E-04 1.7172E+02 4.6253E-042367200201325 
 1.5649E+00 1.5618E+00 5.0242E+02 1.5634E+00 6.7402E-01 2.1842E-032367200201326 
 1.9989E+00 1.6420E-02 2.1403E+02 6.9967E-04 1.6716E+02 4.7516E-042367200201327 
 1.5618E+00 1.5588E+00 5.0291E+02 1.5603E+00 6.7680E-01 2.2470E-032367200201328 
 1.9780E+00 1.6822E-02 2.0439E+02 7.3267E-04 1.5897E+02 4.9962E-042367200201329 
 1.5588E+00 1.5558E+00 5.0340E+02 1.5573E+00 6.7752E-01 2.3391E-032367200201330 
 1.9726E+00 1.7493E-02 1.8916E+02 7.9166E-04 1.4697E+02 5.4044E-042367200201331 
 1.5558E+00 1.5527E+00 5.0389E+02 1.5543E+00 6.8221E-01 2.3027E-032367200201332 
 1.9376E+00 1.7102E-02 1.9867E+02 7.5374E-04 1.5330E+02 5.1811E-042367200201333 
 1.5527E+00 1.5497E+00 5.0438E+02 1.5512E+00 6.8098E-01 2.1965E-032367200201334 
 1.9468E+00 1.6343E-02 2.1731E+02 6.8910E-04 1.6799E+02 4.7281E-042367200201335 
 1.5497E+00 1.5467E+00 5.0486E+02 1.5482E+00 6.8337E-01 2.1950E-032367200201336 
 1.9291E+00 1.6275E-02 2.1956E+02 6.8203E-04 1.6914E+02 4.6960E-042367200201337 
 1.5467E+00 1.5437E+00 5.0535E+02 1.5452E+00 6.8074E-01 2.1824E-032367200201338 
 1.9486E+00 1.6244E-02 2.1990E+02 6.8098E-04 1.7005E+02 4.6707E-042367200201339 
 1.5437E+00 1.5408E+00 5.0584E+02 1.5423E+00 6.8067E-01 2.1486E-032367200201340 
 1.9491E+00 1.5994E-02 2.2681E+02 6.6025E-04 1.7541E+02 4.5280E-042367200201341 
 1.5408E+00 1.5378E+00 5.0633E+02 1.5393E+00 6.7758E-01 2.1232E-032367200201342 
 1.9722E+00 1.5877E-02 2.2954E+02 6.5240E-04 1.7833E+02 4.4538E-042367200201343 
 1.5378E+00 1.5348E+00 5.0682E+02 1.5363E+00 6.8539E-01 2.2028E-032367200201344 
 1.9141E+00 1.6285E-02 2.1966E+02 6.8175E-04 1.6871E+02 4.7079E-042367200201345 
 1.5348E+00 1.5319E+00 5.0731E+02 1.5333E+00 6.8360E-01 2.2822E-032367200201346 
 1.9274E+00 1.6916E-02 2.0328E+02 7.3665E-04 1.5654E+02 5.0738E-042367200201347 
 1.5319E+00 1.5289E+00 5.0779E+02 1.5304E+00 6.8661E-01 2.2978E-032367200201348 
 1.9051E+00 1.6957E-02 2.0280E+02 7.3842E-04 1.5548E+02 5.1084E-042367200201349 
 1.5289E+00 1.5260E+00 5.0828E+02 1.5274E+00 6.8199E-01 2.2563E-032367200201350 
 1.9393E+00 1.6763E-02 2.0674E+02 7.2435E-04 1.5957E+02 4.9774E-042367200201351 
 1.5260E+00 1.5230E+00 5.0877E+02 1.5245E+00 6.8196E-01 2.2815E-032367200201352 
 1.9395E+00 1.6951E-02 2.0218E+02 7.4067E-04 1.5606E+02 5.0893E-042367200201353 
 1.5230E+00 1.5201E+00 5.0926E+02 1.5216E+00 6.8415E-01 2.2131E-032367200201354 
 1.9233E+00 1.6390E-02 2.1659E+02 6.9139E-04 1.6666E+02 4.7658E-042367200201355 
 1.5201E+00 1.5172E+00 5.0975E+02 1.5187E+00 6.8173E-01 2.2461E-032367200201356 
 1.9412E+00 1.6694E-02 2.0840E+02 7.1856E-04 1.6092E+02 4.9357E-042367200201357 
 1.5172E+00 1.5143E+00 5.1024E+02 1.5158E+00 6.8183E-01 2.2510E-032367200201358 
 1.9405E+00 1.6728E-02 2.0757E+02 7.2145E-04 1.6025E+02 4.9563E-042367200201359 
 1.5143E+00 1.5114E+00 5.1072E+02 1.5128E+00 6.8028E-01 2.1403E-032367200201360 
 1.9520E+00 1.5941E-02 2.2825E+02 6.5608E-04 1.7663E+02 4.4968E-042367200201361 
 1.5114E+00 1.5085E+00 5.1121E+02 1.5100E+00 6.7971E-01 2.1679E-032367200201362 
 1.9563E+00 1.6160E-02 2.2197E+02 6.7465E-04 1.7191E+02 4.6202E-042367200201363 
 1.5085E+00 1.5056E+00 5.1170E+02 1.5071E+00 6.8504E-01 2.2202E-032367200201364 
 1.9167E+00 1.6421E-02 2.1595E+02 6.9346E-04 1.6594E+02 4.7863E-042367200201365 
 1.5056E+00 1.5028E+00 5.1219E+02 1.5042E+00 6.8297E-01 2.1720E-032367200201366 
 1.9320E+00 1.6114E-02 2.2385E+02 6.6896E-04 1.7255E+02 4.6032E-042367200201367 
 1.5028E+00 1.4999E+00 5.1268E+02 1.5013E+00 6.8144E-01 2.1793E-032367200201368 
 1.9434E+00 1.6204E-02 2.2114E+02 6.7715E-04 1.7084E+02 4.6493E-042367200201369 
 1.4999E+00 1.4970E+00 5.1317E+02 1.4985E+00 6.8262E-01 2.2109E-032367200201370 
 1.9347E+00 1.6411E-02 2.1580E+02 6.9392E-04 1.6642E+02 4.7726E-042367200201371 
 1.4970E+00 1.4942E+00 5.1365E+02 1.4956E+00 6.7680E-01 2.1899E-032367200201372 
 1.9780E+00 1.6395E-02 2.1515E+02 6.9602E-04 1.6735E+02 4.7463E-042367200201373 
 1.4942E+00 1.4913E+00 5.1414E+02 1.4928E+00 6.7601E-01 2.1528E-032367200201374 
 1.9840E+00 1.6136E-02 2.2196E+02 6.7467E-04 1.7284E+02 4.5952E-042367200201375 
 1.4913E+00 1.4885E+00 5.1463E+02 1.4899E+00 6.7659E-01 2.1613E-032367200201376 
 1.9795E+00 1.6186E-02 2.2069E+02 6.7855E-04 1.7171E+02 4.6257E-042367200201377 
 1.4885E+00 1.4857E+00 5.1512E+02 1.4871E+00 6.8217E-01 2.2492E-032367200201378 
 1.9379E+00 1.6706E-02 2.0817E+02 7.1937E-04 1.6064E+02 4.9444E-042367200201379 
 1.4857E+00 1.4829E+00 5.1561E+02 1.4843E+00 6.8207E-01 2.3030E-032367200201380 
 1.9387E+00 1.7108E-02 1.9854E+02 7.5426E-04 1.5323E+02 5.1835E-042367200201381 
 1.4829E+00 1.4801E+00 5.1610E+02 1.4815E+00 6.7781E-01 2.2322E-032367200201382 
 1.9704E+00 1.6687E-02 2.0790E+02 7.2030E-04 1.6146E+02 4.9192E-042367200201383 
 1.4801E+00 1.4773E+00 5.1658E+02 1.4787E+00 6.7675E-01 2.3599E-032367200201384 
 1.9784E+00 1.7669E-02 1.8531E+02 8.0808E-04 1.4414E+02 5.5102E-042367200201385 
 1.4773E+00 1.4745E+00 5.1707E+02 1.4759E+00 6.7699E-01 2.5488E-032367200201386 
 1.9766E+00 1.9076E-02 1.5903E+02 9.4163E-04 1.2365E+02 6.4234E-042367200201387 
 1.4745E+00 1.4717E+00 5.1756E+02 1.4731E+00 6.7304E-01 2.5245E-032367200201388 
 2.0062E+00 1.9006E-02 1.5972E+02 9.3759E-04 1.2491E+02 6.3586E-042367200201389 
 1.4717E+00 1.4689E+00 5.1805E+02 1.4703E+00 6.7188E-01 2.4434E-032367200201390 
 2.0150E+00 1.8427E-02 1.6972E+02 8.8231E-04 1.3297E+02 5.9732E-042367200201391 
 1.4689E+00 1.4661E+00 5.1854E+02 1.4675E+00 6.7292E-01 2.3963E-032367200201392 
 2.0071E+00 1.8043E-02 1.7712E+02 8.4547E-04 1.3855E+02 5.7327E-042367200201393 
 1.4661E+00 1.4634E+00 5.1902E+02 1.4648E+00 6.6830E-01 2.3464E-032367200201394 
 2.0421E+00 1.7790E-02 1.8152E+02 8.2498E-04 1.4298E+02 5.5553E-042367200201395 
 1.4634E+00 1.4606E+00 5.1951E+02 1.4620E+00 6.6840E-01 2.2771E-032367200201396 
 2.0413E+00 1.7262E-02 1.9278E+02 7.7677E-04 1.5183E+02 5.2313E-042367200201397 
 1.4606E+00 1.4579E+00 5.2000E+02 1.4592E+00 6.6555E-01 2.2217E-032367200201398 
 2.0629E+00 1.6914E-02 2.0029E+02 7.4765E-04 1.5842E+02 5.0137E-042367200201399 
 1.4579E+00 1.4551E+00 5.2049E+02 1.4565E+00 6.6588E-01 2.2887E-032367200201400 
 2.0604E+00 1.7415E-02 1.8900E+02 7.9233E-04 1.4941E+02 5.3161E-042367200201401 
 1.4551E+00 1.4524E+00 5.2098E+02 1.4538E+00 6.6199E-01 2.2871E-032367200201402 
 2.0901E+00 1.7505E-02 1.8645E+02 8.0315E-04 1.4826E+02 5.3572E-042367200201403 
 1.4524E+00 1.4497E+00 5.2147E+02 1.4510E+00 6.6180E-01 2.2842E-032367200201404 
 2.0915E+00 1.7488E-02 1.8680E+02 8.0167E-04 1.4858E+02 5.3458E-042367200201405 
 1.4497E+00 1.4470E+00 5.2195E+02 1.4483E+00 6.5815E-01 2.2806E-032367200201406 
 2.1196E+00 1.7558E-02 1.8472E+02 8.1066E-04 1.4774E+02 5.3760E-042367200201407 
 1.4470E+00 1.4443E+00 5.2244E+02 1.4456E+00 6.5698E-01 2.3024E-032367200201408 
 2.1286E+00 1.7757E-02 1.8046E+02 8.2980E-04 1.4459E+02 5.4931E-042367200201409 
 1.4443E+00 1.4416E+00 5.2293E+02 1.4429E+00 6.5669E-01 2.3192E-032367200201410 
 2.1308E+00 1.7895E-02 1.7767E+02 8.4284E-04 1.4242E+02 5.5771E-042367200201411 
 1.4416E+00 1.4389E+00 5.2342E+02 1.4402E+00 6.4858E-01 2.2242E-032367200201412 
 2.1938E+00 1.7376E-02 1.8709E+02 8.0043E-04 1.5184E+02 5.2309E-042367200201413 
 1.4389E+00 1.4362E+00 5.2391E+02 1.4375E+00 6.4119E-01 2.1513E-032367200201414 
 2.2519E+00 1.7000E-02 1.9421E+02 7.7105E-04 1.5944E+02 4.9815E-042367200201415 
 1.4362E+00 1.4335E+00 5.2440E+02 1.4349E+00 6.3837E-01 2.1243E-032367200201416 
 2.2742E+00 1.6861E-02 1.9694E+02 7.6037E-04 1.6240E+02 4.8909E-042367200201417 
 1.4335E+00 1.4308E+00 5.2488E+02 1.4322E+00 6.3758E-01 2.1405E-032367200201418 
 2.2805E+00 1.7010E-02 1.9341E+02 7.7427E-04 1.5968E+02 4.9741E-042367200201419 
 1.4308E+00 1.4282E+00 5.2537E+02 1.4295E+00 6.3218E-01 2.2087E-032367200201420 
 2.3236E+00 1.7702E-02 1.7776E+02 8.4241E-04 1.4801E+02 5.3662E-042367200201421 
 1.4282E+00 1.4255E+00 5.2586E+02 1.4269E+00 6.2431E-01 2.2333E-032367200201422 
 2.3870E+00 1.8126E-02 1.6842E+02 8.8915E-04 1.4200E+02 5.5936E-042367200201423 
 1.4255E+00 1.4229E+00 5.2635E+02 1.4242E+00 6.2096E-01 2.1950E-032367200201424 
 2.4143E+00 1.7911E-02 1.7196E+02 8.7083E-04 1.4576E+02 5.4490E-042367200201425 
 1.4229E+00 1.4202E+00 5.2684E+02 1.4216E+00 6.1080E-01 2.1423E-032367200201426 
 2.4979E+00 1.7772E-02 1.7313E+02 8.6498E-04 1.4919E+02 5.3238E-042367200201427 
 1.4202E+00 1.4176E+00 5.2733E+02 1.4189E+00 6.0042E-01 2.1079E-032367200201428 
 2.5848E+00 1.7789E-02 1.7122E+02 8.7462E-04 1.5010E+02 5.2917E-042367200201429 
 1.4176E+00 1.4150E+00 5.2781E+02 1.4163E+00 5.9759E-01 2.1356E-032367200201430 
 2.6087E+00 1.8108E-02 1.6485E+02 9.0840E-04 1.4520E+02 5.4703E-042367200201431 
 1.4150E+00 1.4124E+00 5.2830E+02 1.4137E+00 5.9063E-01 2.1297E-032367200201432 
 2.6680E+00 1.8270E-02 1.6092E+02 9.3056E-04 1.4340E+02 5.5386E-042367200201433 
 1.4124E+00 1.4098E+00 5.2879E+02 1.4111E+00 5.8650E-01 1.9888E-032367200201434 
 2.7036E+00 1.7181E-02 1.8123E+02 8.2629E-04 1.6265E+02 4.8833E-042367200201435 
 1.4098E+00 1.4071E+00 5.2928E+02 1.4085E+00 5.8343E-01 1.9628E-032367200201436 
 2.7302E+00 1.7046E-02 1.8365E+02 8.1541E-04 1.6568E+02 4.7938E-042367200201437 
 1.4071E+00 1.4046E+00 5.2977E+02 1.4059E+00 5.8744E-01 2.0840E-032367200201438 
 2.6955E+00 1.7975E-02 1.6575E+02 9.0345E-04 1.4851E+02 5.3481E-042367200201439 
 1.4046E+00 1.4020E+00 5.3026E+02 1.4033E+00 5.8499E-01 2.0883E-032367200201440 
 2.7167E+00 1.8088E-02 1.6338E+02 9.1656E-04 1.4700E+02 5.4031E-042367200201441 
 1.4020E+00 1.3994E+00 5.3074E+02 1.4007E+00 5.8918E-01 2.0589E-032367200201442 
 2.6805E+00 1.7707E-02 1.7108E+02 8.7532E-04 1.5283E+02 5.1969E-042367200201443 
 1.3994E+00 1.3968E+00 5.3123E+02 1.3981E+00 5.9596E-01 2.0644E-032367200201444 
 2.6225E+00 1.7552E-02 1.7514E+02 8.5501E-04 1.5469E+02 5.1346E-042367200201445 
 1.3968E+00 1.3942E+00 5.3172E+02 1.3955E+00 5.9900E-01 2.1112E-032367200201446 
 2.5967E+00 1.7858E-02 1.6966E+02 8.8264E-04 1.4908E+02 5.3277E-042367200201447 
 1.3942E+00 1.3917E+00 5.3221E+02 1.3930E+00 6.0326E-01 2.1767E-032367200201448 
 2.5609E+00 1.8282E-02 1.6253E+02 9.2138E-04 1.4181E+02 5.6010E-042367200201449 
 1.3917E+00 1.3891E+00 5.3270E+02 1.3904E+00 6.1175E-01 2.2316E-032367200201450 
 2.4900E+00 1.8484E-02 1.6021E+02 9.3471E-04 1.3784E+02 5.7621E-042367200201451 
 1.3891E+00 1.3866E+00 5.3319E+02 1.3879E+00 6.1737E-01 2.2856E-032367200201452 
 2.4437E+00 1.8759E-02 1.5633E+02 9.5792E-04 1.3328E+02 5.9595E-042367200201453 
 1.3866E+00 1.3840E+00 5.3367E+02 1.3853E+00 6.2323E-01 2.3340E-032367200201454 
 2.3958E+00 1.8976E-02 1.5355E+02 9.7526E-04 1.2968E+02 6.1249E-042367200201455 
 1.3840E+00 1.3815E+00 5.3416E+02 1.3828E+00 6.2348E-01 2.3618E-032367200201456 
 2.3938E+00 1.9194E-02 1.5012E+02 9.9756E-04 1.2673E+02 6.2675E-042367200201457 
 1.3815E+00 1.3790E+00 5.3465E+02 1.3802E+00 6.3236E-01 2.4468E-032367200201458 
 2.3221E+00 1.9605E-02 1.4500E+02 1.0327E-03 1.2069E+02 6.5810E-042367200201459 
 1.3790E+00 1.3765E+00 5.3514E+02 1.3777E+00 6.3203E-01 2.3490E-032367200201460 
 2.3248E+00 1.8832E-02 1.5710E+02 9.5319E-04 1.3084E+02 6.0707E-042367200201461 
 1.3765E+00 1.3740E+00 5.3563E+02 1.3752E+00 6.3325E-01 2.2197E-032367200201462 
 2.3150E+00 1.7761E-02 1.7676E+02 8.4721E-04 1.4692E+02 5.4060E-042367200201463 
 1.3740E+00 1.3714E+00 5.3611E+02 1.3727E+00 6.3284E-01 2.1433E-032367200201464 
 2.3183E+00 1.7160E-02 1.8925E+02 7.9129E-04 1.5741E+02 5.0458E-042367200201465 
 1.3714E+00 1.3689E+00 5.3660E+02 1.3702E+00 6.2376E-01 2.0731E-032367200201466 
 2.3915E+00 1.6840E-02 1.9495E+02 7.6815E-04 1.6452E+02 4.8279E-042367200201467 
 1.3689E+00 1.3665E+00 5.3709E+02 1.3677E+00 6.2625E-01 2.0698E-032367200201468 
 2.3713E+00 1.6746E-02 1.9759E+02 7.5788E-04 1.6608E+02 4.7824E-042367200201469 
 1.3665E+00 1.3640E+00 5.3758E+02 1.3652E+00 6.1748E-01 2.0272E-032367200201470 
 2.4428E+00 1.6635E-02 1.9870E+02 7.5363E-04 1.6939E+02 4.6890E-042367200201471 
 1.3640E+00 1.3615E+00 5.3807E+02 1.3627E+00 5.9615E-01 1.9995E-032367200201472 
 2.6210E+00 1.6995E-02 1.8687E+02 8.0137E-04 1.6499E+02 4.8139E-042367200201473 
 1.3615E+00 1.3590E+00 5.3856E+02 1.3603E+00 5.7613E-01 1.9678E-032367200201474 
 2.7940E+00 1.7307E-02 1.7696E+02 8.4622E-04 1.6167E+02 4.9128E-042367200201475 
 1.3590E+00 1.3566E+00 5.3904E+02 1.3578E+00 5.4722E-01 1.9298E-032367200201476 
 3.0548E+00 1.7869E-02 1.6170E+02 9.2607E-04 1.5552E+02 5.1070E-042367200201477 
 1.3566E+00 1.3541E+00 5.3953E+02 1.3553E+00 5.2107E-01 1.9064E-032367200201478 
 3.3029E+00 1.8537E-02 1.4660E+02 1.0215E-03 1.4806E+02 5.3644E-042367200201479 
 1.3541E+00 1.3517E+00 5.4002E+02 1.3529E+00 4.9683E-01 1.8875E-032367200201480 
 3.5443E+00 1.9249E-02 1.3283E+02 1.1274E-03 1.4069E+02 5.6454E-042367200201481 
 1.3517E+00 1.3492E+00 5.4051E+02 1.3504E+00 4.8433E-01 1.8921E-032367200201482 
 3.6735E+00 1.9794E-02 1.2409E+02 1.2068E-03 1.3482E+02 5.8915E-042367200201483 
 1.3492E+00 1.3468E+00 5.4100E+02 1.3480E+00 4.8847E-01 1.8433E-032367200201484 
 3.6303E+00 1.9121E-02 1.3352E+02 1.1216E-03 1.4384E+02 5.5218E-042367200201485 
 1.3468E+00 1.3443E+00 5.4149E+02 1.3456E+00 5.1331E-01 1.8689E-032367200201486 
 3.3790E+00 1.8448E-02 1.4692E+02 1.0192E-03 1.5063E+02 5.2729E-042367200201487 
 1.3443E+00 1.3419E+00 5.4197E+02 1.3431E+00 5.4196E-01 1.9414E-032367200201488 
 3.1038E+00 1.8151E-02 1.5594E+02 9.6029E-04 1.5144E+02 5.2448E-042367200201489 
 1.3419E+00 1.3395E+00 5.4246E+02 1.3407E+00 5.7503E-01 2.0495E-032367200201490 
 2.8037E+00 1.8059E-02 1.6241E+02 9.2205E-04 1.4865E+02 5.3430E-042367200201491 
 1.3395E+00 1.3371E+00 5.4295E+02 1.3383E+00 5.9755E-01 2.1018E-032367200201492 
 2.6090E+00 1.7822E-02 1.7014E+02 8.8017E-04 1.4986E+02 5.2999E-042367200201493 
 1.3371E+00 1.3347E+00 5.4344E+02 1.3359E+00 6.1883E-01 2.1445E-032367200201494 
 2.4317E+00 1.7559E-02 1.7858E+02 8.3853E-04 1.5190E+02 5.2288E-042367200201495 
 1.3347E+00 1.3323E+00 5.4393E+02 1.3335E+00 6.3334E-01 2.2103E-032367200201496 
 2.3143E+00 1.7683E-02 1.7838E+02 8.3952E-04 1.4825E+02 5.3576E-042367200201497 
 1.3323E+00 1.3299E+00 5.4442E+02 1.3311E+00 6.5253E-01 2.3045E-032367200201498 
 2.1631E+00 1.7894E-02 1.7703E+02 8.4591E-04 1.4280E+02 5.5619E-042367200201499 
 1.3299E+00 1.3275E+00 5.4490E+02 1.3287E+00 6.6340E-01 2.3273E-032367200201500 
 2.0793E+00 1.7775E-02 1.8108E+02 8.2699E-04 1.4368E+02 5.5280E-042367200201501 
 1.3275E+00 1.3251E+00 5.4539E+02 1.3263E+00 6.7433E-01 2.3265E-032367200201502 
 1.9966E+00 1.7482E-02 1.8889E+02 7.9278E-04 1.4745E+02 5.3865E-042367200201503 
 1.3251E+00 1.3228E+00 5.4588E+02 1.3239E+00 6.8063E-01 2.3430E-032367200201504 
 1.9494E+00 1.7442E-02 1.9075E+02 7.8506E-04 1.4753E+02 5.3839E-042367200201505 
 1.3228E+00 1.3204E+00 5.4637E+02 1.3216E+00 6.8702E-01 2.3321E-032367200201506 
 1.9021E+00 1.7200E-02 1.9720E+02 7.5938E-04 1.5110E+02 5.2566E-042367200201507 
 1.3204E+00 1.3180E+00 5.4686E+02 1.3192E+00 6.9174E-01 2.2820E-032367200201508 
 1.8674E+00 1.6715E-02 2.0953E+02 7.1467E-04 1.5946E+02 4.9810E-042367200201509 
 1.3180E+00 1.3157E+00 5.4735E+02 1.3169E+00 6.9462E-01 2.2493E-032367200201510 
 1.8463E+00 1.6408E-02 2.1802E+02 6.8687E-04 1.6523E+02 4.8071E-042367200201511 
 1.3157E+00 1.3133E+00 5.4783E+02 1.3145E+00 6.9828E-01 2.3304E-032367200201512 
 1.8197E+00 1.6910E-02 2.0592E+02 7.2721E-04 1.5524E+02 5.1163E-042367200201513 
 1.3133E+00 1.3110E+00 5.4832E+02 1.3122E+00 7.0510E-01 2.4329E-032367200201514 
 1.7705E+00 1.7483E-02 1.9371E+02 7.7307E-04 1.4462E+02 5.4921E-042367200201515 
 1.3110E+00 1.3087E+00 5.4881E+02 1.3098E+00 7.0893E-01 2.4248E-032367200201516 
 1.7430E+00 1.7330E-02 1.9777E+02 7.5718E-04 1.4686E+02 5.4084E-042367200201517 
 1.3087E+00 1.3063E+00 5.4930E+02 1.3075E+00 7.1740E-01 2.4381E-032367200201518 
 1.6828E+00 1.7220E-02 2.0171E+02 7.4240E-04 1.4801E+02 5.3662E-042367200201519 
 1.3063E+00 1.3040E+00 5.4979E+02 1.3052E+00 7.1304E-01 2.4430E-032367200201520 
 1.7137E+00 1.7360E-02 1.9775E+02 7.5728E-04 1.4599E+02 5.4405E-042367200201521 
 1.3040E+00 1.3017E+00 5.5027E+02 1.3028E+00 7.1825E-01 2.4757E-032367200201522 
 1.6769E+00 1.7465E-02 1.9620E+02 7.6324E-04 1.4380E+02 5.5233E-042367200201523 
 1.3017E+00 1.2994E+00 5.5076E+02 1.3005E+00 7.1846E-01 2.4669E-032367200201524 
 1.6753E+00 1.7398E-02 1.9774E+02 7.5732E-04 1.4488E+02 5.4821E-042367200201525 
 1.2994E+00 1.2971E+00 5.5125E+02 1.2982E+00 7.2115E-01 2.4913E-032367200201526 
 1.6564E+00 1.7504E-02 1.9576E+02 7.6496E-04 1.4290E+02 5.5581E-042367200201527 
 1.2971E+00 1.2948E+00 5.5174E+02 1.2959E+00 7.2426E-01 2.5719E-032367200201528 
 1.6346E+00 1.7993E-02 1.8575E+02 8.0619E-04 1.3501E+02 5.8830E-042367200201529 
 1.2948E+00 1.2925E+00 5.5223E+02 1.2936E+00 7.2552E-01 2.6587E-032367200201530 
 1.6258E+00 1.8568E-02 1.7459E+02 8.5772E-04 1.2668E+02 6.2700E-042367200201531 
 1.2925E+00 1.2902E+00 5.5272E+02 1.2913E+00 7.2929E-01 2.6423E-032367200201532 
 1.5996E+00 1.8358E-02 1.7917E+02 8.3579E-04 1.2933E+02 6.1413E-042367200201533 
 1.2902E+00 1.2879E+00 5.5320E+02 1.2891E+00 7.3363E-01 2.5821E-032367200201534 
 1.5695E+00 1.7834E-02 1.9047E+02 7.8622E-04 1.3667E+02 5.8115E-042367200201535 
 1.2879E+00 1.2856E+00 5.5369E+02 1.2868E+00 7.3360E-01 2.5775E-032367200201536 
 1.5697E+00 1.7802E-02 1.9116E+02 7.8336E-04 1.3718E+02 5.7901E-042367200201537 
 1.2856E+00 1.2834E+00 5.5418E+02 1.2845E+00 7.2984E-01 2.6071E-032367200201538 
 1.5957E+00 1.8100E-02 1.8438E+02 8.1218E-04 1.3299E+02 5.9723E-042367200201539 
 1.2834E+00 1.2811E+00 5.5467E+02 1.2823E+00 7.3857E-01 2.7417E-032367200201540 
 1.5355E+00 1.8809E-02 1.7195E+02 8.7087E-04 1.2256E+02 6.4806E-042367200201541 
 1.2811E+00 1.2789E+00 5.5516E+02 1.2800E+00 7.3695E-01 2.8470E-032367200201542 
 1.5466E+00 1.9575E-02 1.5858E+02 9.4429E-04 1.1328E+02 7.0117E-042367200201543 
 1.2789E+00 1.2766E+00 5.5565E+02 1.2777E+00 7.3919E-01 2.8754E-032367200201544 
 1.5312E+00 1.9710E-02 1.5666E+02 9.5587E-04 1.1157E+02 7.1192E-042367200201545 
 1.2766E+00 1.2744E+00 5.5613E+02 1.2755E+00 7.3689E-01 2.6984E-032367200201546 
 1.5470E+00 1.8554E-02 1.7645E+02 8.4868E-04 1.2605E+02 6.3010E-042367200201547 
 1.2744E+00 1.2721E+00 5.5662E+02 1.2733E+00 7.3828E-01 2.5354E-032367200201548 
 1.5375E+00 1.7401E-02 2.0081E+02 7.4571E-04 1.4319E+02 5.5469E-042367200201549 
 1.2721E+00 1.2699E+00 5.5711E+02 1.2710E+00 7.4419E-01 2.5335E-032367200201550 
 1.4970E+00 1.7250E-02 2.0531E+02 7.2937E-04 1.4524E+02 5.4688E-042367200201551 
 1.2699E+00 1.2677E+00 5.5760E+02 1.2688E+00 7.4329E-01 2.5252E-032367200201552 
 1.5032E+00 1.7214E-02 2.0599E+02 7.2696E-04 1.4589E+02 5.4441E-042367200201553 
 1.2677E+00 1.2655E+00 5.5809E+02 1.2666E+00 7.4205E-01 2.4624E-032367200201554 
 1.5117E+00 1.6814E-02 2.1568E+02 6.9430E-04 1.5302E+02 5.1907E-042367200201555 
 1.2655E+00 1.2632E+00 5.5858E+02 1.2644E+00 7.3829E-01 2.4459E-032367200201556 
 1.5374E+00 1.6786E-02 2.1578E+02 6.9400E-04 1.5386E+02 5.1622E-042367200201557 
 1.2632E+00 1.2610E+00 5.5906E+02 1.2621E+00 7.4768E-01 2.5595E-032367200201558 
 1.4733E+00 1.7345E-02 2.0358E+02 7.3556E-04 1.4334E+02 5.5410E-042367200201559 
 1.2610E+00 1.2588E+00 5.5955E+02 1.2599E+00 7.4386E-01 2.6189E-032367200201560 
 1.4993E+00 1.7839E-02 1.9197E+02 7.8008E-04 1.3586E+02 5.8464E-042367200201561 
 1.2588E+00 1.2566E+00 5.6004E+02 1.2577E+00 7.4683E-01 2.6700E-032367200201562 
 1.4791E+00 1.8114E-02 1.8660E+02 8.0252E-04 1.3153E+02 6.0386E-042367200201563 
 1.2566E+00 1.2544E+00 5.6053E+02 1.2555E+00 7.4622E-01 2.6895E-032367200201564 
 1.4833E+00 1.8262E-02 1.8348E+02 8.1614E-04 1.2944E+02 6.1361E-042367200201565 
 1.2544E+00 1.2523E+00 5.6102E+02 1.2534E+00 7.4832E-01 2.7224E-032367200201566 
 1.4690E+00 1.8433E-02 1.8040E+02 8.3011E-04 1.2690E+02 6.2587E-042367200201567 
 1.2523E+00 1.2501E+00 5.6151E+02 1.2512E+00 7.4998E-01 2.7056E-032367200201568 
 1.4578E+00 1.8279E-02 1.8370E+02 8.1520E-04 1.2894E+02 6.1599E-042367200201569 
 1.2501E+00 1.2479E+00 5.6199E+02 1.2490E+00 7.4860E-01 2.5843E-032367200201570 
 1.4671E+00 1.7492E-02 2.0032E+02 7.4754E-04 1.4087E+02 5.6382E-042367200201571 
 1.2479E+00 1.2457E+00 5.6248E+02 1.2468E+00 7.5101E-01 2.5382E-032367200201572 
 1.4509E+00 1.7125E-02 2.0944E+02 7.1500E-04 1.4681E+02 5.4100E-042367200201573 
 1.2457E+00 1.2436E+00 5.6297E+02 1.2447E+00 7.5457E-01 2.6233E-032367200201574 
 1.4269E+00 1.7615E-02 1.9847E+02 7.5450E-04 1.3847E+02 5.7360E-042367200201575 
 1.2436E+00 1.2414E+00 5.6346E+02 1.2425E+00 7.4808E-01 2.7324E-032367200201576 
 1.4706E+00 1.8507E-02 1.7897E+02 8.3673E-04 1.2594E+02 6.3066E-042367200201577 
 1.2414E+00 1.2393E+00 5.6395E+02 1.2403E+00 7.4970E-01 2.8948E-032367200201578 
 1.4597E+00 1.9565E-02 1.6034E+02 9.3392E-04 1.1259E+02 7.0545E-042367200201579 
 1.2393E+00 1.2371E+00 5.6444E+02 1.2382E+00 7.5108E-01 2.9870E-032367200201580 
 1.4504E+00 2.0150E-02 1.5133E+02 9.8954E-04 1.0606E+02 7.4885E-042367200201581 
 1.2371E+00 1.2350E+00 5.6492E+02 1.2361E+00 7.4960E-01 2.9877E-032367200201582 
 1.4604E+00 2.0195E-02 1.5052E+02 9.9486E-04 1.0570E+02 7.5140E-042367200201583 
 1.2350E+00 1.2328E+00 5.6541E+02 1.2339E+00 7.4838E-01 3.0841E-032367200201584 
 1.4686E+00 2.0880E-02 1.4069E+02 1.0644E-03 9.8959E+01 8.0262E-042367200201585 
 1.2328E+00 1.2307E+00 5.6590E+02 1.2318E+00 7.4396E-01 2.9238E-032367200201586 
 1.4986E+00 1.9913E-02 1.5410E+02 9.7174E-04 1.0904E+02 7.2841E-042367200201587 
 1.2307E+00 1.2286E+00 5.6639E+02 1.2297E+00 7.4542E-01 2.8739E-032367200201588 
 1.4887E+00 1.9535E-02 1.6028E+02 9.3428E-04 1.1319E+02 7.0170E-042367200201589 
 1.2286E+00 1.2265E+00 5.6688E+02 1.2275E+00 7.4166E-01 2.9355E-032367200201590 
 1.5143E+00 2.0055E-02 1.5165E+02 9.8748E-04 1.0763E+02 7.3793E-042367200201591 
 1.2265E+00 1.2244E+00 5.6736E+02 1.2254E+00 7.3202E-01 2.6227E-032367200201592 
 1.5806E+00 1.8154E-02 1.8364E+02 8.1546E-04 1.3206E+02 6.0145E-042367200201593 
 1.2244E+00 1.2223E+00 5.6785E+02 1.2233E+00 7.3296E-01 2.3853E-032367200201594 
 1.5741E+00 1.6489E-02 2.2260E+02 6.7271E-04 1.5988E+02 4.9678E-042367200201595 
 1.2223E+00 1.2202E+00 5.6834E+02 1.2212E+00 7.3171E-01 2.3293E-032367200201596 
 1.5828E+00 1.6130E-02 2.3243E+02 6.4428E-04 1.6723E+02 4.7496E-042367200201597 
 1.2202E+00 1.2181E+00 5.6883E+02 1.2191E+00 7.1861E-01 2.3439E-032367200201598 
 1.6743E+00 1.6526E-02 2.1914E+02 6.8334E-04 1.6054E+02 4.9475E-042367200201599 
 1.2181E+00 1.2160E+00 5.6932E+02 1.2170E+00 7.0804E-01 2.4020E-032367200201600 
 1.7494E+00 1.7189E-02 2.0084E+02 7.4561E-04 1.4932E+02 5.3191E-042367200201601 
 1.2160E+00 1.2139E+00 5.6981E+02 1.2149E+00 6.9379E-01 2.3930E-032367200201602 
 1.8524E+00 1.7477E-02 1.9208E+02 7.7963E-04 1.4574E+02 5.4500E-042367200201603 
 1.2139E+00 1.2118E+00 5.7029E+02 1.2128E+00 6.7306E-01 2.2752E-032367200201604 
 2.0061E+00 1.7128E-02 1.9658E+02 7.6176E-04 1.5375E+02 5.1659E-042367200201605 
 1.2118E+00 1.2097E+00 5.7078E+02 1.2108E+00 6.6572E-01 2.2029E-032367200201606 
 2.0617E+00 1.6767E-02 2.0385E+02 7.3460E-04 1.6119E+02 4.9274E-042367200201607 
 1.2097E+00 1.2077E+00 5.7127E+02 1.2087E+00 6.6685E-01 2.2066E-032367200201608 
 2.0530E+00 1.6766E-02 2.0410E+02 7.3369E-04 1.6112E+02 4.9297E-042367200201609 
 1.2077E+00 1.2056E+00 5.7176E+02 1.2066E+00 6.7972E-01 2.3094E-032367200201610 
 1.9562E+00 1.7215E-02 1.9567E+02 7.6529E-04 1.5154E+02 5.2413E-042367200201611 
 1.2056E+00 1.2035E+00 5.7225E+02 1.2046E+00 6.9886E-01 2.3932E-032367200201612 
 1.8155E+00 1.7351E-02 1.9568E+02 7.6529E-04 1.4739E+02 5.3888E-042367200201613 
 1.2035E+00 1.2015E+00 5.7274E+02 1.2025E+00 7.1517E-01 2.4488E-032367200201614 
 1.6986E+00 1.7349E-02 1.9830E+02 7.5517E-04 1.4596E+02 5.4415E-042367200201615 
 1.2015E+00 1.1994E+00 5.7322E+02 1.2005E+00 7.2886E-01 2.5457E-032367200201616 
 1.6026E+00 1.7697E-02 1.9272E+02 7.7702E-04 1.3920E+02 5.7060E-042367200201617 
 1.1994E+00 1.1974E+00 5.7371E+02 1.1984E+00 7.3927E-01 2.4709E-032367200201618 
 1.5306E+00 1.6935E-02 2.1214E+02 7.0590E-04 1.5106E+02 5.2578E-042367200201619 
 1.1974E+00 1.1954E+00 5.7420E+02 1.1964E+00 7.4798E-01 2.4358E-032367200201620 
 1.4713E+00 1.6500E-02 2.2500E+02 6.6554E-04 1.5836E+02 5.0155E-042367200201621 
 1.1954E+00 1.1933E+00 5.7469E+02 1.1943E+00 7.5358E-01 2.5182E-032367200201622 
 1.4335E+00 1.6932E-02 2.1466E+02 6.9762E-04 1.4996E+02 5.2966E-042367200201623 
 1.1933E+00 1.1913E+00 5.7518E+02 1.1923E+00 7.5079E-01 2.6737E-032367200201624 
 1.4524E+00 1.8044E-02 1.8863E+02 7.9387E-04 1.3226E+02 6.0051E-042367200201625 
 1.1913E+00 1.1893E+00 5.7567E+02 1.1903E+00 7.4856E-01 2.7069E-032367200201626 
 1.4674E+00 1.8322E-02 1.8262E+02 8.2001E-04 1.2843E+02 6.1845E-042367200201627 
 1.1893E+00 1.1873E+00 5.7615E+02 1.1883E+00 7.3052E-01 2.6430E-032367200201628 
 1.5910E+00 1.8332E-02 1.7989E+02 8.3245E-04 1.2963E+02 6.1271E-042367200201629 
 1.1873E+00 1.1852E+00 5.7664E+02 1.1863E+00 6.5512E-01 2.4392E-032367200201630 
 2.1430E+00 1.8865E-02 1.5968E+02 9.3782E-04 1.2830E+02 6.1908E-042367200201631 
 1.1852E+00 1.1832E+00 5.7713E+02 1.1842E+00 6.3546E-01 2.3364E-032367200201632 
 2.2974E+00 1.8630E-02 1.6099E+02 9.3019E-04 1.3335E+02 5.9563E-042367200201633 
 1.1832E+00 1.1812E+00 5.7762E+02 1.1822E+00 7.0408E-01 2.5369E-032367200201634 
 1.7778E+00 1.8257E-02 1.7752E+02 8.4354E-04 1.3273E+02 5.9843E-042367200201635 
 1.1812E+00 1.1792E+00 5.7811E+02 1.1802E+00 7.4308E-01 2.6522E-032367200201636 
 1.5046E+00 1.8085E-02 1.8664E+02 8.0236E-04 1.3222E+02 6.0071E-042367200201637 
 1.1792E+00 1.1772E+00 5.7860E+02 1.1782E+00 7.4916E-01 2.5756E-032367200201638 
 1.4633E+00 1.7420E-02 2.0211E+02 7.4093E-04 1.4202E+02 5.5925E-042367200201639 
 1.1772E+00 1.1753E+00 5.7908E+02 1.1763E+00 7.5811E-01 2.6211E-032367200201640 
 1.4031E+00 1.7518E-02 2.0125E+02 7.4408E-04 1.3975E+02 5.6834E-042367200201641 
 1.1753E+00 1.1733E+00 5.7957E+02 1.1743E+00 7.5437E-01 2.6748E-032367200201642 
 1.4282E+00 1.7966E-02 1.9080E+02 7.8486E-04 1.3315E+02 5.9652E-042367200201643 
 1.1733E+00 1.1713E+00 5.8006E+02 1.1723E+00 7.6087E-01 2.6592E-032367200201644 
 1.3847E+00 1.7708E-02 1.9739E+02 7.5863E-04 1.3658E+02 5.8155E-042367200201645 
 1.1713E+00 1.1693E+00 5.8055E+02 1.1703E+00 7.5457E-01 2.6040E-032367200201646 
 1.4268E+00 1.7486E-02 2.0140E+02 7.4355E-04 1.4051E+02 5.6528E-042367200201647 
 1.1693E+00 1.1674E+00 5.8104E+02 1.1684E+00 7.5957E-01 2.6145E-032367200201648 
 1.3934E+00 1.7440E-02 2.0329E+02 7.3664E-04 1.4090E+02 5.6373E-042367200201649 
 1.1674E+00 1.1654E+00 5.8152E+02 1.1664E+00 7.5628E-01 2.6334E-032367200201650 
 1.4154E+00 1.7643E-02 1.9814E+02 7.5579E-04 1.3792E+02 5.7588E-042367200201651 
 1.1654E+00 1.1634E+00 5.8201E+02 1.1644E+00 7.5628E-01 2.6831E-032367200201652 
 1.4154E+00 1.7976E-02 1.9088E+02 7.8452E-04 1.3287E+02 5.9778E-042367200201653 
 1.1634E+00 1.1615E+00 5.8250E+02 1.1625E+00 7.5691E-01 2.6891E-032367200201654 
 1.4112E+00 1.8001E-02 1.9043E+02 7.8639E-04 1.3244E+02 5.9970E-042367200201655 
 1.1615E+00 1.1596E+00 5.8299E+02 1.1605E+00 7.5326E-01 2.6552E-032367200201656 
 1.4357E+00 1.7861E-02 1.9291E+02 7.7625E-04 1.3482E+02 5.8912E-042367200201657 
 1.1596E+00 1.1576E+00 5.8348E+02 1.1586E+00 7.4864E-01 2.6779E-032367200201658 
 1.4668E+00 1.8124E-02 1.8665E+02 8.0229E-04 1.3125E+02 6.0516E-042367200201659 
 1.1576E+00 1.1557E+00 5.8397E+02 1.1566E+00 7.4403E-01 2.6930E-032367200201660 
 1.4982E+00 1.8340E-02 1.8164E+02 8.2443E-04 1.2852E+02 6.1802E-042367200201661 
 1.1557E+00 1.1537E+00 5.8445E+02 1.1547E+00 7.4639E-01 2.7612E-032367200201662 
 1.4821E+00 1.8744E-02 1.7421E+02 8.5959E-04 1.2287E+02 6.4643E-042367200201663 
 1.1537E+00 1.1518E+00 5.8494E+02 1.1528E+00 7.4600E-01 2.9084E-032367200201664 
 1.4848E+00 1.9754E-02 1.5683E+02 9.5483E-04 1.1067E+02 7.1769E-042367200201665 
 1.1518E+00 1.1499E+00 5.8543E+02 1.1509E+00 7.3651E-01 2.9788E-032367200201666 
 1.5496E+00 2.0493E-02 1.4467E+02 1.0351E-03 1.0340E+02 7.6814E-042367200201667 
 1.1499E+00 1.1480E+00 5.8592E+02 1.1489E+00 7.3875E-01 2.8662E-032367200201668 
 1.5342E+00 1.9658E-02 1.5744E+02 9.5112E-04 1.1219E+02 7.0797E-042367200201669 
 1.1480E+00 1.1461E+00 5.8641E+02 1.1470E+00 7.2795E-01 2.6678E-032367200201670 
 1.6089E+00 1.8569E-02 1.7494E+02 8.5598E-04 1.2651E+02 6.2782E-042367200201671 
 1.1461E+00 1.1442E+00 5.8690E+02 1.1451E+00 7.2776E-01 2.6117E-032367200201672 
 1.6102E+00 1.8183E-02 1.8241E+02 8.2094E-04 1.3195E+02 6.0196E-042367200201673 
 1.1442E+00 1.1422E+00 5.8738E+02 1.1432E+00 7.2133E-01 2.5306E-032367200201674 
 1.6551E+00 1.7775E-02 1.8989E+02 7.8859E-04 1.3858E+02 5.7313E-042367200201675 
 1.1422E+00 1.1403E+00 5.8787E+02 1.1413E+00 7.2319E-01 2.5626E-032367200201676 
 1.6421E+00 1.7955E-02 1.8638E+02 8.0346E-04 1.3567E+02 5.8545E-042367200201677 
 1.1403E+00 1.1385E+00 5.8836E+02 1.1394E+00 7.0853E-01 2.6896E-032367200201678 
 1.7458E+00 1.9234E-02 1.6057E+02 9.3260E-04 1.1929E+02 6.6580E-042367200201679 
 1.1385E+00 1.1366E+00 5.8885E+02 1.1375E+00 6.9526E-01 2.6443E-032367200201680 
 1.8417E+00 1.9271E-02 1.5821E+02 9.4650E-04 1.1978E+02 6.6307E-042367200201681 
 1.1366E+00 1.1347E+00 5.8934E+02 1.1356E+00 6.9092E-01 2.5178E-032367200201682 
 1.8734E+00 1.8465E-02 1.7169E+02 8.7223E-04 1.3080E+02 6.0722E-042367200201683 
 1.1347E+00 1.1328E+00 5.8983E+02 1.1337E+00 6.7758E-01 2.5065E-032367200201684 
 1.9722E+00 1.8744E-02 1.6482E+02 9.0858E-04 1.2804E+02 6.2033E-042367200201685 
 1.1328E+00 1.1309E+00 5.9031E+02 1.1319E+00 6.6120E-01 2.4754E-032367200201686 
 2.0961E+00 1.8969E-02 1.5873E+02 9.4341E-04 1.2636E+02 6.2856E-042367200201687 
 1.1309E+00 1.1291E+00 5.9080E+02 1.1300E+00 6.3913E-01 2.4562E-032367200201688 
 2.2682E+00 1.9472E-02 1.4788E+02 1.0127E-03 1.2178E+02 6.5220E-042367200201689 
 1.1291E+00 1.1272E+00 5.9129E+02 1.1281E+00 6.2077E-01 2.4612E-032367200201690 
 2.4158E+00 2.0089E-02 1.3673E+02 1.0952E-03 1.1593E+02 6.8515E-042367200201691 
 1.1272E+00 1.1253E+00 5.9178E+02 1.1263E+00 5.8799E-01 2.3474E-032367200201692 
 2.6908E+00 2.0228E-02 1.3100E+02 1.1431E-03 1.1726E+02 6.7738E-042367200201693 
 1.1253E+00 1.1235E+00 5.9227E+02 1.1244E+00 5.5927E-01 2.2702E-032367200201694 
 2.9444E+00 2.0567E-02 1.2349E+02 1.2126E-03 1.1620E+02 6.8353E-042367200201695 
 1.1235E+00 1.1216E+00 5.9276E+02 1.1225E+00 5.1767E-01 2.1640E-032367200201696 
 3.3361E+00 2.1180E-02 1.1200E+02 1.3371E-03 1.1384E+02 6.9769E-042367200201697 
 1.1216E+00 1.1198E+00 5.9324E+02 1.1207E+00 4.8916E-01 2.0541E-032367200201698 
 3.6232E+00 2.1277E-02 1.0796E+02 1.3870E-03 1.1613E+02 6.8394E-042367200201699 
 1.1198E+00 1.1179E+00 5.9373E+02 1.1189E+00 4.6270E-01 2.0432E-032367200201700 
 3.9049E+00 2.2374E-02 9.5110E+01 1.5745E-03 1.0814E+02 7.3447E-042367200201701 
 1.1179E+00 1.1161E+00 5.9422E+02 1.1170E+00 4.5107E-01 2.0723E-032367200201702 
 4.0339E+00 2.3278E-02 8.6889E+01 1.7235E-03 1.0133E+02 7.8384E-042367200201703 
 1.1161E+00 1.1143E+00 5.9471E+02 1.1152E+00 4.6492E-01 2.1150E-032367200201704 
 3.8807E+00 2.3050E-02 8.9835E+01 1.6669E-03 1.0165E+02 7.8136E-042367200201705 
 1.1143E+00 1.1124E+00 5.9520E+02 1.1133E+00 4.8959E-01 2.0427E-032367200201706 
 3.6187E+00 2.1140E-02 1.0938E+02 1.3691E-03 1.1755E+02 6.7568E-042367200201707 
 1.1124E+00 1.1106E+00 5.9569E+02 1.1115E+00 5.1985E-01 1.9897E-032367200201708 
 3.3149E+00 1.9394E-02 1.3381E+02 1.1192E-03 1.3545E+02 5.8637E-042367200201709 
 1.1106E+00 1.1088E+00 5.9617E+02 1.1097E+00 5.4764E-01 2.0496E-032367200201710 
 3.0510E+00 1.8963E-02 1.4365E+02 1.0424E-03 1.3805E+02 5.7533E-042367200201711 
 1.1088E+00 1.1070E+00 5.9666E+02 1.1079E+00 5.7043E-01 2.1922E-032367200201712 
 2.8443E+00 1.9472E-02 1.3918E+02 1.0759E-03 1.2841E+02 6.1852E-042367200201713 
 1.1070E+00 1.1052E+00 5.9715E+02 1.1061E+00 6.0639E-01 2.4109E-032367200201714 
 2.5346E+00 2.0145E-02 1.3429E+02 1.1151E-03 1.1656E+02 6.8144E-042367200201715 
 1.1052E+00 1.1034E+00 5.9764E+02 1.1043E+00 6.2290E-01 2.3968E-032367200201716 
 2.3985E+00 1.9497E-02 1.4545E+02 1.0296E-03 1.2290E+02 6.4627E-042367200201717 
 1.1034E+00 1.1015E+00 5.9813E+02 1.1024E+00 6.3920E-01 2.2656E-032367200201718 
 2.2676E+00 1.7959E-02 1.7375E+02 8.6187E-04 1.4308E+02 5.5512E-042367200201719 
 1.1015E+00 1.0998E+00 5.9861E+02 1.1006E+00 6.5857E-01 2.3121E-032367200201720 
 2.1164E+00 1.7789E-02 1.8008E+02 8.3156E-04 1.4394E+02 5.5181E-042367200201721 
 1.0998E+00 1.0980E+00 5.9910E+02 1.0989E+00 6.6064E-01 2.3239E-032367200201722 
 2.1005E+00 1.7824E-02 1.7967E+02 8.3348E-04 1.4316E+02 5.5482E-042367200201723 
 1.0980E+00 1.0962E+00 5.9959E+02 1.0971E+00 6.7232E-01 2.3444E-032367200201724 
 2.0117E+00 1.7669E-02 1.8461E+02 8.1116E-04 1.4454E+02 5.4950E-042367200201725 
 1.0962E+00 1.0944E+00 6.0008E+02 1.0953E+00 6.7709E-01 2.3556E-032367200201726 
 1.9758E+00 1.7628E-02 1.8620E+02 8.0426E-04 1.4476E+02 5.4869E-042367200201727 
 1.0944E+00 1.0926E+00 6.0057E+02 1.0935E+00 6.8166E-01 2.4069E-032367200201728 
 1.9417E+00 1.7891E-02 1.8148E+02 8.2517E-04 1.4014E+02 5.6676E-042367200201729 
 1.0926E+00 1.0908E+00 6.0106E+02 1.0917E+00 6.8702E-01 2.5254E-032367200201730 
 1.9021E+00 1.8625E-02 1.6822E+02 8.9021E-04 1.2889E+02 6.1625E-042367200201731 
 1.0908E+00 1.0891E+00 6.0154E+02 1.0899E+00 6.8797E-01 2.5854E-032367200201732 
 1.8951E+00 1.9041E-02 1.6110E+02 9.2952E-04 1.2327E+02 6.4435E-042367200201733 
 1.0891E+00 1.0873E+00 6.0203E+02 1.0882E+00 6.8766E-01 2.5379E-032367200201734 
 1.8973E+00 1.8700E-02 1.6697E+02 8.9687E-04 1.2781E+02 6.2144E-042367200201735 
 1.0873E+00 1.0855E+00 6.0252E+02 1.0864E+00 6.9386E-01 2.4927E-032367200201736 
 1.8519E+00 1.8202E-02 1.7708E+02 8.4567E-04 1.3434E+02 5.9123E-042367200201737 
 1.0855E+00 1.0838E+00 6.0301E+02 1.0846E+00 6.9705E-01 2.5128E-032367200201738 
 1.8286E+00 1.8265E-02 1.7633E+02 8.4924E-04 1.3316E+02 5.9646E-042367200201739 
 1.0838E+00 1.0820E+00 6.0350E+02 1.0829E+00 6.9190E-01 2.4971E-032367200201740 
 1.8662E+00 1.8287E-02 1.7518E+02 8.5485E-04 1.3327E+02 5.9596E-042367200201741 
 1.0820E+00 1.0803E+00 6.0399E+02 1.0811E+00 7.0182E-01 2.4900E-032367200201742 
 1.7941E+00 1.7977E-02 1.8275E+02 8.1940E-04 1.3708E+02 5.7943E-042367200201743 
 1.0803E+00 1.0785E+00 6.0447E+02 1.0794E+00 6.8850E-01 2.4315E-032367200201744 
 1.8912E+00 1.7894E-02 1.8249E+02 8.2059E-04 1.3952E+02 5.6926E-042367200201745 
 1.0785E+00 1.0768E+00 6.0496E+02 1.0776E+00 6.8977E-01 2.4182E-032367200201746 
 1.8818E+00 1.7764E-02 1.8531E+02 8.0812E-04 1.4142E+02 5.6164E-042367200201747 
 1.0768E+00 1.0750E+00 6.0545E+02 1.0759E+00 6.9020E-01 2.3692E-032367200201748 
 1.8786E+00 1.7392E-02 1.9337E+02 7.7443E-04 1.4748E+02 5.3856E-042367200201749 
 1.0750E+00 1.0733E+00 6.0594E+02 1.0742E+00 6.8968E-01 2.4073E-032367200201750 
 1.8825E+00 1.7685E-02 1.8695E+02 8.0100E-04 1.4269E+02 5.5662E-042367200201751 
 1.0733E+00 1.0716E+00 6.0643E+02 1.0724E+00 6.8812E-01 2.4917E-032367200201752 
 1.8940E+00 1.8347E-02 1.7350E+02 8.6309E-04 1.3273E+02 5.9842E-042367200201753 
 1.0716E+00 1.0698E+00 6.0692E+02 1.0707E+00 6.8885E-01 2.5725E-032367200201754 
 1.8886E+00 1.8923E-02 1.6324E+02 9.1737E-04 1.2474E+02 6.3674E-042367200201755 
 1.0698E+00 1.0681E+00 6.0740E+02 1.0690E+00 6.8973E-01 2.6455E-032367200201756 
 1.8821E+00 1.9434E-02 1.5487E+02 9.6692E-04 1.1819E+02 6.7200E-042367200201757 
 1.0681E+00 1.0664E+00 6.0789E+02 1.0673E+00 6.8668E-01 2.6661E-032367200201758 
 1.9046E+00 1.9672E-02 1.5079E+02 9.9312E-04 1.1559E+02 6.8716E-042367200201759 
 1.0664E+00 1.0647E+00 6.0838E+02 1.0656E+00 6.7979E-01 2.5890E-032367200201760 
 1.9557E+00 1.9297E-02 1.5576E+02 9.6142E-04 1.2061E+02 6.5856E-042367200201761 
 1.0647E+00 1.0630E+00 6.0887E+02 1.0638E+00 6.7712E-01 2.5741E-032367200201762 
 1.9756E+00 1.9262E-02 1.5601E+02 9.5985E-04 1.2128E+02 6.5490E-042367200201763 
 1.0630E+00 1.0613E+00 6.0936E+02 1.0621E+00 6.7952E-01 2.6123E-032367200201764 
 1.9577E+00 1.9479E-02 1.5285E+02 9.7971E-04 1.1840E+02 6.7082E-042367200201765 
 1.0613E+00 1.0596E+00 6.0985E+02 1.0604E+00 6.7179E-01 2.5956E-032367200201766 
 2.0156E+00 1.9577E-02 1.5038E+02 9.9582E-04 1.1782E+02 6.7411E-042367200201767 
 1.0596E+00 1.0579E+00 6.1033E+02 1.0587E+00 6.7170E-01 2.6012E-032367200201768 
 2.0163E+00 1.9621E-02 1.4964E+02 1.0008E-03 1.1726E+02 6.7736E-042367200201769 
 1.0579E+00 1.0562E+00 6.1082E+02 1.0570E+00 6.7519E-01 2.6939E-032367200201770 
 1.9901E+00 2.0216E-02 1.4145E+02 1.0587E-03 1.1027E+02 7.2032E-042367200201771 
 1.0562E+00 1.0545E+00 6.1131E+02 1.0554E+00 6.6747E-01 2.7368E-032367200201772 
 2.0484E+00 2.0775E-02 1.3307E+02 1.1254E-03 1.0493E+02 7.5693E-042367200201773 
 1.0545E+00 1.0528E+00 6.1180E+02 1.0537E+00 6.6948E-01 2.6920E-032367200201774 
 2.0331E+00 2.0374E-02 1.3860E+02 1.0804E-03 1.0897E+02 7.2888E-042367200201775 
 1.0528E+00 1.0511E+00 6.1229E+02 1.0520E+00 6.6454E-01 2.6085E-032367200201776 
 2.0707E+00 1.9889E-02 1.4483E+02 1.0340E-03 1.1472E+02 6.9238E-042367200201777 
 1.0511E+00 1.0495E+00 6.1277E+02 1.0503E+00 6.6329E-01 2.6129E-032367200201778 
 2.0802E+00 1.9960E-02 1.4364E+02 1.0425E-03 1.1399E+02 6.9680E-042367200201779 
 1.0495E+00 1.0478E+00 6.1326E+02 1.0486E+00 6.5530E-01 2.6551E-032367200201780 
 2.1416E+00 2.0530E-02 1.3489E+02 1.1102E-03 1.0834E+02 7.3312E-042367200201781 
 1.0478E+00 1.0461E+00 6.1375E+02 1.0470E+00 6.5526E-01 2.7116E-032367200201782 
 2.1419E+00 2.0968E-02 1.2932E+02 1.1580E-03 1.0387E+02 7.6467E-042367200201783 
 1.0461E+00 1.0445E+00 6.1424E+02 1.0453E+00 6.4532E-01 2.6240E-032367200201784 
 2.2194E+00 2.0603E-02 1.3281E+02 1.1275E-03 1.0832E+02 7.3322E-042367200201785 
 1.0445E+00 1.0428E+00 6.1473E+02 1.0436E+00 6.4620E-01 2.5941E-032367200201786 
 2.2124E+00 2.0340E-02 1.3633E+02 1.0984E-03 1.1104E+02 7.1527E-042367200201787 
 1.0428E+00 1.0411E+00 6.1522E+02 1.0420E+00 6.4257E-01 2.5872E-032367200201788 
 2.2410E+00 2.0401E-02 1.3512E+02 1.1083E-03 1.1068E+02 7.1764E-042367200201789 
 1.0411E+00 1.0395E+00 6.1570E+02 1.0403E+00 6.3385E-01 2.5848E-032367200201790 
 2.3102E+00 2.0662E-02 1.3074E+02 1.1454E-03 1.0856E+02 7.3161E-042367200201791 
 1.0395E+00 1.0378E+00 6.1619E+02 1.0387E+00 6.3252E-01 2.6541E-032367200201792 
 2.3209E+00 2.1261E-02 1.2336E+02 1.2139E-03 1.0265E+02 7.7378E-042367200201793 
 1.0378E+00 1.0362E+00 6.1668E+02 1.0370E+00 6.3166E-01 2.6511E-032367200201794 
 2.3278E+00 2.1266E-02 1.2320E+02 1.2155E-03 1.0265E+02 7.7373E-042367200201795 
 1.0362E+00 1.0346E+00 6.1717E+02 1.0354E+00 6.2468E-01 2.5118E-032367200201796 
 2.3841E+00 2.0373E-02 1.3340E+02 1.1226E-03 1.1239E+02 7.0667E-042367200201797 
 1.0346E+00 1.0329E+00 6.1766E+02 1.0337E+00 6.2139E-01 2.4999E-032367200201798 
 2.4108E+00 2.0385E-02 1.3288E+02 1.1269E-03 1.1255E+02 7.0569E-042367200201799 
 1.0329E+00 1.0313E+00 6.1815E+02 1.0321E+00 6.2232E-01 2.5342E-032367200201800 
 2.4032E+00 2.0634E-02 1.2982E+02 1.1535E-03 1.0979E+02 7.2344E-042367200201801 
 1.0313E+00 1.0297E+00 6.1863E+02 1.0305E+00 6.0987E-01 2.5933E-032367200201802 
 2.5056E+00 2.1545E-02 1.1779E+02 1.2713E-03 1.0165E+02 7.8138E-042367200201803 
 1.0297E+00 1.0280E+00 6.1912E+02 1.0289E+00 6.1177E-01 2.6384E-032367200201804 
 2.4899E+00 2.1853E-02 1.1470E+02 1.3056E-03 9.8671E+01 8.0496E-042367200201805 
 1.0280E+00 1.0264E+00 6.1961E+02 1.0272E+00 6.0546E-01 2.4169E-032367200201806 
 2.5424E+00 2.0226E-02 1.3307E+02 1.1253E-03 1.1567E+02 6.8665E-042367200201807 
 1.0264E+00 1.0248E+00 6.2010E+02 1.0256E+00 5.9737E-01 2.2888E-032367200201808 
 2.6106E+00 1.9414E-02 1.4344E+02 1.0440E-03 1.2638E+02 6.2846E-042367200201809 
 1.0248E+00 1.0232E+00 6.2059E+02 1.0240E+00 5.9844E-01 2.2943E-032367200201810 
 2.6015E+00 1.9425E-02 1.4340E+02 1.0443E-03 1.2611E+02 6.2980E-042367200201811 
 1.0232E+00 1.0216E+00 6.2108E+02 1.0224E+00 5.9368E-01 2.2981E-032367200201812 
 2.6419E+00 1.9614E-02 1.4004E+02 1.0693E-03 1.2415E+02 6.3976E-042367200201813 
 1.0216E+00 1.0200E+00 6.2156E+02 1.0208E+00 5.8875E-01 2.3294E-032367200201814 
 2.6842E+00 2.0047E-02 1.3350E+02 1.1218E-03 1.1934E+02 6.6557E-042367200201815 
 1.0200E+00 1.0184E+00 6.2205E+02 1.0192E+00 5.8267E-01 2.3026E-032367200201816 
 2.7368E+00 2.0023E-02 1.3309E+02 1.1252E-03 1.2021E+02 6.6072E-042367200201817 
 1.0184E+00 1.0168E+00 6.2254E+02 1.0176E+00 5.7596E-01 2.2884E-032367200201818 
 2.7955E+00 2.0132E-02 1.3085E+02 1.1445E-03 1.1956E+02 6.6432E-042367200201819 
 1.0168E+00 1.0152E+00 6.2303E+02 1.0160E+00 5.7475E-01 2.2652E-032367200201820 
 2.8062E+00 1.9970E-02 1.3286E+02 1.1271E-03 1.2166E+02 6.5288E-042367200201821 
 1.0152E+00 1.0136E+00 6.2352E+02 1.0144E+00 5.7101E-01 2.2539E-032367200201822 
 2.8393E+00 2.0001E-02 1.3195E+02 1.1348E-03 1.2162E+02 6.5307E-042367200201823 
 1.0136E+00 1.0120E+00 6.2401E+02 1.0128E+00 5.6912E-01 2.2739E-032367200201824 
 2.8560E+00 2.0244E-02 1.2860E+02 1.1644E-03 1.1892E+02 6.6790E-042367200201825 
 1.0120E+00 1.0104E+00 6.2449E+02 1.0112E+00 5.7106E-01 2.3328E-032367200201826 
 2.8388E+00 2.0699E-02 1.2325E+02 1.2150E-03 1.1358E+02 6.9930E-042367200201827 
 1.0104E+00 1.0088E+00 6.2498E+02 1.0096E+00 5.7574E-01 2.4059E-032367200201828 
 2.7974E+00 2.1173E-02 1.1831E+02 1.2657E-03 1.0814E+02 7.3447E-042367200201829 
 1.0088E+00 1.0073E+00 6.2547E+02 1.0080E+00 5.7556E-01 2.4353E-032367200201830 
 2.7990E+00 2.1439E-02 1.1537E+02 1.2980E-03 1.0549E+02 7.5294E-042367200201831 
 1.0073E+00 1.0057E+00 6.2596E+02 1.0065E+00 5.7999E-01 2.4541E-032367200201832 
 2.7602E+00 2.1439E-02 1.1584E+02 1.2928E-03 1.0510E+02 7.5570E-042367200201833 
 1.0057E+00 1.0041E+00 6.2645E+02 1.0049E+00 5.8892E-01 2.4367E-032367200201834 
 2.6827E+00 2.0964E-02 1.2210E+02 1.2265E-03 1.0911E+02 7.2796E-042367200201835 
 1.0041E+00 1.0026E+00 6.2694E+02 1.0033E+00 5.9910E-01 2.4361E-032367200201836 
 2.5959E+00 2.0603E-02 1.2758E+02 1.1738E-03 1.1207E+02 7.0870E-042367200201837 
 1.0026E+00 1.0010E+00 6.2742E+02 1.0018E+00 6.0313E-01 2.4506E-032367200201838 
 2.5619E+00 2.0587E-02 1.2822E+02 1.1679E-03 1.1189E+02 7.0986E-042367200201839 
 1.0010E+00 9.9944E-01 6.2791E+02 1.0002E+00 6.1746E-01 2.4870E-032367200201840 
 2.4429E+00 2.0409E-02 1.3214E+02 1.1332E-03 1.1263E+02 7.0517E-042367200201841 
 9.9944E-01 9.9788E-01 6.2840E+02 9.9866E-01 6.3552E-01 2.5285E-032367200201842 
 2.2969E+00 2.0159E-02 1.3752E+02 1.0889E-03 1.1389E+02 6.9737E-042367200201843 
 9.9788E-01 9.9633E-01 6.2889E+02 9.9711E-01 6.4784E-01 2.5995E-032367200201844 
 2.1996E+00 2.0332E-02 1.3665E+02 1.0958E-03 1.1102E+02 7.1540E-042367200201845 
 9.9633E-01 9.9479E-01 6.2938E+02 9.9556E-01 6.6775E-01 2.7482E-032367200201846 
 2.0462E+00 2.0854E-02 1.3212E+02 1.1334E-03 1.0414E+02 7.6266E-042367200201847 
 9.9479E-01 9.9324E-01 6.2986E+02 9.9402E-01 6.9374E-01 2.8476E-032367200201848 
 1.8528E+00 2.0799E-02 1.3572E+02 1.1034E-03 1.0297E+02 7.7133E-042367200201849 
 9.9324E-01 9.9170E-01 6.3035E+02 9.9247E-01 7.0576E-01 2.8903E-032367200201850 
 1.7657E+00 2.0750E-02 1.3769E+02 1.0876E-03 1.0269E+02 7.7344E-042367200201851 
 9.9170E-01 9.9017E-01 6.3084E+02 9.9094E-01 7.2344E-01 2.9623E-032367200201852 
 1.6403E+00 2.0747E-02 1.3969E+02 1.0720E-03 1.0164E+02 7.8147E-042367200201853 
 9.9017E-01 9.8864E-01 6.3133E+02 9.8940E-01 7.3818E-01 3.0814E-032367200201854 
 1.5382E+00 2.1151E-02 1.3600E+02 1.1011E-03 9.6980E+01 8.1899E-042367200201855 
 9.8864E-01 9.8711E-01 6.3182E+02 9.8787E-01 7.4867E-01 3.2351E-032367200201856 
 1.4666E+00 2.1895E-02 1.2802E+02 1.1697E-03 9.0010E+01 8.8242E-042367200201857 
 9.8711E-01 9.8558E-01 6.3231E+02 9.8634E-01 7.6449E-01 3.3351E-032367200201858 
 1.3607E+00 2.2104E-02 1.2715E+02 1.1777E-03 8.7549E+01 9.0722E-042367200201859 
 9.8558E-01 9.8406E-01 6.3279E+02 9.8482E-01 7.7328E-01 3.1650E-032367200201860 
 1.3028E+00 2.0739E-02 1.4537E+02 1.0301E-03 9.8961E+01 8.0260E-042367200201861 
 9.8406E-01 9.8254E-01 6.3328E+02 9.8330E-01 7.9083E-01 3.0347E-032367200201862 
 1.1891E+00 1.9443E-02 1.6758E+02 8.9361E-04 1.1155E+02 7.1200E-042367200201863 
 9.8254E-01 9.8103E-01 6.3377E+02 9.8179E-01 7.9403E-01 2.9923E-032367200201864 
 1.1686E+00 1.9095E-02 1.7419E+02 8.5969E-04 1.1549E+02 6.8774E-042367200201865 
 9.8103E-01 9.7952E-01 6.3426E+02 9.8027E-01 8.0008E-01 3.0175E-032367200201866 
 1.1301E+00 1.9110E-02 1.7468E+02 8.5727E-04 1.1494E+02 6.9104E-042367200201867 
 9.7952E-01 9.7801E-01 6.3475E+02 9.7876E-01 8.0406E-01 3.0737E-032367200201868 
 1.1050E+00 1.9369E-02 1.7055E+02 8.7804E-04 1.1166E+02 7.1129E-042367200201869 
 9.7801E-01 9.7651E-01 6.3524E+02 9.7726E-01 8.0690E-01 3.1609E-032367200201870 
 1.0871E+00 1.9849E-02 1.6281E+02 9.1979E-04 1.0622E+02 7.4775E-042367200201871 
 9.7651E-01 9.7500E-01 6.3572E+02 9.7575E-01 8.1913E-01 3.2972E-032367200201872 
 1.0109E+00 2.0395E-02 1.5558E+02 9.6249E-04 9.9993E+01 7.9432E-042367200201873 
 9.7500E-01 9.7351E-01 6.3621E+02 9.7426E-01 8.1829E-01 3.2772E-032367200201874 
 1.0161E+00 2.0292E-02 1.5711E+02 9.5317E-04 1.0107E+02 7.8582E-042367200201875 
 9.7351E-01 9.7201E-01 6.3670E+02 9.7276E-01 8.1926E-01 3.2477E-032367200201876 
 1.0101E+00 2.0086E-02 1.6045E+02 9.3333E-04 1.0310E+02 7.7037E-042367200201877 
 9.7201E-01 9.7052E-01 6.3719E+02 9.7127E-01 8.1908E-01 3.2285E-032367200201878 
 1.0112E+00 1.9972E-02 1.6226E+02 9.2290E-04 1.0429E+02 7.6160E-042367200201879 
 9.7052E-01 9.6904E-01 6.3768E+02 9.6978E-01 8.1603E-01 3.1975E-032367200201880 
 1.0301E+00 1.9854E-02 1.6383E+02 9.1404E-04 1.0569E+02 7.5147E-042367200201881 
 9.6904E-01 9.6755E-01 6.3817E+02 9.6829E-01 8.0941E-01 3.1213E-032367200201882 
 1.0714E+00 1.9539E-02 1.6831E+02 8.8970E-04 1.0947E+02 7.2554E-042367200201883 
 9.6755E-01 9.6607E-01 6.3865E+02 9.6681E-01 8.1885E-01 3.1907E-032367200201884 
 1.0127E+00 1.9743E-02 1.6597E+02 9.0225E-04 1.0671E+02 7.4433E-042367200201885 
 9.6607E-01 9.6460E-01 6.3914E+02 9.6533E-01 8.1902E-01 3.1895E-032367200201886 
 1.0116E+00 1.9732E-02 1.6624E+02 9.0079E-04 1.0686E+02 7.4329E-042367200201887 
 9.6460E-01 9.6312E-01 6.3963E+02 9.6386E-01 8.1632E-01 3.2325E-032367200201888 
 1.0283E+00 2.0064E-02 1.6046E+02 9.3325E-04 1.0348E+02 7.6755E-042367200201889 
 9.6312E-01 9.6165E-01 6.4012E+02 9.6239E-01 8.1132E-01 3.2472E-032367200201890 
 1.0595E+00 2.0280E-02 1.5645E+02 9.5716E-04 1.0152E+02 7.8239E-042367200201891 
 9.6165E-01 9.6019E-01 6.4061E+02 9.6092E-01 8.1097E-01 3.1571E-032367200201892 
 1.0616E+00 1.9725E-02 1.6532E+02 9.0582E-04 1.0732E+02 7.4010E-042367200201893 
 9.6019E-01 9.5872E-01 6.4110E+02 9.5945E-01 8.1331E-01 3.0850E-032367200201894 
 1.0470E+00 1.9219E-02 1.7444E+02 8.5845E-04 1.1291E+02 7.0342E-042367200201895 
 9.5872E-01 9.5726E-01 6.4158E+02 9.5799E-01 8.0674E-01 3.0383E-032367200201896 
 1.0882E+00 1.9083E-02 1.7605E+02 8.5061E-04 1.1488E+02 6.9136E-042367200201897 
 9.5726E-01 9.5581E-01 6.4207E+02 9.5654E-01 8.0869E-01 3.0782E-032367200201898 
 1.0759E+00 1.9287E-02 1.7259E+02 8.6767E-04 1.1235E+02 7.0693E-042367200201899 
 9.5581E-01 9.5435E-01 6.4256E+02 9.5508E-01 8.0788E-01 3.1428E-032367200201900 
 1.0810E+00 1.9711E-02 1.6519E+02 9.0654E-04 1.0764E+02 7.3787E-042367200201901 
 9.5435E-01 9.5290E-01 6.4305E+02 9.5363E-01 8.0840E-01 3.1987E-032367200201902 
 1.0777E+00 2.0049E-02 1.5974E+02 9.3747E-04 1.0402E+02 7.6354E-042367200201903 
 9.5290E-01 9.5146E-01 6.4354E+02 9.5218E-01 8.0246E-01 3.2750E-032367200201904 
 1.1151E+00 2.0679E-02 1.4953E+02 1.0015E-03 9.8096E+01 8.0968E-042367200201905 
 9.5146E-01 9.5001E-01 6.4402E+02 9.5074E-01 7.9583E-01 3.4561E-032367200201906 
 1.1571E+00 2.2004E-02 1.3141E+02 1.1396E-03 8.6922E+01 9.1376E-042367200201907 
 9.5001E-01 9.4857E-01 6.4451E+02 9.4929E-01 8.0348E-01 3.5366E-032367200201908 
 1.1087E+00 2.2302E-02 1.2867E+02 1.1638E-03 8.4303E+01 9.4215E-042367200201909 
 9.4857E-01 9.4714E-01 6.4500E+02 9.4786E-01 7.9987E-01 3.3177E-032367200201910 
 1.1314E+00 2.1016E-02 1.4445E+02 1.0367E-03 9.5067E+01 8.3548E-042367200201911 
 9.4714E-01 9.4570E-01 6.4549E+02 9.4642E-01 8.0596E-01 3.3328E-032367200201912 
 1.0930E+00 2.0952E-02 1.4600E+02 1.0257E-03 9.5365E+01 8.3287E-042367200201913 
 9.4570E-01 9.4427E-01 6.4598E+02 9.4499E-01 7.9364E-01 3.3189E-032367200201914 
 1.1711E+00 2.1189E-02 1.4146E+02 1.0586E-03 9.3833E+01 8.4646E-042367200201915 
 9.4427E-01 9.4285E-01 6.4647E+02 9.4356E-01 7.9193E-01 3.1309E-032367200201916 
 1.1820E+00 2.0032E-02 1.5801E+02 9.4769E-04 1.0504E+02 7.5616E-042367200201917 
 9.4285E-01 9.4142E-01 6.4695E+02 9.4213E-01 7.9283E-01 2.9401E-032367200201918 
 1.1763E+00 1.8790E-02 1.7971E+02 8.3328E-04 1.1933E+02 6.6561E-042367200201919 
 9.4142E-01 9.4000E-01 6.4744E+02 9.4071E-01 7.8866E-01 2.8744E-032367200201920 
 1.2030E+00 1.8467E-02 1.8540E+02 8.0769E-04 1.2376E+02 6.4177E-042367200201921 
 9.4000E-01 9.3858E-01 6.4793E+02 9.3929E-01 7.8832E-01 2.8759E-032367200201922 
 1.2052E+00 1.8485E-02 1.8500E+02 8.0945E-04 1.2355E+02 6.4289E-042367200201923 
 9.3858E-01 9.3717E-01 6.4842E+02 9.3788E-01 7.8798E-01 2.8848E-032367200201924 
 1.2073E+00 1.8550E-02 1.8370E+02 8.1516E-04 1.2273E+02 6.4715E-042367200201925 
 9.3717E-01 9.3576E-01 6.4891E+02 9.3647E-01 7.8846E-01 2.9550E-032367200201926 
 1.2043E+00 1.8990E-02 1.7537E+02 8.5388E-04 1.1709E+02 6.7831E-042367200201927 
 9.3576E-01 9.3435E-01 6.4940E+02 9.3506E-01 7.8573E-01 3.0526E-032367200201928 
 1.2218E+00 1.9685E-02 1.6286E+02 9.1952E-04 1.0911E+02 7.2793E-042367200201929 
 9.3435E-01 9.3295E-01 6.4988E+02 9.3365E-01 7.8390E-01 3.0740E-032367200201930 
 1.2336E+00 1.9869E-02 1.5966E+02 9.3791E-04 1.0722E+02 7.4077E-042367200201931 
 9.3295E-01 9.3155E-01 6.5037E+02 9.3225E-01 7.8180E-01 3.0483E-032367200201932 
 1.2472E+00 1.9756E-02 1.6120E+02 9.2895E-04 1.0855E+02 7.3173E-042367200201933 
 9.3155E-01 9.3015E-01 6.5086E+02 9.3085E-01 7.8043E-01 3.0144E-032367200201934 
 1.2561E+00 1.9571E-02 1.6412E+02 9.1241E-04 1.1071E+02 7.1743E-042367200201935 
 9.3015E-01 9.2875E-01 6.5135E+02 9.2945E-01 7.7615E-01 2.9522E-032367200201936 
 1.2840E+00 1.9273E-02 1.6868E+02 8.8779E-04 1.1441E+02 6.9424E-042367200201937 
 9.2875E-01 9.2736E-01 6.5184E+02 9.2806E-01 7.7389E-01 2.9774E-032367200201938 
 1.2988E+00 1.9494E-02 1.6462E+02 9.0968E-04 1.1198E+02 7.0930E-042367200201939 
 9.2736E-01 9.2597E-01 6.5233E+02 9.2667E-01 7.7603E-01 3.0306E-032367200201940 
 1.2848E+00 1.9788E-02 1.6003E+02 9.3576E-04 1.0856E+02 7.3165E-042367200201941 
 9.2597E-01 9.2459E-01 6.5281E+02 9.2528E-01 7.7421E-01 3.0293E-032367200201942 
 1.2967E+00 1.9826E-02 1.5914E+02 9.4102E-04 1.0821E+02 7.3403E-042367200201943 
 9.2459E-01 9.2320E-01 6.5330E+02 9.2390E-01 7.7286E-01 3.0162E-032367200201944 
 1.3055E+00 1.9774E-02 1.5982E+02 9.3701E-04 1.0886E+02 7.2964E-042367200201945 
 9.2320E-01 9.2182E-01 6.5379E+02 9.2251E-01 7.6555E-01 3.1057E-032367200201946 
 1.3536E+00 2.0555E-02 1.4711E+02 1.0180E-03 1.0115E+02 7.8520E-042367200201947 
 9.2182E-01 9.2045E-01 6.5428E+02 9.2114E-01 7.6734E-01 3.2030E-032367200201948 
 1.3418E+00 2.1150E-02 1.3918E+02 1.0759E-03 9.5479E+01 8.3188E-042367200201949 
 9.2045E-01 9.1908E-01 6.5477E+02 9.1976E-01 7.7025E-01 3.0935E-032367200201950 
 1.3226E+00 2.0349E-02 1.5061E+02 9.9429E-04 1.0293E+02 7.7164E-042367200201951 
 9.1908E-01 9.1770E-01 6.5526E+02 9.1839E-01 7.6704E-01 2.9682E-032367200201952 
 1.3438E+00 1.9607E-02 1.6183E+02 9.2535E-04 1.1107E+02 7.1513E-042367200201953 
 9.1770E-01 9.1634E-01 6.5574E+02 9.1702E-01 7.6054E-01 2.9361E-032367200201954 
 1.3869E+00 1.9561E-02 1.6179E+02 9.2559E-04 1.1198E+02 7.0927E-042367200201955 
 9.1634E-01 9.1497E-01 6.5623E+02 9.1566E-01 7.6931E-01 2.9994E-032367200201956 
 1.3289E+00 1.9755E-02 1.5970E+02 9.3770E-04 1.0928E+02 7.2683E-042367200201957 
 9.1497E-01 9.1361E-01 6.5672E+02 9.1429E-01 7.6451E-01 2.9897E-032367200201958 
 1.3605E+00 1.9814E-02 1.5816E+02 9.4682E-04 1.0890E+02 7.2932E-042367200201959 
 9.1361E-01 9.1225E-01 6.5721E+02 9.1293E-01 7.5966E-01 3.0648E-032367200201960 
 1.3928E+00 2.0442E-02 1.4808E+02 1.0112E-03 1.0262E+02 7.7402E-042367200201961 
 9.1225E-01 9.1090E-01 6.5770E+02 9.1158E-01 7.5972E-01 3.1355E-032367200201962 
 1.3924E+00 2.0912E-02 1.4149E+02 1.0584E-03 9.8035E+01 8.1018E-042367200201963 
 9.1090E-01 9.0955E-01 6.5819E+02 9.1022E-01 7.6374E-01 3.0664E-032367200201964 
 1.3657E+00 2.0343E-02 1.4997E+02 9.9855E-04 1.0337E+02 7.6840E-042367200201965 
 9.0955E-01 9.0820E-01 6.5867E+02 9.0887E-01 7.5776E-01 2.9820E-032367200201966 
 1.4055E+00 1.9940E-02 1.5534E+02 9.6398E-04 1.0792E+02 7.3599E-042367200201967 
 9.0820E-01 9.0685E-01 6.5916E+02 9.0753E-01 7.5910E-01 2.9783E-032367200201968 
 1.3966E+00 1.9880E-02 1.5645E+02 9.5715E-04 1.0850E+02 7.3207E-042367200201969 
 9.0685E-01 9.0551E-01 6.5965E+02 9.0618E-01 7.5629E-01 2.9865E-032367200201970 
 1.4154E+00 2.0008E-02 1.5410E+02 9.7178E-04 1.0726E+02 7.4050E-042367200201971 
 9.0551E-01 9.0417E-01 6.6014E+02 9.0484E-01 7.5664E-01 2.9822E-032367200201972 
 1.4130E+00 1.9970E-02 1.5475E+02 9.6771E-04 1.0766E+02 7.3775E-042367200201973 
 9.0417E-01 9.0283E-01 6.6063E+02 9.0350E-01 7.5585E-01 2.8896E-032367200201974 
 1.4183E+00 1.9371E-02 1.6435E+02 9.1117E-04 1.1446E+02 6.9391E-042367200201975 
 9.0283E-01 9.0150E-01 6.6111E+02 9.0217E-01 7.4729E-01 2.8664E-032367200201976 
 1.4760E+00 1.9435E-02 1.6218E+02 9.2337E-04 1.1424E+02 6.9524E-042367200201977 
 9.0150E-01 9.0017E-01 6.6160E+02 9.0083E-01 7.5349E-01 3.0579E-032367200201978 
 1.4341E+00 2.0563E-02 1.4559E+02 1.0285E-03 1.0172E+02 7.8087E-042367200201979 
 9.0017E-01 8.9884E-01 6.6209E+02 8.9950E-01 7.5243E-01 3.0962E-032367200201980 
 1.4413E+00 2.0850E-02 1.4154E+02 1.0580E-03 9.9021E+01 8.0212E-042367200201981 
 8.9884E-01 8.9751E-01 6.6258E+02 8.9818E-01 7.4554E-01 3.0200E-032367200201982 
 1.4879E+00 2.0525E-02 1.4527E+02 1.0308E-03 1.0257E+02 7.7433E-042367200201983 
 8.9751E-01 8.9619E-01 6.6307E+02 8.9685E-01 7.5657E-01 2.9809E-032367200201984 
 1.4134E+00 1.9963E-02 1.5483E+02 9.6716E-04 1.0773E+02 7.3727E-042367200201985 
 8.9619E-01 8.9487E-01 6.6356E+02 8.9553E-01 7.5073E-01 2.8709E-032367200201986 
 1.4527E+00 1.9376E-02 1.6361E+02 9.1527E-04 1.1473E+02 6.9232E-042367200201987 
 8.9487E-01 8.9356E-01 6.6404E+02 8.9421E-01 7.4728E-01 2.8437E-032367200201988 
 1.4761E+00 1.9282E-02 1.6475E+02 9.0897E-04 1.1605E+02 6.8439E-042367200201989 
 8.9356E-01 8.9224E-01 6.6453E+02 8.9290E-01 7.4616E-01 2.9172E-032367200201990 
 1.4837E+00 1.9810E-02 1.5600E+02 9.5994E-04 1.1006E+02 7.2169E-042367200201991 
 8.9224E-01 8.9093E-01 6.6502E+02 8.9159E-01 7.4303E-01 3.0301E-032367200201992 
 1.5049E+00 2.0663E-02 1.4303E+02 1.0470E-03 1.0133E+02 7.8384E-042367200201993 
 8.9093E-01 8.8962E-01 6.6551E+02 8.9028E-01 7.4705E-01 3.1105E-032367200201994 
 1.4776E+00 2.1097E-02 1.3763E+02 1.0880E-03 9.6980E+01 8.1900E-042367200201995 
 8.8962E-01 8.8832E-01 6.6600E+02 8.8897E-01 7.3737E-01 3.1067E-032367200201996 
 1.5437E+00 2.1348E-02 1.3341E+02 1.1225E-03 9.5237E+01 8.3399E-042367200201997 
 8.8832E-01 8.8702E-01 6.6649E+02 8.8767E-01 7.4754E-01 3.2987E-032367200201998 
 1.4743E+00 2.2359E-02 1.2266E+02 1.2209E-03 8.6369E+01 9.1962E-042367200201999 
 8.8702E-01 8.8572E-01 6.6697E+02 8.8637E-01 7.4576E-01 3.4676E-032367200202000 
 1.4864E+00 2.3560E-02 1.1034E+02 1.3571E-03 7.7880E+01 1.0199E-032367200202001 
 8.8572E-01 8.8442E-01 6.6746E+02 8.8507E-01 7.3618E-01 3.3593E-032367200202002 
 1.5519E+00 2.3121E-02 1.1366E+02 1.3176E-03 8.1261E+01 9.7742E-042367200202003 
 8.8442E-01 8.8313E-01 6.6795E+02 8.8377E-01 7.4176E-01 3.1928E-032367200202004 
 1.5136E+00 2.1810E-02 1.2828E+02 1.1674E-03 9.1029E+01 8.7254E-042367200202005 
 8.8313E-01 8.8184E-01 6.6844E+02 8.8248E-01 7.2833E-01 3.0260E-032367200202006 
 1.6062E+00 2.1051E-02 1.3622E+02 1.0994E-03 9.8447E+01 8.0679E-042367200202007 
 8.8184E-01 8.8055E-01 6.6893E+02 8.8119E-01 7.3608E-01 3.0139E-032367200202008 
 1.5526E+00 2.0747E-02 1.4110E+02 1.0613E-03 1.0091E+02 7.8712E-042367200202009 
 8.8055E-01 8.7926E-01 6.6942E+02 8.7991E-01 7.3154E-01 3.0412E-032367200202010 
 1.5839E+00 2.1064E-02 1.3641E+02 1.0978E-03 9.8154E+01 8.0920E-042367200202011 
 8.7926E-01 8.7798E-01 6.6990E+02 8.7862E-01 7.3903E-01 3.1504E-032367200202012 
 1.5323E+00 2.1600E-02 1.3046E+02 1.1478E-03 9.2923E+01 8.5475E-042367200202013 
 8.7798E-01 8.7670E-01 6.7039E+02 8.7734E-01 7.3906E-01 3.1124E-032367200202014 
 1.5321E+00 2.1339E-02 1.3372E+02 1.1199E-03 9.5242E+01 8.3394E-042367200202015 
 8.7670E-01 8.7543E-01 6.7088E+02 8.7606E-01 7.3391E-01 3.0932E-032367200202016 
 1.5675E+00 2.1355E-02 1.3300E+02 1.1259E-03 9.5393E+01 8.3262E-042367200202017 
 8.7543E-01 8.7415E-01 6.7137E+02 8.7479E-01 7.3612E-01 3.1579E-032367200202018 
 1.5523E+00 2.1737E-02 1.2858E+02 1.1646E-03 9.1946E+01 8.6384E-042367200202019 
 8.7415E-01 8.7288E-01 6.7186E+02 8.7352E-01 7.3697E-01 3.2023E-032367200202020 
 1.5464E+00 2.2017E-02 1.2544E+02 1.1938E-03 8.9592E+01 8.8654E-042367200202021 
 8.7288E-01 8.7161E-01 6.7235E+02 8.7225E-01 7.3003E-01 3.2165E-032367200202022 
 1.5944E+00 2.2325E-02 1.2131E+02 1.2344E-03 8.7466E+01 9.0808E-042367200202023 
 8.7161E-01 8.7035E-01 6.7283E+02 8.7098E-01 7.3619E-01 3.2521E-032367200202024 
 1.5519E+00 2.2383E-02 1.2126E+02 1.2349E-03 8.6703E+01 9.1607E-042367200202025 
 8.7035E-01 8.6909E-01 6.7332E+02 8.6972E-01 7.3147E-01 3.2212E-032367200202026 
 1.5844E+00 2.2313E-02 1.2158E+02 1.2317E-03 8.7490E+01 9.0784E-042367200202027 
 8.6909E-01 8.6783E-01 6.7381E+02 8.6846E-01 7.2920E-01 3.2234E-032367200202028 
 1.6002E+00 2.2398E-02 1.2047E+02 1.2430E-03 8.6962E+01 9.1334E-042367200202029 
 8.6783E-01 8.6657E-01 6.7430E+02 8.6720E-01 7.3215E-01 3.2830E-032367200202030 
 1.5797E+00 2.2720E-02 1.1735E+02 1.2761E-03 8.4366E+01 9.4145E-042367200202031 
 8.6657E-01 8.6531E-01 6.7479E+02 8.6594E-01 7.3114E-01 3.3226E-032367200202032 
 1.5867E+00 2.3026E-02 1.1417E+02 1.3117E-03 8.2190E+01 9.6638E-042367200202033 
 8.6531E-01 8.6406E-01 6.7527E+02 8.6469E-01 7.2525E-01 3.2972E-032367200202034 
 1.6277E+00 2.3036E-02 1.1353E+02 1.3190E-03 8.2398E+01 9.6394E-042367200202035 
 8.6406E-01 8.6281E-01 6.7576E+02 8.6344E-01 7.2210E-01 3.3478E-032367200202036 
 1.6498E+00 2.3491E-02 1.0894E+02 1.3747E-03 7.9403E+01 1.0003E-032367200202037 
 8.6281E-01 8.6157E-01 6.7625E+02 8.6219E-01 7.1994E-01 3.5393E-032367200202038 
 1.6649E+00 2.4910E-02 9.6748E+01 1.5478E-03 7.0727E+01 1.1230E-032367200202039 
 8.6157E-01 8.6032E-01 6.7674E+02 8.6094E-01 7.2028E-01 3.5751E-032367200202040 
 1.6625E+00 2.5150E-02 9.4930E+01 1.5775E-03 6.9365E+01 1.1451E-032367200202041 
 8.6032E-01 8.5908E-01 6.7723E+02 8.5970E-01 7.2189E-01 3.3985E-032367200202042 
 1.6512E+00 2.3854E-02 1.0562E+02 1.4179E-03 7.7005E+01 1.0314E-032367200202043 
 8.5908E-01 8.5784E-01 6.7772E+02 8.5846E-01 7.1922E-01 3.2809E-032367200202044 
 1.6700E+00 2.3114E-02 1.1224E+02 1.3341E-03 8.2142E+01 9.6693E-042367200202045 
 8.5784E-01 8.5661E-01 6.7820E+02 8.5723E-01 7.1613E-01 3.2572E-032367200202046 
 1.6918E+00 2.3046E-02 1.1262E+02 1.3296E-03 8.2776E+01 9.5953E-042367200202047 
 8.5661E-01 8.5538E-01 6.7869E+02 8.5599E-01 7.2234E-01 3.3318E-032367200202048 
 1.6481E+00 2.3371E-02 1.1005E+02 1.3607E-03 8.0192E+01 9.9045E-042367200202049 
 8.5538E-01 8.5415E-01 6.7918E+02 8.5476E-01 7.2346E-01 3.4045E-032367200202050 
 1.6402E+00 2.3844E-02 1.0583E+02 1.4150E-03 7.6994E+01 1.0316E-032367200202051 
 8.5415E-01 8.5292E-01 6.7967E+02 8.5353E-01 7.2692E-01 3.5669E-032367200202052 
 1.6160E+00 2.4862E-02 9.7632E+01 1.5338E-03 7.0689E+01 1.1236E-032367200202053 
 8.5292E-01 8.5169E-01 6.8016E+02 8.5231E-01 7.1429E-01 3.6351E-032367200202054 
 1.7049E+00 2.5786E-02 8.9861E+01 1.6665E-03 6.6210E+01 1.1996E-032367200202055 
 8.5169E-01 8.5047E-01 6.8065E+02 8.5108E-01 7.1537E-01 3.6496E-032367200202056 
 1.6972E+00 2.5850E-02 8.9498E+01 1.6732E-03 6.5842E+01 1.2063E-032367200202057 
 8.5047E-01 8.4925E-01 6.8113E+02 8.4986E-01 7.2710E-01 3.5084E-032367200202058 
 1.6147E+00 2.4449E-02 1.0098E+02 1.4830E-03 7.3095E+01 1.0866E-032367200202059 
 8.4925E-01 8.4803E-01 6.8162E+02 8.4864E-01 7.1971E-01 3.2876E-032367200202060 
 1.6665E+00 2.3145E-02 1.1198E+02 1.3373E-03 8.1890E+01 9.6991E-042367200202061 
 8.4803E-01 8.4682E-01 6.8211E+02 8.4743E-01 7.1444E-01 3.2302E-032367200202062 
 1.7038E+00 2.2909E-02 1.1382E+02 1.3156E-03 8.3855E+01 9.4718E-042367200202063 
 8.4682E-01 8.4561E-01 6.8260E+02 8.4621E-01 7.1282E-01 3.2584E-032367200202064 
 1.7153E+00 2.3162E-02 1.1119E+02 1.3467E-03 8.2103E+01 9.6740E-042367200202065 
 8.4561E-01 8.4440E-01 6.8309E+02 8.4500E-01 7.1375E-01 3.2514E-032367200202066 
 1.7087E+00 2.3082E-02 1.1205E+02 1.3364E-03 8.2630E+01 9.6123E-042367200202067 
 8.4440E-01 8.4319E-01 6.8358E+02 8.4379E-01 7.1482E-01 3.1438E-032367200202068 
 1.7011E+00 2.2284E-02 1.2031E+02 1.2447E-03 8.8586E+01 8.9660E-042367200202069 
 8.4319E-01 8.4199E-01 6.8406E+02 8.4259E-01 7.1338E-01 3.0402E-032367200202070 
 1.7113E+00 2.1594E-02 1.2797E+02 1.1702E-03 9.4420E+01 8.4120E-042367200202071 
 8.4199E-01 8.4079E-01 6.8455E+02 8.4139E-01 7.0782E-01 3.0119E-032367200202072 
 1.7510E+00 2.1560E-02 1.2776E+02 1.1721E-03 9.5006E+01 8.3601E-042367200202073 
 8.4079E-01 8.3959E-01 6.8504E+02 8.4019E-01 7.1844E-01 3.0514E-032367200202074 
 1.6754E+00 2.1520E-02 1.2933E+02 1.1579E-03 9.4752E+01 8.3825E-042367200202075 
 8.3959E-01 8.3839E-01 6.8553E+02 8.3899E-01 7.1659E-01 3.0539E-032367200202076 
 1.6886E+00 2.1594E-02 1.2828E+02 1.1674E-03 9.4226E+01 8.4293E-042367200202077 
 8.3839E-01 8.3720E-01 6.8602E+02 8.3779E-01 7.0950E-01 3.0326E-032367200202078 
 1.7389E+00 2.1657E-02 1.2679E+02 1.1811E-03 9.4061E+01 8.4441E-042367200202079 
 8.3720E-01 8.3601E-01 6.8651E+02 8.3660E-01 7.1134E-01 3.0989E-032367200202080 
 1.7258E+00 2.2074E-02 1.2225E+02 1.2249E-03 9.0458E+01 8.7804E-042367200202081 
 8.3601E-01 8.3482E-01 6.8699E+02 8.3541E-01 7.1587E-01 3.1767E-032367200202082 
 1.6936E+00 2.2485E-02 1.1828E+02 1.2661E-03 8.6963E+01 9.1334E-042367200202083 
 8.3482E-01 8.3363E-01 6.8748E+02 8.3422E-01 7.1172E-01 3.1964E-032367200202084 
 1.7231E+00 2.2756E-02 1.1509E+02 1.3012E-03 8.5111E+01 9.3321E-042367200202085 
 8.3363E-01 8.3245E-01 6.8797E+02 8.3304E-01 7.1285E-01 3.2702E-032367200202086 
 1.7151E+00 2.3244E-02 1.1042E+02 1.3562E-03 8.1530E+01 9.7420E-042367200202087 
 8.3245E-01 8.3127E-01 6.8846E+02 8.3186E-01 7.0634E-01 3.2549E-032367200202088 
 1.7616E+00 2.3349E-02 1.0884E+02 1.3759E-03 8.1100E+01 9.7937E-042367200202089 
 8.3127E-01 8.3009E-01 6.8895E+02 8.3068E-01 7.0960E-01 3.2683E-032367200202090 
 1.7382E+00 2.3337E-02 1.0923E+02 1.3709E-03 8.1021E+01 9.8032E-042367200202091 
 8.3009E-01 8.2891E-01 6.8944E+02 8.2950E-01 7.0679E-01 3.3482E-032367200202092 
 1.7583E+00 2.4002E-02 1.0305E+02 1.4532E-03 7.6734E+01 1.0351E-032367200202093 
 8.2891E-01 8.2774E-01 6.8992E+02 8.2832E-01 7.0700E-01 3.4522E-032367200202094 
 1.7568E+00 2.4741E-02 9.7053E+01 1.5430E-03 7.2248E+01 1.0994E-032367200202095 
 8.2774E-01 8.2657E-01 6.9041E+02 8.2715E-01 7.0485E-01 3.4840E-032367200202096 
 1.7722E+00 2.5045E-02 9.4555E+01 1.5837E-03 7.0602E+01 1.1250E-032367200202097 
 8.2657E-01 8.2540E-01 6.9090E+02 8.2598E-01 7.0181E-01 3.5524E-032367200202098 
 1.7941E+00 2.5647E-02 8.9936E+01 1.6651E-03 6.7441E+01 1.1777E-032367200202099 
 8.2540E-01 8.2423E-01 6.9139E+02 8.2481E-01 7.0842E-01 3.7201E-032367200202100 
 1.7467E+00 2.6607E-02 8.4046E+01 1.7818E-03 6.2436E+01 1.2721E-032367200202101 
 8.2423E-01 8.2307E-01 6.9188E+02 8.2365E-01 7.0093E-01 3.7923E-032367200202102 
 1.8005E+00 2.7414E-02 7.8687E+01 1.9031E-03 5.9076E+01 1.3445E-032367200202103 
 8.2307E-01 8.2191E-01 6.9236E+02 8.2249E-01 7.0753E-01 3.9392E-032367200202104 
 1.7530E+00 2.8210E-02 7.4743E+01 2.0035E-03 5.5591E+01 1.4288E-032367200202105 
 8.2191E-01 8.2075E-01 6.9285E+02 8.2133E-01 7.0869E-01 4.0747E-032367200202106 
 1.7447E+00 2.9132E-02 7.0190E+01 2.1335E-03 5.2117E+01 1.5240E-032367200202107 
 8.2075E-01 8.1959E-01 6.9334E+02 8.2017E-01 7.0707E-01 4.2486E-032367200202108 
 1.7563E+00 3.0446E-02 6.4192E+01 2.3328E-03 4.7770E+01 1.6627E-032367200202109 
 8.1959E-01 8.1844E-01 6.9383E+02 8.1901E-01 7.0244E-01 4.4079E-032367200202110 
 1.7896E+00 3.1795E-02 5.8652E+01 2.5532E-03 4.3931E+01 1.8080E-032367200202111 
 8.1844E-01 8.1729E-01 6.9432E+02 8.1786E-01 6.9472E-01 4.6065E-032367200202112 
 1.8456E+00 3.3597E-02 5.2242E+01 2.8665E-03 3.9560E+01 2.0077E-032367200202113 
 8.1729E-01 8.1614E-01 6.9481E+02 8.1671E-01 7.0484E-01 4.8721E-032367200202114 
 1.7723E+00 3.5025E-02 4.8473E+01 3.0893E-03 3.6179E+01 2.1954E-032367200202115 
 8.1614E-01 8.1499E-01 6.9529E+02 8.1556E-01 6.9580E-01 4.6329E-032367200202116 
 1.8378E+00 3.3737E-02 5.1846E+01 2.8883E-03 3.9200E+01 2.0262E-032367200202117 
 8.1499E-01 8.1385E-01 6.9578E+02 8.1442E-01 6.9960E-01 4.2683E-032367200202118 
 1.8101E+00 3.0913E-02 6.1874E+01 2.4202E-03 4.6534E+01 1.7068E-032367200202119 
 8.1385E-01 8.1271E-01 6.9627E+02 8.1328E-01 6.9457E-01 3.7816E-032367200202120 
 1.8467E+00 2.7587E-02 7.7309E+01 1.9370E-03 5.8572E+01 1.3560E-032367200202121 
 8.1271E-01 8.1157E-01 6.9676E+02 8.1214E-01 6.9484E-01 3.4791E-032367200202122 
 1.8447E+00 2.5370E-02 9.1348E+01 1.6393E-03 6.9187E+01 1.1480E-032367200202123 
 8.1157E-01 8.1043E-01 6.9725E+02 8.1100E-01 6.9070E-01 3.2976E-032367200202124 
 1.8750E+00 2.4191E-02 1.0014E+02 1.4954E-03 7.6306E+01 1.0409E-032367200202125 
 8.1043E-01 8.0929E-01 6.9774E+02 8.0986E-01 6.9179E-01 3.2082E-032367200202126 
 1.8670E+00 2.3498E-02 1.0621E+02 1.4099E-03 8.0804E+01 9.8295E-042367200202127 
 8.0929E-01 8.0816E-01 6.9822E+02 8.0873E-01 7.0081E-01 3.1995E-032367200202128 
 1.8014E+00 2.3132E-02 1.1041E+02 1.3563E-03 8.2922E+01 9.5784E-042367200202129 
 8.0816E-01 8.0703E-01 6.9871E+02 8.0760E-01 6.8917E-01 3.1423E-032367200202130 
 1.8863E+00 2.3103E-02 1.0964E+02 1.3659E-03 8.3729E+01 9.4861E-042367200202131 
 8.0703E-01 8.0590E-01 6.9920E+02 8.0647E-01 6.9123E-01 3.1518E-032367200202132 
 1.8711E+00 2.3103E-02 1.0982E+02 1.3635E-03 8.3623E+01 9.4982E-042367200202133 
 8.0590E-01 8.0478E-01 6.9969E+02 8.0534E-01 6.9773E-01 3.1296E-032367200202134 
 1.8237E+00 2.2727E-02 1.1408E+02 1.3126E-03 8.6058E+01 9.2293E-042367200202135 
 8.0478E-01 8.0366E-01 7.0018E+02 8.0422E-01 6.9456E-01 3.0592E-032367200202136 
 1.8468E+00 2.2318E-02 1.1798E+02 1.2693E-03 8.9403E+01 8.8841E-042367200202137 
 8.0366E-01 8.0254E-01 7.0067E+02 8.0310E-01 6.8655E-01 2.9415E-032367200202138 
 1.9055E+00 2.1709E-02 1.2386E+02 1.2091E-03 9.4953E+01 8.3648E-042367200202139 
 8.0254E-01 8.0142E-01 7.0115E+02 8.0198E-01 6.9864E-01 3.0137E-032367200202140 
 1.8171E+00 2.1857E-02 1.2341E+02 1.2134E-03 9.2974E+01 8.5428E-042367200202141 
 8.0142E-01 8.0030E-01 7.0164E+02 8.0086E-01 6.9355E-01 3.0979E-032367200202142 
 1.8541E+00 2.2633E-02 1.1465E+02 1.3061E-03 8.7006E+01 9.1288E-042367200202143 
 8.0030E-01 7.9919E-01 7.0213E+02 7.9975E-01 6.8832E-01 3.1983E-032367200202144 
 1.8925E+00 2.3543E-02 1.0549E+02 1.4195E-03 8.0662E+01 9.8468E-042367200202145 
 7.9919E-01 7.9808E-01 7.0262E+02 7.9863E-01 6.9070E-01 3.2608E-032367200202146 
 1.8750E+00 2.3921E-02 1.0243E+02 1.4620E-03 7.8048E+01 1.0177E-032367200202147 
 7.9808E-01 7.9697E-01 7.0311E+02 7.9752E-01 6.8992E-01 3.1823E-032367200202148 
 1.8808E+00 2.3371E-02 1.0719E+02 1.3971E-03 8.1771E+01 9.7133E-042367200202149 
 7.9697E-01 7.9586E-01 7.0360E+02 7.9642E-01 6.8767E-01 3.1144E-032367200202150 
 1.8973E+00 2.2947E-02 1.1099E+02 1.3492E-03 8.4946E+01 9.3502E-042367200202151 
 7.9586E-01 7.9476E-01 7.0408E+02 7.9531E-01 6.8341E-01 3.1054E-032367200202152 
 1.9287E+00 2.3024E-02 1.0987E+02 1.3630E-03 8.4611E+01 9.3872E-042367200202153 
 7.9476E-01 7.9366E-01 7.0457E+02 7.9421E-01 6.8453E-01 3.1742E-032367200202154 
 1.9205E+00 2.3495E-02 1.0561E+02 1.4179E-03 8.1200E+01 9.7815E-042367200202155 
 7.9366E-01 7.9256E-01 7.0506E+02 7.9311E-01 6.9037E-01 3.2751E-032367200202156 
 1.8774E+00 2.4037E-02 1.0139E+02 1.4769E-03 7.7295E+01 1.0276E-032367200202157 
 7.9256E-01 7.9146E-01 7.0555E+02 7.9201E-01 6.8563E-01 3.2083E-032367200202158 
 1.9123E+00 2.3710E-02 1.0380E+02 1.4427E-03 7.9675E+01 9.9688E-042367200202159 
 7.9146E-01 7.9037E-01 7.0604E+02 7.9091E-01 6.8698E-01 3.2350E-032367200202160 
 1.9023E+00 2.3860E-02 1.0262E+02 1.4593E-03 7.8617E+01 1.0103E-032367200202161 
 7.9037E-01 7.8927E-01 7.0652E+02 7.8982E-01 6.8584E-01 3.3904E-032367200202162 
 1.9108E+00 2.5048E-02 9.3063E+01 1.6091E-03 7.1411E+01 1.1122E-032367200202163 
 7.8927E-01 7.8818E-01 7.0701E+02 7.8873E-01 6.8097E-01 3.4828E-032367200202164 
 1.9469E+00 2.5915E-02 8.6603E+01 1.7291E-03 6.6926E+01 1.1868E-032367200202165 
 7.8818E-01 7.8709E-01 7.0750E+02 7.8764E-01 6.9099E-01 3.5305E-032367200202166 
 1.8729E+00 2.5888E-02 8.7484E+01 1.7117E-03 6.6629E+01 1.1921E-032367200202167 
 7.8709E-01 7.8601E-01 7.0799E+02 7.8655E-01 6.8584E-01 3.4808E-032367200202168 
 1.9108E+00 2.5716E-02 8.8301E+01 1.6959E-03 6.7756E+01 1.1722E-032367200202169 
 7.8601E-01 7.8492E-01 7.0848E+02 7.8547E-01 6.8516E-01 3.3148E-032367200202170 
 1.9158E+00 2.4514E-02 9.7080E+01 1.5425E-03 7.4569E+01 1.0651E-032367200202171 
 7.8492E-01 7.8384E-01 7.0897E+02 7.8438E-01 6.8688E-01 3.2050E-032367200202172 
 1.9031E+00 2.3642E-02 1.0451E+02 1.4329E-03 8.0078E+01 9.9186E-042367200202173 
 7.8384E-01 7.8276E-01 7.0945E+02 7.8330E-01 6.8095E-01 3.1841E-032367200202174 
 1.9471E+00 2.3693E-02 1.0354E+02 1.4463E-03 8.0024E+01 9.9253E-042367200202175 
 7.8276E-01 7.8169E-01 7.0994E+02 7.8223E-01 6.7973E-01 3.2258E-032367200202176 
 1.9561E+00 2.4046E-02 1.0044E+02 1.4910E-03 7.7763E+01 1.0214E-032367200202177 
 7.8169E-01 7.8061E-01 7.1043E+02 7.8115E-01 6.8106E-01 3.2811E-032367200202178 
 1.9462E+00 2.4410E-02 9.7604E+01 1.5343E-03 7.5423E+01 1.0531E-032367200202179 
 7.8061E-01 7.7954E-01 7.1092E+02 7.8008E-01 6.7423E-01 3.2476E-032367200202180 
 1.9973E+00 2.4406E-02 9.7063E+01 1.5428E-03 7.5764E+01 1.0483E-032367200202181 
 7.7954E-01 7.7847E-01 7.1141E+02 7.7900E-01 6.8228E-01 3.2508E-032367200202182 
 1.9371E+00 2.4142E-02 9.9858E+01 1.4996E-03 7.7027E+01 1.0311E-032367200202183 
 7.7847E-01 7.7740E-01 7.1190E+02 7.7794E-01 6.7748E-01 3.2033E-032367200202184 
 1.9729E+00 2.3958E-02 1.0098E+02 1.4830E-03 7.8441E+01 1.0126E-032367200202185 
 7.7740E-01 7.7634E-01 7.1238E+02 7.7687E-01 6.8246E-01 3.1972E-032367200202186 
 1.9358E+00 2.3737E-02 1.0329E+02 1.4499E-03 7.9650E+01 9.9719E-042367200202187 
 7.7634E-01 7.7527E-01 7.1287E+02 7.7580E-01 6.8012E-01 3.2392E-032367200202188 
 1.9532E+00 2.4132E-02 9.9763E+01 1.5010E-03 7.7198E+01 1.0289E-032367200202189 
 7.7527E-01 7.7421E-01 7.1336E+02 7.7474E-01 6.7525E-01 3.2505E-032367200202190 
 1.9896E+00 2.4391E-02 9.7251E+01 1.5398E-03 7.5795E+01 1.0479E-032367200202191 
 7.7421E-01 7.7315E-01 7.1385E+02 7.7368E-01 6.7194E-01 3.2057E-032367200202192 
 2.0145E+00 2.4174E-02 9.8731E+01 1.5167E-03 7.7329E+01 1.0271E-032367200202193 
 7.7315E-01 7.7209E-01 7.1434E+02 7.7262E-01 6.8078E-01 3.2281E-032367200202194 
 1.9483E+00 2.4026E-02 1.0067E+02 1.4876E-03 7.7823E+01 1.0206E-032367200202195 
 7.7209E-01 7.7104E-01 7.1483E+02 7.7157E-01 6.8203E-01 3.2655E-032367200202196 
 1.9390E+00 2.4260E-02 9.8865E+01 1.5147E-03 7.6289E+01 1.0411E-032367200202197 
 7.7104E-01 7.6999E-01 7.1531E+02 7.7051E-01 6.7626E-01 3.2372E-032367200202198 
 1.9821E+00 2.4255E-02 9.8431E+01 1.5214E-03 7.6602E+01 1.0369E-032367200202199 
 7.6999E-01 7.6894E-01 7.1580E+02 7.6946E-01 6.7434E-01 3.2573E-032367200202200 
 1.9964E+00 2.4475E-02 9.6533E+01 1.5513E-03 7.5337E+01 1.0543E-032367200202201 
 7.6894E-01 7.6789E-01 7.1629E+02 7.6841E-01 6.7984E-01 3.4348E-032367200202202 
 1.9553E+00 2.5600E-02 8.8643E+01 1.6894E-03 6.8617E+01 1.1575E-032367200202203 
 7.6789E-01 7.6684E-01 7.1678E+02 7.6736E-01 6.8575E-01 3.7693E-032367200202204 
 1.9115E+00 2.7851E-02 7.5339E+01 1.9877E-03 5.7812E+01 1.3739E-032367200202205 
 7.6684E-01 7.6580E-01 7.1727E+02 7.6632E-01 6.7278E-01 4.0811E-032367200202206 
 2.0082E+00 3.0735E-02 6.1225E+01 2.4459E-03 4.7878E+01 1.6589E-032367200202207 
 7.6580E-01 7.6475E-01 7.1776E+02 7.6527E-01 6.7008E-01 4.0015E-032367200202208 
 2.0286E+00 3.0258E-02 6.3011E+01 2.3765E-03 4.9475E+01 1.6054E-032367200202209 
 7.6475E-01 7.6371E-01 7.1824E+02 7.6423E-01 6.7595E-01 3.4402E-032367200202210 
 1.9844E+00 2.5787E-02 8.7078E+01 1.7197E-03 6.7792E+01 1.1716E-032367200202211 
 7.6371E-01 7.6268E-01 7.1873E+02 7.6319E-01 6.7093E-01 3.0460E-032367200202212 
 2.0222E+00 2.3003E-02 1.0891E+02 1.3749E-03 8.5435E+01 9.2967E-042367200202213 
 7.6268E-01 7.6164E-01 7.1922E+02 7.6216E-01 6.7000E-01 2.9576E-032367200202214 
 2.0291E+00 2.2367E-02 1.1509E+02 1.3011E-03 9.0411E+01 8.7850E-042367200202215 
 7.6164E-01 7.6061E-01 7.1971E+02 7.6112E-01 6.6576E-01 2.9753E-032367200202216 
 2.0613E+00 2.2644E-02 1.1189E+02 1.3383E-03 8.8455E+01 8.9793E-042367200202217 
 7.6061E-01 7.5957E-01 7.2020E+02 7.6009E-01 6.7538E-01 3.1219E-032367200202218 
 1.9886E+00 2.3422E-02 1.0547E+02 1.4198E-03 8.2190E+01 9.6638E-042367200202219 
 7.5957E-01 7.5855E-01 7.2069E+02 7.5906E-01 6.7449E-01 3.2211E-032367200202220 
 1.9953E+00 2.4198E-02 9.8758E+01 1.5163E-03 7.7057E+01 1.0307E-032367200202221 
 7.5855E-01 7.5752E-01 7.2117E+02 7.5803E-01 6.6780E-01 3.2794E-032367200202222 
 2.0459E+00 2.4882E-02 9.2893E+01 1.6121E-03 7.3204E+01 1.0850E-032367200202223 
 7.5752E-01 7.5649E-01 7.2166E+02 7.5701E-01 6.6603E-01 3.4487E-032367200202224 
 2.0593E+00 2.6237E-02 8.3453E+01 1.7944E-03 6.5936E+01 1.2046E-032367200202225 
 7.5649E-01 7.5547E-01 7.2215E+02 7.5598E-01 6.6300E-01 3.5185E-032367200202226 
 2.0824E+00 2.6890E-02 7.9286E+01 1.8887E-03 6.2927E+01 1.2622E-032367200202227 
 7.5547E-01 7.5445E-01 7.2264E+02 7.5496E-01 6.7217E-01 3.4307E-032367200202228 
 2.0128E+00 2.5861E-02 8.6332E+01 1.7346E-03 6.7589E+01 1.1751E-032367200202229 
 7.5445E-01 7.5343E-01 7.2313E+02 7.5394E-01 6.6715E-01 3.2546E-032367200202230 
 2.0508E+00 2.4718E-02 9.4087E+01 1.5916E-03 7.4218E+01 1.0702E-032367200202231 
 7.5343E-01 7.5241E-01 7.2361E+02 7.5292E-01 6.6678E-01 3.1984E-032367200202232 
 2.0536E+00 2.4304E-02 9.7278E+01 1.5394E-03 7.6778E+01 1.0345E-032367200202233 
 7.5241E-01 7.5140E-01 7.2410E+02 7.5190E-01 6.7285E-01 3.2606E-032367200202234 
 2.0076E+00 2.4554E-02 9.5786E+01 1.5634E-03 7.4919E+01 1.0602E-032367200202235 
 7.5140E-01 7.5038E-01 7.2459E+02 7.5089E-01 6.6253E-01 3.2740E-032367200202236 
 2.0860E+00 2.5039E-02 9.1353E+01 1.6392E-03 7.2562E+01 1.0946E-032367200202237 
 7.5038E-01 7.4937E-01 7.2508E+02 7.4988E-01 6.6839E-01 3.3040E-032367200202238 
 2.0414E+00 2.5047E-02 9.1716E+01 1.6327E-03 7.2213E+01 1.0999E-032367200202239 
 7.4937E-01 7.4837E-01 7.2557E+02 7.4887E-01 6.6300E-01 3.2653E-032367200202240 
 2.0824E+00 2.4954E-02 9.1973E+01 1.6282E-03 7.3003E+01 1.0880E-032367200202241 
 7.4837E-01 7.4736E-01 7.2606E+02 7.4786E-01 6.5775E-01 3.2573E-032367200202242 
 2.1227E+00 2.5092E-02 9.0592E+01 1.6530E-03 7.2480E+01 1.0958E-032367200202243 
 7.4736E-01 7.4635E-01 7.2654E+02 7.4686E-01 6.6724E-01 3.3263E-032367200202244 
 2.0501E+00 2.5259E-02 9.0122E+01 1.6616E-03 7.1079E+01 1.1174E-032367200202245 
 7.4635E-01 7.4535E-01 7.2703E+02 7.4585E-01 6.6061E-01 3.2916E-032367200202246 
 2.1007E+00 2.5247E-02 8.9708E+01 1.6693E-03 7.1461E+01 1.1115E-032367200202247 
 7.4535E-01 7.4435E-01 7.2752E+02 7.4485E-01 6.5914E-01 3.2709E-032367200202248 
 2.1120E+00 2.5144E-02 9.0334E+01 1.6577E-03 7.2121E+01 1.1013E-032367200202249 
 7.4435E-01 7.4335E-01 7.2801E+02 7.4385E-01 6.6626E-01 3.2361E-032367200202250 
 2.0575E+00 2.4610E-02 9.4840E+01 1.5790E-03 7.4911E+01 1.0603E-032367200202251 
 7.4335E-01 7.4235E-01 7.2850E+02 7.4285E-01 6.6211E-01 3.1247E-032367200202252 
 2.0892E+00 2.3912E-02 1.0007E+02 1.4964E-03 7.9539E+01 9.9858E-042367200202253 
 7.4235E-01 7.4136E-01 7.2899E+02 7.4186E-01 6.6718E-01 3.1055E-032367200202254 
 2.0506E+00 2.3584E-02 1.0332E+02 1.4494E-03 8.1498E+01 9.7458E-042367200202255 
 7.4136E-01 7.4037E-01 7.2947E+02 7.4086E-01 6.6303E-01 3.1151E-032367200202256 
 2.0822E+00 2.3806E-02 1.0104E+02 1.4821E-03 8.0196E+01 9.9040E-042367200202257 
 7.4037E-01 7.3938E-01 7.2996E+02 7.3987E-01 6.5872E-01 3.1600E-032367200202258 
 2.1152E+00 2.4306E-02 9.6589E+01 1.5504E-03 7.7165E+01 1.0293E-032367200202259 
 7.3938E-01 7.3839E-01 7.3045E+02 7.3888E-01 6.5355E-01 3.1981E-032367200202260 
 2.1551E+00 2.4794E-02 9.2430E+01 1.6201E-03 7.4425E+01 1.0672E-032367200202261 
 7.3839E-01 7.3740E-01 7.3094E+02 7.3789E-01 6.6149E-01 3.2678E-032367200202262 
 2.0940E+00 2.5030E-02 9.1328E+01 1.6397E-03 7.2656E+01 1.0932E-032367200202263 
 7.3740E-01 7.3642E-01 7.3143E+02 7.3691E-01 6.6484E-01 3.2496E-032367200202264 
 2.0683E+00 2.4766E-02 9.3510E+01 1.6014E-03 7.4018E+01 1.0731E-032367200202265 
 7.3642E-01 7.3543E-01 7.3192E+02 7.3593E-01 6.6066E-01 3.2172E-032367200202266 
 2.1003E+00 2.4674E-02 9.3918E+01 1.5945E-03 7.4812E+01 1.0617E-032367200202267 
 7.3543E-01 7.3445E-01 7.3240E+02 7.3494E-01 6.5724E-01 3.2408E-032367200202268 
 2.1266E+00 2.4984E-02 9.1334E+01 1.6396E-03 7.3129E+01 1.0861E-032367200202269 
 7.3445E-01 7.3347E-01 7.3289E+02 7.3396E-01 6.6744E-01 3.3949E-032367200202270 
 2.0485E+00 2.5772E-02 8.6605E+01 1.7291E-03 6.8282E+01 1.1632E-032367200202271 
 7.3347E-01 7.3250E-01 7.3338E+02 7.3299E-01 6.5231E-01 3.3883E-032367200202272 
 2.1648E+00 2.6319E-02 8.2002E+01 1.8262E-03 6.6150E+01 1.2007E-032367200202273 
 7.3250E-01 7.3152E-01 7.3387E+02 7.3201E-01 6.5680E-01 3.3768E-032367200202274 
 2.1300E+00 2.6051E-02 8.4008E+01 1.7826E-03 6.7306E+01 1.1801E-032367200202275 
 7.3152E-01 7.3055E-01 7.3436E+02 7.3104E-01 6.5689E-01 3.3227E-032367200202276 
 2.1293E+00 2.5630E-02 8.6773E+01 1.7257E-03 6.9513E+01 1.1426E-032367200202277 
 7.3055E-01 7.2958E-01 7.3485E+02 7.3006E-01 6.5438E-01 3.3181E-032367200202278 
 2.1487E+00 2.5692E-02 8.6171E+01 1.7378E-03 6.9295E+01 1.1462E-032367200202279 
 7.2958E-01 7.2861E-01 7.3533E+02 7.2909E-01 6.6085E-01 3.5071E-032367200202280 
 2.0988E+00 2.6889E-02 7.9127E+01 1.8925E-03 6.3005E+01 1.2606E-032367200202281 
 7.2861E-01 7.2764E-01 7.3582E+02 7.2813E-01 6.5349E-01 3.6827E-032367200202282 
 2.1556E+00 2.8554E-02 6.9788E+01 2.1458E-03 5.6189E+01 1.4136E-032367200202283 
 7.2764E-01 7.2668E-01 7.3631E+02 7.2716E-01 6.5156E-01 3.7630E-032367200202284 
 2.1706E+00 2.9263E-02 6.6346E+01 2.2571E-03 5.3573E+01 1.4826E-032367200202285 
 7.2668E-01 7.2571E-01 7.3680E+02 7.2620E-01 6.5578E-01 3.8381E-032367200202286 
 2.1378E+00 2.9655E-02 6.4830E+01 2.3099E-03 5.2012E+01 1.5271E-032367200202287 
 7.2571E-01 7.2475E-01 7.3729E+02 7.2523E-01 6.5178E-01 3.8728E-032367200202288 
 2.1689E+00 3.0107E-02 6.2695E+01 2.3885E-03 5.0607E+01 1.5695E-032367200202289 
 7.2475E-01 7.2379E-01 7.3777E+02 7.2427E-01 6.4785E-01 4.0622E-032367200202290 
 2.1995E+00 3.1770E-02 5.6159E+01 2.6665E-03 4.5600E+01 1.7418E-032367200202291 
 7.2379E-01 7.2284E-01 7.3826E+02 7.2331E-01 6.4898E-01 4.5800E-032367200202292 
 2.1907E+00 3.5758E-02 4.4439E+01 3.3697E-03 3.6013E+01 2.2055E-032367200202293 
 7.2284E-01 7.2188E-01 7.3875E+02 7.2236E-01 6.4358E-01 4.9399E-032367200202294 
 2.2331E+00 3.8892E-02 3.7430E+01 4.0007E-03 3.0580E+01 2.5973E-032367200202295 
 7.2188E-01 7.2093E-01 7.3924E+02 7.2140E-01 6.5033E-01 4.8052E-032367200202296 
 2.1802E+00 3.7439E-02 4.0605E+01 3.6880E-03 3.2834E+01 2.4191E-032367200202297 
 7.2093E-01 7.1997E-01 7.3973E+02 7.2045E-01 6.5267E-01 4.2938E-032367200202298 
 2.1619E+00 3.3334E-02 5.1230E+01 2.9231E-03 4.1288E+01 1.9237E-032367200202299 
 7.1997E-01 7.1902E-01 7.4022E+02 7.1950E-01 6.5343E-01 3.8806E-032367200202300 
 2.1561E+00 3.0091E-02 6.2832E+01 2.3833E-03 5.0589E+01 1.5700E-032367200202301 
 7.1902E-01 7.1808E-01 7.4070E+02 7.1855E-01 6.5206E-01 3.6684E-032367200202302 
 2.1667E+00 2.8506E-02 6.9909E+01 2.1421E-03 5.6410E+01 1.4080E-032367200202303 
 7.1808E-01 7.1713E-01 7.4119E+02 7.1760E-01 6.3992E-01 3.5533E-032367200202304 
 2.2619E+00 2.8135E-02 7.1009E+01 2.1089E-03 5.8384E+01 1.3604E-032367200202305 
 7.1713E-01 7.1619E-01 7.4168E+02 7.1666E-01 6.4758E-01 3.5251E-032367200202306 
 2.2016E+00 2.7581E-02 7.4376E+01 2.0134E-03 6.0431E+01 1.3143E-032367200202307 
 7.1619E-01 7.1524E-01 7.4217E+02 7.1571E-01 6.4012E-01 3.3175E-032367200202308 
 2.2603E+00 2.6260E-02 8.1491E+01 1.8376E-03 6.6988E+01 1.1857E-032367200202309 
 7.1524E-01 7.1430E-01 7.4266E+02 7.1477E-01 6.4597E-01 3.2564E-032367200202310 
 2.2142E+00 2.5542E-02 8.6540E+01 1.7304E-03 7.0497E+01 1.1267E-032367200202311 
 7.1430E-01 7.1336E-01 7.4315E+02 7.1383E-01 6.4330E-01 3.2187E-032367200202312 
 2.2352E+00 2.5351E-02 8.7660E+01 1.7083E-03 7.1706E+01 1.1077E-032367200202313 
 7.1336E-01 7.1243E-01 7.4363E+02 7.1289E-01 6.4206E-01 3.1767E-032367200202314 
 2.2450E+00 2.5069E-02 8.9536E+01 1.6725E-03 7.3382E+01 1.0824E-032367200202315 
 7.1243E-01 7.1149E-01 7.4412E+02 7.1196E-01 6.4201E-01 3.1135E-032367200202316 
 2.2454E+00 2.4572E-02 9.3189E+01 1.6069E-03 7.6384E+01 1.0398E-032367200202317 
 7.1149E-01 7.1056E-01 7.4461E+02 7.1102E-01 6.4245E-01 3.0797E-032367200202318 
 2.2420E+00 2.4289E-02 9.5386E+01 1.5699E-03 7.8133E+01 1.0165E-032367200202319 
 7.1056E-01 7.0963E-01 7.4510E+02 7.1009E-01 6.5328E-01 3.0989E-032367200202320 
 2.1572E+00 2.4035E-02 9.8319E+01 1.5231E-03 7.9203E+01 1.0028E-032367200202321 
 7.0963E-01 7.0870E-01 7.4559E+02 7.0916E-01 6.3983E-01 3.0113E-032367200202322 
 2.2626E+00 2.3846E-02 9.8762E+01 1.5163E-03 8.1230E+01 9.7780E-042367200202323 
 7.0870E-01 7.0777E-01 7.4608E+02 7.0823E-01 6.4178E-01 3.0209E-032367200202324 
 2.2472E+00 2.3851E-02 9.8878E+01 1.5145E-03 8.1079E+01 9.7961E-042367200202325 
 7.0777E-01 7.0684E-01 7.4656E+02 7.0731E-01 6.4398E-01 3.0480E-032367200202326 
 2.2298E+00 2.3982E-02 9.7980E+01 1.5284E-03 8.0068E+01 9.9199E-042367200202327 
 7.0684E-01 7.0592E-01 7.4705E+02 7.0638E-01 6.4125E-01 3.0625E-032367200202328 
 2.2514E+00 2.4198E-02 9.6011E+01 1.5597E-03 7.8793E+01 1.0080E-032367200202329 
 7.0592E-01 7.0500E-01 7.4754E+02 7.0546E-01 6.4047E-01 3.1127E-032367200202330 
 2.2575E+00 2.4625E-02 9.2660E+01 1.6161E-03 7.6132E+01 1.0433E-032367200202331 
 7.0500E-01 7.0408E-01 7.4803E+02 7.0454E-01 6.3988E-01 3.1591E-032367200202332 
 2.2622E+00 2.5015E-02 8.9758E+01 1.6684E-03 7.3815E+01 1.0760E-032367200202333 
 7.0408E-01 7.0316E-01 7.4852E+02 7.0362E-01 6.3445E-01 3.1946E-032367200202334 
 2.3054E+00 2.5513E-02 8.5895E+01 1.7434E-03 7.1240E+01 1.1149E-032367200202335 
 7.0316E-01 7.0224E-01 7.4901E+02 7.0270E-01 6.4192E-01 3.3321E-032367200202336 
 2.2461E+00 2.6302E-02 8.1385E+01 1.8400E-03 6.6713E+01 1.1906E-032367200202337 
 7.0224E-01 7.0133E-01 7.4949E+02 7.0178E-01 6.4766E-01 3.4606E-032367200202338 
 2.2010E+00 2.7074E-02 7.7177E+01 1.9403E-03 6.2701E+01 1.2667E-032367200202339 
 7.0133E-01 7.0041E-01 7.4998E+02 7.0087E-01 6.4541E-01 3.4889E-032367200202340 
 2.2186E+00 2.7390E-02 7.5276E+01 1.9893E-03 6.1368E+01 1.2943E-032367200202341 
 7.0041E-01 6.9950E-01 7.5047E+02 6.9996E-01 6.3963E-01 3.5148E-032367200202342 
 2.2642E+00 2.7843E-02 7.2509E+01 2.0652E-03 5.9644E+01 1.3317E-032367200202343 
 6.9950E-01 6.9859E-01 7.5096E+02 6.9905E-01 6.2954E-01 3.4161E-032367200202344 
 2.3448E+00 2.7495E-02 7.3689E+01 2.0322E-03 6.1587E+01 1.2897E-032367200202345 
 6.9859E-01 6.9768E-01 7.5145E+02 6.9814E-01 6.3511E-01 3.3653E-032367200202346 
 2.3001E+00 2.6848E-02 7.7642E+01 1.9287E-03 6.4323E+01 1.2348E-032367200202347 
 6.9768E-01 6.9678E-01 7.5194E+02 6.9723E-01 6.3940E-01 3.3857E-032367200202348 
 2.2661E+00 2.6830E-02 7.8021E+01 1.9193E-03 6.4205E+01 1.2371E-032367200202349 
 6.9678E-01 6.9587E-01 7.5242E+02 6.9632E-01 6.2475E-01 3.3450E-032367200202350 
 2.3835E+00 2.7129E-02 7.5386E+01 1.9864E-03 6.3489E+01 1.2510E-032367200202351 
 6.9587E-01 6.9497E-01 7.5291E+02 6.9542E-01 6.2876E-01 3.2594E-032367200202352 
 2.3510E+00 2.6266E-02 8.0660E+01 1.8565E-03 6.7500E+01 1.1767E-032367200202353 
 6.9497E-01 6.9407E-01 7.5340E+02 6.9452E-01 6.3296E-01 3.1701E-032367200202354 
 2.3173E+00 2.5377E-02 8.6724E+01 1.7267E-03 7.2097E+01 1.1017E-032367200202355 
 6.9407E-01 6.9317E-01 7.5389E+02 6.9362E-01 6.3100E-01 3.2271E-032367200202356 
 2.3330E+00 2.5913E-02 8.3037E+01 1.8034E-03 6.9244E+01 1.1470E-032367200202357 
 6.9317E-01 6.9227E-01 7.5438E+02 6.9272E-01 6.3013E-01 3.2301E-032367200202358 
 2.3400E+00 2.5973E-02 8.2586E+01 1.8132E-03 6.8963E+01 1.1517E-032367200202359 
 6.9227E-01 6.9138E-01 7.5486E+02 6.9182E-01 6.3404E-01 3.1857E-032367200202360 
 2.3087E+00 2.5458E-02 8.6225E+01 1.7367E-03 7.1560E+01 1.1099E-032367200202361 
 6.9138E-01 6.9048E-01 7.5535E+02 6.9093E-01 6.2903E-01 3.1577E-032367200202362 
 2.3489E+00 2.5436E-02 8.6019E+01 1.7409E-03 7.1957E+01 1.1038E-032367200202363 
 6.9048E-01 6.8959E-01 7.5584E+02 6.9004E-01 6.3618E-01 3.2532E-032367200202364 
 2.2916E+00 2.5910E-02 8.3449E+01 1.7945E-03 6.9022E+01 1.1507E-032367200202365 
 6.8959E-01 6.8870E-01 7.5633E+02 6.8914E-01 6.2730E-01 3.2761E-032367200202366 
 2.3628E+00 2.6462E-02 7.9399E+01 1.8860E-03 6.6598E+01 1.1926E-032367200202367 
 6.8870E-01 6.8781E-01 7.5682E+02 6.8826E-01 6.2399E-01 3.3577E-032367200202368 
 2.3896E+00 2.7265E-02 7.4580E+01 2.0079E-03 6.2885E+01 1.2630E-032367200202369 
 6.8781E-01 6.8692E-01 7.5731E+02 6.8737E-01 6.3248E-01 3.4686E-032367200202370 
 2.3212E+00 2.7787E-02 7.2342E+01 2.0700E-03 6.0179E+01 1.3198E-032367200202371 
 6.8692E-01 6.8604E-01 7.5779E+02 6.8648E-01 6.2705E-01 3.3836E-032367200202372 
 2.3648E+00 2.7341E-02 7.4364E+01 2.0137E-03 6.2397E+01 1.2729E-032367200202373 
 6.8604E-01 6.8515E-01 7.5828E+02 6.8560E-01 6.2830E-01 3.3483E-032367200202374 
 2.3548E+00 2.7002E-02 7.6322E+01 1.9621E-03 6.3914E+01 1.2427E-032367200202375 
 6.8515E-01 6.8427E-01 7.5877E+02 6.8471E-01 6.2805E-01 3.3309E-032367200202376 
 2.3568E+00 2.6873E-02 7.7041E+01 1.9438E-03 6.4542E+01 1.2306E-032367200202377 
 6.8427E-01 6.8339E-01 7.5926E+02 6.8383E-01 6.2805E-01 3.2617E-032367200202378 
 2.3568E+00 2.6314E-02 8.0322E+01 1.8644E-03 6.7293E+01 1.1803E-032367200202379 
 6.8339E-01 6.8251E-01 7.5975E+02 6.8295E-01 6.2069E-01 3.1646E-032367200202380 
 2.4165E+00 2.5834E-02 8.2803E+01 1.8085E-03 7.0195E+01 1.1315E-032367200202381 
 6.8251E-01 6.8164E-01 7.6024E+02 6.8208E-01 6.1924E-01 3.1306E-032367200202382 
 2.4283E+00 2.5615E-02 8.4118E+01 1.7802E-03 7.1476E+01 1.1112E-032367200202383 
 6.8164E-01 6.8076E-01 7.6072E+02 6.8120E-01 6.1911E-01 3.1251E-032367200202384 
 2.4294E+00 2.5576E-02 8.4360E+01 1.7751E-03 7.1698E+01 1.1078E-032367200202385 
 6.8076E-01 6.7989E-01 7.6121E+02 6.8033E-01 6.2326E-01 3.1331E-032367200202386 
 2.3956E+00 2.5471E-02 8.5351E+01 1.7545E-03 7.2059E+01 1.1022E-032367200202387 
 6.7989E-01 6.7902E-01 7.6170E+02 6.7945E-01 6.2481E-01 3.2146E-032367200202388 
 2.3830E+00 2.6068E-02 8.1627E+01 1.8346E-03 6.8741E+01 1.1554E-032367200202389 
 6.7902E-01 6.7815E-01 7.6219E+02 6.7858E-01 6.1956E-01 3.2542E-032367200202390 
 2.4258E+00 2.6614E-02 7.7952E+01 1.9210E-03 6.6200E+01 1.1998E-032367200202391 
 6.7815E-01 6.7728E-01 7.6268E+02 6.7771E-01 6.1811E-01 3.2901E-032367200202392 
 2.4377E+00 2.6971E-02 7.5830E+01 1.9748E-03 6.4548E+01 1.2305E-032367200202393 
 6.7728E-01 6.7641E-01 7.6317E+02 6.7684E-01 6.1951E-01 3.3607E-032367200202394 
 2.4262E+00 2.7487E-02 7.3121E+01 2.0480E-03 6.2100E+01 1.2790E-032367200202395 
 6.7641E-01 6.7555E-01 7.6365E+02 6.7598E-01 6.1472E-01 3.3496E-032367200202396 
 2.4655E+00 2.7609E-02 7.2158E+01 2.0753E-03 6.1758E+01 1.2861E-032367200202397 
 6.7555E-01 6.7468E-01 7.6414E+02 6.7511E-01 6.1886E-01 3.3668E-032367200202398 
 2.4315E+00 2.7565E-02 7.2647E+01 2.0613E-03 6.1761E+01 1.2860E-032367200202399 
 6.7468E-01 6.7382E-01 7.6463E+02 6.7425E-01 6.1520E-01 3.3533E-032367200202400 
 2.4616E+00 2.7619E-02 7.2122E+01 2.0763E-03 6.1680E+01 1.2877E-032367200202401 
 6.7382E-01 6.7296E-01 7.6512E+02 6.7339E-01 6.1269E-01 3.3507E-032367200202402 
 2.4822E+00 2.7710E-02 7.1492E+01 2.0946E-03 6.1389E+01 1.2938E-032367200202403 
 6.7296E-01 6.7210E-01 7.6561E+02 6.7253E-01 6.2172E-01 3.3948E-032367200202404 
 2.4081E+00 2.7667E-02 7.2293E+01 2.0714E-03 6.1178E+01 1.2983E-032367200202405 
 6.7210E-01 6.7125E-01 7.6610E+02 6.7167E-01 6.1467E-01 3.3415E-032367200202406 
 2.4659E+00 2.7545E-02 7.2487E+01 2.0659E-03 6.2045E+01 1.2801E-032367200202407 
 6.7125E-01 6.7039E-01 7.6658E+02 6.7082E-01 6.1629E-01 3.2524E-032367200202408 
 2.4526E+00 2.6740E-02 7.7010E+01 1.9445E-03 6.5747E+01 1.2081E-032367200202409 
 6.7039E-01 6.6954E-01 7.6707E+02 6.6996E-01 6.1108E-01 3.1850E-032367200202410 
 2.4956E+00 2.6409E-02 7.8601E+01 1.9052E-03 6.7677E+01 1.1736E-032367200202411 
 6.6954E-01 6.6868E-01 7.6756E+02 6.6911E-01 6.1085E-01 3.2549E-032367200202412 
 2.4975E+00 2.6999E-02 7.5189E+01 1.9916E-03 6.4761E+01 1.2264E-032367200202413 
 6.6868E-01 6.6783E-01 7.6805E+02 6.6826E-01 6.0935E-01 3.2943E-032367200202414 
 2.5099E+00 2.7392E-02 7.2949E+01 2.0528E-03 6.2985E+01 1.2610E-032367200202415 
 6.6783E-01 6.6699E-01 7.6854E+02 6.6741E-01 6.0920E-01 3.2941E-032367200202416 
 2.5112E+00 2.7398E-02 7.2923E+01 2.0535E-03 6.2978E+01 1.2612E-032367200202417 
 6.6699E-01 6.6614E-01 7.6902E+02 6.6656E-01 6.0993E-01 3.2633E-032367200202418 
 2.5051E+00 2.7109E-02 7.4540E+01 2.0090E-03 6.4298E+01 1.2353E-032367200202419 
 6.6614E-01 6.6529E-01 7.6951E+02 6.6572E-01 6.1548E-01 3.2339E-032367200202420 
 2.4592E+00 2.6623E-02 7.7639E+01 1.9288E-03 6.6371E+01 1.1967E-032367200202421 
 6.6529E-01 6.6445E-01 7.7000E+02 6.6487E-01 6.0927E-01 3.1740E-032367200202422 
 2.5106E+00 2.6396E-02 7.8541E+01 1.9066E-03 6.7825E+01 1.1710E-032367200202423 
 6.6445E-01 6.6361E-01 7.7049E+02 6.6403E-01 6.1641E-01 3.2351E-032367200202424 
 2.4515E+00 2.6592E-02 7.7889E+01 1.9226E-03 6.6484E+01 1.1947E-032367200202425 
 6.6361E-01 6.6277E-01 7.7098E+02 6.6319E-01 6.0265E-01 3.1655E-032367200202426 
 2.5660E+00 2.6615E-02 7.6807E+01 1.9497E-03 6.7055E+01 1.1845E-032367200202427 
 6.6277E-01 6.6193E-01 7.7147E+02 6.6235E-01 6.0998E-01 3.2067E-032367200202428 
 2.5047E+00 2.6638E-02 7.7157E+01 1.9408E-03 6.6552E+01 1.1934E-032367200202429 
 6.6193E-01 6.6109E-01 7.7195E+02 6.6151E-01 6.1320E-01 3.2418E-032367200202430 
 2.4780E+00 2.6787E-02 7.6545E+01 1.9564E-03 6.5677E+01 1.2093E-032367200202431 
 6.6109E-01 6.6025E-01 7.7244E+02 6.6067E-01 6.0717E-01 3.2685E-032367200202432 
 2.5281E+00 2.7276E-02 7.3421E+01 2.0396E-03 6.3620E+01 1.2485E-032367200202433 
 6.6025E-01 6.5942E-01 7.7293E+02 6.5984E-01 6.0778E-01 3.3674E-032367200202434 
 2.5230E+00 2.8073E-02 6.9373E+01 2.1586E-03 6.0049E+01 1.3227E-032367200202435 
 6.5942E-01 6.5859E-01 7.7342E+02 6.5900E-01 6.0965E-01 3.4920E-032367200202436 
 2.5074E+00 2.9022E-02 6.5025E+01 2.3030E-03 5.6109E+01 1.4156E-032367200202437 
 6.5859E-01 6.5776E-01 7.7391E+02 6.5817E-01 6.0721E-01 3.4908E-032367200202438 
 2.5278E+00 2.9129E-02 6.4410E+01 2.3249E-03 5.5802E+01 1.4234E-032367200202439 
 6.5776E-01 6.5693E-01 7.7440E+02 6.5734E-01 6.0572E-01 3.3536E-032367200202440 
 2.5402E+00 2.8053E-02 6.9345E+01 2.1595E-03 6.0229E+01 1.3187E-032367200202441 
 6.5693E-01 6.5610E-01 7.7488E+02 6.5651E-01 6.0759E-01 3.2733E-032367200202442 
 2.5246E+00 2.7297E-02 7.3336E+01 2.0420E-03 6.3502E+01 1.2508E-032367200202443 
 6.5610E-01 6.5527E-01 7.7537E+02 6.5569E-01 6.0569E-01 3.2413E-032367200202444 
 2.5404E+00 2.7115E-02 7.4208E+01 2.0179E-03 6.4459E+01 1.2322E-032367200202445 
 6.5527E-01 6.5445E-01 7.7586E+02 6.5486E-01 6.1067E-01 3.2472E-032367200202446 
 2.4990E+00 2.6942E-02 7.5466E+01 1.9843E-03 6.5019E+01 1.2216E-032367200202447 
 6.5445E-01 6.5362E-01 7.7635E+02 6.5404E-01 6.0848E-01 3.2572E-032367200202448 
 2.5172E+00 2.7123E-02 7.4323E+01 2.0148E-03 6.4264E+01 1.2359E-032367200202449 
 6.5362E-01 6.5280E-01 7.7684E+02 6.5321E-01 6.0555E-01 3.2831E-032367200202450 
 2.5416E+00 2.7471E-02 7.2319E+01 2.0707E-03 6.2832E+01 1.2641E-032367200202451 
 6.5280E-01 6.5198E-01 7.7733E+02 6.5239E-01 6.0534E-01 3.3283E-032367200202452 
 2.5434E+00 2.7859E-02 7.0284E+01 2.1306E-03 6.1083E+01 1.3003E-032367200202453 
 6.5198E-01 6.5116E-01 7.7781E+02 6.5157E-01 6.0250E-01 3.3405E-032367200202454 
 2.5672E+00 2.8093E-02 6.8958E+01 2.1716E-03 6.0212E+01 1.3191E-032367200202455 
 6.5116E-01 6.5035E-01 7.7830E+02 6.5075E-01 6.1093E-01 3.4007E-032367200202456 
 2.4969E+00 2.8205E-02 6.8931E+01 2.1724E-03 5.9360E+01 1.3380E-032367200202457 
 6.5035E-01 6.4953E-01 7.7879E+02 6.4994E-01 6.0437E-01 3.3403E-032367200202458 
 2.5515E+00 2.8004E-02 6.9511E+01 2.1543E-03 6.0507E+01 1.3127E-032367200202459 
 6.4953E-01 6.4872E-01 7.7928E+02 6.4912E-01 6.1009E-01 3.3874E-032367200202460 
 2.5038E+00 2.8133E-02 6.9224E+01 2.1633E-03 5.9694E+01 1.3306E-032367200202461 
 6.4872E-01 6.4790E-01 7.7977E+02 6.4831E-01 6.1168E-01 3.4223E-032367200202462 
 2.4906E+00 2.8349E-02 6.8284E+01 2.1930E-03 5.8729E+01 1.3524E-032367200202463 
 6.4790E-01 6.4709E-01 7.8026E+02 6.4750E-01 6.0747E-01 3.3109E-032367200202464 
 2.5256E+00 2.7616E-02 7.1667E+01 2.0895E-03 6.2068E+01 1.2797E-032367200202465 
 6.4709E-01 6.4628E-01 7.8074E+02 6.4669E-01 6.1766E-01 3.2621E-032367200202466 
 2.4413E+00 2.6760E-02 7.6959E+01 1.9458E-03 6.5557E+01 1.2116E-032367200202467 
 6.4628E-01 6.4548E-01 7.8123E+02 6.4588E-01 6.1733E-01 3.1724E-032367200202468 
 2.4440E+00 2.6038E-02 8.1265E+01 1.8427E-03 6.9264E+01 1.1467E-032367200202469 
 6.4548E-01 6.4467E-01 7.8172E+02 6.4507E-01 6.1128E-01 3.0939E-032367200202470 
 2.4939E+00 2.5645E-02 8.3331E+01 1.7970E-03 7.1728E+01 1.1073E-032367200202471 
 6.4467E-01 6.4386E-01 7.8221E+02 6.4427E-01 6.1637E-01 3.1565E-032367200202472 
 2.4519E+00 2.5948E-02 8.1761E+01 1.8316E-03 6.9796E+01 1.1380E-032367200202473 
 6.4386E-01 6.4306E-01 7.8270E+02 6.4346E-01 6.2394E-01 3.2671E-032367200202474 
 2.3901E+00 2.6532E-02 7.8732E+01 1.9020E-03 6.6394E+01 1.1963E-032367200202475 
 6.4306E-01 6.4226E-01 7.8319E+02 6.4266E-01 6.2872E-01 3.3552E-032367200202476 
 2.3514E+00 2.7040E-02 7.6143E+01 1.9667E-03 6.3722E+01 1.2465E-032367200202477 
 6.4226E-01 6.4146E-01 7.8367E+02 6.4186E-01 6.2165E-01 3.3764E-032367200202478 
 2.4087E+00 2.7520E-02 7.3064E+01 2.0496E-03 6.1837E+01 1.2844E-032367200202479 
 6.4146E-01 6.4066E-01 7.8416E+02 6.4106E-01 6.3443E-01 3.4442E-032367200202480 
 2.3056E+00 2.7507E-02 7.3944E+01 2.0252E-03 6.1323E+01 1.2952E-032367200202481 
 6.4066E-01 6.3986E-01 7.8465E+02 6.4026E-01 6.3271E-01 3.3896E-032367200202482 
 2.3193E+00 2.7145E-02 7.5821E+01 1.9750E-03 6.3052E+01 1.2597E-032367200202483 
 6.3986E-01 6.3907E-01 7.8514E+02 6.3946E-01 6.4623E-01 3.4302E-032367200202484 
 2.2122E+00 2.6895E-02 7.8124E+01 1.9168E-03 6.3611E+01 1.2486E-032367200202485 
 6.3907E-01 6.3827E-01 7.8563E+02 6.3867E-01 6.4479E-01 3.4650E-032367200202486 
 2.2235E+00 2.7228E-02 7.6127E+01 1.9671E-03 6.2122E+01 1.2786E-032367200202487 
 6.3827E-01 6.3748E-01 7.8611E+02 6.3788E-01 6.4828E-01 3.6442E-032367200202488 
 2.1962E+00 2.8483E-02 6.9801E+01 2.1454E-03 5.6651E+01 1.4020E-032367200202489 
 6.3748E-01 6.3669E-01 7.8660E+02 6.3708E-01 6.5717E-01 3.9796E-032367200202490 
 2.1271E+00 3.0683E-02 6.0660E+01 2.4687E-03 4.8561E+01 1.6356E-032367200202491 
 6.3669E-01 6.3590E-01 7.8709E+02 6.3629E-01 6.5811E-01 4.3497E-032367200202492 
 2.1199E+00 3.3489E-02 5.1003E+01 2.9361E-03 4.0766E+01 1.9483E-032367200202493 
 6.3590E-01 6.3511E-01 7.8758E+02 6.3550E-01 6.6551E-01 4.5365E-032367200202494 
 2.0632E+00 3.4538E-02 4.8258E+01 3.1031E-03 3.8141E+01 2.0824E-032367200202495 
 6.3511E-01 6.3432E-01 7.8807E+02 6.3472E-01 6.8417E-01 4.4413E-032367200202496 
 1.9232E+00 3.2892E-02 5.4004E+01 2.7729E-03 4.1526E+01 1.9127E-032367200202497 
 6.3432E-01 6.3354E-01 7.8856E+02 6.3393E-01 6.9099E-01 4.2219E-032367200202498 
 1.8729E+00 3.0958E-02 6.1258E+01 2.4446E-03 4.6644E+01 1.7028E-032367200202499 
 6.3354E-01 6.3275E-01 7.8904E+02 6.3314E-01 6.8621E-01 4.1180E-032367200202500 
 1.9081E+00 3.0407E-02 6.3261E+01 2.3671E-03 4.8506E+01 1.6375E-032367200202501 
 6.3275E-01 6.3197E-01 7.8953E+02 6.3236E-01 6.9443E-01 3.9622E-032367200202502 
 1.8477E+00 2.8910E-02 7.0430E+01 2.1262E-03 5.3368E+01 1.4883E-032367200202503 
 6.3197E-01 6.3119E-01 7.9002E+02 6.3158E-01 6.9677E-01 3.6740E-032367200202504 
 1.8307E+00 2.6717E-02 8.2569E+01 1.8136E-03 6.2362E+01 1.2736E-032367200202505 
 6.3119E-01 6.3041E-01 7.9051E+02 6.3080E-01 7.0301E-01 3.5218E-032367200202506 
 1.7855E+00 2.5383E-02 9.1912E+01 1.6293E-03 6.8807E+01 1.1543E-032367200202507 
 6.3041E-01 6.2963E-01 7.9100E+02 6.3002E-01 7.1257E-01 3.5596E-032367200202508 
 1.7170E+00 2.5311E-02 9.3151E+01 1.6076E-03 6.8800E+01 1.1545E-032367200202509 
 6.2963E-01 6.2885E-01 7.9149E+02 6.2924E-01 7.1153E-01 3.6513E-032367200202510 
 1.7245E+00 2.6002E-02 8.8209E+01 1.6977E-03 6.5244E+01 1.2174E-032367200202511 
 6.2885E-01 6.2808E-01 7.9197E+02 6.2847E-01 7.2401E-01 3.8246E-032367200202512 
 1.6364E+00 2.6766E-02 8.4086E+01 1.7809E-03 6.1122E+01 1.2995E-032367200202513 
 6.2808E-01 6.2730E-01 7.9246E+02 6.2769E-01 7.2098E-01 3.8071E-032367200202514 
 1.6576E+00 2.6755E-02 8.3943E+01 1.7839E-03 6.1274E+01 1.2962E-032367200202515 
 6.2730E-01 6.2653E-01 7.9295E+02 6.2692E-01 7.3241E-01 3.8268E-032367200202516 
 1.5779E+00 2.6475E-02 8.6544E+01 1.7303E-03 6.2189E+01 1.2772E-032367200202517 
 6.2653E-01 6.2576E-01 7.9344E+02 6.2615E-01 7.2786E-01 3.7794E-032367200202518 
 1.6095E+00 2.6310E-02 8.7301E+01 1.7153E-03 6.3125E+01 1.2582E-032367200202519 
 6.2576E-01 6.2499E-01 7.9393E+02 6.2537E-01 7.3707E-01 3.8806E-032367200202520 
 1.5458E+00 2.6677E-02 8.5523E+01 1.7510E-03 6.1067E+01 1.3006E-032367200202521 
 6.2499E-01 6.2422E-01 7.9442E+02 6.2461E-01 7.3380E-01 3.9497E-032367200202522 
 1.5683E+00 2.7272E-02 8.1627E+01 1.8345E-03 5.8543E+01 1.3567E-032367200202523 
 6.2422E-01 6.2345E-01 7.9490E+02 6.2384E-01 7.3517E-01 4.0745E-032367200202524 
 1.5588E+00 2.8082E-02 7.7103E+01 1.9422E-03 5.5194E+01 1.4390E-032367200202525 
 6.2345E-01 6.2269E-01 7.9539E+02 6.2307E-01 7.3811E-01 4.0618E-032367200202526 
 1.5386E+00 2.7883E-02 7.8398E+01 1.9101E-03 5.5898E+01 1.4209E-032367200202527 
 6.2269E-01 6.2192E-01 7.9588E+02 6.2231E-01 7.4135E-01 3.9073E-032367200202528 
 1.5164E+00 2.6705E-02 8.5658E+01 1.7482E-03 6.0811E+01 1.3061E-032367200202529 
 6.2192E-01 6.2116E-01 7.9637E+02 6.2154E-01 7.4845E-01 3.8520E-032367200202530 
 1.4681E+00 2.6078E-02 9.0304E+01 1.6583E-03 6.3504E+01 1.2507E-032367200202531 
 6.2116E-01 6.2040E-01 7.9686E+02 6.2078E-01 7.5001E-01 3.8849E-032367200202532 
 1.4576E+00 2.6246E-02 8.9275E+01 1.6774E-03 6.2649E+01 1.2678E-032367200202533 
 6.2040E-01 6.1964E-01 7.9735E+02 6.2002E-01 7.4470E-01 3.8492E-032367200202534 
 1.4936E+00 2.6190E-02 8.9271E+01 1.6775E-03 6.3093E+01 1.2589E-032367200202535 
 6.1964E-01 6.1888E-01 7.9783E+02 6.1926E-01 7.4726E-01 3.8446E-032367200202536 
 1.4762E+00 2.6069E-02 9.0280E+01 1.6587E-03 6.3587E+01 1.2491E-032367200202537 
 6.1888E-01 6.1813E-01 7.9832E+02 6.1850E-01 7.4532E-01 3.7937E-032367200202538 
 1.4894E+00 2.5790E-02 9.2098E+01 1.6260E-03 6.5037E+01 1.2213E-032367200202539 
 6.1813E-01 6.1737E-01 7.9881E+02 6.1775E-01 7.4252E-01 3.8358E-032367200202540 
 1.5085E+00 2.6176E-02 8.9215E+01 1.6785E-03 6.3237E+01 1.2560E-032367200202541 
 6.1737E-01 6.1662E-01 7.9930E+02 6.1699E-01 7.4269E-01 4.0419E-032367200202542 
 1.5073E+00 2.7575E-02 8.0424E+01 1.8620E-03 5.6990E+01 1.3937E-032367200202543 
 6.1662E-01 6.1586E-01 7.9979E+02 6.1624E-01 7.4325E-01 4.2995E-032367200202544 
 1.5035E+00 2.9311E-02 7.1255E+01 2.1016E-03 5.0452E+01 1.5743E-032367200202545 
 6.1586E-01 6.1511E-01 8.0027E+02 6.1549E-01 7.3388E-01 4.3655E-032367200202546 
 1.5677E+00 3.0140E-02 6.6912E+01 2.2380E-03 4.7979E+01 1.6554E-032367200202547 
 6.1511E-01 6.1436E-01 8.0076E+02 6.1474E-01 7.4170E-01 4.4594E-032367200202548 
 1.5140E+00 3.0464E-02 6.5900E+01 2.2724E-03 4.6756E+01 1.6988E-032367200202549 
 6.1436E-01 6.1361E-01 8.0125E+02 6.1399E-01 7.3404E-01 4.5028E-032367200202550 
 1.5666E+00 3.1082E-02 6.2954E+01 2.3787E-03 4.5129E+01 1.7600E-032367200202551 
 6.1361E-01 6.1286E-01 8.0174E+02 6.1324E-01 7.3207E-01 4.5604E-032367200202552 
 1.5803E+00 3.1564E-02 6.0964E+01 2.4563E-03 4.3820E+01 1.8126E-032367200202553 
 6.1286E-01 6.1212E-01 8.0223E+02 6.1249E-01 7.3750E-01 4.3705E-032367200202554 
 1.5428E+00 3.0027E-02 6.7596E+01 2.2153E-03 4.8232E+01 1.6467E-032367200202555 
 6.1212E-01 6.1137E-01 8.0272E+02 6.1175E-01 7.3509E-01 3.9086E-032367200202556 
 1.5594E+00 2.6942E-02 8.3727E+01 1.7885E-03 5.9945E+01 1.3250E-032367200202557 
 6.1137E-01 6.1063E-01 8.0320E+02 6.1100E-01 7.3686E-01 3.5221E-032367200202558 
 1.5472E+00 2.4219E-02 1.0370E+02 1.4440E-03 7.4074E+01 1.0723E-032367200202559 
 6.1063E-01 6.0989E-01 8.0369E+02 6.1026E-01 7.3342E-01 3.2823E-032367200202560 
 1.5709E+00 2.2676E-02 1.1792E+02 1.2699E-03 8.4629E+01 9.3852E-042367200202561 
 6.0989E-01 6.0915E-01 8.0418E+02 6.0952E-01 7.2766E-01 3.3570E-032367200202562 
 1.6109E+00 2.3376E-02 1.1048E+02 1.3554E-03 7.9918E+01 9.9385E-042367200202563 
 6.0915E-01 6.0841E-01 8.0467E+02 6.0878E-01 7.2684E-01 3.5792E-032367200202564 
 1.6166E+00 2.4951E-02 9.6943E+01 1.5447E-03 7.0198E+01 1.1315E-032367200202565 
 6.0841E-01 6.0767E-01 8.0516E+02 6.0804E-01 7.2885E-01 3.7084E-032367200202566 
 1.6026E+00 2.5781E-02 9.0951E+01 1.6465E-03 6.5676E+01 1.2094E-032367200202567 
 6.0767E-01 6.0693E-01 8.0565E+02 6.0730E-01 7.1905E-01 3.6653E-032367200202568 
 1.6712E+00 2.5828E-02 8.9935E+01 1.6651E-03 6.5826E+01 1.2066E-032367200202569 
 6.0693E-01 6.0620E-01 8.0613E+02 6.0657E-01 7.2363E-01 3.6978E-032367200202570 
 1.6390E+00 2.5892E-02 8.9804E+01 1.6675E-03 6.5315E+01 1.2161E-032367200202571 
 6.0620E-01 6.0546E-01 8.0662E+02 6.0583E-01 7.2459E-01 3.7651E-032367200202572 
 1.6323E+00 2.6328E-02 8.6946E+01 1.7223E-03 6.3151E+01 1.2577E-032367200202573 
 6.0546E-01 6.0473E-01 8.0711E+02 6.0510E-01 7.1957E-01 3.8044E-032367200202574 
 1.6675E+00 2.6789E-02 8.3634E+01 1.7905E-03 6.1168E+01 1.2985E-032367200202575 
 6.0473E-01 6.0400E-01 8.0760E+02 6.0437E-01 7.1774E-01 3.8169E-032367200202576 
 1.6804E+00 2.6945E-02 8.2575E+01 1.8135E-03 6.0547E+01 1.3118E-032367200202577 
 6.0400E-01 6.0327E-01 8.0809E+02 6.0364E-01 7.1665E-01 3.7554E-032367200202578 
 1.6881E+00 2.6552E-02 8.4946E+01 1.7629E-03 6.2381E+01 1.2732E-032367200202579 
 6.0327E-01 6.0254E-01 8.0858E+02 6.0291E-01 7.2512E-01 3.7102E-032367200202580 
 1.6286E+00 2.5925E-02 8.9693E+01 1.6696E-03 6.5100E+01 1.2201E-032367200202581 
 6.0254E-01 6.0181E-01 8.0906E+02 6.0218E-01 7.1720E-01 3.5622E-032367200202582 
 1.6842E+00 2.5166E-02 9.4579E+01 1.5833E-03 6.9405E+01 1.1444E-032367200202583 
 6.0181E-01 6.0109E-01 8.0955E+02 6.0145E-01 7.2281E-01 3.5133E-032367200202584 
 1.6447E+00 2.4628E-02 9.9195E+01 1.5096E-03 7.2230E+01 1.0996E-032367200202585 
 6.0109E-01 6.0036E-01 8.1004E+02 6.0073E-01 7.1880E-01 3.4443E-032367200202586 
 1.6729E+00 2.4279E-02 1.0172E+02 1.4722E-03 7.4480E+01 1.0664E-032367200202587 
 6.0036E-01 5.9964E-01 8.1053E+02 6.0000E-01 7.0903E-01 3.4334E-032367200202588 
 1.7423E+00 2.4535E-02 9.8829E+01 1.5152E-03 7.3359E+01 1.0827E-032367200202589 
 5.9964E-01 5.9892E-01 8.1102E+02 5.9928E-01 7.1569E-01 3.5987E-032367200202590 
 1.6949E+00 2.5478E-02 9.2147E+01 1.6251E-03 6.7762E+01 1.1721E-032367200202591 
 5.9892E-01 5.9820E-01 8.1151E+02 5.9856E-01 7.1234E-01 3.7729E-032367200202592 
 1.7187E+00 2.6837E-02 8.2864E+01 1.8072E-03 6.1218E+01 1.2974E-032367200202593 
 5.9820E-01 5.9748E-01 8.1199E+02 5.9784E-01 7.0995E-01 3.9324E-032367200202594 
 1.7357E+00 2.8065E-02 7.5655E+01 1.9794E-03 5.6077E+01 1.4164E-032367200202595 
 5.9748E-01 5.9676E-01 8.1248E+02 5.9712E-01 7.0260E-01 3.8888E-032367200202596 
 1.7884E+00 2.8044E-02 7.5321E+01 1.9881E-03 5.6413E+01 1.4079E-032367200202597 
 5.9676E-01 5.9604E-01 8.1297E+02 5.9640E-01 7.0074E-01 3.8561E-032367200202598 
 1.8019E+00 2.7883E-02 7.6097E+01 1.9679E-03 5.7146E+01 1.3899E-032367200202599 
 5.9604E-01 5.9533E-01 8.1346E+02 5.9569E-01 7.0470E-01 3.8690E-032367200202600 
 1.7733E+00 2.7818E-02 7.6681E+01 1.9529E-03 5.7261E+01 1.3871E-032367200202601 
 5.9533E-01 5.9461E-01 8.1395E+02 5.9497E-01 7.0067E-01 3.7984E-032367200202602 
 1.8023E+00 2.7468E-02 7.8380E+01 1.9106E-03 5.8867E+01 1.3493E-032367200202603 
 5.9461E-01 5.9390E-01 8.1444E+02 5.9426E-01 7.0069E-01 3.8111E-032367200202604 
 1.8022E+00 2.7559E-02 7.7861E+01 1.9233E-03 5.8475E+01 1.3583E-032367200202605 
 5.9390E-01 5.9319E-01 8.1492E+02 5.9354E-01 7.0232E-01 3.8539E-032367200202606 
 1.7905E+00 2.7804E-02 7.6596E+01 1.9550E-03 5.7392E+01 1.3839E-032367200202607 
 5.9319E-01 5.9248E-01 8.1541E+02 5.9283E-01 6.9697E-01 3.8807E-032367200202608 
 1.8292E+00 2.8212E-02 7.4106E+01 2.0207E-03 5.5950E+01 1.4196E-032367200202609 
 5.9248E-01 5.9177E-01 8.1590E+02 5.9212E-01 6.9937E-01 3.9781E-032367200202610 
 1.8118E+00 2.8821E-02 7.1130E+01 2.1053E-03 5.3518E+01 1.4841E-032367200202611 
 5.9177E-01 5.9106E-01 8.1639E+02 5.9141E-01 7.0124E-01 4.0034E-032367200202612 
 1.7982E+00 2.8927E-02 7.0722E+01 2.1174E-03 5.3069E+01 1.4966E-032367200202613 
 5.9106E-01 5.9035E-01 8.1688E+02 5.9071E-01 7.0217E-01 3.9774E-032367200202614 
 1.7916E+00 2.8701E-02 7.1913E+01 2.0823E-03 5.3893E+01 1.4738E-032367200202615 
 5.9035E-01 5.8965E-01 8.1736E+02 5.9000E-01 6.9554E-01 3.9185E-032367200202616 
 1.8396E+00 2.8545E-02 7.2323E+01 2.0706E-03 5.4716E+01 1.4516E-032367200202617 
 5.8965E-01 5.8894E-01 8.1785E+02 5.8930E-01 6.8097E-01 3.8158E-032367200202618 
 1.9469E+00 2.8392E-02 7.2208E+01 2.0738E-03 5.5796E+01 1.4235E-032367200202619 
 5.8894E-01 5.8824E-01 8.1834E+02 5.8859E-01 6.9318E-01 3.8862E-032367200202620 
 1.8568E+00 2.8407E-02 7.2851E+01 2.0556E-03 5.5303E+01 1.4362E-032367200202621 
 5.8824E-01 5.8754E-01 8.1883E+02 5.8789E-01 6.9174E-01 3.9021E-032367200202622 
 1.8674E+00 2.8583E-02 7.1900E+01 2.0827E-03 5.4694E+01 1.4522E-032367200202623 
 5.8754E-01 5.8684E-01 8.1932E+02 5.8719E-01 6.9021E-01 3.9173E-032367200202624 
 1.8786E+00 2.8757E-02 7.0913E+01 2.1117E-03 5.4062E+01 1.4692E-032367200202625 
 5.8684E-01 5.8614E-01 8.1981E+02 5.8649E-01 6.9510E-01 3.9780E-032367200202626 
 1.8428E+00 2.8998E-02 7.0019E+01 2.1387E-03 5.3005E+01 1.4985E-032367200202627 
 5.8614E-01 5.8544E-01 8.2029E+02 5.8579E-01 6.9573E-01 4.0043E-032367200202628 
 1.8382E+00 2.9163E-02 6.9298E+01 2.1609E-03 5.2411E+01 1.5154E-032367200202629 
 5.8544E-01 5.8475E-01 8.2078E+02 5.8509E-01 6.8752E-01 4.0065E-032367200202630 
 1.8984E+00 2.9527E-02 6.7152E+01 2.2300E-03 5.1393E+01 1.5455E-032367200202631 
 5.8475E-01 5.8405E-01 8.2127E+02 5.8440E-01 6.8899E-01 4.0616E-032367200202632 
 1.8876E+00 2.9869E-02 6.5698E+01 2.2793E-03 5.0173E+01 1.5831E-032367200202633 
 5.8405E-01 5.8336E-01 8.2176E+02 5.8370E-01 6.8807E-01 4.1026E-032367200202634 
 1.8943E+00 3.0211E-02 6.4175E+01 2.3334E-03 4.9074E+01 1.6185E-032367200202635 
 5.8336E-01 5.8266E-01 8.2225E+02 5.8301E-01 6.7461E-01 3.9896E-032367200202636 
 1.9944E+00 2.9965E-02 6.4508E+01 2.3214E-03 5.0311E+01 1.5787E-032367200202637 
 5.8266E-01 5.8197E-01 8.2274E+02 5.8232E-01 6.8057E-01 3.9903E-032367200202638 
 1.9499E+00 2.9709E-02 6.5952E+01 2.2706E-03 5.0989E+01 1.5577E-032367200202639 
 5.8197E-01 5.8128E-01 8.2322E+02 5.8163E-01 6.8292E-01 3.9610E-032367200202640 
 1.9324E+00 2.9388E-02 6.7522E+01 2.2178E-03 5.2024E+01 1.5267E-032367200202641 
 5.8128E-01 5.8059E-01 8.2371E+02 5.8094E-01 6.7597E-01 3.9255E-032367200202642 
 1.9842E+00 2.9425E-02 6.6959E+01 2.2364E-03 5.2120E+01 1.5239E-032367200202643 
 5.8059E-01 5.7990E-01 8.2420E+02 5.8025E-01 6.8119E-01 4.0708E-032367200202644 
 1.9452E+00 3.0280E-02 6.3519E+01 2.3576E-03 4.9061E+01 1.6189E-032367200202645 
 5.7990E-01 5.7922E-01 8.2469E+02 5.7956E-01 6.8022E-01 4.1807E-032367200202646 
 1.9525E+00 3.1142E-02 6.0021E+01 2.4949E-03 4.6424E+01 1.7109E-032367200202647 
 5.7922E-01 5.7853E-01 8.2518E+02 5.7888E-01 6.7683E-01 4.2445E-032367200202648 
 1.9778E+00 3.1775E-02 5.7525E+01 2.6032E-03 4.4714E+01 1.7763E-032367200202649 
 5.7853E-01 5.7785E-01 8.2567E+02 5.7819E-01 6.7605E-01 4.3647E-032367200202650 
 1.9836E+00 3.2713E-02 5.4241E+01 2.7608E-03 4.2208E+01 1.8818E-032367200202651 
 5.7785E-01 5.7717E-01 8.2615E+02 5.7751E-01 6.8100E-01 4.4625E-032367200202652 
 1.9467E+00 3.3203E-02 5.2866E+01 2.8326E-03 4.0838E+01 1.9449E-032367200202653 
 5.7717E-01 5.7648E-01 8.2664E+02 5.7682E-01 6.8153E-01 4.3510E-032367200202654 
 1.9427E+00 3.2348E-02 5.5710E+01 2.6880E-03 4.3004E+01 1.8470E-032367200202655 
 5.7648E-01 5.7580E-01 8.2713E+02 5.7614E-01 6.8062E-01 4.2174E-032367200202656 
 1.9495E+00 3.1397E-02 5.9072E+01 2.5350E-03 4.5663E+01 1.7394E-032367200202657 
 5.7580E-01 5.7512E-01 8.2762E+02 5.7546E-01 6.7276E-01 4.0620E-032367200202658 
 2.0084E+00 3.0593E-02 6.1813E+01 2.4226E-03 4.8340E+01 1.6431E-032367200202659 
 5.7512E-01 5.7445E-01 8.2811E+02 5.7478E-01 6.7790E-01 4.0338E-032367200202660 
 1.9698E+00 3.0150E-02 6.3905E+01 2.3433E-03 4.9599E+01 1.6014E-032367200202661 
 5.7445E-01 5.7377E-01 8.2860E+02 5.7411E-01 6.7658E-01 4.0406E-032367200202662 
 1.9797E+00 3.0260E-02 6.3369E+01 2.3631E-03 4.9279E+01 1.6118E-032367200202663 
 5.7377E-01 5.7309E-01 8.2908E+02 5.7343E-01 6.7980E-01 4.1228E-032367200202664 
 1.9556E+00 3.0729E-02 6.1635E+01 2.4296E-03 4.7702E+01 1.6650E-032367200202665 
 5.7309E-01 5.7242E-01 8.2957E+02 5.7275E-01 6.7266E-01 4.1271E-032367200202666 
 2.0091E+00 3.1088E-02 5.9857E+01 2.5018E-03 4.6817E+01 1.6965E-032367200202667 
 5.7242E-01 5.7174E-01 8.3006E+02 5.7208E-01 6.6694E-01 4.2193E-032367200202668 
 2.0524E+00 3.2055E-02 5.6051E+01 2.6716E-03 4.4213E+01 1.7965E-032367200202669 
 5.7174E-01 5.7107E-01 8.3055E+02 5.7141E-01 6.6938E-01 4.4377E-032367200202670 
 2.0338E+00 3.3591E-02 5.1171E+01 2.9264E-03 4.0212E+01 1.9752E-032367200202671 
 5.7107E-01 5.7040E-01 8.3104E+02 5.7074E-01 6.7989E-01 4.5009E-032367200202672 
 1.9549E+00 3.3543E-02 5.1776E+01 2.8923E-03 4.0061E+01 1.9826E-032367200202673 
 5.7040E-01 5.6973E-01 8.3152E+02 5.7007E-01 6.6372E-01 4.2110E-032367200202674 
 2.0769E+00 3.2147E-02 5.5600E+01 2.6933E-03 4.4068E+01 1.8023E-032367200202675 
 5.6973E-01 5.6906E-01 8.3201E+02 5.6940E-01 6.6676E-01 4.0674E-032367200202676 
 2.0537E+00 3.0909E-02 6.0250E+01 2.4855E-03 4.7540E+01 1.6707E-032367200202677 
 5.6906E-01 5.6839E-01 8.3250E+02 5.6873E-01 6.7173E-01 3.9996E-032367200202678 
 2.0161E+00 3.0169E-02 6.3496E+01 2.3584E-03 4.9733E+01 1.5970E-032367200202679 
 5.6839E-01 5.6773E-01 8.3299E+02 5.6806E-01 6.6589E-01 3.8498E-032367200202680 
 2.0604E+00 2.9294E-02 6.6997E+01 2.2352E-03 5.2937E+01 1.5004E-032367200202681 
 5.6773E-01 5.6706E-01 8.3348E+02 5.6740E-01 6.6842E-01 3.8286E-032367200202682 
 2.0411E+00 2.9022E-02 6.8403E+01 2.1892E-03 5.3845E+01 1.4751E-032367200202683 
 5.6706E-01 5.6640E-01 8.3397E+02 5.6673E-01 6.6726E-01 3.9139E-032367200202684 
 2.0500E+00 2.9721E-02 6.5192E+01 2.2970E-03 5.1405E+01 1.5451E-032367200202685 
 5.6640E-01 5.6574E-01 8.3445E+02 5.6607E-01 6.6586E-01 4.0674E-032367200202686 
 2.0605E+00 3.0951E-02 6.0043E+01 2.4940E-03 4.7440E+01 1.6742E-032367200202687 
 5.6574E-01 5.6507E-01 8.3494E+02 5.6541E-01 6.6537E-01 4.2675E-032367200202688 
 2.0643E+00 3.2498E-02 5.4492E+01 2.7481E-03 4.3083E+01 1.8436E-032367200202689 
 5.6507E-01 5.6441E-01 8.3543E+02 5.6474E-01 6.6386E-01 4.4062E-032367200202690 
 2.0758E+00 3.3630E-02 5.0823E+01 2.9464E-03 4.0271E+01 1.9723E-032367200202691 
 5.6441E-01 5.6375E-01 8.3592E+02 5.6408E-01 6.6317E-01 4.4602E-032367200202692 
 2.0811E+00 3.4078E-02 4.9466E+01 3.0273E-03 3.9234E+01 2.0244E-032367200202693 
 5.6375E-01 5.6310E-01 8.3641E+02 5.6343E-01 6.6318E-01 4.3425E-032367200202694 
 2.0810E+00 3.3178E-02 5.2187E+01 2.8695E-03 4.1394E+01 1.9188E-032367200202695 
 5.6310E-01 5.6244E-01 8.3690E+02 5.6277E-01 6.6311E-01 4.2231E-032367200202696 
 2.0816E+00 3.2269E-02 5.5135E+01 2.7160E-03 4.3740E+01 1.8159E-032367200202697 
 5.6244E-01 5.6178E-01 8.3738E+02 5.6211E-01 6.6306E-01 4.2389E-032367200202698 
 2.0820E+00 3.2393E-02 5.4715E+01 2.7369E-03 4.3410E+01 1.8297E-032367200202699 
 5.6178E-01 5.6113E-01 8.3787E+02 5.6146E-01 6.6186E-01 4.2648E-032367200202700 
 2.0911E+00 3.2649E-02 5.3814E+01 2.7827E-03 4.2772E+01 1.8570E-032367200202701 
 5.6113E-01 5.6047E-01 8.3836E+02 5.6080E-01 6.5599E-01 4.1358E-032367200202702 
 2.1362E+00 3.1945E-02 5.5920E+01 2.6779E-03 4.4844E+01 1.7712E-032367200202703 
 5.6047E-01 5.5982E-01 8.3885E+02 5.6015E-01 6.6579E-01 4.1985E-032367200202704 
 2.0611E+00 3.1952E-02 5.6347E+01 2.6576E-03 4.4523E+01 1.7839E-032367200202705 
 5.5982E-01 5.5917E-01 8.3934E+02 5.5950E-01 6.6800E-01 4.3388E-032367200202706 
 2.0443E+00 3.2910E-02 5.3230E+01 2.8132E-03 4.1919E+01 1.8948E-032367200202707 
 5.5917E-01 5.5852E-01 8.3983E+02 5.5885E-01 6.6145E-01 4.3497E-032367200202708 
 2.0943E+00 3.3320E-02 5.1650E+01 2.8993E-03 4.1076E+01 1.9337E-032367200202709 
 5.5852E-01 5.5787E-01 8.4031E+02 5.5820E-01 6.6510E-01 4.2374E-032367200202710 
 2.0664E+00 3.2282E-02 5.5179E+01 2.7139E-03 4.3644E+01 1.8198E-032367200202711 
 5.5787E-01 5.5722E-01 8.4080E+02 5.5755E-01 6.5698E-01 4.0305E-032367200202712 
 2.1286E+00 3.1085E-02 5.9070E+01 2.5351E-03 4.7301E+01 1.6792E-032367200202713 
 5.5722E-01 5.5658E-01 8.4129E+02 5.5690E-01 6.5092E-01 3.9180E-032367200202714 
 2.1756E+00 3.0499E-02 6.1060E+01 2.4525E-03 4.9350E+01 1.6094E-032367200202715 
 5.5658E-01 5.5593E-01 8.4178E+02 5.5625E-01 6.5758E-01 3.9055E-032367200202716 
 2.1240E+00 3.0093E-02 6.3060E+01 2.3747E-03 5.0453E+01 1.5743E-032367200202717 
 5.5593E-01 5.5529E-01 8.4227E+02 5.5561E-01 6.5917E-01 3.8658E-032367200202718 
 2.1118E+00 2.9716E-02 6.4752E+01 2.3126E-03 5.1683E+01 1.5368E-032367200202719 
 5.5529E-01 5.5464E-01 8.4276E+02 5.5496E-01 6.5519E-01 3.8025E-032367200202720 
 2.1425E+00 2.9406E-02 6.5891E+01 2.2727E-03 5.2912E+01 1.5011E-032367200202721 
 5.5464E-01 5.5400E-01 8.4324E+02 5.5432E-01 6.5215E-01 3.7492E-032367200202722 
 2.1660E+00 2.9130E-02 6.6966E+01 2.2362E-03 5.4026E+01 1.4701E-032367200202723 
 5.5400E-01 5.5336E-01 8.4373E+02 5.5368E-01 6.5810E-01 3.7866E-032367200202724 
 2.1200E+00 2.9154E-02 6.7199E+01 2.2284E-03 5.3724E+01 1.4784E-032367200202725 
 5.5336E-01 5.5272E-01 8.4422E+02 5.5304E-01 6.5321E-01 3.8176E-032367200202726 
 2.1577E+00 2.9612E-02 6.4878E+01 2.3082E-03 5.2255E+01 1.5200E-032367200202727 
 5.5272E-01 5.5208E-01 8.4471E+02 5.5240E-01 6.5335E-01 3.8482E-032367200202728 
 2.1567E+00 2.9843E-02 6.3898E+01 2.3436E-03 5.1454E+01 1.5436E-032367200202729 
 5.5208E-01 5.5144E-01 8.4520E+02 5.5176E-01 6.5187E-01 3.8316E-032367200202730 
 2.1681E+00 2.9782E-02 6.4049E+01 2.3380E-03 5.1693E+01 1.5365E-032367200202731 
 5.5144E-01 5.5081E-01 8.4569E+02 5.5112E-01 6.5145E-01 3.7767E-032367200202732 
 2.1714E+00 2.9374E-02 6.5814E+01 2.2753E-03 5.3153E+01 1.4943E-032367200202733 
 5.5081E-01 5.5017E-01 8.4617E+02 5.5049E-01 6.5977E-01 3.7793E-032367200202734 
 2.1071E+00 2.9024E-02 6.7901E+01 2.2054E-03 5.4149E+01 1.4668E-032367200202735 
 5.5017E-01 5.4954E-01 8.4666E+02 5.4985E-01 6.5075E-01 3.6805E-032367200202736 
 2.1769E+00 2.8657E-02 6.9104E+01 2.1670E-03 5.5872E+01 1.4216E-032367200202737 
 5.4954E-01 5.4890E-01 8.4715E+02 5.4922E-01 6.5740E-01 3.7033E-032367200202738 
 2.1254E+00 2.8543E-02 7.0053E+01 2.1377E-03 5.6067E+01 1.4166E-032367200202739 
 5.4890E-01 5.4827E-01 8.4764E+02 5.4859E-01 6.4986E-01 3.6419E-032367200202740 
 2.1838E+00 2.8395E-02 7.0321E+01 2.1295E-03 5.6935E+01 1.3950E-032367200202741 
 5.4827E-01 5.4764E-01 8.4813E+02 5.4795E-01 6.5151E-01 3.6296E-032367200202742 
 2.1710E+00 2.8228E-02 7.1247E+01 2.1018E-03 5.7538E+01 1.3804E-032367200202743 
 5.4764E-01 5.4701E-01 8.4861E+02 5.4732E-01 6.5283E-01 3.7185E-032367200202744 
 2.1607E+00 2.8861E-02 6.8262E+01 2.1937E-03 5.5014E+01 1.4437E-032367200202745 
 5.4701E-01 5.4638E-01 8.4910E+02 5.4669E-01 6.4683E-01 3.8779E-032367200202746 
 2.2075E+00 3.0377E-02 6.1331E+01 2.4417E-03 4.9882E+01 1.5923E-032367200202747 
 5.4638E-01 5.4575E-01 8.4959E+02 5.4606E-01 6.5054E-01 4.1058E-032367200202748 
 2.1786E+00 3.1980E-02 5.5535E+01 2.6965E-03 4.4908E+01 1.7686E-032367200202749 
 5.4575E-01 5.4512E-01 8.5008E+02 5.4544E-01 6.5023E-01 4.1977E-032367200202750 
 2.1810E+00 3.2710E-02 5.3089E+01 2.8207E-03 4.2948E+01 1.8494E-032367200202751 
 5.4512E-01 5.4450E-01 8.5057E+02 5.4481E-01 6.5910E-01 4.2596E-032367200202752 
 2.1123E+00 3.2746E-02 5.3371E+01 2.8058E-03 4.2596E+01 1.8647E-032367200202753 
 5.4450E-01 5.4387E-01 8.5106E+02 5.4419E-01 6.4667E-01 4.1414E-032367200202754 
 2.2088E+00 3.2449E-02 5.3788E+01 2.7840E-03 4.3753E+01 1.8153E-032367200202755 
 5.4387E-01 5.4325E-01 8.5154E+02 5.4356E-01 6.4778E-01 4.0369E-032367200202756 
 2.2001E+00 3.1576E-02 5.6821E+01 2.6354E-03 4.6144E+01 1.7213E-032367200202757 
 5.4325E-01 5.4263E-01 8.5203E+02 5.4294E-01 6.5367E-01 4.0413E-032367200202758 
 2.1542E+00 3.1326E-02 5.8000E+01 2.5819E-03 4.6678E+01 1.7016E-032367200202759 
 5.4263E-01 5.4201E-01 8.5252E+02 5.4232E-01 6.5197E-01 4.1047E-032367200202760 
 2.1674E+00 3.1901E-02 5.5880E+01 2.6798E-03 4.5088E+01 1.7616E-032367200202761 
 5.4201E-01 5.4138E-01 8.5301E+02 5.4169E-01 6.4665E-01 4.1502E-032367200202762 
 2.2089E+00 3.2519E-02 5.3539E+01 2.7970E-03 4.3551E+01 1.8237E-032367200202763 
 5.4138E-01 5.4077E-01 8.5350E+02 5.4107E-01 6.4815E-01 4.1213E-032367200202764 
 2.1971E+00 3.2218E-02 5.4616E+01 2.7419E-03 4.4326E+01 1.7919E-032367200202765 
 5.4077E-01 5.4015E-01 8.5399E+02 5.4046E-01 6.4934E-01 4.0780E-032367200202766 
 2.1879E+00 3.1821E-02 5.6012E+01 2.6735E-03 4.5377E+01 1.7504E-032367200202767 
 5.4015E-01 5.3953E-01 8.5447E+02 5.3984E-01 6.5209E-01 4.0609E-032367200202768 
 2.1664E+00 3.1554E-02 5.7113E+01 2.6220E-03 4.6075E+01 1.7239E-032367200202769 
 5.3953E-01 5.3891E-01 8.5496E+02 5.3922E-01 6.4909E-01 4.0783E-032367200202770 
 2.1898E+00 3.1836E-02 5.5978E+01 2.6751E-03 4.5367E+01 1.7508E-032367200202771 
 5.3891E-01 5.3830E-01 8.5545E+02 5.3861E-01 6.4604E-01 3.9947E-032367200202772 
 2.2137E+00 3.1330E-02 5.7657E+01 2.5973E-03 4.6948E+01 1.6918E-032367200202773 
 5.3830E-01 5.3768E-01 8.5594E+02 5.3799E-01 6.4666E-01 3.8222E-032367200202774 
 2.2089E+00 2.9949E-02 6.3064E+01 2.3745E-03 5.1307E+01 1.5481E-032367200202775 
 5.3768E-01 5.3707E-01 8.5643E+02 5.3738E-01 6.4550E-01 3.7108E-032367200202776 
 2.2179E+00 2.9128E-02 6.6604E+01 2.2484E-03 5.4286E+01 1.4631E-032367200202777 
 5.3707E-01 5.3646E-01 8.5692E+02 5.3676E-01 6.4473E-01 3.6986E-032367200202778 
 2.2239E+00 2.9067E-02 6.6857E+01 2.2398E-03 5.4558E+01 1.4558E-032367200202779 
 5.3646E-01 5.3585E-01 8.5740E+02 5.3615E-01 6.4482E-01 3.7535E-032367200202780 
 2.2233E+00 2.9494E-02 6.4927E+01 2.3064E-03 5.2975E+01 1.4993E-032367200202781 
 5.3585E-01 5.3524E-01 8.5789E+02 5.3554E-01 6.4520E-01 3.8213E-032367200202782 
 2.2203E+00 3.0010E-02 6.2741E+01 2.3868E-03 5.1159E+01 1.5525E-032367200202783 
 5.3524E-01 5.3463E-01 8.5838E+02 5.3493E-01 6.4496E-01 3.9296E-032367200202784 
 2.2221E+00 3.0871E-02 5.9310E+01 2.5248E-03 4.8377E+01 1.6418E-032367200202785 
 5.3463E-01 5.3402E-01 8.5887E+02 5.3432E-01 6.4884E-01 4.1402E-032367200202786 
 2.1917E+00 3.2331E-02 5.4267E+01 2.7595E-03 4.3995E+01 1.8053E-032367200202787 
 5.3402E-01 5.3341E-01 8.5936E+02 5.3372E-01 6.4092E-01 4.2228E-032367200202788 
 2.2540E+00 3.3384E-02 5.0596E+01 2.9597E-03 4.1523E+01 1.9128E-032367200202789 
 5.3341E-01 5.3281E-01 8.5985E+02 5.3311E-01 6.4840E-01 4.3343E-032367200202790 
 2.1952E+00 3.3870E-02 4.9454E+01 3.0280E-03 4.0117E+01 1.9798E-032367200202791 
 5.3281E-01 5.3220E-01 8.6033E+02 5.3251E-01 6.4187E-01 4.3442E-032367200202792 
 2.2465E+00 3.4293E-02 4.8000E+01 3.1197E-03 3.9332E+01 2.0194E-032367200202793 
 5.3220E-01 5.3160E-01 8.6082E+02 5.3190E-01 6.4269E-01 4.5158E-032367200202794 
 2.2400E+00 3.5602E-02 4.4572E+01 3.3597E-03 3.6473E+01 2.1777E-032367200202795 
 5.3160E-01 5.3100E-01 8.6131E+02 5.3130E-01 6.4089E-01 4.6962E-032367200202796 
 2.2543E+00 3.7128E-02 4.0957E+01 3.6563E-03 3.3605E+01 2.3635E-032367200202797 
 5.3100E-01 5.3040E-01 8.6180E+02 5.3070E-01 6.4236E-01 4.9452E-032367200202798 
 2.2426E+00 3.9008E-02 3.7168E+01 4.0289E-03 3.0423E+01 2.6107E-032367200202799 
 5.3040E-01 5.2979E-01 8.6229E+02 5.3009E-01 6.4498E-01 5.2999E-032367200202800 
 2.2220E+00 4.1635E-02 3.2726E+01 4.5758E-03 2.6674E+01 2.9777E-032367200202801 
 5.2979E-01 5.2919E-01 8.6277E+02 5.2949E-01 6.3708E-01 5.6807E-032367200202802 
 2.2844E+00 4.5180E-02 2.7670E+01 5.4119E-03 2.2825E+01 3.4798E-032367200202803 
 5.2919E-01 5.2860E-01 8.6326E+02 5.2890E-01 6.4582E-01 6.2675E-032367200202804 
 2.2154E+00 4.9172E-02 2.3571E+01 6.3531E-03 1.9175E+01 4.1422E-032367200202805 
 5.2860E-01 5.2800E-01 8.6375E+02 5.2830E-01 6.4686E-01 6.7670E-032367200202806 
 2.2073E+00 5.3006E-02 2.0341E+01 7.3618E-03 1.6515E+01 4.8093E-032367200202807 
 5.2800E-01 5.2740E-01 8.6424E+02 5.2770E-01 6.3998E-01 6.9401E-032367200202808 
 2.2614E+00 5.4946E-02 1.8843E+01 7.9474E-03 1.5459E+01 5.1380E-032367200202809 
 5.2740E-01 5.2681E-01 8.6473E+02 5.2710E-01 6.3756E-01 6.8875E-032367200202810 
 2.2806E+00 5.4737E-02 1.8938E+01 7.9074E-03 1.5596E+01 5.0929E-032367200202811 
 5.2681E-01 5.2621E-01 8.6522E+02 5.2651E-01 6.4589E-01 6.5298E-032367200202812 
 2.2149E+00 5.1225E-02 2.1740E+01 6.8881E-03 1.7680E+01 4.4924E-032367200202813 
 5.2621E-01 5.2562E-01 8.6570E+02 5.2591E-01 6.5042E-01 6.0481E-032367200202814 
 2.1794E+00 4.7116E-02 2.5732E+01 5.8196E-03 2.0789E+01 3.8206E-032367200202815 
 5.2562E-01 5.2503E-01 8.6619E+02 5.2532E-01 6.3420E-01 5.3734E-032367200202816 
 2.3074E+00 4.2930E-02 3.0527E+01 4.9054E-03 2.5300E+01 3.1394E-032367200202817 
 5.2503E-01 5.2443E-01 8.6668E+02 5.2473E-01 6.4736E-01 5.1530E-032367200202818 
 2.2034E+00 4.0333E-02 3.4921E+01 4.2882E-03 2.8361E+01 2.8005E-032367200202819 
 5.2443E-01 5.2384E-01 8.6717E+02 5.2414E-01 6.4303E-01 4.8128E-032367200202820 
 2.2374E+00 3.7923E-02 3.9331E+01 3.8074E-03 3.2163E+01 2.4695E-032367200202821 
 5.2384E-01 5.2325E-01 8.6766E+02 5.2355E-01 6.3256E-01 4.4439E-032367200202822 
 2.3206E+00 3.5596E-02 4.4200E+01 3.3880E-03 3.6746E+01 2.1615E-032367200202823 
 5.2325E-01 5.2267E-01 8.6815E+02 5.2296E-01 6.4009E-01 4.3294E-032367200202824 
 2.2605E+00 3.4271E-02 4.7989E+01 3.1205E-03 3.9431E+01 2.0143E-032367200202825 
 5.2267E-01 5.2208E-01 8.6863E+02 5.2237E-01 6.3647E-01 4.1938E-032367200202826 
 2.2893E+00 3.3387E-02 5.0369E+01 2.9730E-03 4.1624E+01 1.9082E-032367200202827 
 5.2208E-01 5.2149E-01 8.6912E+02 5.2178E-01 6.4113E-01 4.1845E-032367200202828 
 2.2523E+00 3.3070E-02 5.1524E+01 2.9064E-03 4.2271E+01 1.8790E-032367200202829 
 5.2149E-01 5.2091E-01 8.6961E+02 5.2120E-01 6.3854E-01 4.1171E-032367200202830 
 2.2729E+00 3.2670E-02 5.2707E+01 2.8411E-03 4.3418E+01 1.8293E-032367200202831 
 5.2091E-01 5.2032E-01 8.7010E+02 5.2061E-01 6.3109E-01 3.9786E-032367200202832 
 2.3323E+00 3.1943E-02 5.4745E+01 2.7354E-03 4.5630E+01 1.7407E-032367200202833 
 5.2032E-01 5.1974E-01 8.7059E+02 5.2003E-01 6.3631E-01 3.9366E-032367200202834 
 2.2906E+00 3.1347E-02 5.7089E+01 2.6231E-03 4.7196E+01 1.6829E-032367200202835 
 5.1974E-01 5.1915E-01 8.7108E+02 5.1945E-01 6.3034E-01 3.7957E-032367200202836 
 2.3384E+00 3.0511E-02 5.9945E+01 2.4981E-03 5.0028E+01 1.5876E-032367200202837 
 5.1915E-01 5.1857E-01 8.7156E+02 5.1886E-01 6.3406E-01 3.7620E-032367200202838 
 2.3086E+00 3.0063E-02 6.1944E+01 2.4175E-03 5.1395E+01 1.5454E-032367200202839 
 5.1857E-01 5.1799E-01 8.7205E+02 5.1828E-01 6.2927E-01 3.7039E-032367200202840 
 2.3470E+00 2.9824E-02 6.2653E+01 2.3901E-03 5.2379E+01 1.5164E-032367200202841 
 5.1799E-01 5.1741E-01 8.7254E+02 5.1770E-01 6.3676E-01 3.7246E-032367200202842 
 2.2870E+00 2.9638E-02 6.3855E+01 2.3451E-03 5.2757E+01 1.5055E-032367200202843 
 5.1741E-01 5.1683E-01 8.7303E+02 5.1712E-01 6.2883E-01 3.6641E-032367200202844 
 2.3505E+00 2.9524E-02 6.3915E+01 2.3429E-03 5.3472E+01 1.4854E-032367200202845 
 5.1683E-01 5.1626E-01 8.7352E+02 5.1654E-01 6.3117E-01 3.6583E-032367200202846 
 2.3317E+00 2.9368E-02 6.4718E+01 2.3139E-03 5.3943E+01 1.4724E-032367200202847 
 5.1626E-01 5.1568E-01 8.7401E+02 5.1597E-01 6.3522E-01 3.6969E-032367200202848 
 2.2993E+00 2.9489E-02 6.4412E+01 2.3249E-03 5.3347E+01 1.4889E-032367200202849 
 5.1568E-01 5.1510E-01 8.7449E+02 5.1539E-01 6.3766E-01 3.7196E-032367200202850 
 2.2798E+00 2.9556E-02 6.4260E+01 2.3304E-03 5.3017E+01 1.4981E-032367200202851 
 5.1510E-01 5.1453E-01 8.7498E+02 5.1482E-01 6.2817E-01 3.7047E-032367200202852 
 2.3558E+00 2.9883E-02 6.2365E+01 2.4012E-03 5.2229E+01 1.5207E-032367200202853 
 5.1453E-01 5.1395E-01 8.7547E+02 5.1424E-01 6.3717E-01 3.8043E-032367200202854 
 2.2837E+00 3.0252E-02 6.1329E+01 2.4417E-03 5.0635E+01 1.5686E-032367200202855 
 5.1395E-01 5.1338E-01 8.7596E+02 5.1367E-01 6.3597E-01 3.8887E-032367200202856 
 2.2933E+00 3.0981E-02 5.8437E+01 2.5626E-03 4.8337E+01 1.6432E-032367200202857 
 5.1338E-01 5.1281E-01 8.7645E+02 5.1310E-01 6.3118E-01 3.9066E-032367200202858 
 2.3316E+00 3.1361E-02 5.6794E+01 2.6367E-03 4.7332E+01 1.6781E-032367200202859 
 5.1281E-01 5.1224E-01 8.7694E+02 5.1252E-01 6.3037E-01 3.9549E-032367200202860 
 2.3381E+00 3.1789E-02 5.5251E+01 2.7103E-03 4.6105E+01 1.7227E-032367200202861 
 5.1224E-01 5.1167E-01 8.7742E+02 5.1195E-01 6.3073E-01 4.0472E-032367200202862 
 2.3352E+00 3.2513E-02 5.2842E+01 2.8339E-03 4.4067E+01 1.8024E-032367200202863 
 5.1167E-01 5.1110E-01 8.7791E+02 5.1138E-01 6.3270E-01 4.0667E-032367200202864 
 2.3194E+00 3.2568E-02 5.2750E+01 2.8389E-03 4.3853E+01 1.8112E-032367200202865 
 5.1110E-01 5.1053E-01 8.7840E+02 5.1081E-01 6.2502E-01 3.9011E-032367200202866 
 2.3813E+00 3.1625E-02 5.5557E+01 2.6954E-03 4.6756E+01 1.6987E-032367200202867 
 5.1053E-01 5.0996E-01 8.7889E+02 5.1025E-01 6.3650E-01 3.8897E-032367200202868 
 2.2891E+00 3.0964E-02 5.8511E+01 2.5593E-03 4.8357E+01 1.6425E-032367200202869 
 5.0996E-01 5.0940E-01 8.7938E+02 5.0968E-01 6.3163E-01 3.7919E-032367200202870 
 2.3280E+00 3.0419E-02 6.0360E+01 2.4809E-03 5.0271E+01 1.5800E-032367200202871 
 5.0940E-01 5.0883E-01 8.7986E+02 5.0911E-01 6.2791E-01 3.7091E-032367200202872 
 2.3579E+00 2.9930E-02 6.2158E+01 2.4092E-03 5.2076E+01 1.5252E-032367200202873 
 5.0883E-01 5.0827E-01 8.8035E+02 5.0855E-01 6.2472E-01 3.6533E-032367200202874 
 2.3837E+00 2.9630E-02 6.3242E+01 2.3679E-03 5.3255E+01 1.4914E-032367200202875 
 5.0827E-01 5.0770E-01 8.8084E+02 5.0799E-01 6.3424E-01 3.6772E-032367200202876 
 2.3071E+00 2.9377E-02 6.4860E+01 2.3088E-03 5.3801E+01 1.4763E-032367200202877 
 5.0770E-01 5.0714E-01 8.8133E+02 5.0742E-01 6.3412E-01 3.6780E-032367200202878 
 2.3080E+00 2.9388E-02 6.4792E+01 2.3112E-03 5.3754E+01 1.4776E-032367200202879 
 5.0714E-01 5.0658E-01 8.8182E+02 5.0686E-01 6.2457E-01 3.6895E-032367200202880 
 2.3850E+00 2.9931E-02 6.1960E+01 2.4169E-03 5.2188E+01 1.5219E-032367200202881 
 5.0658E-01 5.0602E-01 8.8231E+02 5.0630E-01 6.2096E-01 3.7671E-032367200202882 
 2.4143E+00 3.0739E-02 5.8581E+01 2.5563E-03 4.9625E+01 1.6005E-032367200202883 
 5.0602E-01 5.0546E-01 8.8279E+02 5.0574E-01 6.2312E-01 3.7955E-032367200202884 
 2.3967E+00 3.0863E-02 5.8226E+01 2.5719E-03 4.9154E+01 1.6159E-032367200202885 
 5.0546E-01 5.0490E-01 8.8328E+02 5.0518E-01 6.2626E-01 3.7573E-032367200202886 
 2.3712E+00 3.0399E-02 6.0156E+01 2.4893E-03 5.0530E+01 1.5719E-032367200202887 
 5.0490E-01 5.0434E-01 8.8377E+02 5.0462E-01 6.2295E-01 3.7076E-032367200202888 
 2.3981E+00 3.0156E-02 6.0963E+01 2.4564E-03 5.1480E+01 1.5428E-032367200202889 
 5.0434E-01 5.0379E-01 8.8426E+02 5.0406E-01 6.2025E-01 3.7444E-032367200202890 
 2.4201E+00 3.0588E-02 5.9141E+01 2.5321E-03 5.0157E+01 1.5835E-032367200202891 
 5.0379E-01 5.0323E-01 8.8475E+02 5.0351E-01 6.2314E-01 3.8267E-032367200202892 
 2.3965E+00 3.1115E-02 5.7305E+01 2.6132E-03 4.8374E+01 1.6419E-032367200202893 
 5.0323E-01 5.0267E-01 8.8524E+02 5.0295E-01 6.2351E-01 3.8980E-032367200202894 
 2.3936E+00 3.1677E-02 5.5320E+01 2.7070E-03 4.6669E+01 1.7019E-032367200202895 
 5.0267E-01 5.0212E-01 8.8572E+02 5.0240E-01 6.2543E-01 3.9497E-032367200202896 
 2.3780E+00 3.1998E-02 5.4304E+01 2.7576E-03 4.5671E+01 1.7391E-032367200202897 
 5.0212E-01 5.0157E-01 8.8621E+02 5.0184E-01 6.2326E-01 3.9358E-032367200202898 
 2.3956E+00 3.1996E-02 5.4207E+01 2.7625E-03 4.5748E+01 1.7362E-032367200202899 
 5.0157E-01 5.0101E-01 8.8670E+02 5.0129E-01 6.2016E-01 3.8511E-032367200202900 
 2.4209E+00 3.1464E-02 5.5891E+01 2.6793E-03 4.7405E+01 1.6755E-032367200202901 
 5.0101E-01 5.0046E-01 8.8719E+02 5.0074E-01 6.1676E-01 3.7623E-032367200202902 
 2.4487E+00 3.0909E-02 5.7738E+01 2.5936E-03 4.9243E+01 1.6129E-032367200202903 
 5.0046E-01 4.9991E-01 8.8768E+02 5.0019E-01 6.2033E-01 3.7012E-032367200202904 
 2.4195E+00 3.0231E-02 6.0526E+01 2.4741E-03 5.1327E+01 1.5475E-032367200202905 
 4.9991E-01 4.9936E-01 8.8817E+02 4.9964E-01 6.2339E-01 3.6294E-032367200202906 
 2.3946E+00 2.9499E-02 6.3741E+01 2.3493E-03 5.3791E+01 1.4766E-032367200202907 
 4.9936E-01 4.9881E-01 8.8865E+02 4.9909E-01 6.1535E-01 3.4865E-032367200202908 
 2.4603E+00 2.8708E-02 6.6788E+01 2.2421E-03 5.7099E+01 1.3910E-032367200202909 
 4.9881E-01 4.9827E-01 8.8914E+02 4.9854E-01 6.1943E-01 3.4568E-032367200202910 
 2.4268E+00 2.8276E-02 6.9100E+01 2.1671E-03 5.8689E+01 1.3533E-032367200202911 
 4.9827E-01 4.9772E-01 8.8963E+02 4.9799E-01 6.1884E-01 3.4921E-032367200202912 
 2.4317E+00 2.8593E-02 6.7528E+01 2.2176E-03 5.7408E+01 1.3835E-032367200202913 
 4.9772E-01 4.9717E-01 8.9012E+02 4.9745E-01 6.0769E-01 3.5206E-032367200202914 
 2.5237E+00 2.9354E-02 6.3495E+01 2.3584E-03 5.4965E+01 1.4450E-032367200202915 
 4.9717E-01 4.9663E-01 8.9061E+02 4.9690E-01 6.1073E-01 3.5902E-032367200202916 
 2.4985E+00 2.9786E-02 6.1830E+01 2.4219E-03 5.3257E+01 1.4914E-032367200202917 
 4.9663E-01 4.9608E-01 8.9110E+02 4.9636E-01 6.0309E-01 3.5216E-032367200202918 
 2.5622E+00 2.9586E-02 6.2221E+01 2.4067E-03 5.4272E+01 1.4635E-032367200202919 
 4.9608E-01 4.9554E-01 8.9158E+02 4.9581E-01 6.0425E-01 3.5011E-032367200202920 
 2.5525E+00 2.9358E-02 6.3260E+01 2.3672E-03 5.5072E+01 1.4422E-032367200202921 
 4.9554E-01 4.9500E-01 8.9207E+02 4.9527E-01 5.8947E-01 3.3829E-032367200202922 
 2.6780E+00 2.9079E-02 6.3656E+01 2.3525E-03 5.6805E+01 1.3982E-032367200202923 
 4.9500E-01 4.9446E-01 8.9256E+02 4.9473E-01 5.9016E-01 3.4141E-032367200202924 
 2.6720E+00 2.9312E-02 6.2690E+01 2.3887E-03 5.5877E+01 1.4214E-032367200202925 
 4.9446E-01 4.9392E-01 8.9305E+02 4.9419E-01 5.8487E-01 3.4033E-032367200202926 
 2.7177E+00 2.9484E-02 6.1665E+01 2.4284E-03 5.5460E+01 1.4321E-032367200202927 
 4.9392E-01 4.9338E-01 8.9354E+02 4.9365E-01 5.8832E-01 3.4120E-032367200202928 
 2.6879E+00 2.9386E-02 6.2241E+01 2.4060E-03 5.5650E+01 1.4273E-032367200202929 
 4.9338E-01 4.9284E-01 8.9402E+02 4.9311E-01 5.8112E-01 3.4070E-032367200202930 
 2.7503E+00 2.9706E-02 6.0543E+01 2.4734E-03 5.4799E+01 1.4494E-032367200202931 
 4.9284E-01 4.9230E-01 8.9451E+02 4.9257E-01 5.7225E-01 3.4130E-032367200202932 
 2.8282E+00 3.0220E-02 5.8034E+01 2.5804E-03 5.3339E+01 1.4891E-032367200202933 
 4.9230E-01 4.9176E-01 8.9500E+02 4.9203E-01 5.6244E-01 3.4573E-032367200202934 
 2.9158E+00 3.1146E-02 5.4169E+01 2.7645E-03 5.0651E+01 1.5681E-032367200202935 
 4.9176E-01 4.9123E-01 8.9549E+02 4.9149E-01 5.7155E-01 3.7366E-032367200202936 
 2.8344E+00 3.3125E-02 4.8325E+01 3.0988E-03 4.4460E+01 1.7864E-032367200202937 
 4.9123E-01 4.9069E-01 8.9598E+02 4.9096E-01 5.6908E-01 4.0336E-032367200202938 
 2.8564E+00 3.5914E-02 4.1078E+01 3.6455E-03 3.7948E+01 2.0930E-032367200202939 
 4.9069E-01 4.9016E-01 8.9647E+02 4.9042E-01 5.6152E-01 4.2608E-032367200202940 
 2.9242E+00 3.8448E-02 3.5619E+01 4.2041E-03 3.3339E+01 2.3823E-032367200202941 
 4.9016E-01 4.8962E-01 8.9695E+02 4.8989E-01 5.7001E-01 4.3438E-032367200202942 
 2.8481E+00 3.8612E-02 3.5585E+01 4.2082E-03 3.2812E+01 2.4206E-032367200202943 
 4.8962E-01 4.8909E-01 8.9744E+02 4.8936E-01 5.8050E-01 4.2255E-032367200202944 
 2.7557E+00 3.6882E-02 3.9347E+01 3.8058E-03 3.5633E+01 2.2290E-032367200202945 
 4.8909E-01 4.8856E-01 8.9793E+02 4.8882E-01 5.8661E-01 3.9895E-032367200202946 
 2.7026E+00 3.4460E-02 4.5278E+01 3.3073E-03 4.0586E+01 1.9570E-032367200202947 
 4.8856E-01 4.8803E-01 8.9842E+02 4.8829E-01 5.8605E-01 3.7824E-032367200202948 
 2.7074E+00 3.2701E-02 5.0230E+01 2.9812E-03 4.5074E+01 1.7621E-032367200202949 
 4.8803E-01 4.8750E-01 8.9891E+02 4.8776E-01 5.8571E-01 3.6817E-032367200202950 
 2.7104E+00 3.1850E-02 5.2911E+01 2.8302E-03 4.7510E+01 1.6718E-032367200202951 
 4.8750E-01 4.8697E-01 8.9940E+02 4.8723E-01 5.9487E-01 3.6868E-032367200202952 
 2.6318E+00 3.1402E-02 5.4879E+01 2.7287E-03 4.8522E+01 1.6369E-032367200202953 
 4.8697E-01 4.8644E-01 8.9988E+02 4.8670E-01 6.0147E-01 3.7622E-032367200202954 
 2.5759E+00 3.1694E-02 5.4187E+01 2.7635E-03 4.7385E+01 1.6762E-032367200202955 
 4.8644E-01 4.8591E-01 9.0037E+02 4.8617E-01 6.0772E-01 3.8189E-032367200202956 
 2.5235E+00 3.1840E-02 5.4008E+01 2.7727E-03 4.6742E+01 1.6992E-032367200202957 
 4.8591E-01 4.8538E-01 9.0086E+02 4.8565E-01 6.0785E-01 3.8243E-032367200202958 
 2.5224E+00 3.1879E-02 5.3876E+01 2.7795E-03 4.6619E+01 1.7037E-032367200202959 
 4.8538E-01 4.8486E-01 9.0135E+02 4.8512E-01 6.0720E-01 3.8425E-032367200202960 
 2.5279E+00 3.2065E-02 5.3229E+01 2.8133E-03 4.6107E+01 1.7226E-032367200202961 
 4.8486E-01 4.8433E-01 9.0184E+02 4.8460E-01 6.0885E-01 3.8633E-032367200202962 
 2.5141E+00 3.2151E-02 5.3024E+01 2.8241E-03 4.5805E+01 1.7340E-032367200202963 
 4.8433E-01 4.8381E-01 9.0233E+02 4.8407E-01 6.1398E-01 3.9129E-032367200202964 
 2.4716E+00 3.2291E-02 5.2805E+01 2.8359E-03 4.5235E+01 1.7558E-032367200202965 
 4.8381E-01 4.8329E-01 9.0281E+02 4.8355E-01 6.0975E-01 3.8959E-032367200202966 
 2.5066E+00 3.2374E-02 5.2342E+01 2.8610E-03 4.5148E+01 1.7592E-032367200202967 
 4.8329E-01 4.8276E-01 9.0330E+02 4.8302E-01 6.0504E-01 3.8695E-032367200202968 
 2.5459E+00 3.2405E-02 5.2022E+01 2.8786E-03 4.5221E+01 1.7564E-032367200202969 
 4.8276E-01 4.8224E-01 9.0379E+02 4.8250E-01 6.0747E-01 3.8675E-032367200202970 
 2.5256E+00 3.2258E-02 5.2616E+01 2.8461E-03 4.5555E+01 1.7435E-032367200202971 
 4.8224E-01 4.8172E-01 9.0428E+02 4.8198E-01 6.0978E-01 3.9192E-032367200202972 
 2.5063E+00 3.2566E-02 5.1743E+01 2.8941E-03 4.4629E+01 1.7797E-032367200202973 
 4.8172E-01 4.8120E-01 9.0477E+02 4.8146E-01 6.1169E-01 4.0042E-032367200202974 
 2.4905E+00 3.3169E-02 4.9962E+01 2.9973E-03 4.2957E+01 1.8490E-032367200202975 
 4.8120E-01 4.8068E-01 9.0526E+02 4.8094E-01 6.1581E-01 4.1021E-032367200202976 
 2.4565E+00 3.3752E-02 4.8422E+01 3.0926E-03 4.1354E+01 1.9206E-032367200202977 
 4.8068E-01 4.8016E-01 9.0574E+02 4.8042E-01 6.1104E-01 4.0999E-032367200202978 
 2.4959E+00 3.3997E-02 4.7548E+01 3.1494E-03 4.0923E+01 1.9409E-032367200202979 
 4.8016E-01 4.7965E-01 9.0623E+02 4.7991E-01 6.0992E-01 4.1279E-032367200202980 
 2.5052E+00 3.4292E-02 4.6680E+01 3.2080E-03 4.0248E+01 1.9734E-032367200202981 
 4.7965E-01 4.7913E-01 9.0672E+02 4.7939E-01 6.1325E-01 4.2190E-032367200202982 
 2.4776E+00 3.4859E-02 4.5325E+01 3.3039E-03 3.8867E+01 2.0436E-032367200202983 
 4.7913E-01 4.7861E-01 9.0721E+02 4.7887E-01 6.0757E-01 4.2082E-032367200202984 
 2.5248E+00 3.5094E-02 4.4491E+01 3.3658E-03 3.8507E+01 2.0626E-032367200202985 
 4.7861E-01 4.7810E-01 9.0770E+02 4.7836E-01 6.1823E-01 4.2623E-032367200202986 
 2.4367E+00 3.4933E-02 4.5320E+01 3.3042E-03 3.8550E+01 2.0603E-032367200202987 
 4.7810E-01 4.7759E-01 9.0819E+02 4.7784E-01 6.0778E-01 4.1340E-032367200202988 
 2.5230E+00 3.4463E-02 4.6137E+01 3.2458E-03 3.9919E+01 1.9897E-032367200202989 
 4.7759E-01 4.7707E-01 9.0867E+02 4.7733E-01 6.1187E-01 4.1274E-032367200202990 
 2.4890E+00 3.4179E-02 4.7070E+01 3.1814E-03 4.0456E+01 1.9633E-032367200202991 
 4.7707E-01 4.7656E-01 9.0916E+02 4.7682E-01 6.1073E-01 4.1557E-032367200202992 
 2.4984E+00 3.4477E-02 4.6213E+01 3.2404E-03 3.9792E+01 1.9960E-032367200202993 
 4.7656E-01 4.7605E-01 9.0965E+02 4.7630E-01 6.0900E-01 4.2258E-032367200202994 
 2.5128E+00 3.5158E-02 4.4377E+01 3.3745E-03 3.8318E+01 2.0728E-032367200202995 
 4.7605E-01 4.7554E-01 9.1014E+02 4.7579E-01 6.0786E-01 4.3230E-032367200202996 
 2.5223E+00 3.6034E-02 4.2222E+01 3.5467E-03 3.6522E+01 2.1747E-032367200202997 
 4.7554E-01 4.7503E-01 9.1063E+02 4.7528E-01 6.0910E-01 4.4194E-032367200202998 
 2.5120E+00 3.6763E-02 4.0634E+01 3.6853E-03 3.5076E+01 2.2644E-032367200202999 
 4.7503E-01 4.7452E-01 9.1111E+02 4.7477E-01 6.0893E-01 4.5203E-032367200203000 
 2.5135E+00 3.7613E-02 3.8805E+01 3.8590E-03 3.3505E+01 2.3706E-032367200203001 
 4.7452E-01 4.7401E-01 9.1160E+02 4.7426E-01 6.2057E-01 4.7103E-032367200203002 
 2.4175E+00 3.8459E-02 3.7516E+01 3.9916E-03 3.1784E+01 2.4990E-032367200203003 
 4.7401E-01 4.7350E-01 9.1209E+02 4.7376E-01 6.1072E-01 4.8123E-032367200203004 
 2.4985E+00 3.9925E-02 3.4533E+01 4.3364E-03 2.9723E+01 2.6722E-032367200203005 
 4.7350E-01 4.7300E-01 9.1258E+02 4.7325E-01 6.1532E-01 5.0298E-032367200203006 
 2.4605E+00 4.1418E-02 3.2244E+01 4.6443E-03 2.7542E+01 2.8838E-032367200203007 
 4.7300E-01 4.7249E-01 9.1307E+02 4.7274E-01 6.0427E-01 5.1124E-032367200203008 
 2.5523E+00 4.2868E-02 2.9838E+01 5.0187E-03 2.5948E+01 3.0609E-032367200203009 
 4.7249E-01 4.7198E-01 9.1356E+02 4.7224E-01 6.0293E-01 5.1231E-032367200203010 
 2.5636E+00 4.3053E-02 2.9543E+01 5.0688E-03 2.5748E+01 3.0847E-032367200203011 
 4.7198E-01 4.7148E-01 9.1404E+02 4.7173E-01 6.1801E-01 5.1911E-032367200203012 
 2.4385E+00 4.2561E-02 3.0633E+01 4.8885E-03 2.6051E+01 3.0489E-032367200203013 
 4.7148E-01 4.7098E-01 9.1453E+02 4.7123E-01 6.1382E-01 5.0120E-032367200203014 
 2.4729E+00 4.1373E-02 3.2273E+01 4.6401E-03 2.7635E+01 2.8742E-032367200203015 
 4.7098E-01 4.7047E-01 9.1502E+02 4.7073E-01 6.0822E-01 4.7423E-032367200203016 
 2.5194E+00 3.9506E-02 3.5188E+01 4.2556E-03 3.0412E+01 2.6116E-032367200203017 
 4.7047E-01 4.6997E-01 9.1551E+02 4.7022E-01 6.0541E-01 4.5093E-032367200203018 
 2.5428E+00 3.7740E-02 3.8433E+01 3.8963E-03 3.3375E+01 2.3798E-032367200203019 
 4.6997E-01 4.6947E-01 9.1600E+02 4.6972E-01 6.0820E-01 4.3690E-032367200203020 
 2.5195E+00 3.6398E-02 4.1407E+01 3.6165E-03 3.5797E+01 2.2188E-032367200203021 
 4.6947E-01 4.6897E-01 9.1649E+02 4.6922E-01 6.0269E-01 4.2428E-032367200203022 
 2.5656E+00 3.5669E-02 4.2893E+01 3.4912E-03 3.7422E+01 2.1225E-032367200203023 
 4.6897E-01 4.6847E-01 9.1697E+02 4.6872E-01 6.1283E-01 4.2715E-032367200203024 
 2.4811E+00 3.5317E-02 4.4143E+01 3.3924E-03 3.7877E+01 2.0969E-032367200203025 
 4.6847E-01 4.6797E-01 9.1746E+02 4.6822E-01 6.1008E-01 4.1787E-032367200203026 
 2.5039E+00 3.4705E-02 4.5582E+01 3.2853E-03 3.9290E+01 2.0216E-032367200203027 
 4.6797E-01 4.6748E-01 9.1795E+02 4.6772E-01 6.1243E-01 4.1713E-032367200203028 
 2.4844E+00 3.4511E-02 4.6204E+01 3.2410E-03 3.9674E+01 2.0020E-032367200203029 
 4.6748E-01 4.6698E-01 9.1844E+02 4.6723E-01 6.0487E-01 4.0963E-032367200203030 
 2.5473E+00 3.4314E-02 4.6414E+01 3.2264E-03 4.0352E+01 1.9683E-032367200203031 
 4.6698E-01 4.6648E-01 9.1893E+02 4.6673E-01 6.1042E-01 4.1174E-032367200203032 
 2.5011E+00 3.4177E-02 4.7007E+01 3.1857E-03 4.0497E+01 1.9613E-032367200203033 
 4.6648E-01 4.6599E-01 9.1942E+02 4.6623E-01 6.1415E-01 4.1162E-032367200203034 
 2.4702E+00 3.3960E-02 4.7785E+01 3.1338E-03 4.0919E+01 1.9411E-032367200203035 
 4.6599E-01 4.6549E-01 9.1990E+02 4.6574E-01 6.1613E-01 4.0944E-032367200203036 
 2.4539E+00 3.3671E-02 4.8676E+01 3.0765E-03 4.1549E+01 1.9116E-032367200203037 
 4.6549E-01 4.6500E-01 9.2039E+02 4.6524E-01 6.0390E-01 4.0079E-032367200203038 
 2.5555E+00 3.3627E-02 4.8282E+01 3.1015E-03 4.2045E+01 1.8891E-032367200203039 
 4.6500E-01 4.6450E-01 9.2088E+02 4.6475E-01 6.0189E-01 4.0414E-032367200203040 
 2.5724E+00 3.4021E-02 4.7077E+01 3.1810E-03 4.1131E+01 1.9310E-032367200203041 
 4.6450E-01 4.6401E-01 9.2137E+02 4.6426E-01 6.1727E-01 4.1289E-032367200203042 
 2.4445E+00 3.3892E-02 4.8103E+01 3.1131E-03 4.0984E+01 1.9380E-032367200203043 
 4.6401E-01 4.6352E-01 9.2186E+02 4.6377E-01 6.0021E-01 3.9960E-032367200203044 
 2.5865E+00 3.3734E-02 4.7827E+01 3.1311E-03 4.1904E+01 1.8954E-032367200203045 
 4.6352E-01 4.6303E-01 9.2235E+02 4.6328E-01 6.0090E-01 3.9851E-032367200203046 
 2.5807E+00 3.3602E-02 4.8227E+01 3.1051E-03 4.2206E+01 1.8819E-032367200203047 
 4.6303E-01 4.6254E-01 9.2283E+02 4.6279E-01 6.0380E-01 4.0423E-032367200203048 
 2.5563E+00 3.3922E-02 4.7443E+01 3.1564E-03 4.1321E+01 1.9222E-032367200203049 
 4.6254E-01 4.6205E-01 9.2332E+02 4.6230E-01 6.0819E-01 4.0358E-032367200203050 
 2.5196E+00 3.3622E-02 4.8492E+01 3.0881E-03 4.1931E+01 1.8942E-032367200203051 
 4.6205E-01 4.6156E-01 9.2381E+02 4.6181E-01 6.1161E-01 4.0447E-032367200203052 
 2.4912E+00 3.3508E-02 4.8937E+01 3.0600E-03 4.2081E+01 1.8875E-032367200203053 
 4.6156E-01 4.6108E-01 9.2430E+02 4.6132E-01 6.0452E-01 4.0420E-032367200203054 
 2.5502E+00 3.3878E-02 4.7597E+01 3.1462E-03 4.1406E+01 1.9182E-032367200203055 
 4.6108E-01 4.6059E-01 9.2479E+02 4.6083E-01 6.1031E-01 4.1518E-032367200203056 
 2.5020E+00 3.4469E-02 4.6225E+01 3.2395E-03 3.9831E+01 1.9941E-032367200203057 
 4.6059E-01 4.6010E-01 9.2527E+02 4.6035E-01 6.0677E-01 4.2462E-032367200203058 
 2.5315E+00 3.5459E-02 4.3576E+01 3.4365E-03 3.7763E+01 2.1033E-032367200203059 
 4.6010E-01 4.5962E-01 9.2576E+02 4.5986E-01 6.1208E-01 4.3824E-032367200203060 
 2.4873E+00 3.6279E-02 4.1816E+01 3.5811E-03 3.5923E+01 2.2110E-032367200203061 
 4.5962E-01 4.5913E-01 9.2625E+02 4.5937E-01 6.0303E-01 4.3779E-032367200203062 
 2.5628E+00 3.6785E-02 4.0359E+01 3.7104E-03 3.5189E+01 2.2572E-032367200203063 
 4.5913E-01 4.5865E-01 9.2674E+02 4.5889E-01 6.0861E-01 4.5019E-032367200203064 
 2.5161E+00 3.7480E-02 3.9093E+01 3.8306E-03 3.3771E+01 2.3519E-032367200203065 
 4.5865E-01 4.5817E-01 9.2723E+02 4.5841E-01 6.0657E-01 4.5467E-032367200203066 
 2.5332E+00 3.7981E-02 3.7995E+01 3.9413E-03 3.2931E+01 2.4119E-032367200203067 
 4.5817E-01 4.5768E-01 9.2772E+02 4.5792E-01 5.9768E-01 4.5839E-032367200203068 
 2.6079E+00 3.8861E-02 3.6028E+01 4.1564E-03 3.1687E+01 2.5066E-032367200203069 
 4.5768E-01 4.5720E-01 9.2820E+02 4.5744E-01 6.0722E-01 4.6618E-032367200203070 
 2.5277E+00 3.8900E-02 3.6262E+01 4.1297E-03 3.1393E+01 2.5301E-032367200203071 
 4.5720E-01 4.5672E-01 9.2869E+02 4.5696E-01 6.0241E-01 4.6113E-032367200203072 
 2.5680E+00 3.8786E-02 3.6304E+01 4.1248E-03 3.1680E+01 2.5071E-032367200203073 
 4.5672E-01 4.5624E-01 9.2918E+02 4.5648E-01 6.0047E-01 4.5671E-032367200203074 
 2.5843E+00 3.8538E-02 3.6720E+01 4.0781E-03 3.2147E+01 2.4707E-032367200203075 
 4.5624E-01 4.5576E-01 9.2967E+02 4.5600E-01 6.0719E-01 4.6166E-032367200203076 
 2.5279E+00 3.8524E-02 3.6974E+01 4.0501E-03 3.2012E+01 2.4811E-032367200203077 
 4.5576E-01 4.5528E-01 9.3016E+02 4.5552E-01 5.9891E-01 4.4983E-032367200203078 
 2.5975E+00 3.8056E-02 3.7578E+01 3.9851E-03 3.2984E+01 2.4080E-032367200203079 
 4.5528E-01 4.5481E-01 9.3065E+02 4.5504E-01 5.8960E-01 4.4306E-032367200203080 
 2.6769E+00 3.8075E-02 3.7242E+01 4.0209E-03 3.3204E+01 2.3920E-032367200203081 
 4.5481E-01 4.5433E-01 9.3113E+02 4.5457E-01 6.0389E-01 4.5346E-032367200203082 
 2.5555E+00 3.8047E-02 3.7790E+01 3.9626E-03 3.2898E+01 2.4143E-032367200203083 
 4.5433E-01 4.5385E-01 9.3162E+02 4.5409E-01 6.1062E-01 4.6110E-032367200203084 
 2.4994E+00 3.8262E-02 3.7579E+01 3.9849E-03 3.2355E+01 2.4549E-032367200203085 
 4.5385E-01 4.5338E-01 9.3211E+02 4.5361E-01 6.0098E-01 4.5756E-032367200203086 
 2.5801E+00 3.8578E-02 3.6641E+01 4.0869E-03 3.2051E+01 2.4781E-032367200203087 
 4.5338E-01 4.5290E-01 9.3260E+02 4.5314E-01 5.9381E-01 4.5525E-032367200203088 
 2.6408E+00 3.8846E-02 3.5926E+01 4.1682E-03 3.1803E+01 2.4975E-032367200203089 
 4.5290E-01 4.5243E-01 9.3309E+02 4.5267E-01 5.9743E-01 4.6106E-032367200203090 
 2.6101E+00 3.9103E-02 3.5585E+01 4.2082E-03 3.1310E+01 2.5368E-032367200203091 
 4.5243E-01 4.5196E-01 9.3358E+02 4.5219E-01 5.9868E-01 4.6216E-032367200203092 
 2.5994E+00 3.9115E-02 3.5597E+01 4.2068E-03 3.1255E+01 2.5412E-032367200203093 
 4.5196E-01 4.5148E-01 9.3406E+02 4.5172E-01 6.0398E-01 4.6252E-032367200203094 
 2.5548E+00 3.8802E-02 3.6343E+01 4.1204E-03 3.1632E+01 2.5110E-032367200203095 
 4.5148E-01 4.5101E-01 9.3455E+02 4.5125E-01 6.0334E-01 4.5703E-032367200203096 
 2.5602E+00 3.8382E-02 3.7103E+01 4.0360E-03 3.2329E+01 2.4568E-032367200203097 
 4.5101E-01 4.5054E-01 9.3504E+02 4.5078E-01 5.9450E-01 4.4625E-032367200203098 
 2.6349E+00 3.8033E-02 3.7491E+01 3.9943E-03 3.3151E+01 2.3959E-032367200203099 
 4.5054E-01 4.5007E-01 9.3553E+02 4.5030E-01 5.9332E-01 4.4499E-032367200203100 
 2.6450E+00 3.8001E-02 3.7509E+01 3.9924E-03 3.3233E+01 2.3900E-032367200203101 
 4.5007E-01 4.4960E-01 9.3602E+02 4.4983E-01 6.0658E-01 4.6050E-032367200203102 
 2.5330E+00 3.8466E-02 3.7040E+01 4.0429E-03 3.2102E+01 2.4742E-032367200203103 
 4.4960E-01 4.4913E-01 9.3651E+02 4.4937E-01 5.9050E-01 4.5703E-032367200203104 
 2.6692E+00 3.9217E-02 3.5156E+01 4.2596E-03 3.1294E+01 2.5381E-032367200203105 
 4.4913E-01 4.4866E-01 9.3699E+02 4.4890E-01 6.0316E-01 4.7905E-032367200203106 
 2.5617E+00 4.0243E-02 3.3791E+01 4.4317E-03 2.9447E+01 2.6973E-032367200203107 
 4.4866E-01 4.4820E-01 9.3748E+02 4.4843E-01 5.9702E-01 4.7075E-032367200203108 
 2.6135E+00 3.9953E-02 3.4087E+01 4.3931E-03 3.0010E+01 2.6466E-032367200203109 
 4.4820E-01 4.4773E-01 9.3797E+02 4.4796E-01 6.0992E-01 4.7357E-032367200203110 
 2.5052E+00 3.9341E-02 3.5536E+01 4.2140E-03 3.0628E+01 2.5932E-032367200203111 
 4.4773E-01 4.4726E-01 9.3846E+02 4.4750E-01 5.9857E-01 4.6353E-032367200203112 
 2.6004E+00 3.9238E-02 3.5370E+01 4.2338E-03 3.1061E+01 2.5571E-032367200203113 
 4.4726E-01 4.4680E-01 9.3895E+02 4.4703E-01 5.8921E-01 4.6634E-032367200203114 
 2.6802E+00 4.0102E-02 3.3609E+01 4.4556E-03 2.9980E+01 2.6493E-032367200203115 
 4.4680E-01 4.4633E-01 9.3944E+02 4.4657E-01 5.9674E-01 4.8037E-032367200203116 
 2.6159E+00 4.0788E-02 3.2697E+01 4.5798E-03 2.8798E+01 2.7581E-032367200203117 
 4.4633E-01 4.4587E-01 9.3992E+02 4.4610E-01 6.0632E-01 4.8080E-032367200203118 
 2.5352E+00 4.0179E-02 3.3974E+01 4.4077E-03 2.9453E+01 2.6967E-032367200203119 
 4.4587E-01 4.4541E-01 9.4041E+02 4.4564E-01 5.9918E-01 4.6150E-032367200203120 
 2.5952E+00 3.9026E-02 3.5764E+01 4.1871E-03 3.1376E+01 2.5314E-032367200203121 
 4.4541E-01 4.4494E-01 9.4090E+02 4.4518E-01 5.9289E-01 4.4982E-032367200203122 
 2.6487E+00 3.8442E-02 3.6663E+01 4.0845E-03 3.2506E+01 2.4434E-032367200203123 
 4.4494E-01 4.4448E-01 9.4139E+02 4.4471E-01 5.8594E-01 4.4345E-032367200203124 
 2.7084E+00 3.8347E-02 3.6602E+01 4.0913E-03 3.2836E+01 2.4189E-032367200203125 
 4.4448E-01 4.4402E-01 9.4188E+02 4.4425E-01 5.8523E-01 4.4518E-032367200203126 
 2.7146E+00 3.8543E-02 3.6211E+01 4.1355E-03 3.2524E+01 2.4421E-032367200203127 
 4.4402E-01 4.4356E-01 9.4236E+02 4.4379E-01 5.8595E-01 4.5032E-032367200203128 
 2.7083E+00 3.8940E-02 3.5512E+01 4.2169E-03 3.1856E+01 2.4933E-032367200203129 
 4.4356E-01 4.4310E-01 9.4285E+02 4.4333E-01 5.9141E-01 4.5703E-032367200203130 
 2.6614E+00 3.9156E-02 3.5280E+01 4.2446E-03 3.1356E+01 2.5331E-032367200203131 
 4.4310E-01 4.4264E-01 9.4334E+02 4.4287E-01 5.8209E-01 4.5481E-032367200203132 
 2.7418E+00 3.9589E-02 3.4251E+01 4.3721E-03 3.0926E+01 2.5683E-032367200203133 
 4.4264E-01 4.4219E-01 9.4383E+02 4.4242E-01 5.8281E-01 4.5846E-032367200203134 
 2.7356E+00 3.9858E-02 3.3807E+01 4.4295E-03 3.0487E+01 2.6052E-032367200203135 
 4.4219E-01 4.4173E-01 9.4432E+02 4.4196E-01 5.6926E-01 4.5558E-032367200203136 
 2.8547E+00 4.0550E-02 3.2277E+01 4.6395E-03 2.9795E+01 2.6657E-032367200203137 
 4.4173E-01 4.4127E-01 9.4481E+02 4.4150E-01 5.7602E-01 4.6837E-032367200203138 
 2.7950E+00 4.1200E-02 3.1473E+01 4.7579E-03 2.8712E+01 2.7663E-032367200203139 
 4.4127E-01 4.4082E-01 9.4529E+02 4.4104E-01 5.6685E-01 4.6149E-032367200203140 
 2.8762E+00 4.1251E-02 3.1131E+01 4.8103E-03 2.8857E+01 2.7524E-032367200203141 
 4.4082E-01 4.4036E-01 9.4578E+02 4.4059E-01 5.7012E-01 4.6502E-032367200203142 
 2.8471E+00 4.1329E-02 3.1098E+01 4.8154E-03 2.8661E+01 2.7712E-032367200203143 
 4.4036E-01 4.3991E-01 9.4627E+02 4.4013E-01 5.6386E-01 4.6106E-032367200203144 
 2.9030E+00 4.1431E-02 3.0775E+01 4.8659E-03 2.8677E+01 2.7697E-032367200203145 
 4.3991E-01 4.3945E-01 9.4676E+02 4.3968E-01 5.5089E-01 4.5542E-032367200203146 
 3.0209E+00 4.1888E-02 2.9773E+01 5.0297E-03 2.8393E+01 2.7974E-032367200203147 
 4.3945E-01 4.3900E-01 9.4725E+02 4.3923E-01 5.5637E-01 4.6657E-032367200203148 
 2.9708E+00 4.2491E-02 2.9077E+01 5.1501E-03 2.7455E+01 2.8929E-032367200203149 
 4.3900E-01 4.3855E-01 9.4774E+02 4.3877E-01 5.5149E-01 4.6044E-032367200203150 
 3.0154E+00 4.2304E-02 2.9196E+01 5.1291E-03 2.7811E+01 2.8559E-032367200203151 
 4.3855E-01 4.3810E-01 9.4822E+02 4.3832E-01 5.3272E-01 4.3498E-032367200203152 
 3.1909E+00 4.1372E-02 2.9987E+01 4.9938E-03 2.9570E+01 2.6860E-032367200203153 
 4.3810E-01 4.3765E-01 9.4871E+02 4.3787E-01 5.2896E-01 4.1976E-032367200203154 
 3.2268E+00 4.0208E-02 3.1615E+01 4.7366E-03 3.1401E+01 2.5294E-032367200203155 
 4.3765E-01 4.3720E-01 9.4920E+02 4.3742E-01 5.1133E-01 4.0301E-032367200203156 
 3.3985E+00 3.9935E-02 3.1536E+01 4.7485E-03 3.2399E+01 2.4515E-032367200203157 
 4.3720E-01 4.3675E-01 9.4969E+02 4.3697E-01 4.9936E-01 4.0092E-032367200203158 
 3.5186E+00 4.0681E-02 3.0026E+01 4.9873E-03 3.1581E+01 2.5150E-032367200203159 
 4.3675E-01 4.3630E-01 9.5018E+02 4.3652E-01 4.6945E-01 3.8930E-032367200203160 
 3.8316E+00 4.2019E-02 2.7346E+01 5.4760E-03 3.0583E+01 2.5970E-032367200203161 
 4.3630E-01 4.3585E-01 9.5067E+02 4.3607E-01 4.4245E-01 3.7639E-032367200203162 
 4.1316E+00 4.3104E-02 2.5312E+01 5.9162E-03 3.0023E+01 2.6455E-032367200203163 
 4.3585E-01 4.3540E-01 9.5115E+02 4.3563E-01 4.0801E-01 3.6205E-032367200203164 
 4.5423E+00 4.4961E-02 2.2466E+01 6.6657E-03 2.8878E+01 2.7504E-032367200203165 
 4.3540E-01 4.3495E-01 9.5164E+02 4.3518E-01 3.5585E-01 3.3870E-032367200203166 
 5.2354E+00 4.8228E-02 1.8489E+01 8.0995E-03 2.7215E+01 2.9185E-032367200203167 
 4.3495E-01 4.3451E-01 9.5213E+02 4.3473E-01 3.0026E-01 3.1096E-032367200203168 
 6.0961E+00 5.2475E-02 1.4697E+01 1.0189E-02 2.5589E+01 3.1039E-032367200203169 
 4.3451E-01 4.3406E-01 9.5262E+02 4.3429E-01 2.4159E-01 2.7659E-032367200203170 
 7.1976E+00 5.8010E-02 1.1240E+01 1.3322E-02 2.4251E+01 3.2751E-032367200203171 
 4.3406E-01 4.3362E-01 9.5311E+02 4.3384E-01 1.8486E-01 2.3735E-032367200203172 
 8.5537E+00 6.5056E-02 8.3557E+00 1.7922E-02 2.3452E+01 3.3867E-032367200203173 
 4.3362E-01 4.3317E-01 9.5360E+02 4.3340E-01 1.5798E-01 2.1746E-032367200203174 
 9.3499E+00 6.9745E-02 7.0440E+00 2.1259E-02 2.3058E+01 3.4447E-032367200203175 
 4.3317E-01 4.3273E-01 9.5408E+02 4.3295E-01 1.5569E-01 2.1248E-032367200203176 
 9.4237E+00 6.9149E-02 7.1408E+00 2.0971E-02 2.3722E+01 3.3482E-032367200203177 
 4.3273E-01 4.3229E-01 9.5457E+02 4.3251E-01 1.8443E-01 2.3349E-032367200203178 
 8.5655E+00 6.4148E-02 8.5789E+00 1.7455E-02 2.4144E+01 3.2897E-032367200203179 
 4.3229E-01 4.3185E-01 9.5506E+02 4.3207E-01 2.2977E-01 2.6585E-032367200203180 
 7.4518E+00 5.8626E-02 1.0845E+01 1.3808E-02 2.4589E+01 3.2302E-032367200203181 
 4.3185E-01 4.3141E-01 9.5555E+02 4.3163E-01 2.8953E-01 3.0709E-032367200203182 
 6.2803E+00 5.3741E-02 1.3840E+01 1.0820E-02 2.4977E+01 3.1800E-032367200203183 
 4.3141E-01 4.3096E-01 9.5604E+02 4.3118E-01 3.4695E-01 3.4827E-032367200203184 
 5.3636E+00 5.0862E-02 1.6488E+01 9.0822E-03 2.4875E+01 3.1931E-032367200203185 
 4.3096E-01 4.3052E-01 9.5652E+02 4.3074E-01 3.9652E-01 3.8029E-032367200203186 
 4.6870E+00 4.8595E-02 1.9042E+01 7.8641E-03 2.5166E+01 3.1560E-032367200203187 
 4.3052E-01 4.3009E-01 9.5701E+02 4.3030E-01 4.3723E-01 4.0516E-032367200203188 
 4.1918E+00 4.6952E-02 2.1264E+01 7.0423E-03 2.5506E+01 3.1140E-032367200203189 
 4.3009E-01 4.2965E-01 9.5750E+02 4.2987E-01 4.6208E-01 4.1395E-032367200203190 
 3.9118E+00 4.5391E-02 2.3313E+01 6.4235E-03 2.6474E+01 3.0002E-032367200203191 
 4.2965E-01 4.2921E-01 9.5799E+02 4.2943E-01 4.8890E-01 4.3552E-032367200203192 
 3.6259E+00 4.5137E-02 2.4205E+01 6.1868E-03 2.5986E+01 3.0565E-032367200203193 
 4.2921E-01 4.2877E-01 9.5848E+02 4.2899E-01 5.0739E-01 4.6200E-032367200203194 
 3.4377E+00 4.6136E-02 2.3597E+01 6.3462E-03 2.4411E+01 3.2537E-032367200203195 
 4.2877E-01 4.2833E-01 9.5897E+02 4.2855E-01 5.1898E-01 4.8001E-032367200203196 
 3.3233E+00 4.6865E-02 2.3137E+01 6.4724E-03 2.3401E+01 3.3942E-032367200203197 
 4.2833E-01 4.2790E-01 9.5945E+02 4.2812E-01 5.4628E-01 4.9910E-032367200203198 
 3.0635E+00 4.6292E-02 2.4309E+01 6.1602E-03 2.3365E+01 3.3993E-032367200203199 
 4.2790E-01 4.2746E-01 9.5994E+02 4.2768E-01 5.3458E-01 4.8477E-032367200203200 
 3.1733E+00 4.5948E-02 2.4421E+01 6.1319E-03 2.3986E+01 3.3114E-032367200203201 
 4.2746E-01 4.2703E-01 9.6043E+02 4.2725E-01 5.5393E-01 5.0465E-032367200203202 
 2.9931E+00 4.6161E-02 2.4631E+01 6.0796E-03 2.3350E+01 3.4015E-032367200203203 
 4.2703E-01 4.2659E-01 9.6092E+02 4.2681E-01 5.7296E-01 5.3527E-032367200203204 
 2.8220E+00 4.7337E-02 2.3851E+01 6.2786E-03 2.1860E+01 3.6334E-032367200203205 
 4.2659E-01 4.2616E-01 9.6141E+02 4.2638E-01 5.5353E-01 5.1766E-032367200203206 
 2.9968E+00 4.7386E-02 2.3382E+01 6.4046E-03 2.2178E+01 3.5813E-032367200203207 
 4.2616E-01 4.2573E-01 9.6190E+02 4.2595E-01 5.6896E-01 5.1257E-032367200203208 
 2.8575E+00 4.5647E-02 2.5519E+01 5.8681E-03 2.3557E+01 3.3716E-032367200203209 
 4.2573E-01 4.2530E-01 9.6238E+02 4.2551E-01 5.6709E-01 4.8643E-032367200203210 
 2.8741E+00 4.3462E-02 2.8071E+01 5.3346E-03 2.6004E+01 3.0544E-032367200203211 
 4.2530E-01 4.2487E-01 9.6287E+02 4.2508E-01 5.6701E-01 4.7323E-032367200203212 
 2.8749E+00 4.2289E-02 2.9636E+01 5.0530E-03 2.7461E+01 2.8924E-032367200203213 
 4.2487E-01 4.2444E-01 9.6336E+02 4.2465E-01 5.7455E-01 4.7320E-032367200203214 
 2.8079E+00 4.1731E-02 3.0643E+01 4.8869E-03 2.8024E+01 2.8342E-032367200203215 
 4.2444E-01 4.2401E-01 9.6385E+02 4.2422E-01 5.8155E-01 4.8000E-032367200203216 
 2.7466E+00 4.1821E-02 3.0691E+01 4.8792E-03 2.7732E+01 2.8641E-032367200203217 
 4.2401E-01 4.2358E-01 9.6434E+02 4.2379E-01 5.7818E-01 4.7198E-032367200203218 
 2.7760E+00 4.1362E-02 3.1288E+01 4.7861E-03 2.8437E+01 2.7931E-032367200203219 
 4.2358E-01 4.2315E-01 9.6483E+02 4.2336E-01 5.8263E-01 4.6656E-032367200203220 
 2.7372E+00 4.0575E-02 3.2624E+01 4.5901E-03 2.9427E+01 2.6991E-032367200203221 
 4.2315E-01 4.2272E-01 9.6531E+02 4.2293E-01 5.8075E-01 4.5838E-032367200203222 
 2.7535E+00 3.9993E-02 3.3527E+01 4.4666E-03 3.0340E+01 2.6178E-032367200203223 
 4.2272E-01 4.2229E-01 9.6580E+02 4.2251E-01 5.7771E-01 4.4460E-032367200203224 
 2.7801E+00 3.8994E-02 3.5141E+01 4.2614E-03 3.1971E+01 2.4843E-032367200203225 
 4.2229E-01 4.2186E-01 9.6629E+02 4.2208E-01 5.7890E-01 4.3883E-032367200203226 
 2.7697E+00 3.8409E-02 3.6263E+01 4.1295E-03 3.2926E+01 2.4122E-032367200203227 
 4.2186E-01 4.2144E-01 9.6678E+02 4.2165E-01 5.8488E-01 4.4445E-032367200203228 
 2.7176E+00 3.8504E-02 3.6260E+01 4.1298E-03 3.2588E+01 2.4373E-032367200203229 
 4.2144E-01 4.2101E-01 9.6727E+02 4.2123E-01 5.8379E-01 4.5148E-032367200203230 
 2.7271E+00 3.9185E-02 3.4999E+01 4.2787E-03 3.1511E+01 2.5206E-032367200203231 
 4.2101E-01 4.2059E-01 9.6776E+02 4.2080E-01 5.8722E-01 4.6681E-032367200203232 
 2.6974E+00 4.0279E-02 3.3236E+01 4.5056E-03 2.9747E+01 2.6701E-032367200203233 
 4.2059E-01 4.2016E-01 9.6824E+02 4.2038E-01 5.8108E-01 4.6557E-032367200203234 
 2.7507E+00 4.0596E-02 3.2553E+01 4.6002E-03 2.9441E+01 2.6978E-032367200203235 
 4.2016E-01 4.1974E-01 9.6873E+02 4.1995E-01 5.8786E-01 4.7468E-032367200203236 
 2.6919E+00 4.0914E-02 3.2250E+01 4.6433E-03 2.8831E+01 2.7549E-032367200203237 
 4.1974E-01 4.1932E-01 9.6922E+02 4.1953E-01 5.9149E-01 4.8677E-032367200203238 
 2.6607E+00 4.1698E-02 3.1162E+01 4.8056E-03 2.7686E+01 2.8689E-032367200203239 
 4.1932E-01 4.1890E-01 9.6971E+02 4.1911E-01 5.7651E-01 4.8975E-032367200203240 
 2.7906E+00 4.3043E-02 2.8862E+01 5.1885E-03 2.6302E+01 3.0197E-032367200203241 
 4.1890E-01 4.1847E-01 9.7020E+02 4.1868E-01 5.7747E-01 5.0473E-032367200203242 
 2.7822E+00 4.4286E-02 2.7323E+01 5.4807E-03 2.4856E+01 3.1955E-032367200203243 
 4.1847E-01 4.1805E-01 9.7069E+02 4.1826E-01 5.8673E-01 5.1289E-032367200203244 
 2.7016E+00 4.4292E-02 2.7541E+01 5.4373E-03 2.4661E+01 3.2208E-032367200203245 
 4.1805E-01 4.1763E-01 9.7117E+02 4.1784E-01 5.8660E-01 5.0403E-032367200203246 
 2.7028E+00 4.3537E-02 2.8475E+01 5.2590E-03 2.5504E+01 3.1142E-032367200203247 
 4.1763E-01 4.1721E-01 9.7166E+02 4.1742E-01 5.8128E-01 4.9638E-032367200203248 
 2.7489E+00 4.3269E-02 2.8678E+01 5.2217E-03 2.5921E+01 3.0641E-032367200203249 
 4.1721E-01 4.1679E-01 9.7215E+02 4.1700E-01 5.8522E-01 5.1877E-032367200203250 
 2.7147E+00 4.4915E-02 2.6759E+01 5.5962E-03 2.4020E+01 3.3066E-032367200203251 
 4.1679E-01 4.1638E-01 9.7264E+02 4.1658E-01 5.8870E-01 5.4416E-032367200203252 
 2.6846E+00 4.6835E-02 2.4695E+01 6.0639E-03 2.2033E+01 3.6049E-032367200203253 
 4.1638E-01 4.1596E-01 9.7313E+02 4.1617E-01 5.9164E-01 5.5269E-032367200203254 
 2.6594E+00 4.7334E-02 2.4241E+01 6.1774E-03 2.1520E+01 3.6908E-032367200203255 
 4.1596E-01 4.1554E-01 9.7361E+02 4.1575E-01 5.9763E-01 5.5884E-032367200203256 
 2.6084E+00 4.7380E-02 2.4322E+01 6.1569E-03 2.1376E+01 3.7156E-032367200203257 
 4.1554E-01 4.1512E-01 9.7410E+02 4.1533E-01 5.9433E-01 5.7226E-032367200203258 
 2.6364E+00 4.8788E-02 2.2893E+01 6.5412E-03 2.0229E+01 3.9264E-032367200203259 
 4.1512E-01 4.1471E-01 9.7459E+02 4.1492E-01 5.8159E-01 5.6453E-032367200203260 
 2.7462E+00 4.9182E-02 2.2291E+01 6.7179E-03 2.0125E+01 3.9467E-032367200203261 
 4.1471E-01 4.1429E-01 9.7508E+02 4.1450E-01 5.9027E-01 5.6114E-032367200203262 
 2.6711E+00 4.8168E-02 2.3397E+01 6.4003E-03 2.0817E+01 3.8155E-032367200203263 
 4.1429E-01 4.1388E-01 9.7557E+02 4.1409E-01 5.8849E-01 5.4931E-032367200203264 
 2.6864E+00 4.7295E-02 2.4217E+01 6.1837E-03 2.1613E+01 3.6750E-032367200203265 
 4.1388E-01 4.1346E-01 9.7606E+02 4.1367E-01 5.8526E-01 5.3310E-032367200203266 
 2.7143E+00 4.6153E-02 2.5345E+01 5.9085E-03 2.2746E+01 3.4918E-032367200203267 
 4.1346E-01 4.1305E-01 9.7654E+02 4.1326E-01 5.9504E-01 5.3648E-032367200203268 
 2.6303E+00 4.5683E-02 2.6079E+01 5.7421E-03 2.3024E+01 3.4498E-032367200203269 
 4.1305E-01 4.1264E-01 9.7703E+02 4.1284E-01 5.8710E-01 5.2066E-032367200203270 
 2.6984E+00 4.4935E-02 2.6765E+01 5.5950E-03 2.3949E+01 3.3165E-032367200203271 
 4.1264E-01 4.1223E-01 9.7752E+02 4.1243E-01 5.9099E-01 5.2338E-032367200203272 
 2.6650E+00 4.4872E-02 2.6935E+01 5.5596E-03 2.3944E+01 3.3172E-032367200203273 
 4.1223E-01 4.1181E-01 9.7801E+02 4.1202E-01 5.9933E-01 5.2779E-032367200203274 
 2.5939E+00 4.4621E-02 2.7426E+01 5.4601E-03 2.4043E+01 3.3035E-032367200203275 
 4.1181E-01 4.1140E-01 9.7850E+02 4.1161E-01 5.9026E-01 5.2232E-032367200203276 
 2.6712E+00 4.4837E-02 2.6947E+01 5.5571E-03 2.3984E+01 3.3117E-032367200203277 
 4.1140E-01 4.1099E-01 9.7899E+02 4.1120E-01 5.9730E-01 5.3618E-032367200203278 
 2.6112E+00 4.5485E-02 2.6375E+01 5.6777E-03 2.3198E+01 3.4239E-032367200203279 
 4.1099E-01 4.1058E-01 9.7947E+02 4.1079E-01 5.8490E-01 5.3174E-032367200203280 
 2.7174E+00 4.6064E-02 2.5435E+01 5.8875E-03 2.2842E+01 3.4773E-032367200203281 
 4.1058E-01 4.1017E-01 9.7996E+02 4.1038E-01 5.7600E-01 5.2849E-032367200203282 
 2.7951E+00 4.6490E-02 2.4774E+01 6.0447E-03 2.2589E+01 3.5162E-032367200203283 
 4.1017E-01 4.0977E-01 9.8045E+02 4.0997E-01 5.8852E-01 5.4328E-032367200203284 
 2.6862E+00 4.6773E-02 2.4763E+01 6.0473E-03 2.2100E+01 3.5939E-032367200203285 
 4.0977E-01 4.0936E-01 9.8094E+02 4.0956E-01 5.9576E-01 5.4833E-032367200203286 
 2.6243E+00 4.6635E-02 2.5059E+01 5.9759E-03 2.2094E+01 3.5949E-032367200203287 
 4.0936E-01 4.0895E-01 9.8143E+02 4.0915E-01 5.8391E-01 5.3400E-032367200203288 
 2.7260E+00 4.6338E-02 2.5110E+01 5.9636E-03 2.2587E+01 3.5164E-032367200203289 
 4.0895E-01 4.0854E-01 9.8192E+02 4.0875E-01 5.8796E-01 5.4077E-032367200203290 
 2.6910E+00 4.6602E-02 2.4924E+01 6.0083E-03 2.2265E+01 3.5673E-032367200203291 
 4.0854E-01 4.0814E-01 9.8240E+02 4.0834E-01 5.9284E-01 5.6179E-032367200203292 
 2.6491E+00 4.8015E-02 2.3598E+01 6.3458E-03 2.0905E+01 3.7994E-032367200203293 
 4.0814E-01 4.0773E-01 9.8289E+02 4.0793E-01 5.8671E-01 5.8186E-032367200203294 
 2.7018E+00 5.0250E-02 2.1451E+01 6.9811E-03 1.9196E+01 4.1377E-032367200203295 
 4.0773E-01 4.0733E-01 9.8338E+02 4.0753E-01 5.8972E-01 6.1977E-032367200203296 
 2.6758E+00 5.3251E-02 1.9183E+01 7.8062E-03 1.7074E+01 4.6520E-032367200203297 
 4.0733E-01 4.0692E-01 9.8387E+02 4.0712E-01 5.8231E-01 6.0933E-032367200203298 
 2.7399E+00 5.3020E-02 1.9220E+01 7.7914E-03 1.7323E+01 4.5851E-032367200203299 
 4.0692E-01 4.0652E-01 9.8436E+02 4.0672E-01 5.8026E-01 5.9666E-032367200203300 
 2.7578E+00 5.2101E-02 1.9862E+01 7.5396E-03 1.7966E+01 4.4209E-032367200203301 
 4.0652E-01 4.0612E-01 9.8485E+02 4.0632E-01 5.7228E-01 5.8359E-032367200203302 
 2.8280E+00 5.1671E-02 2.0049E+01 7.4693E-03 1.8388E+01 4.3195E-032367200203303 
 4.0612E-01 4.0571E-01 9.8533E+02 4.0591E-01 6.0201E-01 6.0386E-032367200203304 
 2.5714E+00 5.0825E-02 2.1265E+01 7.0419E-03 1.8548E+01 4.2822E-032367200203305 
 4.0571E-01 4.0531E-01 9.8582E+02 4.0551E-01 5.9240E-01 5.6825E-032367200203306 
 2.6529E+00 4.8603E-02 2.3030E+01 6.5024E-03 2.0415E+01 3.8905E-032367200203307 
 4.0531E-01 4.0491E-01 9.8631E+02 4.0511E-01 5.8558E-01 5.4177E-032367200203308 
 2.7116E+00 4.6878E-02 2.4574E+01 6.0937E-03 2.2041E+01 3.6035E-032367200203309 
 4.0491E-01 4.0451E-01 9.8680E+02 4.0471E-01 5.9403E-01 5.3352E-032367200203310 
 2.6390E+00 4.5507E-02 2.6261E+01 5.7023E-03 2.3224E+01 3.4200E-032367200203311 
 4.0451E-01 4.0411E-01 9.8729E+02 4.0431E-01 5.9103E-01 5.3441E-032367200203312 
 2.6646E+00 4.5814E-02 2.5847E+01 5.7936E-03 2.2973E+01 3.4574E-032367200203313 
 4.0411E-01 4.0371E-01 9.8777E+02 4.0391E-01 5.8852E-01 5.4817E-032367200203314 
 2.6862E+00 4.7195E-02 2.4326E+01 6.1558E-03 2.1710E+01 3.6585E-032367200203315 
 4.0371E-01 4.0331E-01 9.8826E+02 4.0351E-01 5.8389E-01 5.6654E-032367200203316 
 2.7262E+00 4.9163E-02 2.2335E+01 6.7047E-03 2.0085E+01 3.9544E-032367200203317 
 4.0331E-01 4.0291E-01 9.8875E+02 4.0311E-01 5.7922E-01 5.8183E-032367200203318 
 2.7669E+00 5.0898E-02 2.0784E+01 7.2048E-03 1.8837E+01 4.2164E-032367200203319 
 4.0291E-01 4.0252E-01 9.8924E+02 4.0271E-01 5.8496E-01 5.9428E-032367200203320 
 2.7169E+00 5.1476E-02 2.0432E+01 7.3290E-03 1.8336E+01 4.3316E-032367200203321 
 4.0252E-01 4.0212E-01 9.8973E+02 4.0232E-01 5.9599E-01 5.9618E-032367200203322 
 2.6223E+00 5.0685E-02 2.1264E+01 7.0425E-03 1.8733E+01 4.2399E-032367200203323 
 4.0212E-01 4.0172E-01 9.9022E+02 4.0192E-01 5.8934E-01 5.8744E-032367200203324 
 2.6791E+00 5.0506E-02 2.1287E+01 7.0348E-03 1.8964E+01 4.1882E-032367200203325 
 4.0172E-01 4.0133E-01 9.9070E+02 4.0152E-01 5.9456E-01 5.8650E-032367200203326 
 2.6345E+00 4.9982E-02 2.1836E+01 6.8578E-03 1.9285E+01 4.1186E-032367200203327 
 4.0133E-01 4.0093E-01 9.9119E+02 4.0113E-01 5.9033E-01 5.6839E-032367200203328 
 2.6706E+00 4.8786E-02 2.2823E+01 6.5614E-03 2.0302E+01 3.9122E-032367200203329 
 4.0093E-01 4.0054E-01 9.9168E+02 4.0073E-01 5.8504E-01 5.5602E-032367200203330 
 2.7162E+00 4.8156E-02 2.3298E+01 6.4276E-03 2.0913E+01 3.7980E-032367200203331 
 4.0054E-01 4.0014E-01 9.9217E+02 4.0034E-01 5.8700E-01 5.7022E-032367200203332 
 2.6992E+00 4.9220E-02 2.2359E+01 6.6974E-03 2.0001E+01 3.9711E-032367200203333 
 4.0014E-01 3.9975E-01 9.9266E+02 3.9994E-01 5.8934E-01 5.8105E-032367200203334 
 2.6792E+00 4.9957E-02 2.1754E+01 6.8836E-03 1.9382E+01 4.0980E-032367200203335 
 3.9975E-01 3.9935E-01 9.9315E+02 3.9955E-01 5.7453E-01 5.7069E-032367200203336 
 2.8081E+00 5.0331E-02 2.1155E+01 7.0787E-03 1.9330E+01 4.1089E-032367200203337 
 3.9935E-01 3.9896E-01 9.9363E+02 3.9916E-01 5.8499E-01 5.6742E-032367200203338 
 2.7167E+00 4.9147E-02 2.2367E+01 6.6950E-03 2.0077E+01 3.9561E-032367200203339 
 3.9896E-01 3.9857E-01 9.9412E+02 3.9877E-01 5.7780E-01 5.4916E-032367200203340 
 2.7793E+00 4.8157E-02 2.3147E+01 6.4695E-03 2.1036E+01 3.7757E-032367200203341 
 3.9857E-01 3.9818E-01 9.9461E+02 3.9837E-01 5.8425E-01 5.4995E-032367200203342 
 2.7231E+00 4.7694E-02 2.3729E+01 6.3107E-03 2.1330E+01 3.7238E-032367200203343 
 3.9818E-01 3.9779E-01 9.9510E+02 3.9798E-01 5.7508E-01 5.3956E-032367200203344 
 2.8032E+00 4.7539E-02 2.3683E+01 6.3230E-03 2.1626E+01 3.6727E-032367200203345 
 3.9779E-01 3.9740E-01 9.9559E+02 3.9759E-01 5.7684E-01 5.3732E-032367200203346 
 2.7878E+00 4.7198E-02 2.4064E+01 6.2231E-03 2.1908E+01 3.6255E-032367200203347 
 3.9740E-01 3.9701E-01 9.9608E+02 3.9720E-01 5.6528E-01 5.2302E-032367200203348 
 2.8904E+00 4.6881E-02 2.4139E+01 6.2035E-03 2.2425E+01 3.5419E-032367200203349 
 3.9701E-01 3.9662E-01 9.9656E+02 3.9681E-01 5.7675E-01 5.2840E-032367200203350 
 2.7885E+00 4.6421E-02 2.4855E+01 6.0250E-03 2.2633E+01 3.5093E-032367200203351 
 3.9662E-01 3.9623E-01 9.9705E+02 3.9643E-01 5.8572E-01 5.3751E-032367200203352 
 2.7104E+00 4.6499E-02 2.4995E+01 5.9911E-03 2.2415E+01 3.5435E-032367200203353 
 3.9623E-01 3.9584E-01 9.9754E+02 3.9604E-01 5.9430E-01 5.4824E-032367200203354 
 2.6367E+00 4.6742E-02 2.4918E+01 6.0098E-03 2.2023E+01 3.6065E-032367200203355 
 3.9584E-01 3.9546E-01 9.9803E+02 3.9565E-01 5.8224E-01 5.3359E-032367200203356 
 2.7405E+00 4.6435E-02 2.4976E+01 5.9957E-03 2.2531E+01 3.5253E-032367200203357 
 3.9546E-01 3.9507E-01 9.9852E+02 3.9526E-01 5.7897E-01 5.1772E-032367200203358 
 2.7691E+00 4.5308E-02 2.6141E+01 5.7284E-03 2.3717E+01 3.3489E-032367200203359 
 3.9507E-01 3.9468E-01 9.9901E+02 3.9488E-01 5.9229E-01 5.1895E-032367200203360 
 2.6538E+00 4.4395E-02 2.7543E+01 5.4368E-03 2.4432E+01 3.2509E-032367200203361 
 3.9468E-01 3.9430E-01 9.9949E+02 3.9449E-01 5.8426E-01 5.0522E-032367200203362 
 2.7230E+00 4.3814E-02 2.8062E+01 5.3364E-03 2.5234E+01 3.1476E-032367200203363 
 3.9430E-01 3.9391E-01 9.9998E+02 3.9411E-01 5.8134E-01 5.0186E-032367200203364 
 2.7484E+00 4.3742E-02 2.8086E+01 5.3318E-03 2.5382E+01 3.1292E-032367200203365 
 3.9391E-01 3.9353E-01 1.0005E+03 3.9372E-01 5.8316E-01 5.1171E-032367200203366 
 2.7326E+00 4.4461E-02 2.7228E+01 5.4997E-03 2.4529E+01 3.2381E-032367200203367 
 3.9353E-01 3.9314E-01 1.0010E+03 3.9334E-01 5.8036E-01 5.1693E-032367200203368 
 2.7569E+00 4.5131E-02 2.6369E+01 5.6790E-03 2.3867E+01 3.3279E-032367200203369 
 3.9314E-01 3.9276E-01 1.0014E+03 3.9295E-01 5.8919E-01 5.3023E-032367200203370 
 2.6804E+00 4.5599E-02 2.6041E+01 5.7506E-03 2.3217E+01 3.4210E-032367200203371 
 3.9276E-01 3.9238E-01 1.0019E+03 3.9257E-01 5.7972E-01 5.2881E-032367200203372 
 2.7625E+00 4.6219E-02 2.5151E+01 5.9540E-03 2.2787E+01 3.4856E-032367200203373 
 3.9238E-01 3.9200E-01 1.0024E+03 3.9219E-01 5.8470E-01 5.4579E-032367200203374 
 2.7191E+00 4.7297E-02 2.4146E+01 6.2017E-03 2.1689E+01 3.6621E-032367200203375 
 3.9200E-01 3.9161E-01 1.0029E+03 3.9181E-01 5.7769E-01 5.5396E-032367200203376 
 2.7803E+00 4.8588E-02 2.2745E+01 6.5838E-03 2.0674E+01 3.8419E-032367200203377 
 3.9161E-01 3.9123E-01 1.0034E+03 3.9142E-01 5.9425E-01 5.8031E-032367200203378 
 2.6371E+00 4.9480E-02 2.2265E+01 6.7257E-03 1.9675E+01 4.0370E-032367200203379 
 3.9123E-01 3.9085E-01 1.0039E+03 3.9104E-01 5.9175E-01 5.8629E-032367200203380 
 2.6585E+00 5.0202E-02 2.1593E+01 6.9352E-03 1.9159E+01 4.1456E-032367200203381 
 3.9085E-01 3.9047E-01 1.0044E+03 3.9066E-01 5.7980E-01 5.8289E-032367200203382 
 2.7618E+00 5.0939E-02 2.0755E+01 7.2149E-03 1.8792E+01 4.2266E-032367200203383 
 3.9047E-01 3.9009E-01 1.0049E+03 3.9028E-01 5.8597E-01 5.9438E-032367200203384 
 2.7082E+00 5.1396E-02 2.0516E+01 7.2990E-03 1.8380E+01 4.3213E-032367200203385 
 3.9009E-01 3.8971E-01 1.0054E+03 3.8990E-01 5.9052E-01 6.0175E-032367200203386 
 2.6690E+00 5.1632E-02 2.0405E+01 7.3388E-03 1.8140E+01 4.3785E-032367200203387 
 3.8971E-01 3.8934E-01 1.0058E+03 3.8953E-01 5.7999E-01 5.9214E-032367200203388 
 2.7601E+00 5.1730E-02 2.0143E+01 7.4343E-03 1.8230E+01 4.3569E-032367200203389 
 3.8934E-01 3.8896E-01 1.0063E+03 3.8915E-01 5.8285E-01 5.9785E-032367200203390 
 2.7352E+00 5.1973E-02 2.0005E+01 7.4855E-03 1.8016E+01 4.4086E-032367200203391 
 3.8896E-01 3.8858E-01 1.0068E+03 3.8877E-01 5.8266E-01 6.0134E-032367200203392 
 2.7369E+00 5.2293E-02 1.9764E+01 7.5770E-03 1.7804E+01 4.4612E-032367200203393 
 3.8858E-01 3.8820E-01 1.0073E+03 3.8839E-01 5.8815E-01 6.1354E-032367200203394 
 2.6894E+00 5.2856E-02 1.9436E+01 7.7046E-03 1.7345E+01 4.5791E-032367200203395 
 3.8820E-01 3.8783E-01 1.0078E+03 3.8802E-01 5.8040E-01 6.1035E-032367200203396 
 2.7565E+00 5.3283E-02 1.9005E+01 7.8794E-03 1.7185E+01 4.6219E-032367200203397 
 3.8783E-01 3.8745E-01 1.0083E+03 3.8764E-01 5.7555E-01 6.2300E-032367200203398 
 2.7991E+00 5.4846E-02 1.7877E+01 8.3765E-03 1.6297E+01 4.8736E-032367200203399 
 3.8745E-01 3.8708E-01 1.0088E+03 3.8727E-01 5.9425E-01 6.5404E-032367200203400 
 2.6371E+00 5.5767E-02 1.7601E+01 8.5080E-03 1.5542E+01 5.1104E-032367200203401 
 3.8708E-01 3.8670E-01 1.0093E+03 3.8689E-01 5.8661E-01 6.5651E-032367200203402 
 2.7027E+00 5.6707E-02 1.6908E+01 8.8568E-03 1.5121E+01 5.2526E-032367200203403 
 3.8670E-01 3.8633E-01 1.0097E+03 3.8652E-01 5.8042E-01 6.5370E-032367200203404 
 2.7564E+00 5.7066E-02 1.6602E+01 9.0201E-03 1.5004E+01 5.2937E-032367200203405 
 3.8633E-01 3.8596E-01 1.0102E+03 3.8614E-01 5.8775E-01 6.4911E-032367200203406 
 2.6929E+00 5.5959E-02 1.7366E+01 8.6232E-03 1.5502E+01 5.1235E-032367200203407 
 3.8596E-01 3.8558E-01 1.0107E+03 3.8577E-01 5.8564E-01 6.3738E-032367200203408 
 2.7110E+00 5.5145E-02 1.7846E+01 8.3911E-03 1.5990E+01 4.9673E-032367200203409 
 3.8558E-01 3.8521E-01 1.0112E+03 3.8540E-01 5.8202E-01 6.3386E-032367200203410 
 2.7425E+00 5.5182E-02 1.7771E+01 8.4267E-03 1.6021E+01 4.9577E-032367200203411 
 3.8521E-01 3.8484E-01 1.0117E+03 3.8502E-01 5.6672E-01 6.1846E-032367200203412 
 2.8774E+00 5.5295E-02 1.7454E+01 8.5798E-03 1.6156E+01 4.9161E-032367200203413 
 3.8484E-01 3.8447E-01 1.0122E+03 3.8465E-01 5.8000E-01 6.4470E-032367200203414 
 2.7601E+00 5.6321E-02 1.7041E+01 8.7878E-03 1.5413E+01 5.1531E-032367200203415 
 3.8447E-01 3.8410E-01 1.0127E+03 3.8428E-01 5.8109E-01 6.5229E-032367200203416 
 2.7506E+00 5.6878E-02 1.6721E+01 8.9556E-03 1.5095E+01 5.2617E-032367200203417 
 3.8410E-01 3.8373E-01 1.0132E+03 3.8391E-01 5.8363E-01 6.3512E-032367200203418 
 2.7284E+00 5.5138E-02 1.7822E+01 8.4026E-03 1.6022E+01 4.9572E-032367200203419 
 3.8373E-01 3.8336E-01 1.0137E+03 3.8354E-01 5.8094E-01 5.9497E-032367200203420 
 2.7519E+00 5.1893E-02 2.0036E+01 7.4741E-03 1.8103E+01 4.3874E-032367200203421 
 3.8336E-01 3.8299E-01 1.0141E+03 3.8317E-01 5.6856E-01 5.4630E-032367200203422 
 2.8610E+00 4.8686E-02 2.2455E+01 6.6689E-03 2.0736E+01 3.8304E-032367200203423 
 3.8299E-01 3.8262E-01 1.0146E+03 3.8280E-01 5.7924E-01 5.3767E-032367200203424 
 2.7668E+00 4.7033E-02 2.4292E+01 6.1645E-03 2.2025E+01 3.6061E-032367200203425 
 3.8262E-01 3.8225E-01 1.0151E+03 3.8244E-01 5.7809E-01 5.2434E-032367200203426 
 2.7768E+00 4.5957E-02 2.5385E+01 5.8991E-03 2.3064E+01 3.4437E-032367200203427 
 3.8225E-01 3.8188E-01 1.0156E+03 3.8207E-01 5.8342E-01 5.2458E-032367200203428 
 2.7303E+00 4.5558E-02 2.5960E+01 5.7685E-03 2.3373E+01 3.3982E-032367200203429 
 3.8188E-01 3.8152E-01 1.0161E+03 3.8170E-01 5.7579E-01 5.1478E-032367200203430 
 2.7970E+00 4.5300E-02 2.6064E+01 5.7455E-03 2.3776E+01 3.3405E-032367200203431 
 3.8152E-01 3.8115E-01 1.0166E+03 3.8133E-01 5.7677E-01 5.1184E-032367200203432 
 2.7883E+00 4.4964E-02 2.6485E+01 5.6541E-03 2.4121E+01 3.2928E-032367200203433 
 3.8115E-01 3.8078E-01 1.0171E+03 3.8097E-01 5.7963E-01 5.1206E-032367200203434 
 2.7633E+00 4.4762E-02 2.6792E+01 5.5894E-03 2.4281E+01 3.2711E-032367200203435 
 3.8078E-01 3.8042E-01 1.0176E+03 3.8060E-01 5.7618E-01 5.1175E-032367200203436 
 2.7935E+00 4.5003E-02 2.6416E+01 5.6688E-03 2.4083E+01 3.2981E-032367200203437 
 3.8042E-01 3.8005E-01 1.0180E+03 3.8024E-01 5.7682E-01 5.1781E-032367200203438 
 2.7879E+00 4.5485E-02 2.5892E+01 5.7835E-03 2.3578E+01 3.3687E-032367200203439 
 3.8005E-01 3.7969E-01 1.0185E+03 3.7987E-01 5.8216E-01 5.3121E-032367200203440 
 2.7412E+00 4.6234E-02 2.5188E+01 5.9452E-03 2.2726E+01 3.4950E-032367200203441 
 3.7969E-01 3.7933E-01 1.0190E+03 3.7951E-01 5.8525E-01 5.4207E-032367200203442 
 2.7144E+00 4.6930E-02 2.4527E+01 6.1055E-03 2.2011E+01 3.6085E-032367200203443 
 3.7933E-01 3.7896E-01 1.0195E+03 3.7914E-01 5.6151E-01 5.3080E-032367200203444 
 2.9242E+00 4.7898E-02 2.3047E+01 6.4977E-03 2.1550E+01 3.6857E-032367200203445 
 3.7896E-01 3.7860E-01 1.0200E+03 3.7878E-01 5.7357E-01 5.3933E-032367200203446 
 2.8166E+00 4.7644E-02 2.3552E+01 6.3583E-03 2.1562E+01 3.6836E-032367200203447 
 3.7860E-01 3.7824E-01 1.0205E+03 3.7842E-01 5.7918E-01 5.4254E-032367200203448 
 2.7673E+00 4.7464E-02 2.3853E+01 6.2780E-03 2.1628E+01 3.6723E-032367200203449 
 3.7824E-01 3.7788E-01 1.0210E+03 3.7806E-01 5.8304E-01 5.4833E-032367200203450 
 2.7336E+00 4.7653E-02 2.3744E+01 6.3068E-03 2.1387E+01 3.7137E-032367200203451 
 3.7788E-01 3.7751E-01 1.0215E+03 3.7770E-01 5.7622E-01 5.4691E-032367200203452 
 2.7932E+00 4.8091E-02 2.3181E+01 6.4599E-03 2.1125E+01 3.7599E-032367200203453 
 3.7751E-01 3.7715E-01 1.0220E+03 3.7733E-01 5.7874E-01 5.6416E-032367200203454 
 2.7711E+00 4.9392E-02 2.2032E+01 6.7970E-03 1.9987E+01 3.9738E-032367200203455 
 3.7715E-01 3.7679E-01 1.0224E+03 3.7697E-01 5.7798E-01 5.8227E-032367200203456 
 2.7777E+00 5.1045E-02 2.0634E+01 7.2574E-03 1.8740E+01 4.2382E-032367200203457 
 3.7679E-01 3.7643E-01 1.0229E+03 3.7661E-01 5.6815E-01 5.7079E-032367200203458 
 2.8647E+00 5.0904E-02 2.0575E+01 7.2783E-03 1.9008E+01 4.1785E-032367200203459 
 3.7643E-01 3.7607E-01 1.0234E+03 3.7625E-01 5.8017E-01 5.6876E-032367200203460 
 2.7586E+00 4.9673E-02 2.1828E+01 6.8604E-03 1.9754E+01 4.0208E-032367200203461 
 3.7607E-01 3.7572E-01 1.0239E+03 3.7590E-01 5.7763E-01 5.5567E-032367200203462 
 2.7808E+00 4.8742E-02 2.2596E+01 6.6272E-03 2.0540E+01 3.8669E-032367200203463 
 3.7572E-01 3.7536E-01 1.0244E+03 3.7554E-01 5.7694E-01 5.4861E-032367200203464 
 2.7869E+00 4.8181E-02 2.3107E+01 6.4808E-03 2.1031E+01 3.7767E-032367200203465 
 3.7536E-01 3.7500E-01 1.0249E+03 3.7518E-01 5.8023E-01 5.4745E-032367200203466 
 2.7581E+00 4.7806E-02 2.3543E+01 6.3605E-03 2.1308E+01 3.7275E-032367200203467 
 3.7500E-01 3.7464E-01 1.0254E+03 3.7482E-01 5.7291E-01 5.4078E-032367200203468 
 2.8224E+00 4.7827E-02 2.3364E+01 6.4093E-03 2.1415E+01 3.7089E-032367200203469 
 3.7464E-01 3.7429E-01 1.0259E+03 3.7447E-01 5.6859E-01 5.3580E-032367200203470 
 2.8607E+00 4.7747E-02 2.3356E+01 6.4114E-03 2.1570E+01 3.6823E-032367200203471 
 3.7429E-01 3.7393E-01 1.0263E+03 3.7411E-01 5.7274E-01 5.4095E-032367200203472 
 2.8239E+00 4.7856E-02 2.3337E+01 6.4167E-03 2.1396E+01 3.7121E-032367200203473 
 3.7393E-01 3.7358E-01 1.0268E+03 3.7375E-01 5.7347E-01 5.5018E-032367200203474 
 2.8174E+00 4.8611E-02 2.2645E+01 6.6130E-03 2.0733E+01 3.8309E-032367200203475 
 3.7358E-01 3.7322E-01 1.0273E+03 3.7340E-01 5.8192E-01 5.6230E-032367200203476 
 2.7433E+00 4.8960E-02 2.2484E+01 6.6601E-03 2.0288E+01 3.9149E-032367200203477 
 3.7322E-01 3.7287E-01 1.0278E+03 3.7304E-01 5.7110E-01 5.5803E-032367200203478 
 2.8385E+00 4.9509E-02 2.1790E+01 6.8725E-03 2.0031E+01 3.9652E-032367200203479 
 3.7287E-01 3.7251E-01 1.0283E+03 3.7269E-01 5.7531E-01 5.6778E-032367200203480 
 2.8012E+00 5.0006E-02 2.1440E+01 6.9845E-03 1.9565E+01 4.0597E-032367200203481 
 3.7251E-01 3.7216E-01 1.0288E+03 3.7233E-01 5.8197E-01 5.7629E-032367200203482 
 2.7428E+00 5.0174E-02 2.1426E+01 6.9892E-03 1.9329E+01 4.1093E-032367200203483 
 3.7216E-01 3.7180E-01 1.0293E+03 3.7198E-01 5.6162E-01 5.6606E-032367200203484 
 2.9233E+00 5.1069E-02 2.0308E+01 7.3739E-03 1.8979E+01 4.1851E-032367200203485 
 3.7180E-01 3.7145E-01 1.0298E+03 3.7163E-01 5.7727E-01 5.8717E-032367200203486 
 2.7840E+00 5.1538E-02 2.0232E+01 7.4014E-03 1.8397E+01 4.3173E-032367200203487 
 3.7145E-01 3.7110E-01 1.0303E+03 3.7128E-01 5.7084E-01 5.9220E-032367200203488 
 2.8407E+00 5.2565E-02 1.9361E+01 7.7344E-03 1.7800E+01 4.4622E-032367200203489 
 3.7110E-01 3.7075E-01 1.0307E+03 3.7092E-01 5.6981E-01 6.0032E-032367200203490 
 2.8499E+00 5.3382E-02 1.8754E+01 7.9851E-03 1.7270E+01 4.5990E-032367200203491 
 3.7075E-01 3.7040E-01 1.0312E+03 3.7057E-01 5.8321E-01 6.2664E-032367200203492 
 2.7321E+00 5.4442E-02 1.8273E+01 8.1952E-03 1.6441E+01 4.8309E-032367200203493 
 3.7040E-01 3.7005E-01 1.0317E+03 3.7022E-01 5.7153E-01 6.1949E-032367200203494 
 2.8346E+00 5.4921E-02 1.7762E+01 8.4310E-03 1.6305E+01 4.8713E-032367200203495 
 3.7005E-01 3.6970E-01 1.0322E+03 3.6987E-01 5.9036E-01 6.3809E-032367200203496 
 2.6704E+00 5.4766E-02 1.8163E+01 8.2445E-03 1.6146E+01 4.9194E-032367200203497 
 3.6970E-01 3.6935E-01 1.0327E+03 3.6952E-01 5.7764E-01 6.2524E-032367200203498 
 2.7807E+00 5.4844E-02 1.7900E+01 8.3660E-03 1.6259E+01 4.8851E-032367200203499 
 3.6935E-01 3.6900E-01 1.0332E+03 3.6917E-01 5.7037E-01 6.2616E-032367200203500 
 2.8449E+00 5.5625E-02 1.7307E+01 8.6524E-03 1.5918E+01 4.9896E-032367200203501 
 3.6900E-01 3.6865E-01 1.0337E+03 3.6882E-01 5.7939E-01 6.4426E-032367200203502 
 2.7654E+00 5.6342E-02 1.7020E+01 8.7985E-03 1.5411E+01 5.1540E-032367200203503 
 3.6865E-01 3.6830E-01 1.0342E+03 3.6848E-01 5.8420E-01 6.6258E-032367200203504 
 2.7235E+00 5.7467E-02 1.6428E+01 9.1154E-03 1.4751E+01 5.3844E-032367200203505 
 3.6830E-01 3.6795E-01 1.0346E+03 3.6813E-01 5.6823E-01 6.4363E-032367200203506 
 2.8640E+00 5.7393E-02 1.6245E+01 9.2181E-03 1.4994E+01 5.2973E-032367200203507 
 3.6795E-01 3.6761E-01 1.0351E+03 3.6778E-01 5.8661E-01 6.6756E-032367200203508 
 2.7026E+00 5.7661E-02 1.6362E+01 9.1524E-03 1.4631E+01 5.4286E-032367200203509 
 3.6761E-01 3.6726E-01 1.0356E+03 3.6743E-01 5.6404E-01 6.4237E-032367200203510 
 2.9014E+00 5.7705E-02 1.6007E+01 9.3554E-03 1.4882E+01 5.3371E-032367200203511 
 3.6726E-01 3.6691E-01 1.0361E+03 3.6709E-01 5.8360E-01 6.5751E-032367200203512 
 2.7287E+00 5.7085E-02 1.6646E+01 8.9963E-03 1.4962E+01 5.3084E-032367200203513 
 3.6691E-01 3.6657E-01 1.0366E+03 3.6674E-01 5.7856E-01 6.5260E-032367200203514 
 2.7726E+00 5.7153E-02 1.6530E+01 9.0590E-03 1.4987E+01 5.2996E-032367200203515 
 3.6657E-01 3.6622E-01 1.0371E+03 3.6640E-01 5.7796E-01 6.4993E-032367200203516 
 2.7779E+00 5.6979E-02 1.6619E+01 9.0105E-03 1.5084E+01 5.2658E-032367200203517 
 3.6622E-01 3.6588E-01 1.0376E+03 3.6605E-01 5.6915E-01 6.3346E-032367200203518 
 2.8558E+00 5.6394E-02 1.6820E+01 8.9031E-03 1.5502E+01 5.1238E-032367200203519 
 3.6588E-01 3.6553E-01 1.0381E+03 3.6571E-01 5.7464E-01 6.4341E-032367200203520 
 2.8071E+00 5.6732E-02 1.6712E+01 8.9608E-03 1.5255E+01 5.2066E-032367200203521 
 3.6553E-01 3.6519E-01 1.0386E+03 3.6536E-01 5.8517E-01 6.6328E-032367200203522 
 2.7151E+00 5.7433E-02 1.6461E+01 9.0972E-03 1.4756E+01 5.3825E-032367200203523 
 3.6519E-01 3.6485E-01 1.0390E+03 3.6502E-01 5.8664E-01 6.7614E-032367200203524 
 2.7024E+00 5.8399E-02 1.5954E+01 9.3864E-03 1.4264E+01 5.5682E-032367200203525 
 3.6485E-01 3.6451E-01 1.0395E+03 3.6468E-01 5.7558E-01 6.7627E-032367200203526 
 2.7988E+00 5.9532E-02 1.5223E+01 9.8370E-03 1.3868E+01 5.7272E-032367200203527 
 3.6451E-01 3.6416E-01 1.0400E+03 3.6433E-01 5.7195E-01 6.8159E-032367200203528 
 2.8309E+00 6.0382E-02 1.4756E+01 1.0149E-02 1.3525E+01 5.8723E-032367200203529 
 3.6416E-01 3.6382E-01 1.0405E+03 3.6399E-01 5.7834E-01 6.9479E-032367200203530 
 2.7746E+00 6.0871E-02 1.4614E+01 1.0247E-02 1.3248E+01 5.9952E-032367200203531 
 3.6382E-01 3.6348E-01 1.0410E+03 3.6365E-01 5.6793E-01 6.8594E-032367200203532 
 2.8667E+00 6.1198E-02 1.4314E+01 1.0461E-02 1.3212E+01 6.0118E-032367200203533 
 3.6348E-01 3.6314E-01 1.0415E+03 3.6331E-01 5.7071E-01 7.0491E-032367200203534 
 2.8419E+00 6.2583E-02 1.3735E+01 1.0903E-02 1.2613E+01 6.2973E-032367200203535 
 3.6314E-01 3.6280E-01 1.0420E+03 3.6297E-01 5.6565E-01 7.1849E-032367200203536 
 2.8870E+00 6.4359E-02 1.2947E+01 1.1566E-02 1.1992E+01 6.6235E-032367200203537 
 3.6280E-01 3.6246E-01 1.0425E+03 3.6263E-01 5.6959E-01 7.2725E-032367200203538 
 2.8519E+00 6.4694E-02 1.2857E+01 1.1647E-02 1.1826E+01 6.7161E-032367200203539 
 3.6246E-01 3.6212E-01 1.0430E+03 3.6229E-01 5.7072E-01 7.2719E-032367200203540 
 2.8418E+00 6.4560E-02 1.2923E+01 1.1588E-02 1.1864E+01 6.6948E-032367200203541 
 3.6212E-01 3.6178E-01 1.0434E+03 3.6195E-01 5.6999E-01 7.1340E-032367200203542 
 2.8483E+00 6.3417E-02 1.3375E+01 1.1196E-02 1.2297E+01 6.4592E-032367200203543 
 3.6178E-01 3.6144E-01 1.0439E+03 3.6161E-01 5.7316E-01 7.0528E-032367200203544 
 2.8202E+00 6.2349E-02 1.3864E+01 1.0801E-02 1.2678E+01 6.2648E-032367200203545 
 3.6144E-01 3.6110E-01 1.0444E+03 3.6127E-01 5.6853E-01 6.8921E-032367200203546 
 2.8613E+00 6.1424E-02 1.4218E+01 1.0532E-02 1.3109E+01 6.0591E-032367200203547 
 3.6110E-01 3.6077E-01 1.0449E+03 3.6094E-01 5.5577E-01 6.7098E-032367200203548 
 2.9763E+00 6.1172E-02 1.4177E+01 1.0563E-02 1.3369E+01 5.9410E-032367200203549 
 3.6077E-01 3.6043E-01 1.0454E+03 3.6060E-01 5.6169E-01 6.7512E-032367200203550 
 2.9226E+00 6.0901E-02 1.4368E+01 1.0423E-02 1.3408E+01 5.9240E-032367200203551 
 3.6043E-01 3.6009E-01 1.0459E+03 3.6026E-01 5.6921E-01 6.9144E-032367200203552 
 2.8552E+00 6.1550E-02 1.4179E+01 1.0561E-02 1.3057E+01 6.0829E-032367200203553 
 3.6009E-01 3.5976E-01 1.0464E+03 3.5993E-01 5.7489E-01 7.0182E-032367200203554 
 2.8049E+00 6.1856E-02 1.4108E+01 1.0615E-02 1.2864E+01 6.1745E-032367200203555 
 3.5976E-01 3.5942E-01 1.0469E+03 3.5959E-01 5.7045E-01 6.9520E-032367200203556 
 2.8442E+00 6.1749E-02 1.4102E+01 1.0619E-02 1.2958E+01 6.1296E-032367200203557 
 3.5942E-01 3.5909E-01 1.0473E+03 3.5925E-01 5.7597E-01 6.9840E-032367200203558 
 2.7954E+00 6.1439E-02 1.4307E+01 1.0467E-02 1.3021E+01 6.0998E-032367200203559 
 3.5909E-01 3.5875E-01 1.0478E+03 3.5892E-01 5.8589E-01 7.2095E-032367200203560 
 2.7089E+00 6.2349E-02 1.4021E+01 1.0680E-02 1.2546E+01 6.3310E-032367200203561 
 3.5875E-01 3.5842E-01 1.0483E+03 3.5859E-01 5.7585E-01 7.3388E-032367200203562 
 2.7964E+00 6.4574E-02 1.2983E+01 1.1534E-02 1.1814E+01 6.7231E-032367200203563 
 3.5842E-01 3.5808E-01 1.0488E+03 3.5825E-01 5.7745E-01 7.8130E-032367200203564 
 2.7824E+00 6.8556E-02 1.1562E+01 1.2952E-02 1.0485E+01 7.5750E-032367200203565 
 3.5808E-01 3.5775E-01 1.0493E+03 3.5792E-01 5.8298E-01 8.4609E-032367200203566 
 2.7341E+00 7.3537E-02 1.0135E+01 1.4775E-02 9.0981E+00 8.7300E-032367200203567 
 3.5775E-01 3.5742E-01 1.0498E+03 3.5758E-01 5.8720E-01 8.8302E-032367200203568 
 2.6976E+00 7.6195E-02 9.5038E+00 1.5757E-02 8.4671E+00 9.3806E-032367200203569 
 3.5742E-01 3.5709E-01 1.0503E+03 3.5725E-01 5.7509E-01 8.5316E-032367200203570 
 2.8031E+00 7.5168E-02 9.6431E+00 1.5529E-02 8.7712E+00 9.0554E-032367200203571 
 3.5709E-01 3.5675E-01 1.0508E+03 3.5692E-01 5.8224E-01 8.6421E-032367200203572 
 2.7405E+00 7.5207E-02 9.6935E+00 1.5448E-02 8.7101E+00 9.1189E-032367200203573 
 3.5675E-01 3.5642E-01 1.0513E+03 3.5659E-01 5.4665E-01 7.9725E-032367200203574 
 3.0601E+00 7.3897E-02 9.7157E+00 1.5413E-02 9.2933E+00 8.5466E-032367200203575 
 3.5642E-01 3.5609E-01 1.0517E+03 3.5626E-01 5.7838E-01 8.5440E-032367200203576 
 2.7743E+00 7.4850E-02 9.7580E+00 1.5346E-02 8.8264E+00 8.9987E-032367200203577 
 3.5609E-01 3.5576E-01 1.0522E+03 3.5593E-01 5.5984E-01 8.5115E-032367200203578 
 2.9394E+00 7.7034E-02 9.0647E+00 1.6520E-02 8.4641E+00 9.3839E-032367200203579 
 3.5576E-01 3.5543E-01 1.0527E+03 3.5560E-01 5.6810E-01 8.9401E-032367200203580 
 2.8651E+00 7.9736E-02 8.5551E+00 1.7504E-02 7.8698E+00 1.0093E-022367200203581 
 3.5543E-01 3.5510E-01 1.0532E+03 3.5527E-01 5.8398E-01 9.5296E-032367200203582 
 2.7254E+00 8.2683E-02 8.0867E+00 1.8518E-02 7.2356E+00 1.0977E-022367200203583 
 3.5510E-01 3.5477E-01 1.0537E+03 3.5494E-01 5.6840E-01 9.4619E-032367200203584 
 2.8624E+00 8.4346E-02 7.6725E+00 1.9518E-02 7.0480E+00 1.1269E-022367200203585 
 3.5477E-01 3.5444E-01 1.0542E+03 3.5461E-01 5.6844E-01 9.4983E-032367200203586 
 2.8620E+00 8.4664E-02 7.6200E+00 1.9652E-02 6.9989E+00 1.1348E-022367200203587 
 3.5444E-01 3.5412E-01 1.0547E+03 3.5428E-01 5.6673E-01 9.6245E-032367200203588 
 2.8774E+00 8.6049E-02 7.3808E+00 2.0289E-02 6.7976E+00 1.1684E-022367200203589 
 3.5412E-01 3.5379E-01 1.0552E+03 3.5395E-01 5.6968E-01 9.8458E-032367200203590 
 2.8511E+00 8.7572E-02 7.1465E+00 2.0954E-02 6.5463E+00 1.2133E-022367200203591 
 3.5379E-01 3.5346E-01 1.0556E+03 3.5363E-01 5.6818E-01 9.7528E-032367200203592 
 2.8644E+00 8.6972E-02 7.2394E+00 2.0685E-02 6.6494E+00 1.1945E-022367200203593 
 3.5346E-01 3.5313E-01 1.0561E+03 3.5330E-01 5.8416E-01 9.8382E-032367200203594 
 2.7239E+00 8.5335E-02 7.6141E+00 1.9667E-02 6.8075E+00 1.1668E-022367200203595 
 3.5313E-01 3.5281E-01 1.0566E+03 3.5297E-01 5.6771E-01 9.2872E-032367200203596 
 2.8686E+00 8.2889E-02 7.9331E+00 1.8876E-02 7.2982E+00 1.0883E-022367200203597 
 3.5281E-01 3.5248E-01 1.0571E+03 3.5265E-01 5.8399E-01 9.3565E-032367200203598 
 2.7254E+00 8.1180E-02 8.3794E+00 1.7871E-02 7.4994E+00 1.0591E-022367200203599 
 3.5248E-01 3.5216E-01 1.0576E+03 3.5232E-01 5.7320E-01 8.8519E-032367200203600 
 2.8198E+00 7.8247E-02 8.9084E+00 1.6810E-02 8.1251E+00 9.7755E-032367200203601 
 3.5216E-01 3.5183E-01 1.0581E+03 3.5199E-01 5.7704E-01 8.6257E-032367200203602 
 2.7860E+00 7.5740E-02 9.5155E+00 1.5737E-02 8.6254E+00 9.2084E-032367200203603 
 3.5183E-01 3.5151E-01 1.0586E+03 3.5167E-01 5.7125E-01 8.4133E-032367200203604 
 2.8371E+00 7.4624E-02 9.7494E+00 1.5360E-02 8.9276E+00 8.8967E-032367200203605 
 3.5151E-01 3.5118E-01 1.0591E+03 3.5135E-01 5.5745E-01 8.1162E-032367200203606 
 2.9610E+00 7.3772E-02 9.8520E+00 1.5200E-02 9.2437E+00 8.5925E-032367200203607 
 3.5118E-01 3.5086E-01 1.0596E+03 3.5102E-01 5.8221E-01 8.3645E-032367200203608 
 2.7408E+00 7.2795E-02 1.0330E+01 1.4496E-02 9.2865E+00 8.5529E-032367200203609 
 3.5086E-01 3.5054E-01 1.0600E+03 3.5070E-01 5.6985E-01 7.9563E-032367200203610 
 2.8495E+00 7.0744E-02 1.0806E+01 1.3858E-02 9.9253E+00 8.0024E-032367200203611 
 3.5054E-01 3.5021E-01 1.0605E+03 3.5038E-01 5.6296E-01 7.5644E-032367200203612 
 2.9112E+00 6.8083E-02 1.1563E+01 1.2950E-02 1.0755E+01 7.3853E-032367200203613 
 3.5021E-01 3.4989E-01 1.0610E+03 3.5005E-01 5.6289E-01 7.2460E-032367200203614 
 2.9118E+00 6.5225E-02 1.2578E+01 1.1906E-02 1.1705E+01 6.7856E-032367200203615 
 3.4989E-01 3.4957E-01 1.0615E+03 3.4973E-01 5.6089E-01 6.9666E-032367200203616 
 2.9298E+00 6.2934E-02 1.3462E+01 1.1124E-02 1.2576E+01 6.3155E-032367200203617 
 3.4957E-01 3.4925E-01 1.0620E+03 3.4941E-01 5.6325E-01 6.8348E-032367200203618 
 2.9086E+00 6.1485E-02 1.4125E+01 1.0601E-02 1.3144E+01 6.0427E-032367200203619 
 3.4925E-01 3.4893E-01 1.0625E+03 3.4909E-01 5.6797E-01 6.7412E-032367200203620 
 2.8663E+00 6.0139E-02 1.4807E+01 1.0114E-02 1.3667E+01 5.8114E-032367200203621 
 3.4893E-01 3.4861E-01 1.0630E+03 3.4877E-01 5.6288E-01 6.4858E-032367200203622 
 2.9118E+00 5.8383E-02 1.5622E+01 9.5859E-03 1.4552E+01 5.4580E-032367200203623 
 3.4861E-01 3.4829E-01 1.0635E+03 3.4845E-01 5.8018E-01 6.3593E-032367200203624 
 2.7585E+00 5.5537E-02 1.7507E+01 8.5539E-03 1.5831E+01 5.0171E-032367200203625 
 3.4829E-01 3.4797E-01 1.0639E+03 3.4813E-01 5.6034E-01 5.8384E-032367200203626 
 2.9348E+00 5.2794E-02 1.9008E+01 7.8781E-03 1.7800E+01 4.4621E-032367200203627 
 3.4797E-01 3.4765E-01 1.0644E+03 3.4781E-01 5.6468E-01 5.7425E-032367200203628 
 2.8957E+00 5.1528E-02 2.0014E+01 7.4821E-03 1.8602E+01 4.2697E-032367200203629 
 3.4765E-01 3.4733E-01 1.0649E+03 3.4749E-01 5.6496E-01 5.6524E-032367200203630 
 2.8932E+00 5.0694E-02 2.0684E+01 7.2397E-03 1.9217E+01 4.1330E-032367200203631 
 3.4733E-01 3.4701E-01 1.0654E+03 3.4717E-01 5.6413E-01 5.7061E-032367200203632 
 2.9006E+00 5.1251E-02 2.0217E+01 7.4069E-03 1.8810E+01 4.2226E-032367200203633 
 3.4701E-01 3.4669E-01 1.0659E+03 3.4685E-01 5.6858E-01 5.8105E-032367200203634 
 2.8608E+00 5.1780E-02 1.9884E+01 7.5313E-03 1.8354E+01 4.3275E-032367200203635 
 3.4669E-01 3.4638E-01 1.0664E+03 3.4653E-01 5.7841E-01 5.9187E-032367200203636 
 2.7740E+00 5.1849E-02 2.0025E+01 7.4782E-03 1.8172E+01 4.3708E-032367200203637 
 3.4638E-01 3.4606E-01 1.0669E+03 3.4622E-01 5.8127E-01 5.9320E-032367200203638 
 2.7490E+00 5.1708E-02 2.0184E+01 7.4192E-03 1.8227E+01 4.3576E-032367200203639 
 3.4606E-01 3.4574E-01 1.0674E+03 3.4590E-01 5.6471E-01 5.7702E-032367200203640 
 2.8955E+00 5.1774E-02 1.9825E+01 7.5537E-03 1.8424E+01 4.3109E-032367200203641 
 3.4574E-01 3.4543E-01 1.0679E+03 3.4558E-01 5.5701E-01 5.7092E-032367200203642 
 2.9650E+00 5.1935E-02 1.9568E+01 7.6527E-03 1.8436E+01 4.3083E-032367200203643 
 3.4543E-01 3.4511E-01 1.0683E+03 3.4527E-01 5.6117E-01 5.7316E-032367200203644 
 2.9273E+00 5.1752E-02 1.9784E+01 7.5691E-03 1.8502E+01 4.2928E-032367200203645 
 3.4511E-01 3.4479E-01 1.0688E+03 3.4495E-01 5.6619E-01 5.7718E-032367200203646 
 2.8821E+00 5.1652E-02 1.9953E+01 7.5052E-03 1.8495E+01 4.2944E-032367200203647 
 3.4479E-01 3.4448E-01 1.0693E+03 3.4464E-01 5.7370E-01 5.8430E-032367200203648 
 2.8154E+00 5.1606E-02 2.0120E+01 7.4429E-03 1.8408E+01 4.3148E-032367200203649 
 3.4448E-01 3.4417E-01 1.0698E+03 3.4432E-01 5.7021E-01 5.8085E-032367200203650 
 2.8463E+00 5.1615E-02 2.0049E+01 7.4690E-03 1.8455E+01 4.3038E-032367200203651 
 3.4417E-01 3.4385E-01 1.0703E+03 3.4401E-01 5.7793E-01 5.8550E-032367200203652 
 2.7782E+00 5.1333E-02 2.0406E+01 7.3386E-03 1.8534E+01 4.2854E-032367200203653 
 3.4385E-01 3.4354E-01 1.0708E+03 3.4369E-01 5.5902E-01 5.5879E-032367200203654 
 2.9468E+00 5.0648E-02 2.0606E+01 7.2671E-03 1.9347E+01 4.1053E-032367200203655 
 3.4354E-01 3.4322E-01 1.0713E+03 3.4338E-01 5.5663E-01 5.5267E-032367200203656 
 2.9685E+00 5.0309E-02 2.0830E+01 7.1891E-03 1.9642E+01 4.0437E-032367200203657 
 3.4322E-01 3.4291E-01 1.0718E+03 3.4307E-01 5.6213E-01 5.6055E-032367200203658 
 2.9187E+00 5.0526E-02 2.0751E+01 7.2166E-03 1.9376E+01 4.0992E-032367200203659 
 3.4291E-01 3.4260E-01 1.0722E+03 3.4276E-01 5.7605E-01 5.7971E-032367200203660 
 2.7947E+00 5.0991E-02 2.0642E+01 7.2545E-03 1.8810E+01 4.2225E-032367200203661 
 3.4260E-01 3.4229E-01 1.0727E+03 3.4244E-01 5.5830E-01 5.7087E-032367200203662 
 2.9533E+00 5.1810E-02 1.9687E+01 7.6065E-03 1.8505E+01 4.2921E-032367200203663 
 3.4229E-01 3.4198E-01 1.0732E+03 3.4213E-01 5.7751E-01 6.0865E-032367200203664 
 2.7818E+00 5.3401E-02 1.8877E+01 7.9327E-03 1.7154E+01 4.6302E-032367200203665 
 3.4198E-01 3.4167E-01 1.0737E+03 3.4182E-01 5.6465E-01 6.0283E-032367200203666 
 2.8960E+00 5.4095E-02 1.8185E+01 8.2348E-03 1.6897E+01 4.7005E-032367200203667 
 3.4167E-01 3.4136E-01 1.0742E+03 3.4151E-01 5.5222E-01 5.8508E-032367200203668 
 3.0087E+00 5.3683E-02 1.8252E+01 8.2044E-03 1.7340E+01 4.5806E-032367200203669 
 3.4136E-01 3.4104E-01 1.0747E+03 3.4120E-01 5.6266E-01 5.9872E-032367200203670 
 2.9139E+00 5.3917E-02 1.8271E+01 8.1959E-03 1.7038E+01 4.6618E-032367200203671 
 3.4104E-01 3.4074E-01 1.0752E+03 3.4089E-01 5.6349E-01 6.0376E-032367200203672 
 2.9064E+00 5.4290E-02 1.8039E+01 8.3014E-03 1.6795E+01 4.7291E-032367200203673 
 3.4074E-01 3.4043E-01 1.0757E+03 3.4058E-01 5.6362E-01 6.0048E-032367200203674 
 2.9053E+00 5.3982E-02 1.8237E+01 8.2111E-03 1.6977E+01 4.6785E-032367200203675 
 3.4043E-01 3.4012E-01 1.0762E+03 3.4027E-01 5.5713E-01 5.8224E-032367200203676 
 2.9639E+00 5.2952E-02 1.8838E+01 7.9494E-03 1.7741E+01 4.4770E-032367200203677 
 3.4012E-01 3.3981E-01 1.0766E+03 3.3996E-01 5.6654E-01 5.8433E-032367200203678 
 2.8790E+00 5.2260E-02 1.9501E+01 7.6791E-03 1.8064E+01 4.3969E-032367200203679 
 3.3981E-01 3.3950E-01 1.0771E+03 3.3965E-01 5.6631E-01 5.8749E-032367200203680 
 2.8811E+00 5.2563E-02 1.9269E+01 7.7715E-03 1.7856E+01 4.4482E-032367200203681 
 3.3950E-01 3.3919E-01 1.0776E+03 3.3935E-01 5.6137E-01 5.7874E-032367200203682 
 2.9255E+00 5.2236E-02 1.9426E+01 7.7088E-03 1.8159E+01 4.3739E-032367200203683 
 3.3919E-01 3.3889E-01 1.0781E+03 3.3904E-01 5.6237E-01 5.7898E-032367200203684 
 2.9165E+00 5.2165E-02 1.9491E+01 7.6828E-03 1.8189E+01 4.3668E-032367200203685 
 3.3889E-01 3.3858E-01 1.0786E+03 3.3873E-01 5.7097E-01 5.8520E-032367200203686 
 2.8396E+00 5.1932E-02 1.9822E+01 7.5545E-03 1.8221E+01 4.3590E-032367200203687 
 3.3858E-01 3.3827E-01 1.0791E+03 3.3843E-01 5.5281E-01 5.6514E-032367200203688 
 3.0033E+00 5.1799E-02 1.9609E+01 7.6369E-03 1.8613E+01 4.2672E-032367200203689 
 3.3827E-01 3.3797E-01 1.0796E+03 3.3812E-01 5.6963E-01 5.8664E-032367200203690 
 2.8515E+00 5.2182E-02 1.9607E+01 7.6377E-03 1.8064E+01 4.3968E-032367200203691 
 3.3797E-01 3.3766E-01 1.0801E+03 3.3781E-01 5.6212E-01 5.8541E-032367200203692 
 2.9188E+00 5.2768E-02 1.9052E+01 7.8599E-03 1.7785E+01 4.4658E-032367200203693 
 3.3766E-01 3.3736E-01 1.0805E+03 3.3751E-01 5.6015E-01 5.9724E-032367200203694 
 2.9365E+00 5.4024E-02 1.8170E+01 8.2417E-03 1.7018E+01 4.6672E-032367200203695 
 3.3736E-01 3.3705E-01 1.0810E+03 3.3720E-01 5.6485E-01 6.1867E-032367200203696 
 2.8942E+00 5.5497E-02 1.7305E+01 8.6534E-03 1.6071E+01 4.9421E-032367200203697 
 3.3705E-01 3.3675E-01 1.0815E+03 3.3690E-01 5.5908E-01 6.3013E-032367200203698 
 2.9462E+00 5.7108E-02 1.6256E+01 9.2119E-03 1.5248E+01 5.2089E-032367200203699 
 3.3675E-01 3.3644E-01 1.0820E+03 3.3659E-01 5.4838E-01 6.1820E-032367200203700 
 3.0442E+00 5.7120E-02 1.6097E+01 9.3030E-03 1.5391E+01 5.1605E-032367200203701 
 3.3644E-01 3.3614E-01 1.0825E+03 3.3629E-01 5.6323E-01 6.2424E-032367200203702 
 2.9087E+00 5.6158E-02 1.6883E+01 8.8696E-03 1.5723E+01 5.0517E-032367200203703 
 3.3614E-01 3.3584E-01 1.0830E+03 3.3599E-01 5.6262E-01 6.1727E-032367200203704 
 2.9142E+00 5.5591E-02 1.7210E+01 8.7013E-03 1.6045E+01 4.9501E-032367200203705 
 3.3584E-01 3.3553E-01 1.0835E+03 3.3569E-01 5.5681E-01 6.1100E-032367200203706 
 2.9668E+00 5.5600E-02 1.7114E+01 8.7500E-03 1.6121E+01 4.9268E-032367200203707 
 3.3553E-01 3.3523E-01 1.0840E+03 3.3538E-01 5.6929E-01 6.2871E-032367200203708 
 2.8545E+00 5.5958E-02 1.7090E+01 8.7625E-03 1.5747E+01 5.0438E-032367200203709 
 3.3523E-01 3.3493E-01 1.0845E+03 3.3508E-01 5.5940E-01 6.1646E-032367200203710 
 2.9433E+00 5.5838E-02 1.7004E+01 8.8069E-03 1.5943E+01 4.9818E-032367200203711 
 3.3493E-01 3.3463E-01 1.0849E+03 3.3478E-01 5.5629E-01 6.1853E-032367200203712 
 2.9715E+00 5.6337E-02 1.6665E+01 8.9860E-03 1.5711E+01 5.0555E-032367200203713 
 3.3463E-01 3.3433E-01 1.0854E+03 3.3448E-01 5.5701E-01 6.1894E-032367200203714 
 2.9650E+00 5.6303E-02 1.6694E+01 8.9701E-03 1.5719E+01 5.0530E-032367200203715 
 3.3433E-01 3.3403E-01 1.0859E+03 3.3418E-01 5.5931E-01 6.2523E-032367200203716 
 2.9441E+00 5.6641E-02 1.6536E+01 9.0559E-03 1.5505E+01 5.1225E-032367200203717 
 3.3403E-01 3.3373E-01 1.0864E+03 3.3388E-01 5.6503E-01 6.2813E-032367200203718 
 2.8926E+00 5.6327E-02 1.6815E+01 8.9057E-03 1.5609E+01 5.0884E-032367200203719 
 3.3373E-01 3.3343E-01 1.0869E+03 3.3358E-01 5.5430E-01 6.1344E-032367200203720 
 2.9898E+00 5.6075E-02 1.6779E+01 8.9248E-03 1.5876E+01 5.0030E-032367200203721 
 3.3343E-01 3.3313E-01 1.0874E+03 3.3328E-01 5.6622E-01 6.3382E-032367200203722 
 2.8819E+00 5.6719E-02 1.6604E+01 9.0188E-03 1.5381E+01 5.1641E-032367200203723 
 3.3313E-01 3.3283E-01 1.0879E+03 3.3298E-01 5.4217E-01 6.0361E-032367200203724 
 3.1018E+00 5.6410E-02 1.6407E+01 9.1273E-03 1.5867E+01 5.0056E-032367200203725 
 3.3283E-01 3.3253E-01 1.0884E+03 3.3268E-01 5.5794E-01 6.2228E-032367200203726 
 2.9565E+00 5.6511E-02 1.6588E+01 9.0278E-03 1.5592E+01 5.0940E-032367200203727 
 3.3253E-01 3.3223E-01 1.0888E+03 3.3238E-01 5.5526E-01 6.1185E-032367200203728 
 2.9810E+00 5.5833E-02 1.6949E+01 8.8354E-03 1.6009E+01 4.9612E-032367200203729 
 3.3223E-01 3.3193E-01 1.0893E+03 3.3208E-01 5.5309E-01 6.1662E-032367200203730 
 3.0008E+00 5.6490E-02 1.6518E+01 9.0660E-03 1.5662E+01 5.0714E-032367200203731 
 3.3193E-01 3.3164E-01 1.0898E+03 3.3178E-01 5.6814E-01 6.3614E-032367200203732 
 2.8647E+00 5.6733E-02 1.6611E+01 9.0150E-03 1.5335E+01 5.1793E-032367200203733 
 3.3164E-01 3.3134E-01 1.0903E+03 3.3149E-01 5.6958E-01 6.3584E-032367200203734 
 2.8520E+00 5.6563E-02 1.6734E+01 8.9487E-03 1.5411E+01 5.1540E-032367200203735 
 3.3134E-01 3.3104E-01 1.0908E+03 3.3119E-01 5.6456E-01 6.2820E-032367200203736 
 2.8968E+00 5.6381E-02 1.6756E+01 8.9368E-03 1.5568E+01 5.1020E-032367200203737 
 3.3104E-01 3.3075E-01 1.0913E+03 3.3089E-01 5.5771E-01 6.1061E-032367200203738 
 2.9586E+00 5.5475E-02 1.7203E+01 8.7046E-03 1.6180E+01 4.9090E-032367200203739 
 3.3075E-01 3.3045E-01 1.0918E+03 3.3060E-01 5.5777E-01 6.1200E-032367200203740 
 2.9581E+00 5.5595E-02 1.7134E+01 8.7399E-03 1.6112E+01 4.9295E-032367200203741 
 3.3045E-01 3.3016E-01 1.0923E+03 3.3030E-01 5.5872E-01 6.2419E-032367200203742 
 2.9495E+00 5.6606E-02 1.6549E+01 9.0490E-03 1.5534E+01 5.1132E-032367200203743 
 3.3016E-01 3.2986E-01 1.0928E+03 3.3001E-01 5.7240E-01 6.5853E-032367200203744 
 2.8269E+00 5.8293E-02 1.5815E+01 9.4688E-03 1.4489E+01 5.4816E-032367200203745 
 3.2986E-01 3.2957E-01 1.0932E+03 3.2971E-01 5.6518E-01 6.5648E-032367200203746 
 2.8912E+00 5.8854E-02 1.5416E+01 9.7141E-03 1.4301E+01 5.5537E-032367200203747 
 3.2957E-01 3.2927E-01 1.0937E+03 3.2942E-01 5.4852E-01 6.2488E-032367200203748 
 3.0428E+00 5.7722E-02 1.5775E+01 9.4927E-03 1.5079E+01 5.2675E-032367200203749 
 3.2927E-01 3.2898E-01 1.0942E+03 3.2912E-01 5.4871E-01 6.1692E-032367200203750 
 3.0411E+00 5.6968E-02 1.6198E+01 9.2449E-03 1.5479E+01 5.1311E-032367200203751 
 3.2898E-01 3.2868E-01 1.0947E+03 3.2883E-01 5.4954E-01 6.1314E-032367200203752 
 3.0334E+00 5.6532E-02 1.6455E+01 9.1006E-03 1.5702E+01 5.0584E-032367200203753 
 3.2868E-01 3.2839E-01 1.0952E+03 3.2854E-01 5.5198E-01 6.2117E-032367200203754 
 3.0110E+00 5.7020E-02 1.6213E+01 9.2361E-03 1.5403E+01 5.1567E-032367200203755 
 3.2839E-01 3.2810E-01 1.0957E+03 3.2824E-01 5.5986E-01 6.3242E-032367200203756 
 2.9391E+00 5.7235E-02 1.6206E+01 9.2404E-03 1.5180E+01 5.2323E-032367200203757 
 3.2810E-01 3.2781E-01 1.0962E+03 3.2795E-01 5.5660E-01 6.3716E-032367200203758 
 2.9687E+00 5.8002E-02 1.5750E+01 9.5077E-03 1.4837E+01 5.3532E-032367200203759 
 3.2781E-01 3.2751E-01 1.0967E+03 3.2766E-01 5.7802E-01 6.6456E-032367200203760 
 2.7774E+00 5.8255E-02 1.5917E+01 9.4080E-03 1.4442E+01 5.4995E-032367200203761 
 3.2751E-01 3.2722E-01 1.0971E+03 3.2737E-01 5.5412E-01 6.3757E-032367200203762 
 2.9913E+00 5.8299E-02 1.5544E+01 9.6338E-03 1.4707E+01 5.4004E-032367200203763 
 3.2722E-01 3.2693E-01 1.0976E+03 3.2708E-01 5.6945E-01 6.5461E-032367200203764 
 2.8530E+00 5.8246E-02 1.5799E+01 9.4782E-03 1.4549E+01 5.4591E-032367200203765 
 3.2693E-01 3.2664E-01 1.0981E+03 3.2679E-01 5.6347E-01 6.4976E-032367200203766 
 2.9065E+00 5.8428E-02 1.5615E+01 9.5900E-03 1.4531E+01 5.4660E-032367200203767 
 3.2664E-01 3.2635E-01 1.0986E+03 3.2650E-01 5.6256E-01 6.4843E-032367200203768 
 2.9148E+00 5.8403E-02 1.5620E+01 9.5872E-03 1.4559E+01 5.4556E-032367200203769 
 3.2635E-01 3.2606E-01 1.0991E+03 3.2621E-01 5.6458E-01 6.5806E-032367200203770 
 2.8966E+00 5.9058E-02 1.5306E+01 9.7838E-03 1.4214E+01 5.5879E-032367200203771 
 3.2606E-01 3.2577E-01 1.0996E+03 3.2592E-01 5.6313E-01 6.6304E-032367200203772 
 2.9096E+00 5.9659E-02 1.4983E+01 9.9943E-03 1.3949E+01 5.6940E-032367200203773 
 3.2577E-01 3.2548E-01 1.1001E+03 3.2563E-01 5.5598E-01 6.5826E-032367200203774 
 2.9744E+00 5.9990E-02 1.4732E+01 1.0165E-02 1.3889E+01 5.7185E-032367200203775 
 3.2548E-01 3.2519E-01 1.1006E+03 3.2534E-01 5.6531E-01 6.7608E-032367200203776 
 2.8900E+00 6.0596E-02 1.4560E+01 1.0285E-02 1.3501E+01 5.8829E-032367200203777 
 3.2519E-01 3.2491E-01 1.1011E+03 3.2505E-01 5.5991E-01 6.8042E-032367200203778 
 2.9387E+00 6.1575E-02 1.4045E+01 1.0662E-02 1.3146E+01 6.0417E-032367200203779 
 3.2491E-01 3.2462E-01 1.1015E+03 3.2476E-01 5.5013E-01 6.9745E-032367200203780 
 3.0280E+00 6.4238E-02 1.2813E+01 1.1687E-02 1.2200E+01 6.5105E-032367200203781 
 3.2462E-01 3.2433E-01 1.1020E+03 3.2447E-01 5.5409E-01 7.1790E-032367200203782 
 2.9916E+00 6.5648E-02 1.2326E+01 1.2149E-02 1.1650E+01 6.8175E-032367200203783 
 3.2433E-01 3.2404E-01 1.1025E+03 3.2419E-01 5.5813E-01 7.0693E-032367200203784 
 2.9548E+00 6.4177E-02 1.2929E+01 1.1582E-02 1.2136E+01 6.5449E-032367200203785 
 3.2404E-01 3.2376E-01 1.1030E+03 3.2390E-01 5.6001E-01 6.9245E-032367200203786 
 2.9378E+00 6.2652E-02 1.3582E+01 1.1025E-02 1.2709E+01 6.2495E-032367200203787 
 3.2376E-01 3.2347E-01 1.1035E+03 3.2361E-01 5.5251E-01 6.6987E-032367200203788 
 3.0061E+00 6.1431E-02 1.4012E+01 1.0687E-02 1.3290E+01 5.9763E-032367200203789 
 3.2347E-01 3.2318E-01 1.1040E+03 3.2333E-01 5.5753E-01 6.7537E-032367200203790 
 2.9602E+00 6.1378E-02 1.4104E+01 1.0618E-02 1.3258E+01 5.9910E-032367200203791 
 3.2318E-01 3.2290E-01 1.1045E+03 3.2304E-01 5.5236E-01 6.7328E-032367200203792 
 3.0074E+00 6.1761E-02 1.3862E+01 1.0803E-02 1.3151E+01 6.0396E-032367200203793 
 3.2290E-01 3.2261E-01 1.1050E+03 3.2275E-01 5.5296E-01 6.7322E-032367200203794 
 3.0019E+00 6.1688E-02 1.3903E+01 1.0771E-02 1.3175E+01 6.0286E-032367200203795 
 3.2261E-01 3.2233E-01 1.1055E+03 3.2247E-01 5.6523E-01 6.9484E-032367200203796 
 2.8908E+00 6.2288E-02 1.3794E+01 1.0856E-02 1.2790E+01 6.2102E-032367200203797 
 3.2233E-01 3.2204E-01 1.1059E+03 3.2218E-01 5.5916E-01 7.0349E-032367200203798 
 2.9455E+00 6.3747E-02 1.3113E+01 1.1420E-02 1.2286E+01 6.4647E-032367200203799 
 3.2204E-01 3.2176E-01 1.1064E+03 3.2190E-01 5.4970E-01 7.0021E-032367200203800 
 3.0320E+00 6.4542E-02 1.2688E+01 1.1803E-02 1.2089E+01 6.5700E-032367200203801 
 3.2176E-01 3.2147E-01 1.1069E+03 3.2162E-01 5.5512E-01 7.2355E-032367200203802 
 2.9822E+00 6.6043E-02 1.2190E+01 1.2285E-02 1.1500E+01 6.9069E-032367200203803 
 3.2147E-01 3.2119E-01 1.1074E+03 3.2133E-01 5.5682E-01 7.3527E-032367200203804 
 2.9667E+00 6.6907E-02 1.1910E+01 1.2573E-02 1.1200E+01 7.0913E-032367200203805 
 3.2119E-01 3.2091E-01 1.1079E+03 3.2105E-01 5.6462E-01 7.6083E-032367200203806 
 2.8962E+00 6.8276E-02 1.1525E+01 1.2994E-02 1.0687E+01 7.4320E-032367200203807 
 3.2091E-01 3.2062E-01 1.1084E+03 3.2077E-01 5.6970E-01 7.9053E-032367200203808 
 2.8509E+00 7.0310E-02 1.0935E+01 1.3694E-02 1.0048E+01 7.9049E-032367200203809 
 3.2062E-01 3.2034E-01 1.1089E+03 3.2048E-01 5.6606E-01 8.0991E-032367200203810 
 2.8833E+00 7.2496E-02 1.0266E+01 1.4586E-02 9.4895E+00 8.3699E-032367200203811 
 3.2034E-01 3.2006E-01 1.1094E+03 3.2020E-01 5.6322E-01 8.4163E-032367200203812 
 2.9088E+00 7.5715E-02 9.4092E+00 1.5915E-02 8.7358E+00 9.0920E-032367200203813 
 3.2006E-01 3.1978E-01 1.1098E+03 3.1992E-01 5.5338E-01 8.5585E-032367200203814 
 2.9982E+00 7.8364E-02 8.7251E+00 1.7163E-02 8.2388E+00 9.6405E-032367200203815 
 3.1978E-01 3.1950E-01 1.1103E+03 3.1964E-01 5.6326E-01 8.9679E-032367200203816 
 2.9084E+00 8.0671E-02 8.3297E+00 1.7978E-02 7.7260E+00 1.0280E-022367200203817 
 3.1950E-01 3.1922E-01 1.1108E+03 3.1936E-01 5.5679E-01 8.9810E-032367200203818 
 2.9670E+00 8.1730E-02 8.0737E+00 1.8548E-02 7.5729E+00 1.0488E-022367200203819 
 3.1922E-01 3.1894E-01 1.1113E+03 3.1908E-01 5.4205E-01 8.5710E-032367200203820 
 3.1030E+00 8.0118E-02 8.2755E+00 1.8095E-02 7.9726E+00 9.9624E-032367200203821 
 3.1894E-01 3.1866E-01 1.1118E+03 3.1880E-01 5.5720E-01 8.3980E-032367200203822 
 2.9633E+00 7.6367E-02 9.2134E+00 1.6253E-02 8.6443E+00 9.1883E-032367200203823 
 3.1866E-01 3.1838E-01 1.1123E+03 3.1852E-01 5.3369E-01 7.7934E-032367200203824 
 3.1817E+00 7.3990E-02 9.5914E+00 1.5613E-02 9.3945E+00 8.4546E-032367200203825 
 3.1838E-01 3.1810E-01 1.1128E+03 3.1824E-01 5.5695E-01 7.9508E-032367200203826 
 2.9655E+00 7.2332E-02 1.0236E+01 1.4629E-02 9.6149E+00 8.2607E-032367200203827 
 3.1810E-01 3.1782E-01 1.1133E+03 3.1796E-01 5.5331E-01 7.7174E-032367200203828 
 2.9987E+00 7.0671E-02 1.0666E+01 1.4040E-02 1.0086E+01 7.8747E-032367200203829 
 3.1782E-01 3.1754E-01 1.1138E+03 3.1768E-01 5.6356E-01 7.7240E-032367200203830 
 2.9058E+00 6.9445E-02 1.1136E+01 1.3447E-02 1.0344E+01 7.6785E-032367200203831 
 3.1754E-01 3.1726E-01 1.1142E+03 3.1740E-01 5.5196E-01 7.2784E-032367200203832 
 3.0111E+00 6.6813E-02 1.1883E+01 1.2602E-02 1.1272E+01 7.0464E-032367200203833 
 3.1726E-01 3.1698E-01 1.1147E+03 3.1712E-01 5.5447E-01 6.9591E-032367200203834 
 2.9881E+00 6.3593E-02 1.3113E+01 1.1420E-02 1.2389E+01 6.4110E-032367200203835 
 3.1698E-01 3.1671E-01 1.1152E+03 3.1684E-01 5.5291E-01 6.5742E-032367200203836 
 3.0025E+00 6.0247E-02 1.4557E+01 1.0287E-02 1.3800E+01 5.7556E-032367200203837 
 3.1671E-01 3.1643E-01 1.1157E+03 3.1657E-01 5.5666E-01 6.4834E-032367200203838 
 2.9682E+00 5.9014E-02 1.5221E+01 9.8381E-03 1.4335E+01 5.5406E-032367200203839 
 3.1643E-01 3.1615E-01 1.1162E+03 3.1629E-01 5.5569E-01 6.3302E-032367200203840 
 2.9770E+00 5.7720E-02 1.5882E+01 9.4288E-03 1.4986E+01 5.2999E-032367200203841 
 3.1615E-01 3.1588E-01 1.1167E+03 3.1601E-01 5.5004E-01 6.1593E-032367200203842 
 3.0288E+00 5.6738E-02 1.6345E+01 9.1616E-03 1.5583E+01 5.0970E-032367200203843 
 3.1588E-01 3.1560E-01 1.1172E+03 3.1574E-01 5.5737E-01 6.1535E-032367200203844 
 2.9617E+00 5.5939E-02 1.6917E+01 8.8522E-03 1.5919E+01 4.9895E-032367200203845 
 3.1560E-01 3.1532E-01 1.1177E+03 3.1546E-01 5.5450E-01 6.0429E-032367200203846 
 2.9879E+00 5.5219E-02 1.7303E+01 8.6544E-03 1.6368E+01 4.8526E-032367200203847 
 3.1532E-01 3.1505E-01 1.1181E+03 3.1519E-01 5.5154E-01 5.9644E-032367200203848 
 3.0150E+00 5.4793E-02 1.7521E+01 8.5469E-03 1.6663E+01 4.7666E-032367200203849 
 3.1505E-01 3.1477E-01 1.1186E+03 3.1491E-01 5.6096E-01 6.1248E-032367200203850 
 2.9292E+00 5.5322E-02 1.7348E+01 8.6322E-03 1.6222E+01 4.8962E-032367200203851 
 3.1477E-01 3.1450E-01 1.1191E+03 3.1464E-01 5.4613E-01 5.9108E-032367200203852 
 3.0650E+00 5.4840E-02 1.7413E+01 8.5997E-03 1.6724E+01 4.7493E-032367200203853 
 3.1450E-01 3.1422E-01 1.1196E+03 3.1436E-01 5.5152E-01 5.6361E-032367200203854 
 3.0151E+00 5.1779E-02 1.9592E+01 7.6433E-03 1.8641E+01 4.2609E-032367200203855 
 3.1422E-01 3.1395E-01 1.1201E+03 3.1409E-01 5.5141E-01 5.1977E-032367200203856 
 3.0162E+00 4.7761E-02 2.2963E+01 6.5212E-03 2.1864E+01 3.6327E-032367200203857 
 3.1395E-01 3.1368E-01 1.1206E+03 3.1381E-01 5.5593E-01 4.9635E-032367200203858 
 2.9748E+00 4.5239E-02 2.5668E+01 5.8341E-03 2.4248E+01 3.2756E-032367200203859 
 3.1368E-01 3.1340E-01 1.1211E+03 3.1354E-01 5.5861E-01 4.9657E-032367200203860 
 2.9505E+00 4.5041E-02 2.5963E+01 5.7678E-03 2.4411E+01 3.2538E-032367200203861 
 3.1340E-01 3.1313E-01 1.1216E+03 3.1327E-01 5.5449E-01 5.0672E-032367200203862 
 2.9880E+00 4.6304E-02 2.4488E+01 6.1152E-03 2.3191E+01 3.4249E-032367200203863 
 3.1313E-01 3.1286E-01 1.1221E+03 3.1299E-01 5.4684E-01 5.1951E-032367200203864 
 3.0584E+00 4.8137E-02 2.2523E+01 6.6487E-03 2.1622E+01 3.6734E-032367200203865 
 3.1286E-01 3.1259E-01 1.1225E+03 3.1272E-01 5.5224E-01 5.4782E-032367200203866 
 3.0086E+00 5.0263E-02 2.0789E+01 7.2032E-03 1.9758E+01 4.0199E-032367200203867 
 3.1259E-01 3.1231E-01 1.1230E+03 3.1245E-01 5.5548E-01 5.7546E-032367200203868 
 2.9789E+00 5.2491E-02 1.9139E+01 7.8241E-03 1.8079E+01 4.3932E-032367200203869 
 3.1231E-01 3.1204E-01 1.1235E+03 3.1218E-01 5.4686E-01 5.8740E-032367200203870 
 3.0582E+00 5.4425E-02 1.7687E+01 8.4668E-03 1.6964E+01 4.6819E-032367200203871 
 3.1204E-01 3.1177E-01 1.1240E+03 3.1191E-01 5.4892E-01 6.0507E-032367200203872 
 3.0391E+00 5.5852E-02 1.6840E+01 8.8925E-03 1.6089E+01 4.9367E-032367200203873 
 3.1177E-01 3.1150E-01 1.1245E+03 3.1164E-01 5.4606E-01 6.1900E-032367200203874 
 3.0656E+00 5.7438E-02 1.5897E+01 9.4202E-03 1.5263E+01 5.2038E-032367200203875 
 3.1150E-01 3.1123E-01 1.1250E+03 3.1137E-01 5.4912E-01 6.2868E-032367200203876 
 3.0373E+00 5.8009E-02 1.5627E+01 9.5828E-03 1.4920E+01 5.3235E-032367200203877 
 3.1123E-01 3.1096E-01 1.1255E+03 3.1110E-01 5.5039E-01 6.4095E-032367200203878 
 3.0256E+00 5.9007E-02 1.5137E+01 9.8930E-03 1.4417E+01 5.5092E-032367200203879 
 3.1096E-01 3.1069E-01 1.1260E+03 3.1083E-01 5.6018E-01 6.5323E-032367200203880 
 2.9363E+00 5.9085E-02 1.5233E+01 9.8306E-03 1.4257E+01 5.5712E-032367200203881 
 3.1069E-01 3.1042E-01 1.1264E+03 3.1056E-01 5.6328E-01 6.5634E-032367200203882 
 2.9083E+00 5.9040E-02 1.5290E+01 9.7941E-03 1.4232E+01 5.5809E-032367200203883 
 3.1042E-01 3.1015E-01 1.1269E+03 3.1029E-01 5.5708E-01 6.5469E-032367200203884 
 2.9644E+00 5.9547E-02 1.4954E+01 1.0014E-02 1.4072E+01 5.6443E-032367200203885 
 3.1015E-01 3.0988E-01 1.1274E+03 3.1002E-01 5.4326E-01 6.3658E-032367200203886 
 3.0917E+00 5.9373E-02 1.4849E+01 1.0085E-02 1.4326E+01 5.5441E-032367200203887 
 3.0988E-01 3.0962E-01 1.1279E+03 3.0975E-01 5.5953E-01 6.5594E-032367200203888 
 2.9422E+00 5.9400E-02 1.5066E+01 9.9393E-03 1.4116E+01 5.6265E-032367200203889 
 3.0962E-01 3.0935E-01 1.1284E+03 3.0948E-01 5.4463E-01 6.3247E-032367200203890 
 3.0789E+00 5.8841E-02 1.5141E+01 9.8902E-03 1.4573E+01 5.4503E-032367200203891 
 3.0935E-01 3.0908E-01 1.1289E+03 3.0921E-01 5.4938E-01 6.3697E-032367200203892 
 3.0349E+00 5.8748E-02 1.5249E+01 9.8203E-03 1.4551E+01 5.4585E-032367200203893 
 3.0908E-01 3.0881E-01 1.1294E+03 3.0895E-01 5.4926E-01 6.3897E-032367200203894 
 3.0360E+00 5.8945E-02 1.5160E+01 9.8778E-03 1.4469E+01 5.4895E-032367200203895 
 3.0881E-01 3.0855E-01 1.1299E+03 3.0868E-01 5.4226E-01 6.2866E-032367200203896 
 3.1009E+00 5.8741E-02 1.5154E+01 9.8816E-03 1.4649E+01 5.4220E-032367200203897 
 3.0855E-01 3.0828E-01 1.1304E+03 3.0841E-01 5.5396E-01 6.4358E-032367200203898 
 2.9928E+00 5.8866E-02 1.5257E+01 9.8149E-03 1.4439E+01 5.5008E-032367200203899 
 3.0828E-01 3.0801E-01 1.1308E+03 3.0815E-01 5.5495E-01 6.5119E-032367200203900 
 2.9837E+00 5.9456E-02 1.4963E+01 1.0008E-02 1.4134E+01 5.6195E-032367200203901 
 3.0801E-01 3.0775E-01 1.1313E+03 3.0788E-01 5.5394E-01 6.5688E-032367200203902 
 2.9930E+00 6.0085E-02 1.4650E+01 1.0221E-02 1.3863E+01 5.7295E-032367200203903 
 3.0775E-01 3.0748E-01 1.1318E+03 3.0762E-01 5.4045E-01 6.4981E-032367200203904 
 3.1179E+00 6.0921E-02 1.4088E+01 1.0630E-02 1.3658E+01 5.8152E-032367200203905 
 3.0748E-01 3.0722E-01 1.1323E+03 3.0735E-01 5.4167E-01 6.5778E-032367200203906 
 3.1065E+00 6.1530E-02 1.3835E+01 1.0824E-02 1.3382E+01 5.9352E-032367200203907 
 3.0722E-01 3.0695E-01 1.1328E+03 3.0709E-01 5.5175E-01 6.7493E-032367200203908 
 3.0131E+00 6.1982E-02 1.3770E+01 1.0875E-02 1.3077E+01 6.0737E-032367200203909 
 3.0695E-01 3.0669E-01 1.1333E+03 3.0682E-01 5.6179E-01 6.8791E-032367200203910 
 2.9217E+00 6.2044E-02 1.3858E+01 1.0806E-02 1.2927E+01 6.1442E-032367200203911 
 3.0669E-01 3.0642E-01 1.1338E+03 3.0656E-01 5.5843E-01 6.9041E-032367200203912 
 2.9521E+00 6.2644E-02 1.3562E+01 1.1042E-02 1.2726E+01 6.2413E-032367200203913 
 3.0642E-01 3.0616E-01 1.1343E+03 3.0629E-01 5.5153E-01 6.8233E-032367200203914 
 3.0151E+00 6.2685E-02 1.3456E+01 1.1129E-02 1.2782E+01 6.2137E-032367200203915 
 3.0616E-01 3.0590E-01 1.1347E+03 3.0603E-01 5.4624E-01 6.7969E-032367200203916 
 3.0639E+00 6.3047E-02 1.3238E+01 1.1312E-02 1.2696E+01 6.2561E-032367200203917 
 3.0590E-01 3.0563E-01 1.1352E+03 3.0577E-01 5.6174E-01 6.9029E-032367200203918 
 2.9221E+00 6.2264E-02 1.3769E+01 1.0876E-02 1.2845E+01 6.1833E-032367200203919 
 3.0563E-01 3.0537E-01 1.1357E+03 3.0550E-01 5.5174E-01 6.7963E-032367200203920 
 3.0131E+00 6.2413E-02 1.3578E+01 1.1029E-02 1.2894E+01 6.1597E-032367200203921 
 3.0537E-01 3.0511E-01 1.1362E+03 3.0524E-01 5.4977E-01 6.8473E-032367200203922 
 3.0313E+00 6.3107E-02 1.3262E+01 1.1292E-02 1.2637E+01 6.2851E-032367200203923 
 3.0511E-01 3.0485E-01 1.1367E+03 3.0498E-01 5.4814E-01 6.8121E-032367200203924 
 3.0464E+00 6.2970E-02 1.3296E+01 1.1263E-02 1.2707E+01 6.2504E-032367200203925 
 3.0485E-01 3.0458E-01 1.1372E+03 3.0472E-01 5.5105E-01 6.8702E-032367200203926 
 3.0195E+00 6.3172E-02 1.3247E+01 1.1304E-02 1.2594E+01 6.3067E-032367200203927 
 3.0458E-01 3.0432E-01 1.1377E+03 3.0445E-01 5.4911E-01 6.8310E-032367200203928 
 3.0374E+00 6.3032E-02 1.3277E+01 1.1279E-02 1.2667E+01 6.2704E-032367200203929 
 3.0432E-01 3.0406E-01 1.1382E+03 3.0419E-01 5.6197E-01 6.9772E-032367200203930 
 2.9201E+00 6.2909E-02 1.3492E+01 1.1099E-02 1.2580E+01 6.3137E-032367200203931 
 3.0406E-01 3.0380E-01 1.1387E+03 3.0393E-01 5.6211E-01 6.9309E-032367200203932 
 2.9188E+00 6.2475E-02 1.3679E+01 1.0948E-02 1.2752E+01 6.2286E-032367200203933 
 3.0380E-01 3.0354E-01 1.1391E+03 3.0367E-01 5.4441E-01 6.7140E-032367200203934 
 3.0809E+00 6.2488E-02 1.3458E+01 1.1127E-02 1.2951E+01 6.1330E-032367200203935 
 3.0354E-01 3.0328E-01 1.1396E+03 3.0341E-01 5.5124E-01 6.7649E-032367200203936 
 3.0178E+00 6.2182E-02 1.3670E+01 1.0955E-02 1.2994E+01 6.1127E-032367200203937 
 3.0328E-01 3.0302E-01 1.1401E+03 3.0315E-01 5.5320E-01 6.7715E-032367200203938 
 2.9998E+00 6.2022E-02 1.3768E+01 1.0877E-02 1.3041E+01 6.0905E-032367200203939 
 3.0302E-01 3.0276E-01 1.1406E+03 3.0289E-01 5.5228E-01 6.7004E-032367200203940 
 3.0082E+00 6.1472E-02 1.3993E+01 1.0702E-02 1.3277E+01 5.9820E-032367200203941 
 3.0276E-01 3.0250E-01 1.1411E+03 3.0263E-01 5.5510E-01 6.7602E-032367200203942 
 2.9824E+00 6.1706E-02 1.3922E+01 1.0756E-02 1.3143E+01 6.0433E-032367200203943 
 3.0250E-01 3.0224E-01 1.1416E+03 3.0237E-01 5.5002E-01 6.7483E-032367200203944 
 3.0290E+00 6.2167E-02 1.3664E+01 1.0959E-02 1.3017E+01 6.1018E-032367200203945 
 3.0224E-01 3.0199E-01 1.1421E+03 3.0211E-01 5.6269E-01 6.9739E-032367200203946 
 2.9136E+00 6.2798E-02 1.3548E+01 1.1053E-02 1.2617E+01 6.2953E-032367200203947 
 3.0199E-01 3.0173E-01 1.1426E+03 3.0186E-01 5.4649E-01 6.8195E-032367200203948 
 3.0616E+00 6.3228E-02 1.3171E+01 1.1370E-02 1.2625E+01 6.2911E-032367200203949 
 3.0173E-01 3.0147E-01 1.1430E+03 3.0160E-01 5.4756E-01 6.9253E-032367200203950 
 3.0517E+00 6.4083E-02 1.2844E+01 1.1659E-02 1.2286E+01 6.4648E-032367200203951 
 3.0147E-01 3.0121E-01 1.1435E+03 3.0134E-01 5.4788E-01 6.9344E-032367200203952 
 3.0487E+00 6.4130E-02 1.2830E+01 1.1672E-02 1.2266E+01 6.4753E-032367200203953 
 3.0121E-01 3.0096E-01 1.1440E+03 3.0108E-01 5.4867E-01 6.9616E-032367200203954 
 3.0414E+00 6.4289E-02 1.2781E+01 1.1717E-02 1.2201E+01 6.5099E-032367200203955 
 3.0096E-01 3.0070E-01 1.1445E+03 3.0083E-01 5.4206E-01 6.8726E-032367200203956 
 3.1029E+00 6.4241E-02 1.2720E+01 1.1773E-02 1.2290E+01 6.4628E-032367200203957 
 3.0070E-01 3.0044E-01 1.1450E+03 3.0057E-01 5.3529E-01 6.8107E-032367200203958 
 3.1665E+00 6.4467E-02 1.2554E+01 1.1928E-02 1.2281E+01 6.4676E-032367200203959 
 3.0044E-01 3.0019E-01 1.1455E+03 3.0031E-01 5.5013E-01 7.0591E-032367200203960 
 3.0279E+00 6.5017E-02 1.2516E+01 1.1965E-02 1.1915E+01 6.6659E-032367200203961 
 3.0019E-01 2.9993E-01 1.1460E+03 3.0006E-01 5.4779E-01 7.0314E-032367200203962 
 3.0496E+00 6.5038E-02 1.2479E+01 1.2000E-02 1.1931E+01 6.6574E-032367200203963 
 2.9993E-01 2.9968E-01 1.1465E+03 2.9980E-01 5.3487E-01 6.8971E-032367200203964 
 3.1705E+00 6.5337E-02 1.2217E+01 1.2258E-02 1.1958E+01 6.6419E-032367200203965 
 2.9968E-01 2.9942E-01 1.1470E+03 2.9955E-01 5.4121E-01 6.9697E-032367200203966 
 3.1108E+00 6.5251E-02 1.2326E+01 1.2149E-02 1.1926E+01 6.6600E-032367200203967 
 2.9942E-01 2.9917E-01 1.1474E+03 2.9929E-01 5.4605E-01 6.9955E-032367200203968 
 3.0657E+00 6.4913E-02 1.2502E+01 1.1978E-02 1.1990E+01 6.6241E-032367200203969 
 2.9917E-01 2.9891E-01 1.1479E+03 2.9904E-01 5.5388E-01 7.1774E-032367200203970 
 2.9936E+00 6.5660E-02 1.2318E+01 1.2157E-02 1.1647E+01 6.8194E-032367200203971 
 2.9891E-01 2.9866E-01 1.1484E+03 2.9878E-01 5.4127E-01 7.1333E-032367200203972 
 3.1102E+00 6.6775E-02 1.1782E+01 1.2710E-02 1.1395E+01 6.9704E-032367200203973 
 2.9866E-01 2.9840E-01 1.1489E+03 2.9853E-01 5.5590E-01 7.4437E-032367200203974 
 2.9751E+00 6.7848E-02 1.1573E+01 1.2939E-02 1.0900E+01 7.2871E-032367200203975 
 2.9840E-01 2.9815E-01 1.1494E+03 2.9828E-01 5.4282E-01 7.4321E-032367200203976 
 3.0958E+00 6.9374E-02 1.0955E+01 1.3670E-02 1.0560E+01 7.5213E-032367200203977 
 2.9815E-01 2.9790E-01 1.1499E+03 2.9802E-01 5.6051E-01 7.5641E-032367200203978 
 2.9332E+00 6.8378E-02 1.1451E+01 1.3077E-02 1.0696E+01 7.4259E-032367200203979 
 2.9790E-01 2.9764E-01 1.1504E+03 2.9777E-01 5.5459E-01 7.3296E-032367200203980 
 2.9871E+00 6.6965E-02 1.1860E+01 1.2627E-02 1.1197E+01 7.0934E-032367200203981 
 2.9764E-01 2.9739E-01 1.1509E+03 2.9752E-01 5.4689E-01 7.0241E-032367200203982 
 3.0579E+00 6.5078E-02 1.2454E+01 1.2024E-02 1.1926E+01 6.6600E-032367200203983 
 2.9739E-01 2.9714E-01 1.1513E+03 2.9726E-01 5.5351E-01 6.9894E-032367200203984 
 2.9970E+00 6.3982E-02 1.2955E+01 1.1559E-02 1.2261E+01 6.4781E-032367200203985 
 2.9714E-01 2.9689E-01 1.1518E+03 2.9701E-01 5.5347E-01 6.9925E-032367200203986 
 2.9973E+00 6.4015E-02 1.2946E+01 1.1567E-02 1.2253E+01 6.4820E-032367200203987 
 2.9689E-01 2.9664E-01 1.1523E+03 2.9676E-01 5.6370E-01 7.2124E-032367200203988 
 2.9045E+00 6.4829E-02 1.2744E+01 1.1750E-02 1.1844E+01 6.7063E-032367200203989 
 2.9664E-01 2.9638E-01 1.1528E+03 2.9651E-01 5.2952E-01 6.8550E-032367200203990 
 3.2214E+00 6.5594E-02 1.2066E+01 1.2411E-02 1.1928E+01 6.6587E-032367200203991 
 2.9638E-01 2.9613E-01 1.1533E+03 2.9626E-01 5.6165E-01 7.2409E-032367200203992 
 2.9230E+00 6.5323E-02 1.2529E+01 1.1952E-02 1.1685E+01 6.7972E-032367200203993 
 2.9613E-01 2.9588E-01 1.1538E+03 2.9601E-01 5.3432E-01 6.8997E-032367200203994 
 3.1757E+00 6.5430E-02 1.2175E+01 1.2299E-02 1.1930E+01 6.6577E-032367200203995 
 2.9588E-01 2.9563E-01 1.1543E+03 2.9576E-01 5.4836E-01 7.0995E-032367200203996 
 3.0443E+00 6.5600E-02 1.2280E+01 1.2195E-02 1.1727E+01 6.7731E-032367200203997 
 2.9563E-01 2.9538E-01 1.1548E+03 2.9551E-01 5.5156E-01 7.0967E-032367200203998 
 3.0149E+00 6.5194E-02 1.2464E+01 1.2015E-02 1.1835E+01 6.7114E-032367200203999 
 2.9538E-01 2.9513E-01 1.1553E+03 2.9526E-01 5.4514E-01 6.9320E-032367200204000 
 3.0741E+00 6.4431E-02 1.2679E+01 1.1811E-02 1.2181E+01 6.5205E-032367200204001 
 2.9513E-01 2.9488E-01 1.1557E+03 2.9501E-01 5.4849E-01 6.9832E-032367200204002 
 3.0431E+00 6.4510E-02 1.2688E+01 1.1802E-02 1.2116E+01 6.5556E-032367200204003 
 2.9488E-01 2.9463E-01 1.1562E+03 2.9476E-01 5.3779E-01 6.8766E-032367200204004 
 3.1429E+00 6.4789E-02 1.2454E+01 1.2024E-02 1.2126E+01 6.5500E-032367200204005 
 2.9463E-01 2.9439E-01 1.1567E+03 2.9451E-01 5.4231E-01 7.0223E-032367200204006 
 3.1005E+00 6.5610E-02 1.2203E+01 1.2271E-02 1.1782E+01 6.7412E-032367200204007 
 2.9439E-01 2.9414E-01 1.1572E+03 2.9426E-01 5.3914E-01 7.2025E-032367200204008 
 3.1302E+00 6.7689E-02 1.1449E+01 1.3080E-02 1.1115E+01 7.1461E-032367200204009 
 2.9414E-01 2.9389E-01 1.1577E+03 2.9401E-01 5.4589E-01 7.4203E-032367200204010 
 3.0672E+00 6.8874E-02 1.1138E+01 1.3445E-02 1.0678E+01 7.4383E-032367200204011 
 2.9389E-01 2.9364E-01 1.1582E+03 2.9376E-01 5.6731E-01 7.7120E-032367200204012 
 2.8722E+00 6.8879E-02 1.1352E+01 1.3192E-02 1.0476E+01 7.5814E-032367200204013 
 2.9364E-01 2.9339E-01 1.1587E+03 2.9352E-01 5.3903E-01 7.2837E-032367200204014 
 3.1313E+00 6.8467E-02 1.1193E+01 1.3379E-02 1.0866E+01 7.3093E-032367200204015 
 2.9339E-01 2.9315E-01 1.1592E+03 2.9327E-01 5.3981E-01 7.3197E-032367200204016 
 3.1239E+00 6.8705E-02 1.1131E+01 1.3454E-02 1.0790E+01 7.3610E-032367200204017 
 2.9315E-01 2.9290E-01 1.1596E+03 2.9302E-01 5.5555E-01 7.4316E-032367200204018 
 2.9783E+00 6.7780E-02 1.1595E+01 1.2915E-02 1.0927E+01 7.2687E-032367200204019 
 2.9290E-01 2.9265E-01 1.1601E+03 2.9278E-01 5.3930E-01 7.1082E-032367200204020 
 3.1287E+00 6.6783E-02 1.1757E+01 1.2737E-02 1.1412E+01 6.9601E-032367200204021 
 2.9265E-01 2.9241E-01 1.1606E+03 2.9253E-01 5.5362E-01 7.2945E-032367200204022 
 2.9960E+00 6.6762E-02 1.1921E+01 1.2561E-02 1.1275E+01 7.0444E-032367200204023 
 2.9241E-01 2.9216E-01 1.1611E+03 2.9228E-01 5.4872E-01 7.1672E-032367200204024 
 3.0409E+00 6.6182E-02 1.2069E+01 1.2408E-02 1.1517E+01 6.8966E-032367200204025 
 2.9216E-01 2.9192E-01 1.1616E+03 2.9204E-01 5.3625E-01 6.9399E-032367200204026 
 3.1575E+00 6.5573E-02 1.2145E+01 1.2330E-02 1.1857E+01 6.6986E-032367200204027 
 2.9192E-01 2.9167E-01 1.1621E+03 2.9179E-01 5.4459E-01 7.0950E-032367200204028 
 3.0792E+00 6.6012E-02 1.2086E+01 1.2391E-02 1.1620E+01 6.8356E-032367200204029 
 2.9167E-01 2.9143E-01 1.1626E+03 2.9155E-01 5.5015E-01 7.2174E-032367200204030 
 3.0278E+00 6.6473E-02 1.1982E+01 1.2498E-02 1.1404E+01 6.9648E-032367200204031 
 2.9143E-01 2.9118E-01 1.1631E+03 2.9130E-01 5.5066E-01 7.2386E-032367200204032 
 3.0231E+00 6.6606E-02 1.1948E+01 1.2533E-02 1.1361E+01 6.9911E-032367200204033 
 2.9118E-01 2.9094E-01 1.1636E+03 2.9106E-01 5.3902E-01 7.2027E-032367200204034 
 3.1313E+00 6.7706E-02 1.1444E+01 1.3086E-02 1.1112E+01 7.1480E-032367200204035 
 2.9094E-01 2.9069E-01 1.1640E+03 2.9081E-01 5.4063E-01 7.3284E-032367200204036 
 3.1163E+00 6.8683E-02 1.1150E+01 1.3430E-02 1.0793E+01 7.3589E-032367200204037 
 2.9069E-01 2.9045E-01 1.1645E+03 2.9057E-01 5.3088E-01 7.2701E-032367200204038 
 3.2084E+00 6.9388E-02 1.0830E+01 1.3827E-02 1.0672E+01 7.4422E-032367200204039 
 2.9045E-01 2.9021E-01 1.1650E+03 2.9033E-01 5.4374E-01 7.5579E-032367200204040 
 3.0872E+00 7.0430E-02 1.0643E+01 1.4070E-02 1.0241E+01 7.7560E-032367200204041 
 2.9021E-01 2.8996E-01 1.1655E+03 2.9008E-01 5.4188E-01 7.5185E-032367200204042 
 3.1046E+00 7.0303E-02 1.0659E+01 1.4049E-02 1.0291E+01 7.7180E-032367200204043 
 2.8996E-01 2.8972E-01 1.1660E+03 2.8984E-01 5.5262E-01 7.7190E-032367200204044 
 3.0051E+00 7.0774E-02 1.0631E+01 1.4087E-02 1.0066E+01 7.8909E-032367200204045 
 2.8972E-01 2.8948E-01 1.1665E+03 2.8960E-01 5.2165E-01 7.2632E-032367200204046 
 3.2973E+00 7.0549E-02 1.0395E+01 1.4405E-02 1.0421E+01 7.6217E-032367200204047 
 2.8948E-01 2.8923E-01 1.1670E+03 2.8936E-01 5.4016E-01 7.4867E-032367200204048 
 3.1207E+00 7.0228E-02 1.0676E+01 1.4027E-02 1.0340E+01 7.6815E-032367200204049 
 2.8923E-01 2.8899E-01 1.1675E+03 2.8911E-01 5.3093E-01 7.4384E-032367200204050 
 3.2080E+00 7.0988E-02 1.0360E+01 1.4454E-02 1.0205E+01 7.7828E-032367200204051 
 2.8899E-01 2.8875E-01 1.1680E+03 2.8887E-01 5.3936E-01 7.5362E-032367200204052 
 3.1282E+00 7.0798E-02 1.0494E+01 1.4270E-02 1.0178E+01 7.8039E-032367200204053 
 2.8875E-01 2.8851E-01 1.1684E+03 2.8863E-01 5.2858E-01 7.4108E-032367200204054 
 3.2304E+00 7.1038E-02 1.0325E+01 1.4503E-02 1.0216E+01 7.7749E-032367200204055 
 2.8851E-01 2.8827E-01 1.1689E+03 2.8839E-01 5.2509E-01 7.3692E-032367200204056 
 3.2640E+00 7.1110E-02 1.0264E+01 1.4589E-02 1.0222E+01 7.7703E-032367200204057 
 2.8827E-01 2.8803E-01 1.1694E+03 2.8815E-01 5.4265E-01 7.6290E-032367200204058 
 3.0973E+00 7.1234E-02 1.0398E+01 1.4402E-02 1.0023E+01 7.9243E-032367200204059 
 2.8803E-01 2.8779E-01 1.1699E+03 2.8791E-01 5.5229E-01 7.7636E-032367200204060 
 3.0081E+00 7.1226E-02 1.0497E+01 1.4266E-02 9.9437E+00 7.9876E-032367200204061 
 2.8779E-01 2.8755E-01 1.1704E+03 2.8767E-01 5.3856E-01 7.5845E-032367200204062 
 3.1357E+00 7.1356E-02 1.0324E+01 1.4505E-02 1.0027E+01 7.9216E-032367200204063 
 2.8755E-01 2.8731E-01 1.1709E+03 2.8743E-01 5.5039E-01 7.6773E-032367200204064 
 3.0256E+00 7.0677E-02 1.0636E+01 1.4079E-02 1.0111E+01 7.8553E-032367200204065 
 2.8731E-01 2.8707E-01 1.1714E+03 2.8719E-01 5.4502E-01 7.6044E-032367200204066 
 3.0752E+00 7.0695E-02 1.0576E+01 1.4159E-02 1.0152E+01 7.8237E-032367200204067 
 2.8707E-01 2.8683E-01 1.1719E+03 2.8695E-01 5.4078E-01 7.5829E-032367200204068 
 3.1148E+00 7.1048E-02 1.0440E+01 1.4344E-02 1.0099E+01 7.8651E-032367200204069 
 2.8683E-01 2.8659E-01 1.1723E+03 2.8671E-01 5.3547E-01 7.5511E-032367200204070 
 3.1648E+00 7.1452E-02 1.0271E+01 1.4580E-02 1.0032E+01 7.9177E-032367200204071 
 2.8659E-01 2.8635E-01 1.1728E+03 2.8647E-01 5.3116E-01 7.5029E-032367200204072 
 3.2057E+00 7.1571E-02 1.0194E+01 1.4690E-02 1.0036E+01 7.9141E-032367200204073 
 2.8635E-01 2.8611E-01 1.1733E+03 2.8623E-01 5.3587E-01 7.6958E-032367200204074 
 3.1610E+00 7.2767E-02 9.9140E+00 1.5105E-02 9.6735E+00 8.2107E-032367200204075 
 2.8611E-01 2.8588E-01 1.1738E+03 2.8599E-01 5.4650E-01 7.9277E-032367200204076 
 3.0615E+00 7.3501E-02 9.8266E+00 1.5239E-02 9.4027E+00 8.4472E-032367200204077 
 2.8588E-01 2.8564E-01 1.1743E+03 2.8576E-01 5.4999E-01 8.1065E-032367200204078 
 3.0292E+00 7.4682E-02 9.5499E+00 1.5681E-02 9.0786E+00 8.7487E-032367200204079 
 2.8564E-01 2.8540E-01 1.1748E+03 2.8552E-01 5.4805E-01 8.2024E-032367200204080 
 3.0471E+00 7.5833E-02 9.2561E+00 1.6178E-02 8.8282E+00 8.9969E-032367200204081 
 2.8540E-01 2.8516E-01 1.1753E+03 2.8528E-01 5.2901E-01 8.0853E-032367200204082 
 3.2264E+00 7.7442E-02 8.7313E+00 1.7151E-02 8.6209E+00 9.2132E-032367200204083 
 2.8516E-01 2.8493E-01 1.1758E+03 2.8504E-01 5.4940E-01 8.4028E-032367200204084 
 3.0347E+00 7.7496E-02 8.8934E+00 1.6838E-02 8.4593E+00 9.3893E-032367200204085 
 2.8493E-01 2.8469E-01 1.1763E+03 2.8481E-01 5.4102E-01 8.2984E-032367200204086 
 3.1126E+00 7.7718E-02 8.7700E+00 1.7075E-02 8.4688E+00 9.3787E-032367200204087 
 2.8469E-01 2.8445E-01 1.1767E+03 2.8457E-01 5.5146E-01 8.3495E-032367200204088 
 3.0157E+00 7.6717E-02 9.0785E+00 1.6495E-02 8.6047E+00 9.2306E-032367200204089 
 2.8445E-01 2.8422E-01 1.1772E+03 2.8434E-01 5.4407E-01 8.2031E-032367200204090 
 3.0841E+00 7.6395E-02 9.0906E+00 1.6473E-02 8.7321E+00 9.0959E-032367200204091 
 2.8422E-01 2.8398E-01 1.1777E+03 2.8410E-01 5.4345E-01 8.2535E-032367200204092 
 3.0899E+00 7.6952E-02 8.9653E+00 1.6703E-02 8.6205E+00 9.2136E-032367200204093 
 2.8398E-01 2.8375E-01 1.1782E+03 2.8386E-01 5.4245E-01 8.4148E-032367200204094 
 3.0992E+00 7.8601E-02 8.5985E+00 1.7416E-02 8.2804E+00 9.5921E-032367200204095 
 2.8375E-01 2.8351E-01 1.1787E+03 2.8363E-01 5.4959E-01 8.7097E-032367200204096 
 3.0330E+00 8.0299E-02 8.2949E+00 1.8053E-02 7.8829E+00 1.0076E-022367200204097 
 2.8351E-01 2.8328E-01 1.1792E+03 2.8339E-01 5.4678E-01 8.8825E-032367200204098 
 3.0589E+00 8.2312E-02 7.8901E+00 1.8979E-02 7.5331E+00 1.0544E-022367200204099 
 2.8328E-01 2.8304E-01 1.1797E+03 2.8316E-01 5.3466E-01 8.6421E-032367200204100 
 3.1725E+00 8.1901E-02 7.8861E+00 1.8989E-02 7.6983E+00 1.0317E-022367200204101 
 2.8304E-01 2.8281E-01 1.1802E+03 2.8293E-01 5.3843E-01 8.5349E-032367200204102 
 3.1369E+00 8.0318E-02 8.2085E+00 1.8243E-02 7.9602E+00 9.9780E-032367200204103 
 2.8281E-01 2.8257E-01 1.1806E+03 2.8269E-01 5.4331E-01 8.2727E-032367200204104 
 3.0912E+00 7.7150E-02 8.9166E+00 1.6794E-02 8.5756E+00 9.2619E-032367200204105 
 2.8257E-01 2.8234E-01 1.1811E+03 2.8246E-01 5.5687E-01 8.2177E-032367200204106 
 2.9662E+00 7.4771E-02 9.5938E+00 1.5609E-02 9.0090E+00 8.8163E-032367200204107 
 2.8234E-01 2.8211E-01 1.1816E+03 2.8222E-01 5.3139E-01 7.7688E-032367200204108 
 3.2036E+00 7.4076E-02 9.5426E+00 1.5693E-02 9.3865E+00 8.4618E-032367200204109 
 2.8211E-01 2.8187E-01 1.1821E+03 2.8199E-01 5.4219E-01 7.8736E-032367200204110 
 3.1017E+00 7.3581E-02 9.7606E+00 1.5342E-02 9.4129E+00 8.4380E-032367200204111 
 2.8187E-01 2.8164E-01 1.1826E+03 2.8176E-01 5.4421E-01 7.9777E-032367200204112 
 3.0828E+00 7.4277E-02 9.6050E+00 1.5591E-02 9.2277E+00 8.6074E-032367200204113 
 2.8164E-01 2.8141E-01 1.1831E+03 2.8153E-01 5.3082E-01 7.9135E-032367200204114 
 3.2090E+00 7.5536E-02 9.1776E+00 1.6317E-02 9.0344E+00 8.7916E-032367200204115 
 2.8141E-01 2.8118E-01 1.1836E+03 2.8129E-01 5.4762E-01 8.3493E-032367200204116 
 3.0511E+00 7.7252E-02 8.9293E+00 1.6771E-02 8.5209E+00 9.3214E-032367200204117 
 2.8118E-01 2.8095E-01 1.1841E+03 2.8106E-01 5.3841E-01 8.4334E-032367200204118 
 3.1371E+00 7.9366E-02 8.4010E+00 1.7825E-02 8.1487E+00 9.7471E-032367200204119 
 2.8095E-01 2.8071E-01 1.1846E+03 2.8083E-01 5.4259E-01 8.7606E-032367200204120 
 3.0979E+00 8.1809E-02 7.9556E+00 1.8823E-02 7.6542E+00 1.0377E-022367200204121 
 2.8071E-01 2.8048E-01 1.1850E+03 2.8060E-01 5.3839E-01 8.8158E-032367200204122 
 3.1373E+00 8.2968E-02 7.7129E+00 1.9415E-02 7.4761E+00 1.0624E-022367200204123 
 2.8048E-01 2.8025E-01 1.1855E+03 2.8037E-01 5.4145E-01 8.8410E-032367200204124 
 3.1085E+00 8.2734E-02 7.7715E+00 1.9269E-02 7.4912E+00 1.0603E-022367200204125 
 2.8025E-01 2.8002E-01 1.1860E+03 2.8014E-01 5.3476E-01 8.6034E-032367200204126 
 3.1716E+00 8.1519E-02 7.9497E+00 1.8837E-02 7.7595E+00 1.0236E-022367200204127 
 2.8002E-01 2.7979E-01 1.1865E+03 2.7991E-01 5.2729E-01 8.4776E-032367200204128 
 3.2428E+00 8.1463E-02 7.9076E+00 1.8937E-02 7.8261E+00 1.0149E-022367200204129 
 2.7979E-01 2.7956E-01 1.1870E+03 2.7968E-01 5.4164E-01 8.6749E-032367200204130 
 3.1067E+00 8.1151E-02 8.0675E+00 1.8562E-02 7.7763E+00 1.0214E-022367200204131 
 2.7956E-01 2.7933E-01 1.1875E+03 2.7945E-01 5.4756E-01 8.8856E-032367200204132 
 3.0517E+00 8.2223E-02 7.9146E+00 1.8921E-02 7.5461E+00 1.0525E-022367200204133 
 2.7933E-01 2.7910E-01 1.1880E+03 2.7922E-01 5.3614E-01 8.8192E-032367200204134 
 3.1585E+00 8.3348E-02 7.6320E+00 1.9621E-02 7.4277E+00 1.0693E-022367200204135 
 2.7910E-01 2.7887E-01 1.1885E+03 2.7899E-01 5.5730E-01 9.5512E-032367200204136 
 2.9624E+00 8.6838E-02 7.1866E+00 2.0837E-02 6.7278E+00 1.1806E-022367200204137 
 2.7887E-01 2.7864E-01 1.1889E+03 2.7876E-01 5.5885E-01 1.0154E-022367200204138 
 2.9483E+00 9.2058E-02 6.4359E+00 2.3268E-02 6.0021E+00 1.3233E-022367200204139 
 2.7864E-01 2.7841E-01 1.1894E+03 2.7853E-01 5.3998E-01 1.0419E-022367200204140 
 3.1224E+00 9.7768E-02 5.6467E+00 2.6520E-02 5.4396E+00 1.4602E-022367200204141 
 2.7841E-01 2.7819E-01 1.1899E+03 2.7830E-01 5.5648E-01 1.1116E-022367200204142 
 2.9698E+00 1.0121E-01 5.3630E+00 2.7923E-02 5.0122E+00 1.5847E-022367200204143 
 2.7819E-01 2.7796E-01 1.1904E+03 2.7807E-01 5.1857E-01 1.0054E-022367200204144 
 3.3273E+00 9.8237E-02 5.4829E+00 2.7312E-02 5.4945E+00 1.4456E-022367200204145 
 2.7796E-01 2.7773E-01 1.1909E+03 2.7784E-01 5.4092E-01 9.9719E-032367200204146 
 3.1135E+00 9.3409E-02 6.1578E+00 2.4319E-02 5.9277E+00 1.3399E-022367200204147 
 2.7773E-01 2.7750E-01 1.1914E+03 2.7762E-01 5.4757E-01 9.4828E-032367200204148 
 3.0516E+00 8.7748E-02 6.9898E+00 2.1424E-02 6.6567E+00 1.1932E-022367200204149 
 2.7750E-01 2.7727E-01 1.1919E+03 2.7739E-01 5.2569E-01 8.8526E-032367200204150 
 3.2582E+00 8.5327E-02 7.2211E+00 2.0738E-02 7.1622E+00 1.1090E-022367200204151 
 2.7727E-01 2.7705E-01 1.1924E+03 2.7716E-01 5.2887E-01 8.8591E-032367200204152 
 3.2277E+00 8.4876E-02 7.3151E+00 2.0471E-02 7.2131E+00 1.1011E-022367200204153 
 2.7705E-01 2.7682E-01 1.1929E+03 2.7693E-01 5.4675E-01 9.3149E-032367200204154 
 3.0592E+00 8.6325E-02 7.2026E+00 2.0791E-02 6.8716E+00 1.1559E-022367200204155 
 2.7682E-01 2.7659E-01 1.1933E+03 2.7671E-01 5.3732E-01 9.3912E-032367200204156 
 3.1473E+00 8.8557E-02 6.7975E+00 2.2030E-02 6.5937E+00 1.2046E-022367200204157 
 2.7659E-01 2.7637E-01 1.1938E+03 2.7648E-01 5.3604E-01 9.5118E-032367200204158 
 3.1594E+00 8.9909E-02 6.5988E+00 2.2694E-02 6.4140E+00 1.2383E-022367200204159 
 2.7637E-01 2.7614E-01 1.1943E+03 2.7625E-01 5.2406E-01 9.0139E-032367200204160 
 3.2739E+00 8.7150E-02 6.9258E+00 2.1622E-02 6.8875E+00 1.1532E-022367200204161 
 2.7614E-01 2.7592E-01 1.1948E+03 2.7603E-01 5.3466E-01 8.6864E-032367200204162 
 3.1725E+00 8.2320E-02 7.8039E+00 1.9189E-02 7.6173E+00 1.0427E-022367200204163 
 2.7592E-01 2.7569E-01 1.1953E+03 2.7580E-01 5.3486E-01 8.3276E-032367200204164 
 3.1706E+00 7.8889E-02 8.4741E+00 1.7671E-02 8.2742E+00 9.5993E-032367200204165 
 2.7569E-01 2.7547E-01 1.1958E+03 2.7558E-01 5.3308E-01 8.0183E-032367200204166 
 3.1875E+00 7.6213E-02 9.0387E+00 1.6568E-02 8.8592E+00 8.9654E-032367200204167 
 2.7547E-01 2.7524E-01 1.1963E+03 2.7535E-01 5.4759E-01 8.1271E-032367200204168 
 3.0515E+00 7.5201E-02 9.4088E+00 1.5916E-02 8.9825E+00 8.8423E-032367200204169 
 2.7524E-01 2.7502E-01 1.1968E+03 2.7513E-01 5.4009E-01 7.8937E-032367200204170 
 3.1213E+00 7.4055E-02 9.6218E+00 1.5563E-02 9.3138E+00 8.5278E-032367200204171 
 2.7502E-01 2.7479E-01 1.1972E+03 2.7490E-01 5.3637E-01 7.7533E-032367200204172 
 3.1563E+00 7.3243E-02 9.7998E+00 1.5281E-02 9.5526E+00 8.3146E-032367200204173 
 2.7479E-01 2.7457E-01 1.1977E+03 2.7468E-01 5.2257E-01 7.4605E-032367200204174 
 3.2884E+00 7.2339E-02 9.9100E+00 1.5111E-02 9.9138E+00 8.0117E-032367200204175 
 2.7457E-01 2.7434E-01 1.1982E+03 2.7446E-01 5.3631E-01 7.4709E-032367200204176 
 3.1569E+00 7.0583E-02 1.0525E+01 1.4227E-02 1.0266E+01 7.7368E-032367200204177 
 2.7434E-01 2.7412E-01 1.1987E+03 2.7423E-01 5.4076E-01 7.4039E-032367200204178 
 3.1150E+00 6.9374E-02 1.0925E+01 1.3707E-02 1.0571E+01 7.5133E-032367200204179 
 2.7412E-01 2.7390E-01 1.1992E+03 2.7401E-01 5.2925E-01 7.0661E-032367200204180 
 3.2240E+00 6.7649E-02 1.1363E+01 1.3178E-02 1.1236E+01 7.0691E-032367200204181 
 2.7390E-01 2.7367E-01 1.1997E+03 2.7379E-01 5.3989E-01 7.0776E-032367200204182 
 3.1231E+00 6.6423E-02 1.1901E+01 1.2583E-02 1.1540E+01 6.8825E-032367200204183 
 2.7367E-01 2.7345E-01 1.2002E+03 2.7356E-01 5.3650E-01 7.1674E-032367200204184 
 3.1551E+00 6.7691E-02 1.1418E+01 1.3115E-02 1.1139E+01 7.1307E-032367200204185 
 2.7345E-01 2.7323E-01 1.2007E+03 2.7334E-01 5.2753E-01 7.2261E-032367200204186 
 3.2405E+00 6.9406E-02 1.0797E+01 1.3870E-02 1.0706E+01 7.4185E-032367200204187 
 2.7323E-01 2.7301E-01 1.2012E+03 2.7312E-01 5.4880E-01 7.6748E-032367200204188 
 3.0402E+00 7.0859E-02 1.0571E+01 1.4166E-02 1.0078E+01 7.8811E-032367200204189 
 2.7301E-01 2.7279E-01 1.2016E+03 2.7290E-01 5.4185E-01 7.5900E-032367200204190 
 3.1048E+00 7.0974E-02 1.0471E+01 1.4301E-02 1.0109E+01 7.8569E-032367200204191 
 2.7279E-01 2.7256E-01 1.2021E+03 2.7267E-01 5.5113E-01 7.8180E-032367200204192 
 3.0188E+00 7.1876E-02 1.0293E+01 1.4549E-02 9.7696E+00 8.1299E-032367200204193 
 2.7256E-01 2.7234E-01 1.2026E+03 2.7245E-01 5.3686E-01 7.7062E-032367200204194 
 3.1517E+00 7.2731E-02 9.9372E+00 1.5070E-02 9.6786E+00 8.2064E-032367200204195 
 2.7234E-01 2.7212E-01 1.2031E+03 2.7223E-01 5.3509E-01 7.6991E-032367200204196 
 3.1684E+00 7.2905E-02 9.8706E+00 1.5171E-02 9.6449E+00 8.2351E-032367200204197 
 2.7212E-01 2.7190E-01 1.2036E+03 2.7201E-01 5.4012E-01 7.7634E-032367200204198 
 3.1211E+00 7.2830E-02 9.9427E+00 1.5061E-02 9.6262E+00 8.2511E-032367200204199 
 2.7190E-01 2.7168E-01 1.2041E+03 2.7179E-01 5.4105E-01 7.8294E-032367200204200 
 3.1123E+00 7.3322E-02 9.8177E+00 1.5253E-02 9.4880E+00 8.3712E-032367200204201 
 2.7168E-01 2.7146E-01 1.2046E+03 2.7157E-01 5.3040E-01 7.7881E-032367200204202 
 3.2130E+00 7.4399E-02 9.4477E+00 1.5850E-02 9.3096E+00 8.5317E-032367200204203 
 2.7146E-01 2.7124E-01 1.2051E+03 2.7135E-01 5.3056E-01 7.7699E-032367200204204 
 3.2115E+00 7.4203E-02 9.4989E+00 1.5765E-02 9.3576E+00 8.4879E-032367200204205 
 2.7124E-01 2.7102E-01 1.2055E+03 2.7113E-01 5.4788E-01 8.0814E-032367200204206 
 3.0487E+00 7.4738E-02 9.5227E+00 1.5726E-02 9.0871E+00 8.7405E-032367200204207 
 2.7102E-01 2.7080E-01 1.2060E+03 2.7091E-01 5.3819E-01 8.0693E-032367200204208 
 3.1392E+00 7.5970E-02 9.1345E+00 1.6394E-02 8.8697E+00 8.9548E-032367200204209 
 2.7080E-01 2.7058E-01 1.2065E+03 2.7069E-01 5.3854E-01 8.2720E-032367200204210 
 3.1359E+00 7.7828E-02 8.7222E+00 1.7169E-02 8.4609E+00 9.3875E-032367200204211 
 2.7058E-01 2.7036E-01 1.2070E+03 2.7047E-01 5.1613E-01 8.2517E-032367200204212 
 3.3512E+00 8.1007E-02 7.9100E+00 1.8932E-02 7.9962E+00 9.9331E-032367200204213 
 2.7036E-01 2.7014E-01 1.2075E+03 2.7025E-01 5.4775E-01 9.2551E-032367200204214 
 3.0499E+00 8.5612E-02 7.3211E+00 2.0454E-02 6.9730E+00 1.1391E-022367200204215 
 2.7014E-01 2.6993E-01 1.2080E+03 2.7004E-01 5.2642E-01 8.9729E-032367200204216 
 3.2512E+00 8.6366E-02 7.0619E+00 2.1205E-02 6.9930E+00 1.1358E-022367200204217 
 2.6993E-01 2.6971E-01 1.2085E+03 2.6982E-01 5.1012E-01 8.5118E-032367200204218 
 3.4106E+00 8.4546E-02 7.2454E+00 2.0668E-02 7.4035E+00 1.0728E-022367200204219 
 2.6971E-01 2.6949E-01 1.2090E+03 2.6960E-01 5.3863E-01 8.7477E-032367200204220 
 3.1350E+00 8.2290E-02 7.8354E+00 1.9112E-02 7.5925E+00 1.0461E-022367200204221 
 2.6949E-01 2.6927E-01 1.2095E+03 2.6938E-01 5.5786E-01 8.8270E-032367200204222 
 2.9573E+00 8.0173E-02 8.3846E+00 1.7860E-02 7.8519E+00 1.0116E-022367200204223 
 2.6927E-01 2.6906E-01 1.2099E+03 2.6916E-01 5.3007E-01 8.2871E-032367200204224 
 3.2162E+00 7.9215E-02 8.3680E+00 1.7895E-02 8.2429E+00 9.6357E-032367200204225 
 2.6906E-01 2.6884E-01 1.2104E+03 2.6895E-01 5.3889E-01 8.5028E-032367200204226 
 3.1326E+00 7.9947E-02 8.2927E+00 1.8058E-02 8.0356E+00 9.8842E-032367200204227 
 2.6884E-01 2.6862E-01 1.2109E+03 2.6873E-01 5.3998E-01 8.6256E-032367200204228 
 3.1224E+00 8.0939E-02 8.0948E+00 1.8499E-02 7.8267E+00 1.0148E-022367200204229 
 2.6862E-01 2.6840E-01 1.2114E+03 2.6851E-01 5.3234E-01 8.5320E-032367200204230 
 3.1946E+00 8.1209E-02 7.9901E+00 1.8742E-02 7.8344E+00 1.0138E-022367200204231 
 2.6840E-01 2.6819E-01 1.2119E+03 2.6830E-01 5.2087E-01 8.1948E-032367200204232 
 3.3049E+00 7.9716E-02 8.1916E+00 1.8281E-02 8.2087E+00 9.6759E-032367200204233 
 2.6819E-01 2.6797E-01 1.2124E+03 2.6808E-01 5.3925E-01 8.4377E-032367200204234 
 3.1292E+00 7.9281E-02 8.4289E+00 1.7766E-02 8.1633E+00 9.7296E-032367200204235 
 2.6797E-01 2.6776E-01 1.2129E+03 2.6786E-01 5.3098E-01 8.1695E-032367200204236 
 3.2075E+00 7.7958E-02 8.6326E+00 1.7347E-02 8.4912E+00 9.3539E-032367200204237 
 2.6776E-01 2.6754E-01 1.2134E+03 2.6765E-01 5.3681E-01 8.2443E-032367200204238 
 3.1521E+00 7.7816E-02 8.7203E+00 1.7173E-02 8.4859E+00 9.3598E-032367200204239 
 2.6754E-01 2.6733E-01 1.2138E+03 2.6743E-01 5.3480E-01 8.4243E-032367200204240 
 3.1711E+00 7.9814E-02 8.2849E+00 1.8075E-02 8.0889E+00 9.8192E-032367200204241 
 2.6733E-01 2.6711E-01 1.2143E+03 2.6722E-01 5.3078E-01 8.5053E-032367200204242 
 3.2094E+00 8.1193E-02 7.9867E+00 1.8750E-02 7.8538E+00 1.0113E-022367200204243 
 2.6711E-01 2.6690E-01 1.2148E+03 2.6700E-01 5.1368E-01 8.3659E-032367200204244 
 3.3753E+00 8.2520E-02 7.6110E+00 1.9675E-02 7.7273E+00 1.0279E-022367200204245 
 2.6690E-01 2.6668E-01 1.2153E+03 2.6679E-01 5.3226E-01 8.6046E-032367200204246 
 3.1953E+00 8.1911E-02 7.8607E+00 1.9050E-02 7.7074E+00 1.0305E-022367200204247 
 2.6668E-01 2.6647E-01 1.2158E+03 2.6658E-01 5.3727E-01 8.5080E-032367200204248 
 3.1478E+00 8.0237E-02 8.2184E+00 1.8221E-02 7.9868E+00 9.9447E-032367200204249 
 2.6647E-01 2.6625E-01 1.2163E+03 2.6636E-01 5.2575E-01 8.3833E-032367200204250 
 3.2576E+00 8.0794E-02 8.0267E+00 1.8656E-02 7.9681E+00 9.9680E-032367200204251 
 2.6625E-01 2.6604E-01 1.2168E+03 2.6615E-01 5.2332E-01 8.3953E-032367200204252 
 3.2811E+00 8.1285E-02 7.9124E+00 1.8926E-02 7.8897E+00 1.0067E-022367200204253 
 2.6604E-01 2.6583E-01 1.2173E+03 2.6593E-01 5.1946E-01 8.4965E-032367200204254 
 3.3187E+00 8.2876E-02 7.5947E+00 1.9718E-02 7.6258E+00 1.0415E-022367200204255 
 2.6583E-01 2.6561E-01 1.2178E+03 2.6572E-01 5.2426E-01 8.7496E-032367200204256 
 3.2720E+00 8.4563E-02 7.3360E+00 2.0413E-02 7.2968E+00 1.0885E-022367200204257 
 2.6561E-01 2.6540E-01 1.2182E+03 2.6551E-01 5.3649E-01 9.0184E-032367200204258 
 3.1552E+00 8.5174E-02 7.3188E+00 2.0461E-02 7.1154E+00 1.1163E-022367200204259 
 2.6540E-01 2.6519E-01 1.2187E+03 2.6529E-01 5.3254E-01 8.7316E-032367200204260 
 3.1927E+00 8.3078E-02 7.6538E+00 1.9565E-02 7.4989E+00 1.0592E-022367200204261 
 2.6519E-01 2.6498E-01 1.2192E+03 2.6508E-01 5.2709E-01 8.4599E-032367200204262 
 3.2447E+00 8.1324E-02 7.9322E+00 1.8879E-02 7.8537E+00 1.0113E-022367200204263 
 2.6498E-01 2.6476E-01 1.2197E+03 2.6487E-01 5.2678E-01 8.3212E-032367200204264 
 3.2477E+00 8.0038E-02 8.1839E+00 1.8298E-02 8.1098E+00 9.7939E-032367200204265 
 2.6476E-01 2.6455E-01 1.2202E+03 2.6466E-01 5.1743E-01 8.1430E-032367200204266 
 3.3385E+00 7.9740E-02 8.1635E+00 1.8344E-02 8.2342E+00 9.6459E-032367200204267 
 2.6455E-01 2.6434E-01 1.2207E+03 2.6445E-01 5.3443E-01 8.4255E-032367200204268 
 3.1747E+00 7.9882E-02 8.2694E+00 1.8109E-02 8.0792E+00 9.8309E-032367200204269 
 2.6434E-01 2.6413E-01 1.2212E+03 2.6423E-01 5.2423E-01 8.1914E-032367200204270 
 3.2723E+00 7.9173E-02 8.3286E+00 1.7980E-02 8.2943E+00 9.5760E-032367200204271 
 2.6413E-01 2.6392E-01 1.2217E+03 2.6402E-01 5.2532E-01 8.4436E-032367200204272 
 3.2618E+00 8.1441E-02 7.8945E+00 1.8969E-02 7.8421E+00 1.0128E-022367200204273 
 2.6392E-01 2.6371E-01 1.2221E+03 2.6381E-01 5.3874E-01 8.7660E-032367200204274 
 3.1340E+00 8.2445E-02 7.8089E+00 1.9177E-02 7.5651E+00 1.0499E-022367200204275 
 2.6371E-01 2.6350E-01 1.2226E+03 2.6360E-01 5.3603E-01 8.8576E-032367200204276 
 3.1596E+00 8.3729E-02 7.5636E+00 1.9799E-02 7.3620E+00 1.0789E-022367200204277 
 2.6350E-01 2.6329E-01 1.2231E+03 2.6339E-01 5.2316E-01 8.6641E-032367200204278 
 3.2827E+00 8.3913E-02 7.4405E+00 2.0126E-02 7.4172E+00 1.0708E-022367200204279 
 2.6329E-01 2.6308E-01 1.2236E+03 2.6318E-01 5.3064E-01 8.7818E-032367200204280 
 3.2108E+00 8.3855E-02 7.5063E+00 1.9950E-02 7.3791E+00 1.0764E-022367200204281 
 2.6308E-01 2.6287E-01 1.2241E+03 2.6297E-01 5.3656E-01 8.9038E-032367200204282 
 3.1545E+00 8.4081E-02 7.5097E+00 1.9941E-02 7.3018E+00 1.0878E-022367200204283 
 2.6287E-01 2.6266E-01 1.2246E+03 2.6276E-01 5.4940E-01 9.0014E-032367200204284 
 3.0347E+00 8.3016E-02 7.7817E+00 1.9244E-02 7.3938E+00 1.0742E-022367200204285 
 2.6266E-01 2.6245E-01 1.2251E+03 2.6255E-01 5.3107E-01 8.7474E-032367200204286 
 3.2067E+00 8.3459E-02 7.5751E+00 1.9768E-02 7.4415E+00 1.0673E-022367200204287 
 2.6245E-01 2.6224E-01 1.2256E+03 2.6234E-01 5.4117E-01 8.9169E-032367200204288 
 3.1112E+00 8.3487E-02 7.6416E+00 1.9597E-02 7.3687E+00 1.0779E-022367200204289 
 2.6224E-01 2.6203E-01 1.2261E+03 2.6213E-01 5.1568E-01 8.5629E-032367200204290 
 3.3556E+00 8.4135E-02 7.3530E+00 2.0366E-02 7.4343E+00 1.0684E-022367200204291 
 2.6203E-01 2.6182E-01 1.2265E+03 2.6193E-01 5.2087E-01 8.4274E-032367200204292 
 3.3049E+00 8.1980E-02 7.7710E+00 1.9270E-02 7.7836E+00 1.0204E-022367200204293 
 2.6182E-01 2.6161E-01 1.2270E+03 2.6172E-01 5.2101E-01 8.4180E-032367200204294 
 3.3036E+00 8.1867E-02 7.7860E+00 1.9233E-02 7.7967E+00 1.0187E-022367200204295 
 2.6161E-01 2.6140E-01 1.2275E+03 2.6151E-01 5.3684E-01 8.7621E-032367200204296 
 3.1518E+00 8.2699E-02 7.7509E+00 1.9320E-02 7.5346E+00 1.0542E-022367200204297 
 2.6140E-01 2.6120E-01 1.2280E+03 2.6130E-01 5.4060E-01 8.7781E-032367200204298 
 3.1165E+00 8.2274E-02 7.8544E+00 1.9066E-02 7.5836E+00 1.0473E-022367200204299 
 2.6120E-01 2.6099E-01 1.2285E+03 2.6109E-01 5.4455E-01 8.8258E-032367200204300 
 3.0796E+00 8.2122E-02 7.9122E+00 1.8926E-02 7.5851E+00 1.0471E-022367200204301 
 2.6099E-01 2.6078E-01 1.2290E+03 2.6089E-01 5.2732E-01 8.6412E-032367200204302 
 3.2426E+00 8.3032E-02 7.6179E+00 1.9658E-02 7.5364E+00 1.0539E-022367200204303 
 2.6078E-01 2.6057E-01 1.2295E+03 2.6068E-01 5.4055E-01 8.8446E-032367200204304 
 3.1170E+00 8.2906E-02 7.7360E+00 1.9357E-02 7.4690E+00 1.0634E-022367200204305 
 2.6057E-01 2.6037E-01 1.2300E+03 2.6047E-01 5.2604E-01 8.7807E-032367200204306 
 3.2548E+00 8.4576E-02 7.3525E+00 2.0367E-02 7.2889E+00 1.0897E-022367200204307 
 2.6037E-01 2.6016E-01 1.2305E+03 2.6026E-01 5.3869E-01 9.1142E-032367200204308 
 3.1344E+00 8.5727E-02 7.2466E+00 2.0665E-02 7.0161E+00 1.1321E-022367200204309 
 2.6016E-01 2.5995E-01 1.2309E+03 2.6006E-01 5.2876E-01 8.9152E-032367200204310 
 3.2287E+00 8.5431E-02 7.2303E+00 2.0711E-02 7.1303E+00 1.1139E-022367200204311 
 2.5995E-01 2.5975E-01 1.2314E+03 2.5985E-01 5.2253E-01 8.9650E-032367200204312 
 3.2887E+00 8.6931E-02 6.9505E+00 2.1545E-02 6.9323E+00 1.1457E-022367200204313 
 2.5975E-01 2.5954E-01 1.2319E+03 2.5965E-01 5.3800E-01 9.3320E-032367200204314 
 3.1410E+00 8.7889E-02 6.9092E+00 2.1674E-02 6.6949E+00 1.1864E-022367200204315 
 2.5954E-01 2.5934E-01 1.2324E+03 2.5944E-01 5.0732E-01 8.7637E-032367200204316 
 3.4384E+00 8.7527E-02 6.7633E+00 2.2141E-02 6.9434E+00 1.1439E-022367200204317 
 2.5934E-01 2.5913E-01 1.2329E+03 2.5923E-01 5.3314E-01 9.2257E-032367200204318 
 3.1869E+00 8.7679E-02 6.9026E+00 2.1695E-02 6.7486E+00 1.1769E-022367200204319 
 2.5913E-01 2.5893E-01 1.2334E+03 2.5903E-01 5.3859E-01 9.4358E-032367200204320 
 3.1353E+00 8.8768E-02 6.7766E+00 2.2098E-02 6.5579E+00 1.2112E-022367200204321 
 2.5893E-01 2.5872E-01 1.2339E+03 2.5882E-01 5.3373E-01 9.4156E-032367200204322 
 3.1813E+00 8.9385E-02 6.6595E+00 2.2486E-02 6.5014E+00 1.2217E-022367200204323 
 2.5872E-01 2.5852E-01 1.2344E+03 2.5862E-01 5.3368E-01 9.5851E-032367200204324 
 3.1818E+00 9.1004E-02 6.4314E+00 2.3284E-02 6.2770E+00 1.2653E-022367200204325 
 2.5852E-01 2.5831E-01 1.2348E+03 2.5841E-01 5.3064E-01 9.5984E-032367200204326 
 3.2107E+00 9.1652E-02 6.3302E+00 2.3656E-02 6.2121E+00 1.2786E-022367200204327 
 2.5831E-01 2.5811E-01 1.2353E+03 2.5821E-01 5.1790E-01 9.3141E-032367200204328 
 3.3338E+00 9.1124E-02 6.3244E+00 2.3678E-02 6.3570E+00 1.2494E-022367200204329 
 2.5811E-01 2.5790E-01 1.2358E+03 2.5801E-01 5.4597E-01 9.6614E-032367200204330 
 3.0664E+00 8.9663E-02 6.6889E+00 2.2388E-02 6.3858E+00 1.2438E-022367200204331 
 2.5790E-01 2.5770E-01 1.2363E+03 2.5780E-01 5.3026E-01 8.9470E-032367200204332 
 3.2143E+00 8.5493E-02 7.2266E+00 2.0722E-02 7.1066E+00 1.1176E-022367200204333 
 2.5770E-01 2.5750E-01 1.2368E+03 2.5760E-01 5.3485E-01 8.6951E-032367200204334 
 3.1707E+00 8.2372E-02 7.7923E+00 1.9218E-02 7.6031E+00 1.0447E-022367200204335 
 2.5750E-01 2.5729E-01 1.2373E+03 2.5740E-01 5.4333E-01 8.4093E-032367200204336 
 3.0910E+00 7.8422E-02 8.6379E+00 1.7336E-02 8.3052E+00 9.5635E-032367200204337 
 2.5729E-01 2.5709E-01 1.2378E+03 2.5719E-01 5.3370E-01 7.7878E-032367200204338 
 3.1816E+00 7.3937E-02 9.5941E+00 1.5608E-02 9.3971E+00 8.4522E-032367200204339 
 2.5709E-01 2.5689E-01 1.2383E+03 2.5699E-01 5.4517E-01 7.7239E-032367200204340 
 3.0738E+00 7.1787E-02 1.0273E+01 1.4577E-02 9.8569E+00 8.0580E-032367200204341 
 2.5689E-01 2.5669E-01 1.2388E+03 2.5679E-01 5.4295E-01 7.4732E-032367200204342 
 3.0945E+00 6.9741E-02 1.0838E+01 1.3817E-02 1.0445E+01 7.6046E-032367200204343 
 2.5669E-01 2.5648E-01 1.2392E+03 2.5659E-01 5.2638E-01 7.0481E-032367200204344 
 3.2516E+00 6.7844E-02 1.1260E+01 1.3299E-02 1.1193E+01 7.0960E-032367200204345 
 2.5648E-01 2.5628E-01 1.2397E+03 2.5638E-01 5.1625E-01 6.8547E-032367200204346 
 3.3501E+00 6.7278E-02 1.1345E+01 1.3199E-02 1.1498E+01 6.9078E-032367200204347 
 2.5628E-01 2.5608E-01 1.2402E+03 2.5618E-01 5.3555E-01 6.9552E-032367200204348 
 3.1641E+00 6.5804E-02 1.2057E+01 1.2420E-02 1.1786E+01 6.7391E-032367200204349 
 2.5608E-01 2.5588E-01 1.2407E+03 2.5598E-01 5.2020E-01 6.7299E-032367200204350 
 3.3114E+00 6.5550E-02 1.1980E+01 1.2500E-02 1.2053E+01 6.5895E-032367200204351 
 2.5588E-01 2.5568E-01 1.2412E+03 2.5578E-01 5.2666E-01 6.6988E-032367200204352 
 3.2488E+00 6.4448E-02 1.2456E+01 1.2023E-02 1.2382E+01 6.4145E-032367200204353 
 2.5568E-01 2.5548E-01 1.2417E+03 2.5558E-01 5.1522E-01 6.4103E-032367200204354 
 3.3602E+00 6.3041E-02 1.2872E+01 1.1634E-02 1.3081E+01 6.0720E-032367200204355 
 2.5548E-01 2.5528E-01 1.2422E+03 2.5538E-01 5.3599E-01 6.6454E-032367200204356 
 3.1599E+00 6.2822E-02 1.3207E+01 1.1338E-02 1.2907E+01 6.1539E-032367200204357 
 2.5528E-01 2.5507E-01 1.2427E+03 2.5518E-01 5.2143E-01 6.3646E-032367200204358 
 3.2994E+00 6.1846E-02 1.3436E+01 1.1146E-02 1.3495E+01 5.8855E-032367200204359 
 2.5507E-01 2.5487E-01 1.2431E+03 2.5497E-01 5.2857E-01 6.3819E-032367200204360 
 3.2306E+00 6.1177E-02 1.3825E+01 1.0832E-02 1.3702E+01 5.7968E-032367200204361 
 2.5487E-01 2.5467E-01 1.2436E+03 2.5477E-01 5.2899E-01 6.4387E-032367200204362 
 3.2266E+00 6.1673E-02 1.3600E+01 1.1011E-02 1.3468E+01 5.8975E-032367200204363 
 2.5467E-01 2.5447E-01 1.2441E+03 2.5457E-01 5.2977E-01 6.3997E-032367200204364 
 3.2191E+00 6.1209E-02 1.3819E+01 1.0837E-02 1.3665E+01 5.8123E-032367200204365 
 2.5447E-01 2.5427E-01 1.2446E+03 2.5437E-01 5.2886E-01 6.3092E-032367200204366 
 3.2277E+00 6.0446E-02 1.4160E+01 1.0576E-02 1.4028E+01 5.6620E-032367200204367 
 2.5427E-01 2.5408E-01 1.2451E+03 2.5418E-01 5.2674E-01 6.1009E-032367200204368 
 3.2481E+00 5.8687E-02 1.4966E+01 1.0006E-02 1.4890E+01 5.3342E-032367200204369 
 2.5408E-01 2.5388E-01 1.2456E+03 2.5398E-01 5.2950E-01 6.0967E-032367200204370 
 3.2216E+00 5.8341E-02 1.5176E+01 9.8676E-03 1.5021E+01 5.2876E-032367200204371 
 2.5388E-01 2.5368E-01 1.2461E+03 2.5378E-01 5.2045E-01 6.0349E-032367200204372 
 3.3090E+00 5.8753E-02 1.4850E+01 1.0084E-02 1.4951E+01 5.3123E-032367200204373 
 2.5368E-01 2.5348E-01 1.2466E+03 2.5358E-01 5.3103E-01 6.2256E-032367200204374 
 3.2071E+00 5.9403E-02 1.4671E+01 1.0207E-02 1.4478E+01 5.4859E-032367200204375 
 2.5348E-01 2.5328E-01 1.2471E+03 2.5338E-01 5.2791E-01 6.2896E-032367200204376 
 3.2369E+00 6.0367E-02 1.4170E+01 1.0568E-02 1.4063E+01 5.6480E-032367200204377 
 2.5328E-01 2.5308E-01 1.2475E+03 2.5318E-01 5.2619E-01 6.3187E-032367200204378 
 3.2534E+00 6.0845E-02 1.3930E+01 1.0750E-02 1.3868E+01 5.7272E-032367200204379 
 2.5308E-01 2.5288E-01 1.2480E+03 2.5298E-01 5.2371E-01 6.3681E-032367200204380 
 3.2773E+00 6.1611E-02 1.3567E+01 1.1037E-02 1.3569E+01 5.8533E-032367200204381 
 2.5288E-01 2.5269E-01 1.2485E+03 2.5279E-01 5.2907E-01 6.5098E-032367200204382 
 3.2257E+00 6.2344E-02 1.3318E+01 1.1244E-02 1.3184E+01 6.0243E-032367200204383 
 2.5269E-01 2.5249E-01 1.2490E+03 2.5259E-01 5.1797E-01 6.5176E-032367200204384 
 3.3332E+00 6.3757E-02 1.2616E+01 1.1870E-02 1.2752E+01 6.2287E-032367200204385 
 2.5249E-01 2.5229E-01 1.2495E+03 2.5239E-01 5.3389E-01 6.8556E-032367200204386 
 3.1798E+00 6.5063E-02 1.2308E+01 1.2167E-02 1.2070E+01 6.5806E-032367200204387 
 2.5229E-01 2.5209E-01 1.2500E+03 2.5219E-01 5.2662E-01 6.9489E-032367200204388 
 3.2493E+00 6.6859E-02 1.1596E+01 1.2914E-02 1.1524E+01 6.8923E-032367200204389 
 2.5209E-01 2.5190E-01 1.2505E+03 2.5200E-01 5.2481E-01 7.0852E-032367200204390 
 3.2667E+00 6.8405E-02 1.1060E+01 1.3540E-02 1.1025E+01 7.2041E-032367200204391 
 2.5190E-01 2.5170E-01 1.2510E+03 2.5180E-01 5.3173E-01 7.2864E-032367200204392 
 3.2003E+00 6.9432E-02 1.0822E+01 1.3838E-02 1.0647E+01 7.4599E-032367200204393 
 2.5170E-01 2.5150E-01 1.2514E+03 2.5160E-01 5.2107E-01 7.2323E-032367200204394 
 3.3030E+00 7.0327E-02 1.0452E+01 1.4327E-02 1.0490E+01 7.5715E-032367200204395 
 2.5150E-01 2.5131E-01 1.2519E+03 2.5141E-01 5.2487E-01 7.3712E-032367200204396 
 3.2661E+00 7.1158E-02 1.0250E+01 1.4610E-02 1.0211E+01 7.7784E-032367200204397 
 2.5131E-01 2.5111E-01 1.2524E+03 2.5121E-01 5.2462E-01 7.6594E-032367200204398 
 3.2686E+00 7.3976E-02 9.4996E+00 1.5764E-02 9.4635E+00 8.3929E-032367200204399 
 2.5111E-01 2.5092E-01 1.2529E+03 2.5101E-01 5.3893E-01 8.1080E-032367200204400 
 3.1322E+00 7.6229E-02 9.0909E+00 1.6472E-02 8.8149E+00 9.0105E-032367200204401 
 2.5092E-01 2.5072E-01 1.2534E+03 2.5082E-01 5.1985E-01 8.0195E-032367200204402 
 3.3148E+00 7.8165E-02 8.5042E+00 1.7609E-02 8.5414E+00 9.2990E-032367200204403 
 2.5072E-01 2.5053E-01 1.2539E+03 2.5062E-01 5.3858E-01 8.3680E-032367200204404 
 3.1355E+00 7.8725E-02 8.5366E+00 1.7542E-02 8.2788E+00 9.5940E-032367200204405 
 2.5053E-01 2.5033E-01 1.2544E+03 2.5043E-01 5.3085E-01 8.3662E-032367200204406 
 3.2088E+00 7.9854E-02 8.2507E+00 1.8150E-02 8.1145E+00 9.7881E-032367200204407 
 2.5033E-01 2.5014E-01 1.2549E+03 2.5023E-01 5.2958E-01 8.4859E-032367200204408 
 3.2208E+00 8.1191E-02 7.9722E+00 1.8784E-02 7.8569E+00 1.0109E-022367200204409 
 2.5014E-01 2.4994E-01 1.2554E+03 2.5004E-01 5.3423E-01 8.8302E-032367200204410 
 3.1766E+00 8.3749E-02 7.5377E+00 1.9867E-02 7.3609E+00 1.0790E-022367200204411 
 2.4994E-01 2.4975E-01 1.2558E+03 2.4984E-01 5.2475E-01 9.0297E-032367200204412 
 3.2673E+00 8.7189E-02 6.9238E+00 2.1628E-02 6.8766E+00 1.1550E-022367200204413 
 2.4975E-01 2.4955E-01 1.2563E+03 2.4965E-01 5.2468E-01 9.1810E-032367200204414 
 3.2680E+00 8.8662E-02 6.7049E+00 2.2334E-02 6.6577E+00 1.1930E-022367200204415 
 2.4955E-01 2.4936E-01 1.2568E+03 2.4946E-01 5.1509E-01 8.9935E-032367200204416 
 3.3615E+00 8.8468E-02 6.6748E+00 2.2435E-02 6.7495E+00 1.1768E-022367200204417 
 2.4936E-01 2.4917E-01 1.2573E+03 2.4926E-01 5.1854E-01 8.9224E-032367200204418 
 3.3276E+00 8.7185E-02 6.8806E+00 2.1764E-02 6.9141E+00 1.1488E-022367200204419 
 2.4917E-01 2.4897E-01 1.2578E+03 2.4907E-01 5.2905E-01 8.8566E-032367200204420 
 3.2259E+00 8.4822E-02 7.3269E+00 2.0438E-02 7.2224E+00 1.0997E-022367200204421 
 2.4897E-01 2.4878E-01 1.2583E+03 2.4888E-01 5.1449E-01 8.5157E-032367200204422 
 3.3673E+00 8.3865E-02 7.3895E+00 2.0265E-02 7.4887E+00 1.0606E-022367200204423 
 2.4878E-01 2.4859E-01 1.2588E+03 2.4868E-01 5.3132E-01 8.7398E-032367200204424 
 3.2043E+00 8.3346E-02 7.5955E+00 1.9716E-02 7.4581E+00 1.0650E-022367200204425 
 2.4859E-01 2.4839E-01 1.2593E+03 2.4849E-01 5.0510E-01 8.2651E-032367200204426 
 3.4607E+00 8.2910E-02 7.4878E+00 1.9999E-02 7.7288E+00 1.0277E-022367200204427 
 2.4839E-01 2.4820E-01 1.2597E+03 2.4830E-01 5.2661E-01 8.6308E-032367200204428 
 3.2494E+00 8.3042E-02 7.6164E+00 1.9661E-02 7.5450E+00 1.0527E-022367200204429 
 2.4820E-01 2.4801E-01 1.2602E+03 2.4810E-01 5.2525E-01 8.7139E-032367200204430 
 3.2625E+00 8.4060E-02 7.4364E+00 2.0137E-02 7.3839E+00 1.0757E-022367200204431 
 2.4801E-01 2.4782E-01 1.2607E+03 2.4791E-01 5.3104E-01 8.8183E-032367200204432 
 3.2069E+00 8.4139E-02 7.4568E+00 2.0082E-02 7.3245E+00 1.0844E-022367200204433 
 2.4782E-01 2.4762E-01 1.2612E+03 2.4772E-01 5.3511E-01 8.8789E-032367200204434 
 3.1682E+00 8.4073E-02 7.4946E+00 1.9981E-02 7.3066E+00 1.0870E-022367200204435 
 2.4762E-01 2.4743E-01 1.2617E+03 2.4753E-01 5.2030E-01 8.7551E-032367200204436 
 3.3104E+00 8.5260E-02 7.2047E+00 2.0785E-02 7.2188E+00 1.1003E-022367200204437 
 2.4743E-01 2.4724E-01 1.2622E+03 2.4734E-01 5.2040E-01 8.7638E-032367200204438 
 3.3095E+00 8.5329E-02 7.1892E+00 2.0830E-02 7.2019E+00 1.1028E-022367200204439 
 2.4724E-01 2.4705E-01 1.2627E+03 2.4715E-01 5.2699E-01 8.7815E-032367200204440 
 3.2457E+00 8.4432E-02 7.3829E+00 2.0283E-02 7.3063E+00 1.0871E-022367200204441 
 2.4705E-01 2.4686E-01 1.2632E+03 2.4696E-01 5.3093E-01 8.8089E-032367200204442 
 3.2080E+00 8.4067E-02 7.4704E+00 2.0046E-02 7.3395E+00 1.0822E-022367200204443 
 2.4686E-01 2.4667E-01 1.2637E+03 2.4676E-01 5.2474E-01 8.5235E-032367200204444 
 3.2674E+00 8.2302E-02 7.7426E+00 1.9341E-02 7.6982E+00 1.0317E-022367200204445 
 2.4667E-01 2.4648E-01 1.2641E+03 2.4657E-01 5.1768E-01 8.4101E-032367200204446 
 3.3361E+00 8.2316E-02 7.6874E+00 1.9480E-02 7.7461E+00 1.0254E-022367200204447 
 2.4648E-01 2.4629E-01 1.2646E+03 2.4638E-01 5.1863E-01 8.4668E-032367200204448 
 3.3267E+00 8.2718E-02 7.6148E+00 1.9666E-02 7.6582E+00 1.0371E-022367200204449 
 2.4629E-01 2.4610E-01 1.2651E+03 2.4619E-01 4.9968E-01 8.2057E-032367200204450 
 3.5153E+00 8.3207E-02 7.3960E+00 2.0247E-02 7.7150E+00 1.0295E-022367200204451 
 2.4610E-01 2.4591E-01 1.2656E+03 2.4600E-01 5.3433E-01 8.9025E-032367200204452 
 3.1756E+00 8.4419E-02 7.4320E+00 2.0149E-02 7.2554E+00 1.0947E-022367200204453 
 2.4591E-01 2.4572E-01 1.2661E+03 2.4581E-01 5.2863E-01 8.9867E-032367200204454 
 3.2300E+00 8.6137E-02 7.1137E+00 2.1051E-02 7.0158E+00 1.1321E-022367200204455 
 2.4572E-01 2.4553E-01 1.2666E+03 2.4562E-01 5.1392E-01 8.9604E-032367200204456 
 3.3730E+00 8.8343E-02 6.6821E+00 2.2410E-02 6.7722E+00 1.1728E-022367200204457 
 2.4553E-01 2.4534E-01 1.2671E+03 2.4543E-01 5.1404E-01 9.2056E-032367200204458 
 3.3718E+00 9.0739E-02 6.3564E+00 2.3559E-02 6.4370E+00 1.2339E-022367200204459 
 2.4534E-01 2.4515E-01 1.2676E+03 2.4525E-01 5.3444E-01 9.6927E-032367200204460 
 3.1746E+00 9.1895E-02 6.3129E+00 2.3721E-02 6.1515E+00 1.2912E-022367200204461 
 2.4515E-01 2.4496E-01 1.2680E+03 2.4506E-01 5.1248E-01 9.3041E-032367200204462 
 3.3871E+00 9.1988E-02 6.1785E+00 2.4237E-02 6.2735E+00 1.2661E-022367200204463 
 2.4496E-01 2.4477E-01 1.2685E+03 2.4487E-01 5.2575E-01 9.3194E-032367200204464 
 3.2576E+00 8.9814E-02 6.5464E+00 2.2875E-02 6.4856E+00 1.2247E-022367200204465 
 2.4477E-01 2.4459E-01 1.2690E+03 2.4468E-01 5.1333E-01 8.8577E-032367200204466 
 3.3788E+00 8.7431E-02 6.8156E+00 2.1971E-02 6.9168E+00 1.1483E-022367200204467 
 2.4459E-01 2.4440E-01 1.2695E+03 2.4449E-01 5.3265E-01 9.0562E-032367200204468 
 3.1916E+00 8.6149E-02 7.1368E+00 2.0983E-02 6.9863E+00 1.1369E-022367200204469 
 2.4440E-01 2.4421E-01 1.2700E+03 2.4430E-01 5.0389E-01 8.5266E-032367200204470 
 3.4729E+00 8.5740E-02 7.0149E+00 2.1347E-02 7.2531E+00 1.0951E-022367200204471 
 2.4421E-01 2.4402E-01 1.2705E+03 2.4412E-01 5.2666E-01 9.0438E-032367200204472 
 3.2489E+00 8.7008E-02 6.9600E+00 2.1516E-02 6.8880E+00 1.1531E-022367200204473 
 2.4402E-01 2.4383E-01 1.2710E+03 2.4393E-01 5.2542E-01 9.1327E-032367200204474 
 3.2609E+00 8.8071E-02 6.7929E+00 2.2045E-02 6.7367E+00 1.1790E-022367200204475 
 2.4383E-01 2.4365E-01 1.2715E+03 2.4374E-01 5.1018E-01 9.0356E-032367200204476 
 3.4100E+00 8.9739E-02 6.4653E+00 2.3162E-02 6.5974E+00 1.2039E-022367200204477 
 2.4365E-01 2.4346E-01 1.2720E+03 2.4355E-01 5.1234E-01 9.0000E-032367200204478 
 3.3886E+00 8.9008E-02 6.5823E+00 2.2750E-02 6.6903E+00 1.1872E-022367200204479 
 2.4346E-01 2.4327E-01 1.2724E+03 2.4337E-01 5.3331E-01 9.4407E-032367200204480 
 3.1853E+00 8.9694E-02 6.6094E+00 2.2657E-02 6.4570E+00 1.2301E-022367200204481 
 2.4327E-01 2.4309E-01 1.2729E+03 2.4318E-01 5.1835E-01 9.2250E-032367200204482 
 3.3294E+00 9.0174E-02 6.4520E+00 2.3210E-02 6.4811E+00 1.2255E-022367200204483 
 2.4309E-01 2.4290E-01 1.2734E+03 2.4299E-01 5.2581E-01 9.2258E-032367200204484 
 3.2571E+00 8.8902E-02 6.6808E+00 2.2415E-02 6.6195E+00 1.1999E-022367200204485 
 2.4290E-01 2.4271E-01 1.2739E+03 2.4281E-01 5.5016E-01 9.5965E-032367200204486 
 3.0277E+00 8.8382E-02 6.8989E+00 2.1706E-02 6.5387E+00 1.2147E-022367200204487 
 2.4271E-01 2.4253E-01 1.2744E+03 2.4262E-01 5.1921E-01 9.1014E-032367200204488 
 3.3211E+00 8.8820E-02 6.6482E+00 2.2525E-02 6.6697E+00 1.1909E-022367200204489 
 2.4253E-01 2.4234E-01 1.2749E+03 2.4244E-01 5.1830E-01 9.1347E-032367200204490 
 3.3300E+00 8.9301E-02 6.5780E+00 2.2765E-02 6.6098E+00 1.2016E-022367200204491 
 2.4234E-01 2.4216E-01 1.2754E+03 2.4225E-01 5.1328E-01 9.1034E-032367200204492 
 3.3793E+00 8.9865E-02 6.4683E+00 2.3151E-02 6.5612E+00 1.2105E-022367200204493 
 2.4216E-01 2.4197E-01 1.2759E+03 2.4206E-01 5.1377E-01 9.1660E-032367200204494 
 3.3744E+00 9.0396E-02 6.3995E+00 2.3400E-02 6.4844E+00 1.2249E-022367200204495 
 2.4197E-01 2.4179E-01 1.2763E+03 2.4188E-01 5.1847E-01 9.3434E-032367200204496 
 3.3283E+00 9.1311E-02 6.3063E+00 2.3746E-02 6.3317E+00 1.2544E-022367200204497 
 2.4179E-01 2.4160E-01 1.2768E+03 2.4169E-01 5.3936E-01 9.8568E-032367200204498 
 3.1282E+00 9.2598E-02 6.2533E+00 2.3947E-02 6.0379E+00 1.3155E-022367200204499 
 2.4160E-01 2.4142E-01 1.2773E+03 2.4151E-01 5.1186E-01 9.3477E-032367200204500 
 3.3933E+00 9.2531E-02 6.1062E+00 2.4524E-02 6.2066E+00 1.2797E-022367200204501 
 2.4142E-01 2.4123E-01 1.2778E+03 2.4132E-01 5.0793E-01 9.2599E-032367200204502 
 3.4323E+00 9.2372E-02 6.1020E+00 2.4541E-02 6.2496E+00 1.2709E-022367200204503 
 2.4123E-01 2.4105E-01 1.2783E+03 2.4114E-01 5.2851E-01 9.3929E-032367200204504 
 3.2311E+00 9.0050E-02 6.5280E+00 2.2940E-02 6.4338E+00 1.2345E-022367200204505 
 2.4105E-01 2.4086E-01 1.2788E+03 2.4096E-01 5.2562E-01 9.3699E-032367200204506 
 3.2589E+00 9.0323E-02 6.4776E+00 2.3118E-02 6.4183E+00 1.2375E-022367200204507 
 2.4086E-01 2.4068E-01 1.2793E+03 2.4077E-01 5.2955E-01 9.3355E-032367200204508 
 3.2212E+00 8.9325E-02 6.6369E+00 2.2563E-02 6.5297E+00 1.2164E-022367200204509 
 2.4068E-01 2.4050E-01 1.2798E+03 2.4059E-01 5.2891E-01 9.4276E-032367200204510 
 3.2273E+00 9.0316E-02 6.4956E+00 2.3054E-02 6.3968E+00 1.2416E-022367200204511 
 2.4050E-01 2.4031E-01 1.2803E+03 2.4040E-01 5.3140E-01 9.4084E-032367200204512 
 3.2035E+00 8.9710E-02 6.5958E+00 2.2704E-02 6.4665E+00 1.2283E-022367200204513 
 2.4031E-01 2.4013E-01 1.2807E+03 2.4022E-01 5.0714E-01 8.9419E-032367200204514 
 3.4403E+00 8.9340E-02 6.4988E+00 2.3043E-02 6.6713E+00 1.1906E-022367200204515 
 2.4013E-01 2.3995E-01 1.2812E+03 2.4004E-01 5.2750E-01 9.3846E-032367200204516 
 3.2408E+00 9.0144E-02 6.5116E+00 2.2997E-02 6.4297E+00 1.2353E-022367200204517 
 2.3995E-01 2.3976E-01 1.2817E+03 2.3986E-01 5.0769E-01 9.1229E-032367200204518 
 3.4347E+00 9.1048E-02 6.2680E+00 2.3891E-02 6.4248E+00 1.2363E-022367200204519 
 2.3976E-01 2.3958E-01 1.2822E+03 2.3967E-01 5.1702E-01 9.2879E-032367200204520 
 3.3425E+00 9.1023E-02 6.3327E+00 2.3647E-02 6.3762E+00 1.2457E-022367200204521 
 2.3958E-01 2.3940E-01 1.2827E+03 2.3949E-01 5.2003E-01 9.4176E-032367200204522 
 3.3131E+00 9.1760E-02 6.2521E+00 2.3952E-02 6.2582E+00 1.2692E-022367200204523 
 2.3940E-01 2.3922E-01 1.2832E+03 2.3931E-01 5.1420E-01 9.3149E-032367200204524 
 3.3702E+00 9.1789E-02 6.2141E+00 2.4098E-02 6.2893E+00 1.2629E-022367200204525 
 2.3922E-01 2.3904E-01 1.2837E+03 2.3913E-01 5.0602E-01 9.2303E-032367200204526 
 3.4514E+00 9.2424E-02 6.0839E+00 2.4614E-02 6.2542E+00 1.2700E-022367200204527 
 2.3904E-01 2.3885E-01 1.2842E+03 2.3894E-01 5.3407E-01 9.7905E-032367200204528 
 3.1781E+00 9.2886E-02 6.1867E+00 2.4205E-02 6.0312E+00 1.3169E-022367200204529 
 2.3885E-01 2.3867E-01 1.2846E+03 2.3876E-01 5.1264E-01 9.4112E-032367200204530 
 3.3856E+00 9.3019E-02 6.0455E+00 2.4770E-02 6.1350E+00 1.2946E-022367200204531 
 2.3867E-01 2.3849E-01 1.2851E+03 2.3858E-01 5.1622E-01 9.4114E-032367200204532 
 3.3504E+00 9.2377E-02 6.1495E+00 2.4351E-02 6.1991E+00 1.2813E-022367200204533 
 2.3849E-01 2.3831E-01 1.2856E+03 2.3840E-01 5.1334E-01 9.3931E-032367200204534 
 3.3787E+00 9.2714E-02 6.0911E+00 2.4585E-02 6.1735E+00 1.2866E-022367200204535 
 2.3831E-01 2.3813E-01 1.2861E+03 2.3822E-01 5.1218E-01 9.3363E-032367200204536 
 3.3902E+00 9.2362E-02 6.1342E+00 2.4412E-02 6.2316E+00 1.2746E-022367200204537 
 2.3813E-01 2.3795E-01 1.2866E+03 2.3804E-01 5.1946E-01 9.5577E-032367200204538 
 3.3187E+00 9.3227E-02 6.0596E+00 2.4712E-02 6.0698E+00 1.3085E-022367200204539 
 2.3795E-01 2.3777E-01 1.2871E+03 2.3786E-01 5.2932E-01 9.8876E-032367200204540 
 3.2234E+00 9.4649E-02 5.9445E+00 2.5191E-02 5.8437E+00 1.3592E-022367200204541 
 2.3777E-01 2.3759E-01 1.2876E+03 2.3768E-01 5.1565E-01 9.7382E-032367200204542 
 3.3560E+00 9.5690E-02 5.7467E+00 2.6058E-02 5.7945E+00 1.3707E-022367200204543 
 2.3759E-01 2.3741E-01 1.2881E+03 2.3750E-01 5.2212E-01 9.9508E-032367200204544 
 3.2927E+00 9.6566E-02 5.6806E+00 2.6362E-02 5.6570E+00 1.4040E-022367200204545 
 2.3741E-01 2.3723E-01 1.2886E+03 2.3732E-01 5.1155E-01 9.8362E-032367200204546 
 3.3963E+00 9.7427E-02 5.5357E+00 2.7051E-02 5.6232E+00 1.4125E-022367200204547 
 2.3723E-01 2.3705E-01 1.2890E+03 2.3714E-01 5.2040E-01 9.9379E-032367200204548 
 3.3094E+00 9.6760E-02 5.6529E+00 2.6491E-02 5.6474E+00 1.4064E-022367200204549 
 2.3705E-01 2.3687E-01 1.2895E+03 2.3696E-01 5.3670E-01 1.0380E-022367200204550 
 3.1532E+00 9.7998E-02 5.6035E+00 2.6724E-02 5.4299E+00 1.4628E-022367200204551 
 2.3687E-01 2.3669E-01 1.2900E+03 2.3678E-01 5.1006E-01 9.8300E-032367200204552 
 3.4111E+00 9.7649E-02 5.5007E+00 2.7224E-02 5.6032E+00 1.4175E-022367200204553 
 2.3669E-01 2.3651E-01 1.2905E+03 2.3660E-01 5.1156E-01 9.8870E-032367200204554 
 3.3963E+00 9.7929E-02 5.4824E+00 2.7315E-02 5.5682E+00 1.4264E-022367200204555 
 2.3651E-01 2.3633E-01 1.2910E+03 2.3642E-01 5.3596E-01 1.0305E-022367200204556 
 3.1602E+00 9.7422E-02 5.6607E+00 2.6454E-02 5.4934E+00 1.4458E-022367200204557 
 2.3633E-01 2.3615E-01 1.2915E+03 2.3624E-01 5.2387E-01 1.0094E-022367200204558 
 3.2758E+00 9.7626E-02 5.5739E+00 2.6866E-02 5.5312E+00 1.4360E-022367200204559 
 2.3615E-01 2.3597E-01 1.2920E+03 2.3606E-01 5.2279E-01 1.0089E-022367200204560 
 3.2862E+00 9.7778E-02 5.5508E+00 2.6978E-02 5.5191E+00 1.4391E-022367200204561 
 2.3597E-01 2.3580E-01 1.2925E+03 2.3588E-01 5.3098E-01 1.0388E-022367200204562 
 3.2075E+00 9.9125E-02 5.4483E+00 2.7485E-02 5.3337E+00 1.4891E-022367200204563 
 2.3580E-01 2.3562E-01 1.2930E+03 2.3571E-01 5.3621E-01 1.0744E-022367200204564 
 3.1579E+00 1.0152E-01 5.2307E+00 2.8629E-02 5.0687E+00 1.5670E-022367200204565 
 2.3562E-01 2.3544E-01 1.2934E+03 2.3553E-01 5.2424E-01 1.0716E-022367200204566 
 3.2722E+00 1.0358E-01 4.9857E+00 3.0036E-02 4.9365E+00 1.6089E-022367200204567 
 2.3544E-01 2.3526E-01 1.2939E+03 2.3535E-01 5.3448E-01 1.0930E-022367200204568 
 3.1742E+00 1.0362E-01 5.0283E+00 2.9781E-02 4.8855E+00 1.6258E-022367200204569 
 2.3526E-01 2.3508E-01 1.2944E+03 2.3517E-01 5.2513E-01 1.0635E-022367200204570 
 3.2636E+00 1.0262E-01 5.0762E+00 2.9500E-02 5.0191E+00 1.5825E-022367200204571 
 2.3508E-01 2.3491E-01 1.2949E+03 2.3500E-01 5.1683E-01 1.0407E-022367200204572 
 3.3444E+00 1.0203E-01 5.0983E+00 2.9372E-02 5.1210E+00 1.5510E-022367200204573 
 2.3491E-01 2.3473E-01 1.2954E+03 2.3482E-01 5.1733E-01 1.0431E-022367200204574 
 3.3394E+00 1.0217E-01 5.0826E+00 2.9463E-02 5.1000E+00 1.5574E-022367200204575 
 2.3473E-01 2.3455E-01 1.2959E+03 2.3464E-01 5.2832E-01 1.0486E-022367200204576 
 3.2330E+00 1.0057E-01 5.2921E+00 2.8296E-02 5.2045E+00 1.5261E-022367200204577 
 2.3455E-01 2.3438E-01 1.2964E+03 2.3446E-01 5.1726E-01 1.0132E-022367200204578 
 3.3401E+00 9.9248E-02 5.3697E+00 2.7888E-02 5.3930E+00 1.4728E-022367200204579 
 2.3438E-01 2.3420E-01 1.2969E+03 2.3429E-01 5.4253E-01 1.0585E-022367200204580 
 3.0985E+00 9.8862E-02 5.5365E+00 2.7047E-02 5.3074E+00 1.4965E-022367200204581 
 2.3420E-01 2.3402E-01 1.2973E+03 2.3411E-01 5.2230E-01 1.0202E-022367200204582 
 3.2910E+00 9.8967E-02 5.4242E+00 2.7607E-02 5.3967E+00 1.4718E-022367200204583 
 2.3402E-01 2.3385E-01 1.2978E+03 2.3394E-01 5.2285E-01 1.0140E-022367200204584 
 3.2857E+00 9.8269E-02 5.5062E+00 2.7196E-02 5.4736E+00 1.4511E-022367200204585 
 2.3385E-01 2.3367E-01 1.2983E+03 2.3376E-01 5.2311E-01 1.0085E-022367200204586 
 3.2831E+00 9.7686E-02 5.5669E+00 2.6900E-02 5.5320E+00 1.4358E-022367200204587 
 2.3367E-01 2.3350E-01 1.2988E+03 2.3358E-01 5.2542E-01 1.0181E-022367200204588 
 3.2609E+00 9.8182E-02 5.5199E+00 2.7129E-02 5.4610E+00 1.4544E-022367200204589 
 2.3350E-01 2.3332E-01 1.2993E+03 2.3341E-01 5.0797E-01 9.7321E-032367200204590 
 3.4319E+00 9.7075E-02 5.5515E+00 2.6974E-02 5.6786E+00 1.3987E-022367200204591 
 2.3332E-01 2.3315E-01 1.2998E+03 2.3323E-01 5.1967E-01 9.8483E-032367200204592 
 3.3166E+00 9.6024E-02 5.7315E+00 2.6128E-02 5.7349E+00 1.3850E-022367200204593 
 2.3315E-01 2.3297E-01 1.3003E+03 2.3306E-01 5.2477E-01 9.8253E-032367200204594 
 3.2671E+00 9.4867E-02 5.8938E+00 2.5408E-02 5.8428E+00 1.3594E-022367200204595 
 2.3297E-01 2.3280E-01 1.3008E+03 2.3288E-01 5.2576E-01 1.0019E-022367200204596 
 3.2576E+00 9.6554E-02 5.6991E+00 2.6276E-02 5.6370E+00 1.4090E-022367200204597 
 2.3280E-01 2.3262E-01 1.3013E+03 2.3271E-01 5.3145E-01 1.0169E-022367200204598 
 3.2030E+00 9.6949E-02 5.6900E+00 2.6318E-02 5.5685E+00 1.4264E-022367200204599 
 2.3262E-01 2.3245E-01 1.3017E+03 2.3253E-01 5.1089E-01 9.9823E-032367200204600 
 3.4030E+00 9.9002E-02 5.3611E+00 2.7933E-02 5.4504E+00 1.4573E-022367200204601 
 2.3245E-01 2.3227E-01 1.3022E+03 2.3236E-01 5.1119E-01 1.0022E-022367200204602 
 3.3999E+00 9.9338E-02 5.3332E+00 2.8078E-02 5.4185E+00 1.4658E-022367200204603 
 2.3227E-01 2.3210E-01 1.3027E+03 2.3218E-01 5.4414E-01 1.0742E-022367200204604 
 3.0834E+00 1.0003E-01 5.4224E+00 2.7617E-02 5.1815E+00 1.5329E-022367200204605 
 2.3210E-01 2.3192E-01 1.3032E+03 2.3201E-01 5.0050E-01 9.8414E-032367200204606 
 3.5071E+00 9.9631E-02 5.2480E+00 2.8534E-02 5.4429E+00 1.4593E-022367200204607 
 2.3192E-01 2.3175E-01 1.3037E+03 2.3184E-01 5.2427E-01 1.0413E-022367200204608 
 3.2719E+00 1.0064E-01 5.2604E+00 2.8467E-02 5.2121E+00 1.5239E-022367200204609 
 2.3175E-01 2.3158E-01 1.3042E+03 2.3166E-01 5.2927E-01 1.0487E-022367200204610 
 3.2239E+00 1.0039E-01 5.3158E+00 2.8170E-02 5.2188E+00 1.5219E-022367200204611 
 2.3158E-01 2.3140E-01 1.3047E+03 2.3149E-01 5.1237E-01 1.0272E-022367200204612 
 3.3883E+00 1.0158E-01 5.1211E+00 2.9242E-02 5.1882E+00 1.5309E-022367200204613 
 2.3140E-01 2.3123E-01 1.3052E+03 2.3132E-01 5.2280E-01 1.0445E-022367200204614 
 3.2861E+00 1.0123E-01 5.2029E+00 2.8782E-02 5.1687E+00 1.5367E-022367200204615 
 2.3123E-01 2.3106E-01 1.3056E+03 2.3114E-01 5.1469E-01 1.0270E-022367200204616 
 3.3653E+00 1.0110E-01 5.1718E+00 2.8955E-02 5.2170E+00 1.5224E-022367200204617 
 2.3106E-01 2.3088E-01 1.3061E+03 2.3097E-01 5.1676E-01 1.0335E-022367200204618 
 3.3450E+00 1.0134E-01 5.1629E+00 2.9005E-02 5.1874E+00 1.5311E-022367200204619 
 2.3088E-01 2.3071E-01 1.3066E+03 2.3080E-01 5.1862E-01 1.0501E-022367200204620 
 3.3268E+00 1.0260E-01 5.0517E+00 2.9643E-02 5.0562E+00 1.5709E-022367200204621 
 2.3071E-01 2.3054E-01 1.3071E+03 2.3063E-01 5.2255E-01 1.0800E-022367200204622 
 3.2886E+00 1.0473E-01 4.8763E+00 3.0709E-02 4.8421E+00 1.6403E-022367200204623 
 2.3054E-01 2.3037E-01 1.3076E+03 2.3045E-01 5.1113E-01 1.0718E-022367200204624 
 3.4006E+00 1.0625E-01 4.6973E+00 3.1880E-02 4.7640E+00 1.6672E-022367200204625 
 2.3037E-01 2.3020E-01 1.3081E+03 2.3028E-01 5.3084E-01 1.1330E-022367200204626 
 3.2088E+00 1.0814E-01 4.6261E+00 3.2371E-02 4.5194E+00 1.7574E-022367200204627 
 2.3020E-01 2.3002E-01 1.3086E+03 2.3011E-01 5.0364E-01 1.0909E-022367200204628 
 3.4753E+00 1.0975E-01 4.3879E+00 3.4128E-02 4.5102E+00 1.7610E-022367200204629 
 2.3002E-01 2.2985E-01 1.3091E+03 2.2994E-01 5.1086E-01 1.1180E-022367200204630 
 3.4032E+00 1.1089E-01 4.3332E+00 3.4559E-02 4.3912E+00 1.8088E-022367200204631 
 2.2985E-01 2.2968E-01 1.3096E+03 2.2977E-01 5.5252E-01 1.1853E-022367200204632 
 3.0060E+00 1.0869E-01 4.6695E+00 3.2070E-02 4.3866E+00 1.8107E-022367200204633 
 2.2968E-01 2.2951E-01 1.3100E+03 2.2960E-01 5.2786E-01 1.1275E-022367200204634 
 3.2373E+00 1.0822E-01 4.6074E+00 3.2502E-02 4.5259E+00 1.7549E-022367200204635 
 2.2951E-01 2.2934E-01 1.3105E+03 2.2942E-01 5.2298E-01 1.1004E-022367200204636 
 3.2844E+00 1.0661E-01 4.7156E+00 3.1756E-02 4.6763E+00 1.6985E-022367200204637 
 2.2934E-01 2.2917E-01 1.3110E+03 2.2925E-01 5.4091E-01 1.1244E-022367200204638 
 3.1136E+00 1.0533E-01 4.9037E+00 3.0538E-02 4.7071E+00 1.6874E-022367200204639 
 2.2917E-01 2.2900E-01 1.3115E+03 2.2908E-01 5.1634E-01 1.0615E-022367200204640 
 3.3492E+00 1.0417E-01 4.8958E+00 3.0587E-02 4.9192E+00 1.6146E-022367200204641 
 2.2900E-01 2.2883E-01 1.3120E+03 2.2891E-01 5.1077E-01 1.0380E-022367200204642 
 3.4042E+00 1.0297E-01 4.9794E+00 3.0074E-02 5.0582E+00 1.5703E-022367200204643 
 2.2883E-01 2.2866E-01 1.3125E+03 2.2874E-01 5.2374E-01 1.0445E-022367200204644 
 3.2770E+00 1.0105E-01 5.2209E+00 2.8683E-02 5.1776E+00 1.5340E-022367200204645 
 2.2866E-01 2.2849E-01 1.3130E+03 2.2857E-01 5.1519E-01 1.0196E-022367200204646 
 3.3604E+00 1.0028E-01 5.2559E+00 2.8492E-02 5.2980E+00 1.4992E-022367200204647 
 2.2849E-01 2.2832E-01 1.3135E+03 2.2840E-01 5.3522E-01 1.0475E-022367200204648 
 3.1672E+00 9.9162E-02 5.4699E+00 2.7377E-02 5.3132E+00 1.4949E-022367200204649 
 2.2832E-01 2.2815E-01 1.3139E+03 2.2823E-01 5.1627E-01 1.0221E-022367200204650 
 3.3499E+00 1.0032E-01 5.2555E+00 2.8494E-02 5.2868E+00 1.5024E-022367200204651 
 2.2815E-01 2.2798E-01 1.3144E+03 2.2806E-01 5.0847E-01 1.0109E-022367200204652 
 3.4270E+00 1.0073E-01 5.1786E+00 2.8917E-02 5.2869E+00 1.5023E-022367200204653 
 2.2798E-01 2.2781E-01 1.3149E+03 2.2789E-01 5.0723E-01 9.9846E-032367200204654 
 3.4394E+00 9.9740E-02 5.2728E+00 2.8400E-02 5.3975E+00 1.4715E-022367200204655 
 2.2781E-01 2.2764E-01 1.3154E+03 2.2772E-01 5.1847E-01 1.0202E-022367200204656 
 3.3283E+00 9.9698E-02 5.3293E+00 2.8099E-02 5.3396E+00 1.4875E-022367200204657 
 2.2764E-01 2.2747E-01 1.3159E+03 2.2755E-01 5.2472E-01 1.0320E-022367200204658 
 3.2676E+00 9.9651E-02 5.3663E+00 2.7906E-02 5.3140E+00 1.4947E-022367200204659 
 2.2747E-01 2.2730E-01 1.3164E+03 2.2739E-01 5.2031E-01 1.0291E-022367200204660 
 3.3103E+00 1.0022E-01 5.2902E+00 2.8307E-02 5.2814E+00 1.5039E-022367200204661 
 2.2730E-01 2.2713E-01 1.3169E+03 2.2722E-01 5.3504E-01 1.0421E-022367200204662 
 3.1689E+00 9.8686E-02 5.5159E+00 2.7149E-02 5.3603E+00 1.4818E-022367200204663 
 2.2713E-01 2.2696E-01 1.3174E+03 2.2705E-01 5.4587E-01 1.0740E-022367200204664 
 3.0674E+00 9.9692E-02 5.4711E+00 2.7371E-02 5.2123E+00 1.5238E-022367200204665 
 2.2696E-01 2.2680E-01 1.3179E+03 2.2688E-01 5.1259E-01 1.0061E-022367200204666 
 3.3861E+00 9.9450E-02 5.3275E+00 2.8109E-02 5.3980E+00 1.4714E-022367200204667 
 2.2680E-01 2.2663E-01 1.3183E+03 2.2671E-01 5.2062E-01 1.0367E-022367200204668 
 3.3073E+00 1.0089E-01 5.2188E+00 2.8694E-02 5.2060E+00 1.5257E-022367200204669 
 2.2663E-01 2.2646E-01 1.3188E+03 2.2654E-01 5.2067E-01 1.0342E-022367200204670 
 3.3069E+00 1.0064E-01 5.2491E+00 2.8529E-02 5.2362E+00 1.5169E-022367200204671 
 2.2646E-01 2.2629E-01 1.3193E+03 2.2638E-01 5.1729E-01 1.0282E-022367200204672 
 3.3398E+00 1.0071E-01 5.2275E+00 2.8646E-02 5.2479E+00 1.5135E-022367200204673 
 2.2629E-01 2.2613E-01 1.3198E+03 2.2621E-01 5.1798E-01 1.0191E-022367200204674 
 3.3331E+00 9.9685E-02 5.3313E+00 2.8089E-02 5.3466E+00 1.4856E-022367200204675 
 2.2613E-01 2.2596E-01 1.3203E+03 2.2604E-01 5.0591E-01 1.0256E-022367200204676 
 3.4526E+00 1.0272E-01 4.9821E+00 3.0058E-02 5.1088E+00 1.5547E-022367200204677 
 2.2596E-01 2.2579E-01 1.3208E+03 2.2588E-01 5.3091E-01 1.0810E-022367200204678 
 3.2081E+00 1.0317E-01 5.0558E+00 2.9619E-02 4.9451E+00 1.6062E-022367200204679 
 2.2579E-01 2.2562E-01 1.3213E+03 2.2571E-01 5.1462E-01 1.0312E-022367200204680 
 3.3661E+00 1.0153E-01 5.1344E+00 2.9166E-02 5.1795E+00 1.5335E-022367200204681 
 2.2562E-01 2.2546E-01 1.3218E+03 2.2554E-01 5.2410E-01 1.0542E-022367200204682 
 3.2736E+00 1.0191E-01 5.1360E+00 2.9157E-02 5.0888E+00 1.5608E-022367200204683 
 2.2546E-01 2.2529E-01 1.3222E+03 2.2537E-01 5.2788E-01 1.0743E-022367200204684 
 3.2372E+00 1.0312E-01 5.0417E+00 2.9702E-02 4.9590E+00 1.6017E-022367200204685 
 2.2529E-01 2.2513E-01 1.3227E+03 2.2521E-01 5.2453E-01 1.0721E-022367200204686 
 3.2695E+00 1.0357E-01 4.9851E+00 3.0039E-02 4.9333E+00 1.6100E-022367200204687 
 2.2513E-01 2.2496E-01 1.3232E+03 2.2504E-01 5.2028E-01 1.0740E-022367200204688 
 3.3106E+00 1.0459E-01 4.8744E+00 3.0722E-02 4.8608E+00 1.6340E-022367200204689 
 2.2496E-01 2.2479E-01 1.3237E+03 2.2488E-01 4.9283E-01 1.0252E-022367200204690 
 3.5853E+00 1.0541E-01 4.6882E+00 3.1942E-02 4.9283E+00 1.6116E-022367200204691 
 2.2479E-01 2.2463E-01 1.3242E+03 2.2471E-01 5.1012E-01 1.0626E-022367200204692 
 3.4106E+00 1.0554E-01 4.7538E+00 3.1501E-02 4.8317E+00 1.6439E-022367200204693 
 2.2463E-01 2.2446E-01 1.3247E+03 2.2454E-01 5.0898E-01 1.0677E-022367200204694 
 3.4219E+00 1.0628E-01 4.6856E+00 3.1959E-02 4.7717E+00 1.6645E-022367200204695 
 2.2446E-01 2.2430E-01 1.3252E+03 2.2438E-01 5.1842E-01 1.1076E-022367200204696 
 3.3288E+00 1.0825E-01 4.5640E+00 3.2811E-02 4.5628E+00 1.7407E-022367200204697 
 2.2430E-01 2.2413E-01 1.3257E+03 2.2421E-01 5.0876E-01 1.0948E-022367200204698 
 3.4241E+00 1.0904E-01 4.4634E+00 3.3550E-02 4.5438E+00 1.7480E-022367200204699 
 2.2413E-01 2.2397E-01 1.3262E+03 2.2405E-01 4.9302E-01 1.0702E-022367200204700 
 3.5834E+00 1.0999E-01 4.3305E+00 3.4580E-02 4.5445E+00 1.7478E-022367200204701 
 2.2397E-01 2.2380E-01 1.3266E+03 2.2388E-01 4.9735E-01 1.0671E-022367200204702 
 3.5390E+00 1.0872E-01 4.4407E+00 3.3722E-02 4.6222E+00 1.7184E-022367200204703 
 2.2380E-01 2.2364E-01 1.3271E+03 2.2372E-01 5.1420E-01 1.0988E-022367200204704 
 3.3702E+00 1.0827E-01 4.5468E+00 3.2935E-02 4.5819E+00 1.7335E-022367200204705 
 2.2364E-01 2.2347E-01 1.3276E+03 2.2355E-01 5.2304E-01 1.1100E-022367200204706 
 3.2838E+00 1.0753E-01 4.6414E+00 3.2264E-02 4.6010E+00 1.7263E-022367200204707 
 2.2347E-01 2.2331E-01 1.3281E+03 2.2339E-01 5.3204E-01 1.1185E-022367200204708 
 3.1974E+00 1.0652E-01 4.7612E+00 3.1452E-02 4.6431E+00 1.7106E-022367200204709 
 2.2331E-01 2.2314E-01 1.3286E+03 2.2323E-01 5.1428E-01 1.0794E-022367200204710 
 3.3694E+00 1.0635E-01 4.6971E+00 3.1881E-02 4.7351E+00 1.6774E-022367200204711 
 2.2314E-01 2.2298E-01 1.3291E+03 2.2306E-01 5.0545E-01 1.0708E-022367200204712 
 3.4571E+00 1.0735E-01 4.5854E+00 3.2658E-02 4.7001E+00 1.6899E-022367200204713 
 2.2298E-01 2.2282E-01 1.3296E+03 2.2290E-01 5.0444E-01 1.0646E-022367200204714 
 3.4673E+00 1.0693E-01 4.6101E+00 3.2483E-02 4.7351E+00 1.6774E-022367200204715 
 2.2282E-01 2.2265E-01 1.3301E+03 2.2273E-01 5.5377E-01 1.2061E-022367200204716 
 2.9946E+00 1.1036E-01 4.5415E+00 3.2974E-02 4.2552E+00 1.8666E-022367200204717 
 2.2265E-01 2.2249E-01 1.3305E+03 2.2257E-01 5.1192E-01 1.1247E-022367200204718 
 3.3927E+00 1.1132E-01 4.3005E+00 3.4821E-02 4.3487E+00 1.8264E-022367200204719 
 2.2249E-01 2.2233E-01 1.3310E+03 2.2241E-01 5.1658E-01 1.1577E-022367200204720 
 3.3468E+00 1.1355E-01 4.1648E+00 3.5955E-02 4.1719E+00 1.9038E-022367200204721 
 2.2233E-01 2.2216E-01 1.3315E+03 2.2224E-01 5.0165E-01 1.1317E-022367200204722 
 3.4954E+00 1.1431E-01 4.0593E+00 3.6891E-02 4.1829E+00 1.8988E-022367200204723 
 2.2216E-01 2.2200E-01 1.3320E+03 2.2208E-01 5.2893E-01 1.2330E-022367200204724 
 3.2271E+00 1.1812E-01 3.9147E+00 3.8253E-02 3.8273E+00 2.0752E-022367200204725 
 2.2200E-01 2.2184E-01 1.3325E+03 2.2192E-01 5.2218E-01 1.2194E-022367200204726 
 3.2922E+00 1.1832E-01 3.8785E+00 3.8610E-02 3.8393E+00 2.0688E-022367200204727 
 2.2184E-01 2.2168E-01 1.3330E+03 2.2176E-01 5.4152E-01 1.2753E-022367200204728 
 3.1079E+00 1.1933E-01 3.8873E+00 3.8522E-02 3.7136E+00 2.1388E-022367200204729 
 2.2168E-01 2.2151E-01 1.3335E+03 2.2159E-01 5.2637E-01 1.2963E-022367200204730 
 3.2517E+00 1.2479E-01 3.5268E+00 4.2461E-02 3.4575E+00 2.2972E-022367200204731 
 2.2151E-01 2.2135E-01 1.3340E+03 2.2143E-01 4.8788E-01 1.2095E-022367200204732 
 3.6364E+00 1.2561E-01 3.3684E+00 4.4457E-02 3.5531E+00 2.2354E-022367200204733 
 2.2135E-01 2.2119E-01 1.3345E+03 2.2127E-01 5.2349E-01 1.2971E-022367200204734 
 3.2795E+00 1.2555E-01 3.4787E+00 4.3047E-02 3.4278E+00 2.3171E-022367200204735 
 2.2119E-01 2.2103E-01 1.3349E+03 2.2111E-01 5.2758E-01 1.3260E-022367200204736 
 3.2401E+00 1.2735E-01 3.4023E+00 4.4014E-02 3.3256E+00 2.3883E-022367200204737 
 2.2103E-01 2.2087E-01 1.3354E+03 2.2095E-01 5.2833E-01 1.3198E-022367200204738 
 3.2329E+00 1.2657E-01 3.4407E+00 4.3523E-02 3.3592E+00 2.3645E-022367200204739 
 2.2087E-01 2.2070E-01 1.3359E+03 2.2078E-01 5.1459E-01 1.2444E-022367200204740 
 3.3663E+00 1.2253E-01 3.6102E+00 4.1479E-02 3.6202E+00 2.1940E-022367200204741 
 2.2070E-01 2.2054E-01 1.3364E+03 2.2062E-01 5.1221E-01 1.1954E-022367200204742 
 3.3899E+00 1.1825E-01 3.8495E+00 3.8901E-02 3.8827E+00 2.0456E-022367200204743 
 2.2054E-01 2.2038E-01 1.3369E+03 2.2046E-01 5.0664E-01 1.1271E-022367200204744 
 3.4453E+00 1.1273E-01 4.1875E+00 3.5761E-02 4.2757E+00 1.8576E-022367200204745 
 2.2038E-01 2.2022E-01 1.3374E+03 2.2030E-01 5.1897E-01 1.0817E-022367200204746 
 3.3234E+00 1.0561E-01 4.7850E+00 3.1296E-02 4.7822E+00 1.6609E-022367200204747 
 2.2022E-01 2.2006E-01 1.3379E+03 2.2014E-01 5.0846E-01 9.8095E-032367200204748 
 3.4271E+00 9.7753E-02 5.4837E+00 2.7308E-02 5.6030E+00 1.4176E-022367200204749 
 2.2006E-01 2.1990E-01 1.3384E+03 2.1998E-01 5.2867E-01 9.6252E-032367200204750 
 3.2296E+00 9.2249E-02 6.2382E+00 2.4005E-02 6.1433E+00 1.2929E-022367200204751 
 2.1990E-01 2.1974E-01 1.3388E+03 2.1982E-01 5.1452E-01 8.9941E-032367200204752 
 3.3671E+00 8.8573E-02 6.6478E+00 2.2526E-02 6.7292E+00 1.1803E-022367200204753 
 2.1974E-01 2.1958E-01 1.3393E+03 2.1966E-01 5.2478E-01 9.0473E-032367200204754 
 3.2670E+00 8.7354E-02 6.8932E+00 2.1724E-02 6.8454E+00 1.1603E-022367200204755 
 2.1958E-01 2.1942E-01 1.3398E+03 2.1950E-01 5.0787E-01 8.6772E-032367200204756 
 3.4330E+00 8.6570E-02 6.9093E+00 2.1674E-02 7.0874E+00 1.1207E-022367200204757 
 2.1942E-01 2.1926E-01 1.3403E+03 2.1934E-01 5.0948E-01 8.7815E-032367200204758 
 3.4170E+00 8.7334E-02 6.8045E+00 2.2007E-02 6.9570E+00 1.1417E-022367200204759 
 2.1926E-01 2.1910E-01 1.3408E+03 2.1918E-01 5.0668E-01 8.8095E-032367200204760 
 3.4448E+00 8.8096E-02 6.6719E+00 2.2445E-02 6.8570E+00 1.1583E-022367200204761 
 2.1910E-01 2.1894E-01 1.3413E+03 2.1902E-01 5.0819E-01 9.0073E-032367200204762 
 3.4298E+00 8.9807E-02 6.4410E+00 2.3249E-02 6.5978E+00 1.2038E-022367200204763 
 2.1894E-01 2.1878E-01 1.3418E+03 2.1886E-01 5.2685E-01 9.4562E-032367200204764 
 3.2471E+00 9.0944E-02 6.3968E+00 2.3410E-02 6.3228E+00 1.2562E-022367200204765 
 2.1878E-01 2.1862E-01 1.3423E+03 2.1870E-01 5.1693E-01 9.5576E-032367200204766 
 3.3434E+00 9.3684E-02 5.9926E+00 2.4989E-02 6.0309E+00 1.3170E-022367200204767 
 2.1862E-01 2.1846E-01 1.3428E+03 2.1854E-01 5.2087E-01 9.6813E-032367200204768 
 3.3049E+00 9.4177E-02 5.9551E+00 2.5146E-02 5.9479E+00 1.3354E-022367200204769 
 2.1846E-01 2.1830E-01 1.3432E+03 2.1838E-01 5.1869E-01 9.6442E-032367200204770 
 3.3261E+00 9.4210E-02 5.9367E+00 2.5224E-02 5.9539E+00 1.3340E-022367200204771 
 2.1830E-01 2.1815E-01 1.3437E+03 2.1822E-01 5.1086E-01 9.4634E-032367200204772 
 3.4032E+00 9.3861E-02 5.9403E+00 2.5209E-02 6.0477E+00 1.3133E-022367200204773 
 2.1815E-01 2.1799E-01 1.3442E+03 2.1807E-01 5.1161E-01 9.4908E-032367200204774 
 3.3958E+00 9.3995E-02 5.9268E+00 2.5266E-02 6.0251E+00 1.3183E-022367200204775 
 2.1799E-01 2.1783E-01 1.3447E+03 2.1791E-01 5.1935E-01 9.7168E-032367200204776 
 3.3197E+00 9.4799E-02 5.8719E+00 2.5503E-02 5.8807E+00 1.3506E-022367200204777 
 2.1783E-01 2.1767E-01 1.3452E+03 2.1775E-01 5.2451E-01 1.0050E-022367200204778 
 3.2696E+00 9.7081E-02 5.6417E+00 2.6543E-02 5.5926E+00 1.4202E-022367200204779 
 2.1767E-01 2.1751E-01 1.3457E+03 2.1759E-01 5.0902E-01 9.7110E-032367200204780 
 3.4215E+00 9.6665E-02 5.6034E+00 2.6725E-02 5.7207E+00 1.3884E-022367200204781 
 2.1751E-01 2.1735E-01 1.3462E+03 2.1743E-01 5.0951E-01 1.0023E-022367200204782 
 3.4166E+00 9.9676E-02 5.2869E+00 2.8324E-02 5.3882E+00 1.4741E-022367200204783 
 2.1735E-01 2.1720E-01 1.3467E+03 2.1728E-01 5.0799E-01 9.8211E-032367200204784 
 3.4318E+00 9.7960E-02 5.4583E+00 2.7435E-02 5.5818E+00 1.4229E-022367200204785 
 2.1720E-01 2.1704E-01 1.3471E+03 2.1712E-01 5.0958E-01 9.9646E-032367200204786 
 3.4159E+00 9.9080E-02 5.3512E+00 2.7984E-02 5.4539E+00 1.4563E-022367200204787 
 2.1704E-01 2.1688E-01 1.3476E+03 2.1696E-01 5.2379E-01 1.0280E-022367200204788 
 3.2765E+00 9.9441E-02 5.3804E+00 2.7832E-02 5.3375E+00 1.4881E-022367200204789 
 2.1688E-01 2.1673E-01 1.3481E+03 2.1680E-01 5.2195E-01 1.0205E-022367200204790 
 3.2944E+00 9.9063E-02 5.4139E+00 2.7660E-02 5.3898E+00 1.4736E-022367200204791 
 2.1673E-01 2.1657E-01 1.3486E+03 2.1665E-01 5.0500E-01 1.0013E-022367200204792 
 3.4617E+00 1.0047E-01 5.1854E+00 2.8879E-02 5.3298E+00 1.4902E-022367200204793 
 2.1657E-01 2.1641E-01 1.3491E+03 2.1649E-01 5.2099E-01 1.0289E-022367200204794 
 3.3037E+00 1.0006E-01 5.3092E+00 2.8205E-02 5.2938E+00 1.5004E-022367200204795 
 2.1641E-01 2.1626E-01 1.3496E+03 2.1633E-01 5.1917E-01 1.0415E-022367200204796 
 3.3214E+00 1.0165E-01 5.1440E+00 2.9111E-02 5.1445E+00 1.5439E-022367200204797 
 2.1626E-01 2.1610E-01 1.3501E+03 2.1618E-01 5.1890E-01 1.0429E-022367200204798 
 3.3241E+00 1.0183E-01 5.1277E+00 2.9204E-02 5.1306E+00 1.5481E-022367200204799 
 2.1610E-01 2.1594E-01 1.3506E+03 2.1602E-01 5.1030E-01 1.0128E-022367200204800 
 3.4087E+00 1.0056E-01 5.2054E+00 2.8768E-02 5.2959E+00 1.4998E-022367200204801 
 2.1594E-01 2.1579E-01 1.3511E+03 2.1586E-01 5.2303E-01 1.0511E-022367200204802 
 3.2839E+00 1.0182E-01 5.1440E+00 2.9111E-02 5.1071E+00 1.5552E-022367200204803 
 2.1579E-01 2.1563E-01 1.3515E+03 2.1571E-01 5.0092E-01 1.0101E-022367200204804 
 3.5028E+00 1.0217E-01 5.0135E+00 2.9869E-02 5.1919E+00 1.5298E-022367200204805 
 2.1563E-01 2.1547E-01 1.3520E+03 2.1555E-01 5.0210E-01 9.9907E-032367200204806 
 3.4909E+00 1.0082E-01 5.1428E+00 2.9118E-02 5.3154E+00 1.4943E-022367200204807 
 2.1547E-01 2.1532E-01 1.3525E+03 2.1540E-01 5.1442E-01 1.0265E-022367200204808 
 3.3681E+00 1.0111E-01 5.1719E+00 2.8955E-02 5.2199E+00 1.5216E-022367200204809 
 2.1532E-01 2.1516E-01 1.3530E+03 2.1524E-01 4.8992E-01 9.8692E-032367200204810 
 3.6153E+00 1.0207E-01 4.9637E+00 3.0169E-02 5.2532E+00 1.5120E-022367200204811 
 2.1516E-01 2.1501E-01 1.3535E+03 2.1509E-01 5.0249E-01 1.0141E-022367200204812 
 3.4869E+00 1.0226E-01 5.0083E+00 2.9900E-02 5.1705E+00 1.5362E-022367200204813 
 2.1501E-01 2.1485E-01 1.3540E+03 2.1493E-01 4.9420E-01 1.0106E-022367200204814 
 3.5712E+00 1.0362E-01 4.8455E+00 3.0905E-02 5.0824E+00 1.5628E-022367200204815 
 2.1485E-01 2.1470E-01 1.3545E+03 2.1478E-01 5.1311E-01 1.0657E-022367200204816 
 3.3810E+00 1.0524E-01 4.7933E+00 3.1241E-02 4.8445E+00 1.6395E-022367200204817 
 2.1470E-01 2.1454E-01 1.3550E+03 2.1462E-01 5.1614E-01 1.0684E-022367200204818 
 3.3512E+00 1.0489E-01 4.8324E+00 3.0988E-02 4.8564E+00 1.6355E-022367200204819 
 2.1454E-01 2.1439E-01 1.3555E+03 2.1447E-01 5.2212E-01 1.0891E-022367200204820 
 3.2928E+00 1.0569E-01 4.7871E+00 3.1281E-02 4.7560E+00 1.6700E-022367200204821 
 2.1439E-01 2.1424E-01 1.3559E+03 2.1431E-01 5.1197E-01 1.0890E-022367200204822 
 3.3922E+00 1.0778E-01 4.5777E+00 3.2713E-02 4.6334E+00 1.7142E-022367200204823 
 2.1424E-01 2.1408E-01 1.3564E+03 2.1416E-01 4.8773E-01 1.0562E-022367200204824 
 3.6379E+00 1.0973E-01 4.3250E+00 3.4624E-02 4.5868E+00 1.7316E-022367200204825 
 2.1408E-01 2.1393E-01 1.3569E+03 2.1400E-01 5.0207E-01 1.0984E-022367200204826 
 3.4912E+00 1.1085E-01 4.2996E+00 3.4829E-02 4.4315E+00 1.7923E-022367200204827 
 2.1393E-01 2.1377E-01 1.3574E+03 2.1385E-01 5.2403E-01 1.1517E-022367200204828 
 3.2742E+00 1.1136E-01 4.3527E+00 3.4404E-02 4.3024E+00 1.8461E-022367200204829 
 2.1377E-01 2.1362E-01 1.3579E+03 2.1370E-01 5.1373E-01 1.1290E-022367200204830 
 3.3748E+00 1.1135E-01 4.3125E+00 3.4725E-02 4.3459E+00 1.8276E-022367200204831 
 2.1362E-01 2.1347E-01 1.3584E+03 2.1354E-01 5.0089E-01 1.0995E-022367200204832 
 3.5031E+00 1.1123E-01 4.2730E+00 3.5045E-02 4.4138E+00 1.7995E-022367200204833 
 2.1347E-01 2.1331E-01 1.3589E+03 2.1339E-01 5.0866E-01 1.1116E-022367200204834 
 3.4250E+00 1.1073E-01 4.3385E+00 3.4516E-02 4.4154E+00 1.7989E-022367200204835 
 2.1331E-01 2.1316E-01 1.3594E+03 2.1324E-01 5.0995E-01 1.1228E-022367200204836 
 3.4122E+00 1.1157E-01 4.2793E+00 3.4994E-02 4.3433E+00 1.8287E-022367200204837 
 2.1316E-01 2.1301E-01 1.3598E+03 2.1308E-01 5.0958E-01 1.1263E-022367200204838 
 3.4160E+00 1.1199E-01 4.2511E+00 3.5226E-02 4.3173E+00 1.8397E-022367200204839 
 2.1301E-01 2.1285E-01 1.3603E+03 2.1293E-01 5.1212E-01 1.1439E-022367200204840 
 3.3908E+00 1.1317E-01 4.1791E+00 3.5833E-02 4.2222E+00 1.8812E-022367200204841 
 2.1285E-01 2.1270E-01 1.3608E+03 2.1278E-01 5.2567E-01 1.1811E-022367200204842 
 3.2584E+00 1.1384E-01 4.1814E+00 3.5813E-02 4.1177E+00 1.9289E-022367200204843 
 2.1270E-01 2.1255E-01 1.3613E+03 2.1262E-01 5.1037E-01 1.1360E-022367200204844 
 3.4081E+00 1.1278E-01 4.1988E+00 3.5665E-02 4.2568E+00 1.8659E-022367200204845 
 2.1255E-01 2.1240E-01 1.3618E+03 2.1247E-01 5.0852E-01 1.1535E-022367200204846 
 3.4264E+00 1.1493E-01 4.0455E+00 3.7016E-02 4.1132E+00 1.9310E-022367200204847 
 2.1240E-01 2.1224E-01 1.3623E+03 2.1232E-01 5.3045E-01 1.2144E-022367200204848 
 3.2126E+00 1.1600E-01 4.0537E+00 3.6941E-02 3.9546E+00 2.0084E-022367200204849 
 2.1224E-01 2.1209E-01 1.3628E+03 2.1217E-01 5.1789E-01 1.2065E-022367200204850 
 3.3339E+00 1.1804E-01 3.8789E+00 3.8607E-02 3.8708E+00 2.0520E-022367200204851 
 2.1209E-01 2.1194E-01 1.3633E+03 2.1202E-01 5.0329E-01 1.1854E-022367200204852 
 3.4789E+00 1.1934E-01 3.7550E+00 3.9880E-02 3.8512E+00 2.0624E-022367200204853 
 2.1194E-01 2.1179E-01 1.3638E+03 2.1186E-01 5.3726E-01 1.2916E-022367200204854 
 3.1480E+00 1.2181E-01 3.7235E+00 4.0217E-02 3.5819E+00 2.2174E-022367200204855 
 2.1179E-01 2.1164E-01 1.3642E+03 2.1171E-01 5.0518E-01 1.2152E-022367200204856 
 3.4599E+00 1.2188E-01 3.6157E+00 4.1416E-02 3.6920E+00 2.1513E-022367200204857 
 2.1164E-01 2.1148E-01 1.3647E+03 2.1156E-01 5.0530E-01 1.2133E-022367200204858 
 3.4587E+00 1.2166E-01 3.6274E+00 4.1283E-02 3.7032E+00 2.1448E-022367200204859 
 2.1148E-01 2.1133E-01 1.3652E+03 2.1141E-01 4.8750E-01 1.1601E-022367200204860 
 3.6404E+00 1.2058E-01 3.6276E+00 4.1280E-02 3.8358E+00 2.0707E-022367200204861 
 2.1133E-01 2.1118E-01 1.3657E+03 2.1126E-01 5.1496E-01 1.2351E-022367200204862 
 3.3628E+00 1.2152E-01 3.6661E+00 4.0846E-02 3.6749E+00 2.1613E-022367200204863 
 2.1118E-01 2.1103E-01 1.3662E+03 2.1111E-01 5.1933E-01 1.2469E-022367200204864 
 3.3199E+00 1.2166E-01 3.6764E+00 4.0732E-02 3.6550E+00 2.1731E-022367200204865 
 2.1103E-01 2.1088E-01 1.3667E+03 2.1096E-01 5.0165E-01 1.2226E-022367200204866 
 3.4954E+00 1.2349E-01 3.5136E+00 4.2620E-02 3.6101E+00 2.2001E-022367200204867 
 2.1088E-01 2.1073E-01 1.3672E+03 2.1081E-01 5.0656E-01 1.2443E-022367200204868 
 3.4460E+00 1.2446E-01 3.4835E+00 4.2988E-02 3.5446E+00 2.2408E-022367200204869 
 2.1073E-01 2.1058E-01 1.3677E+03 2.1065E-01 5.0230E-01 1.2623E-022367200204870 
 3.4888E+00 1.2733E-01 3.3284E+00 4.4992E-02 3.4114E+00 2.3283E-022367200204871 
 2.1058E-01 2.1043E-01 1.3681E+03 2.1050E-01 5.2069E-01 1.3243E-022367200204872 
 3.3066E+00 1.2887E-01 3.3089E+00 4.5257E-02 3.2740E+00 2.4260E-022367200204873 
 2.1043E-01 2.1028E-01 1.3686E+03 2.1035E-01 5.1327E-01 1.3067E-022367200204874 
 3.3794E+00 1.2899E-01 3.2825E+00 4.5620E-02 3.2932E+00 2.4118E-022367200204875 
 2.1028E-01 2.1013E-01 1.3691E+03 2.1020E-01 4.9555E-01 1.2595E-022367200204876 
 3.5574E+00 1.2878E-01 3.2435E+00 4.6170E-02 3.3666E+00 2.3592E-022367200204877 
 2.1013E-01 2.0998E-01 1.3696E+03 2.1005E-01 4.8921E-01 1.2651E-022367200204878 
 3.6226E+00 1.3103E-01 3.1216E+00 4.7972E-02 3.2780E+00 2.4230E-022367200204879 
 2.0998E-01 2.0983E-01 1.3701E+03 2.0990E-01 5.0915E-01 1.3515E-022367200204880 
 3.4202E+00 1.3449E-01 3.0305E+00 4.9414E-02 3.0585E+00 2.5969E-022367200204881 
 2.0983E-01 2.0968E-01 1.3706E+03 2.0976E-01 5.0262E-01 1.3877E-022367200204882 
 3.4857E+00 1.3990E-01 2.8057E+00 5.3373E-02 2.8618E+00 2.7754E-022367200204883 
 2.0968E-01 2.0953E-01 1.3711E+03 2.0961E-01 5.2226E-01 1.4666E-022367200204884 
 3.2914E+00 1.4229E-01 2.7696E+00 5.4068E-02 2.7208E+00 2.9193E-022367200204885 
 2.0953E-01 2.0938E-01 1.3716E+03 2.0946E-01 5.0441E-01 1.4590E-022367200204886 
 3.4676E+00 1.4656E-01 2.5846E+00 5.7939E-02 2.6211E+00 3.0303E-022367200204887 
 2.0938E-01 2.0923E-01 1.3721E+03 2.0931E-01 5.2326E-01 1.5088E-022367200204888 
 3.2817E+00 1.4610E-01 2.6416E+00 5.6688E-02 2.5869E+00 3.0704E-022367200204889 
 2.0923E-01 2.0908E-01 1.3725E+03 2.0916E-01 5.0701E-01 1.4177E-022367200204890 
 3.4416E+00 1.4168E-01 2.7524E+00 5.4407E-02 2.7823E+00 2.8547E-022367200204891 
 2.0908E-01 2.0894E-01 1.3730E+03 2.0901E-01 4.9084E-01 1.3255E-022367200204892 
 3.6058E+00 1.3683E-01 2.8877E+00 5.1858E-02 3.0165E+00 2.6331E-022367200204893 
 2.0894E-01 2.0879E-01 1.3735E+03 2.0886E-01 5.0452E-01 1.3218E-022367200204894 
 3.4665E+00 1.3275E-01 3.0914E+00 4.8441E-02 3.1494E+00 2.5220E-022367200204895 
 2.0879E-01 2.0864E-01 1.3740E+03 2.0871E-01 5.1787E-01 1.3317E-022367200204896 
 3.3341E+00 1.3029E-01 3.2325E+00 4.6326E-02 3.2138E+00 2.4714E-022367200204897 
 2.0864E-01 2.0849E-01 1.3745E+03 2.0856E-01 5.0470E-01 1.2796E-022367200204898 
 3.4647E+00 1.2846E-01 3.2800E+00 4.5656E-02 3.3451E+00 2.3744E-022367200204899 
 2.0849E-01 2.0834E-01 1.3750E+03 2.0842E-01 5.0943E-01 1.2518E-022367200204900 
 3.4174E+00 1.2451E-01 3.4878E+00 4.2936E-02 3.5295E+00 2.2503E-022367200204901 
 2.0834E-01 2.0819E-01 1.3755E+03 2.0827E-01 5.3509E-01 1.3016E-022367200204902 
 3.1684E+00 1.2325E-01 3.6366E+00 4.1179E-02 3.5105E+00 2.2625E-022367200204903 
 2.0819E-01 2.0805E-01 1.3760E+03 2.0812E-01 5.1613E-01 1.2237E-022367200204904 
 3.3512E+00 1.2013E-01 3.7510E+00 3.9922E-02 3.7533E+00 2.1162E-022367200204905 
 2.0805E-01 2.0790E-01 1.3764E+03 2.0797E-01 5.0751E-01 1.1810E-022367200204906 
 3.4366E+00 1.1791E-01 3.8539E+00 3.8857E-02 3.9224E+00 2.0249E-022367200204907 
 2.0790E-01 2.0775E-01 1.3769E+03 2.0783E-01 5.0102E-01 1.1317E-022367200204908 
 3.5018E+00 1.1445E-01 4.0466E+00 3.7006E-02 4.1747E+00 1.9025E-022367200204909 
 2.0775E-01 2.0760E-01 1.3774E+03 2.0768E-01 5.0967E-01 1.1202E-022367200204910 
 3.4150E+00 1.1137E-01 4.2957E+00 3.4860E-02 4.3625E+00 1.8206E-022367200204911 
 2.0760E-01 2.0746E-01 1.3779E+03 2.0753E-01 5.0581E-01 1.0829E-022367200204912 
 3.4536E+00 1.0848E-01 4.4958E+00 3.3309E-02 4.6036E+00 1.7253E-022367200204913 
 2.0746E-01 2.0731E-01 1.3784E+03 2.0738E-01 4.9912E-01 1.0574E-022367200204914 
 3.5210E+00 1.0735E-01 4.5551E+00 3.2875E-02 4.7267E+00 1.6804E-022367200204915 
 2.0731E-01 2.0716E-01 1.3789E+03 2.0724E-01 5.1361E-01 1.0596E-022367200204916 
 3.3760E+00 1.0453E-01 4.8533E+00 3.0855E-02 4.9013E+00 1.6205E-022367200204917 
 2.0716E-01 2.0702E-01 1.3794E+03 2.0709E-01 4.9856E-01 1.0117E-022367200204918 
 3.5267E+00 1.0282E-01 4.9384E+00 3.0323E-02 5.1368E+00 1.5462E-022367200204919 
 2.0702E-01 2.0687E-01 1.3799E+03 2.0694E-01 5.2137E-01 1.0410E-022367200204920 
 3.3000E+00 1.0117E-01 5.2003E+00 2.8796E-02 5.1800E+00 1.5333E-022367200204921 
 2.0687E-01 2.0672E-01 1.3804E+03 2.0680E-01 5.0822E-01 1.0073E-022367200204922 
 3.4294E+00 1.0043E-01 5.2122E+00 2.8730E-02 5.3243E+00 1.4918E-022367200204923 
 2.0672E-01 2.0658E-01 1.3808E+03 2.0665E-01 5.0838E-01 1.0006E-022367200204924 
 3.4278E+00 9.9729E-02 5.2799E+00 2.8362E-02 5.3927E+00 1.4728E-022367200204925 
 2.0658E-01 2.0643E-01 1.3813E+03 2.0650E-01 5.0287E-01 9.8532E-032367200204926 
 3.4831E+00 9.9279E-02 5.3021E+00 2.8243E-02 5.4742E+00 1.4509E-022367200204927 
 2.0643E-01 2.0629E-01 1.3818E+03 2.0636E-01 5.1034E-01 9.9631E-032367200204928 
 3.4084E+00 9.8918E-02 5.3712E+00 2.7880E-02 5.4666E+00 1.4529E-022367200204929 
 2.0629E-01 2.0614E-01 1.3823E+03 2.0621E-01 4.9995E-01 9.7699E-032367200204930 
 3.5126E+00 9.9016E-02 5.3094E+00 2.8205E-02 5.5134E+00 1.4406E-022367200204931 
 2.0614E-01 2.0599E-01 1.3828E+03 2.0607E-01 5.1254E-01 1.0019E-022367200204932 
 3.3866E+00 9.9045E-02 5.3715E+00 2.7878E-02 5.4438E+00 1.4590E-022367200204933 
 2.0599E-01 2.0585E-01 1.3833E+03 2.0592E-01 5.0120E-01 9.9081E-032367200204934 
 3.5000E+00 1.0017E-01 5.2042E+00 2.8775E-02 5.3894E+00 1.4737E-022367200204935 
 2.0585E-01 2.0570E-01 1.3838E+03 2.0578E-01 5.0396E-01 9.9664E-032367200204936 
 3.4721E+00 1.0020E-01 5.2113E+00 2.8736E-02 5.3677E+00 1.4797E-022367200204937 
 2.0570E-01 2.0556E-01 1.3843E+03 2.0563E-01 4.9328E-01 9.8352E-032367200204938 
 3.5807E+00 1.0103E-01 5.0780E+00 2.9489E-02 5.3400E+00 1.4874E-022367200204939 
 2.0556E-01 2.0541E-01 1.3847E+03 2.0549E-01 4.9700E-01 1.0008E-022367200204940 
 3.5426E+00 1.0204E-01 5.0005E+00 2.9947E-02 5.2185E+00 1.5220E-022367200204941 
 2.0541E-01 2.0527E-01 1.3852E+03 2.0534E-01 5.1437E-01 1.0311E-022367200204942 
 3.3685E+00 1.0157E-01 5.1289E+00 2.9197E-02 5.1762E+00 1.5344E-022367200204943 
 2.0527E-01 2.0512E-01 1.3857E+03 2.0520E-01 4.9362E-01 9.9075E-032367200204944 
 3.5772E+00 1.0170E-01 5.0184E+00 2.9840E-02 5.2727E+00 1.5064E-022367200204945 
 2.0512E-01 2.0498E-01 1.3862E+03 2.0505E-01 4.9314E-01 1.0092E-022367200204946 
 3.5821E+00 1.0370E-01 4.8397E+00 3.0942E-02 5.0870E+00 1.5614E-022367200204947 
 2.0498E-01 2.0484E-01 1.3867E+03 2.0491E-01 5.1088E-01 1.0662E-022367200204948 
 3.4030E+00 1.0574E-01 4.7380E+00 3.1606E-02 4.8083E+00 1.6519E-022367200204949 
 2.0484E-01 2.0469E-01 1.3872E+03 2.0476E-01 5.0045E-01 1.0773E-022367200204950 
 3.5075E+00 1.0908E-01 4.4306E+00 3.3799E-02 4.5834E+00 1.7329E-022367200204951 
 2.0469E-01 2.0455E-01 1.3877E+03 2.0462E-01 5.1101E-01 1.1557E-022367200204952 
 3.4017E+00 1.1459E-01 4.0773E+00 3.6727E-02 4.1263E+00 1.9249E-022367200204953 
 2.0455E-01 2.0440E-01 1.3882E+03 2.0448E-01 5.0887E-01 1.2264E-022367200204954 
 3.4230E+00 1.2212E-01 3.6152E+00 4.1423E-02 3.6651E+00 2.1671E-022367200204955 
 2.0440E-01 2.0426E-01 1.3887E+03 2.0433E-01 4.9343E-01 1.2539E-022367200204956 
 3.5791E+00 1.2876E-01 3.2345E+00 4.6298E-02 3.3711E+00 2.3561E-022367200204957 
 2.0426E-01 2.0412E-01 1.3891E+03 2.0419E-01 4.8774E-01 1.2599E-022367200204958 
 3.6379E+00 1.3089E-01 3.1222E+00 4.7963E-02 3.2883E+00 2.4154E-022367200204959 
 2.0412E-01 2.0397E-01 1.3896E+03 2.0404E-01 5.1926E-01 1.2946E-022367200204960 
 3.3205E+00 1.2632E-01 3.4284E+00 4.3679E-02 3.4040E+00 2.3333E-022367200204961 
 2.0397E-01 2.0383E-01 1.3901E+03 2.0390E-01 5.1690E-01 1.2229E-022367200204962 
 3.3437E+00 1.1987E-01 3.7694E+00 3.9728E-02 3.7665E+00 2.1087E-022367200204963 
 2.0383E-01 2.0369E-01 1.3906E+03 2.0376E-01 4.7424E-01 1.0962E-022367200204964 
 3.7801E+00 1.1712E-01 3.7849E+00 3.9565E-02 4.1154E+00 1.9300E-022367200204965 
 2.0369E-01 2.0354E-01 1.3911E+03 2.0362E-01 5.1606E-01 1.1711E-022367200204966 
 3.3519E+00 1.1499E-01 4.0665E+00 3.6825E-02 4.0757E+00 1.9488E-022367200204967 
 2.0354E-01 2.0340E-01 1.3916E+03 2.0347E-01 4.9553E-01 1.0935E-022367200204968 
 3.5576E+00 1.1181E-01 4.2049E+00 3.5613E-02 4.3882E+00 1.8100E-022367200204969 
 2.0340E-01 2.0326E-01 1.3921E+03 2.0333E-01 5.1445E-01 1.1408E-022367200204970 
 3.3677E+00 1.1235E-01 4.2424E+00 3.5298E-02 4.2682E+00 1.8609E-022367200204971 
 2.0326E-01 2.0312E-01 1.3926E+03 2.0319E-01 5.0671E-01 1.1319E-022367200204972 
 3.4445E+00 1.1318E-01 4.1557E+00 3.6034E-02 4.2421E+00 1.8723E-022367200204973 
 2.0312E-01 2.0297E-01 1.3930E+03 2.0304E-01 5.0398E-01 1.1196E-022367200204974 
 3.4719E+00 1.1256E-01 4.1883E+00 3.5754E-02 4.2987E+00 1.8477E-022367200204975 
 2.0297E-01 2.0283E-01 1.3935E+03 2.0290E-01 5.0506E-01 1.1295E-022367200204976 
 3.4611E+00 1.1332E-01 4.1397E+00 3.6174E-02 4.2390E+00 1.8737E-022367200204977 
 2.0283E-01 2.0269E-01 1.3940E+03 2.0276E-01 5.1082E-01 1.1300E-022367200204978 
 3.4036E+00 1.1209E-01 4.2463E+00 3.5265E-02 4.3021E+00 1.8462E-022367200204979 
 2.0269E-01 2.0255E-01 1.3945E+03 2.0262E-01 5.0415E-01 1.1152E-022367200204980 
 3.4702E+00 1.1208E-01 4.2191E+00 3.5493E-02 4.3295E+00 1.8345E-022367200204981 
 2.0255E-01 2.0241E-01 1.3950E+03 2.0248E-01 5.0762E-01 1.1320E-022367200204982 
 3.4355E+00 1.1299E-01 4.1711E+00 3.5901E-02 4.2507E+00 1.8686E-022367200204983 
 2.0241E-01 2.0226E-01 1.3955E+03 2.0233E-01 5.0855E-01 1.1343E-022367200204984 
 3.4261E+00 1.1301E-01 4.1755E+00 3.5863E-02 4.2476E+00 1.8699E-022367200204985 
 2.0226E-01 2.0212E-01 1.3960E+03 2.0219E-01 5.3331E-01 1.2262E-022367200204986 
 3.1853E+00 1.1650E-01 4.0343E+00 3.7119E-02 3.9146E+00 2.0290E-022367200204987 
 2.0212E-01 2.0198E-01 1.3965E+03 2.0205E-01 4.9763E-01 1.1354E-022367200204988 
 3.5362E+00 1.1561E-01 3.9590E+00 3.7825E-02 4.1099E+00 1.9326E-022367200204989 
 2.0198E-01 2.0184E-01 1.3970E+03 2.0191E-01 5.0468E-01 1.1708E-022367200204990 
 3.4649E+00 1.1755E-01 3.8669E+00 3.8726E-02 3.9575E+00 2.0070E-022367200204991 
 2.0184E-01 2.0170E-01 1.3974E+03 2.0177E-01 4.9833E-01 1.1727E-022367200204992 
 3.5291E+00 1.1924E-01 3.7409E+00 4.0030E-02 3.8739E+00 2.0503E-022367200204993 
 2.0170E-01 2.0156E-01 1.3979E+03 2.0163E-01 5.2012E-01 1.2267E-022367200204994 
 3.3122E+00 1.1950E-01 3.8064E+00 3.9342E-02 3.7811E+00 2.1006E-022367200204995 
 2.0156E-01 2.0142E-01 1.3984E+03 2.0149E-01 5.0116E-01 1.1801E-022367200204996 
 3.5004E+00 1.1931E-01 3.7473E+00 3.9961E-02 3.8592E+00 2.0581E-022367200204997 
 2.0142E-01 2.0128E-01 1.3989E+03 2.0135E-01 5.0789E-01 1.2036E-022367200204998 
 3.4328E+00 1.2007E-01 3.7302E+00 4.0145E-02 3.7913E+00 2.0950E-022367200204999 
 2.0128E-01 2.0114E-01 1.3994E+03 2.0121E-01 5.1349E-01 1.1855E-022367200205000 
 3.3772E+00 1.1698E-01 3.9359E+00 3.8047E-02 3.9617E+00 2.0048E-022367200205001 
 2.0114E-01 2.0100E-01 1.3999E+03 2.0107E-01 5.0413E-01 1.1673E-022367200205002 
 3.4704E+00 1.1733E-01 3.8773E+00 3.8622E-02 3.9727E+00 1.9993E-022367200205003 
 2.0100E-01 2.0086E-01 1.4004E+03 2.0093E-01 4.9560E-01 1.1657E-022367200205004 
 3.5568E+00 1.1918E-01 3.7379E+00 4.0062E-02 3.8915E+00 2.0410E-022367200205005 
 2.0086E-01 2.0072E-01 1.4009E+03 2.0079E-01 5.2188E-01 1.2322E-022367200205006 
 3.2951E+00 1.1963E-01 3.7994E+00 3.9414E-02 3.7616E+00 2.1115E-022367200205007 
 2.0072E-01 2.0058E-01 1.4013E+03 2.0065E-01 5.2456E-01 1.2188E-022367200205008 
 3.2691E+00 1.1772E-01 3.9257E+00 3.8146E-02 3.8695E+00 2.0526E-022367200205009 
 2.0058E-01 2.0044E-01 1.4018E+03 2.0051E-01 5.1577E-01 1.1928E-022367200205010 
 3.3547E+00 1.1718E-01 3.9258E+00 3.8144E-02 3.9343E+00 2.0188E-022367200205011 
 2.0044E-01 2.0030E-01 1.4023E+03 2.0037E-01 4.9532E-01 1.1525E-022367200205012 
 3.5597E+00 1.1790E-01 3.8101E+00 3.9303E-02 3.9704E+00 2.0005E-022367200205013 
 2.0030E-01 2.0016E-01 1.4028E+03 2.0023E-01 5.0758E-01 1.1875E-022367200205014 
 3.4359E+00 1.1854E-01 3.8167E+00 3.9236E-02 3.8833E+00 2.0453E-022367200205015 
 2.0016E-01 2.0002E-01 1.4033E+03 2.0009E-01 4.8253E-01 1.1442E-022367200205016 
 3.6923E+00 1.2014E-01 3.6373E+00 4.1171E-02 3.8850E+00 2.0444E-022367200205017 
 2.0002E-01 1.9988E-01 1.4038E+03 1.9995E-01 5.3026E-01 1.2688E-022367200205018 
 3.2144E+00 1.2124E-01 3.7364E+00 4.0079E-02 3.6409E+00 2.1815E-022367200205019 
 1.9988E-01 1.9974E-01 1.4043E+03 1.9981E-01 5.0303E-01 1.2182E-022367200205020 
 3.4815E+00 1.2271E-01 3.5637E+00 4.2020E-02 3.6529E+00 2.1743E-022367200205021 
 1.9974E-01 1.9960E-01 1.4048E+03 1.9967E-01 4.8886E-01 1.2002E-022367200205022 
 3.6263E+00 1.2440E-01 3.4324E+00 4.3628E-02 3.6151E+00 2.1971E-022367200205023 
 1.9960E-01 1.9946E-01 1.4053E+03 1.9953E-01 5.0984E-01 1.2359E-022367200205024 
 3.4133E+00 1.2282E-01 3.5796E+00 4.1834E-02 3.6215E+00 2.1932E-022367200205025 
 1.9946E-01 1.9932E-01 1.4057E+03 1.9939E-01 5.1013E-01 1.2426E-022367200205026 
 3.4104E+00 1.2342E-01 3.5483E+00 4.2203E-02 3.5872E+00 2.2141E-022367200205027 
 1.9932E-01 1.9919E-01 1.4062E+03 1.9925E-01 5.0052E-01 1.2210E-022367200205028 
 3.5068E+00 1.2360E-01 3.5089E+00 4.2677E-02 3.6132E+00 2.1982E-022367200205029 
 1.9919E-01 1.9905E-01 1.4067E+03 1.9912E-01 5.2743E-01 1.2821E-022367200205030 
 3.2415E+00 1.2317E-01 3.6196E+00 4.1372E-02 3.5434E+00 2.2415E-022367200205031 
 1.9905E-01 1.9891E-01 1.4072E+03 1.9898E-01 4.8554E-01 1.2240E-022367200205032 
 3.6608E+00 1.2773E-01 3.2567E+00 4.5981E-02 3.4487E+00 2.3031E-022367200205033 
 1.9891E-01 1.9877E-01 1.4077E+03 1.9884E-01 5.1888E-01 1.3386E-022367200205034 
 3.3243E+00 1.3072E-01 3.2189E+00 4.6522E-02 3.1938E+00 2.4869E-022367200205035 
 1.9877E-01 1.9863E-01 1.4082E+03 1.9870E-01 4.8810E-01 1.3095E-022367200205036 
 3.6342E+00 1.3594E-01 2.9177E+00 5.1324E-02 3.0654E+00 2.5911E-022367200205037 
 1.9863E-01 1.9850E-01 1.4087E+03 1.9856E-01 5.0225E-01 1.3984E-022367200205038 
 3.4893E+00 1.4107E-01 2.7582E+00 5.4293E-02 2.8139E+00 2.8226E-022367200205039 
 1.9850E-01 1.9836E-01 1.4092E+03 1.9843E-01 5.2104E-01 1.4668E-022367200205040 
 3.3032E+00 1.4264E-01 2.7499E+00 5.4457E-02 2.7070E+00 2.9341E-022367200205041 
 1.9836E-01 1.9822E-01 1.4096E+03 1.9829E-01 5.2037E-01 1.4251E-022367200205042 
 3.3097E+00 1.3876E-01 2.8915E+00 5.1789E-02 2.8537E+00 2.7833E-022367200205043 
 1.9822E-01 1.9808E-01 1.4101E+03 1.9815E-01 5.0707E-01 1.3422E-022367200205044 
 3.4409E+00 1.3411E-01 3.0357E+00 4.9330E-02 3.0761E+00 2.5820E-022367200205045 
 1.9808E-01 1.9795E-01 1.4106E+03 1.9802E-01 5.1174E-01 1.3287E-022367200205046 
 3.3945E+00 1.3156E-01 3.1635E+00 4.7336E-02 3.1803E+00 2.4974E-022367200205047 
 1.9795E-01 1.9781E-01 1.4111E+03 1.9788E-01 4.8929E-01 1.2537E-022367200205048 
 3.6218E+00 1.2982E-01 3.1753E+00 4.7161E-02 3.3353E+00 2.3814E-022367200205049 
 1.9781E-01 1.9767E-01 1.4116E+03 1.9774E-01 5.0071E-01 1.2681E-022367200205050 
 3.5049E+00 1.2833E-01 3.2756E+00 4.5717E-02 3.3665E+00 2.3593E-022367200205051 
 1.9767E-01 1.9754E-01 1.4121E+03 1.9760E-01 4.9500E-01 1.2241E-022367200205052 
 3.5630E+00 1.2530E-01 3.4081E+00 4.3939E-02 3.5453E+00 2.2403E-022367200205053 
 1.9754E-01 1.9740E-01 1.4126E+03 1.9747E-01 4.9869E-01 1.2418E-022367200205054 
 3.5254E+00 1.2617E-01 3.3745E+00 4.4376E-02 3.4843E+00 2.2796E-022367200205055 
 1.9740E-01 1.9726E-01 1.4131E+03 1.9733E-01 5.2526E-01 1.3125E-022367200205056 
 3.2624E+00 1.2661E-01 3.4299E+00 4.3660E-02 3.3675E+00 2.3586E-022367200205057 
 1.9726E-01 1.9713E-01 1.4136E+03 1.9719E-01 4.9765E-01 1.2324E-022367200205058 
 3.5360E+00 1.2548E-01 3.4038E+00 4.3995E-02 3.5223E+00 2.2549E-022367200205059 
 1.9713E-01 1.9699E-01 1.4140E+03 1.9706E-01 4.9444E-01 1.2220E-022367200205060 
 3.5688E+00 1.2522E-01 3.4088E+00 4.3930E-02 3.5501E+00 2.2373E-022367200205061 
 1.9699E-01 1.9685E-01 1.4145E+03 1.9692E-01 5.0137E-01 1.2157E-022367200205062 
 3.4982E+00 1.2286E-01 3.5494E+00 4.2190E-02 3.6496E+00 2.1763E-022367200205063 
 1.9685E-01 1.9672E-01 1.4150E+03 1.9679E-01 4.7921E-01 1.1239E-022367200205064 
 3.7273E+00 1.1883E-01 3.6966E+00 4.0509E-02 3.9766E+00 1.9973E-022367200205065 
 1.9672E-01 1.9658E-01 1.4155E+03 1.9665E-01 4.8153E-01 1.0874E-022367200205066 
 3.7028E+00 1.1442E-01 3.9761E+00 3.7662E-02 4.2634E+00 1.8630E-022367200205067 
 1.9658E-01 1.9645E-01 1.4160E+03 1.9652E-01 5.0828E-01 1.1286E-022367200205068 
 3.4289E+00 1.1250E-01 4.2103E+00 3.5568E-02 4.2858E+00 1.8532E-022367200205069 
 1.9645E-01 1.9631E-01 1.4165E+03 1.9638E-01 4.8366E-01 1.0851E-022367200205070 
 3.6805E+00 1.1368E-01 4.0329E+00 3.7132E-02 4.3068E+00 1.8442E-022367200205071 
 1.9631E-01 1.9618E-01 1.4170E+03 1.9624E-01 5.1106E-01 1.1575E-022367200205072 
 3.4012E+00 1.1476E-01 4.0642E+00 3.6846E-02 4.1124E+00 1.9314E-022367200205073 
 1.9618E-01 1.9604E-01 1.4175E+03 1.9611E-01 4.9832E-01 1.1790E-022367200205074 
 3.5291E+00 1.1988E-01 3.7060E+00 4.0407E-02 3.8370E+00 2.0700E-022367200205075 
 1.9604E-01 1.9591E-01 1.4180E+03 1.9597E-01 4.9479E-01 1.2067E-022367200205076 
 3.5652E+00 1.2358E-01 3.4909E+00 4.2897E-02 3.6349E+00 2.1851E-022367200205077 
 1.9591E-01 1.9577E-01 1.4184E+03 1.9584E-01 4.9812E-01 1.2397E-022367200205078 
 3.5311E+00 1.2610E-01 3.3750E+00 4.4370E-02 3.4886E+00 2.2767E-022367200205079 
 1.9577E-01 1.9564E-01 1.4189E+03 1.9570E-01 4.9402E-01 1.2590E-022367200205080 
 3.5731E+00 1.2913E-01 3.2187E+00 4.6524E-02 3.3504E+00 2.3706E-022367200205081 
 1.9564E-01 1.9550E-01 1.4194E+03 1.9557E-01 5.0136E-01 1.3181E-022367200205082 
 3.4983E+00 1.3321E-01 3.0616E+00 4.8912E-02 3.1375E+00 2.5315E-022367200205083 
 1.9550E-01 1.9537E-01 1.4199E+03 1.9544E-01 5.0678E-01 1.2905E-022367200205084 
 3.4438E+00 1.2903E-01 3.2591E+00 4.5947E-02 3.3100E+00 2.3996E-022367200205085 
 1.9537E-01 1.9523E-01 1.4204E+03 1.9530E-01 5.0502E-01 1.2921E-022367200205086 
 3.4615E+00 1.2963E-01 3.2289E+00 4.6378E-02 3.2897E+00 2.4144E-022367200205087 
 1.9523E-01 1.9510E-01 1.4209E+03 1.9517E-01 4.8724E-01 1.2374E-022367200205088 
 3.6431E+00 1.2868E-01 3.2233E+00 4.6459E-02 3.4009E+00 2.3355E-022367200205089 
 1.9510E-01 1.9497E-01 1.4214E+03 1.9503E-01 5.0132E-01 1.2835E-022367200205090 
 3.4987E+00 1.2972E-01 3.2130E+00 4.6607E-02 3.2968E+00 2.4092E-022367200205091 
 1.9497E-01 1.9483E-01 1.4219E+03 1.9490E-01 4.9780E-01 1.2681E-022367200205092 
 3.5344E+00 1.2908E-01 3.2343E+00 4.6300E-02 3.3421E+00 2.3766E-022367200205093 
 1.9483E-01 1.9470E-01 1.4223E+03 1.9477E-01 5.0042E-01 1.2678E-022367200205094 
 3.5078E+00 1.2837E-01 3.2721E+00 4.5765E-02 3.3648E+00 2.3605E-022367200205095 
 1.9470E-01 1.9456E-01 1.4228E+03 1.9463E-01 5.0448E-01 1.2833E-022367200205096 
 3.4669E+00 1.2889E-01 3.2620E+00 4.5907E-02 3.3277E+00 2.3868E-022367200205097 
 1.9456E-01 1.9443E-01 1.4233E+03 1.9450E-01 4.8757E-01 1.2489E-022367200205098 
 3.6396E+00 1.2979E-01 3.1694E+00 4.7248E-02 3.3404E+00 2.3777E-022367200205099 
 1.9443E-01 1.9430E-01 1.4238E+03 1.9436E-01 4.9317E-01 1.2752E-022367200205100 
 3.5818E+00 1.3102E-01 3.1332E+00 4.7794E-02 3.2648E+00 2.4328E-022367200205101 
 1.9430E-01 1.9416E-01 1.4243E+03 1.9423E-01 4.8917E-01 1.2559E-022367200205102 
 3.6231E+00 1.3009E-01 3.1638E+00 4.7332E-02 3.3237E+00 2.3897E-022367200205103 
 1.9416E-01 1.9403E-01 1.4248E+03 1.9410E-01 4.9673E-01 1.3046E-022367200205104 
 3.5453E+00 1.3307E-01 3.0542E+00 4.9031E-02 3.1581E+00 2.5150E-022367200205105 
 1.9403E-01 1.9390E-01 1.4253E+03 1.9397E-01 5.0616E-01 1.3112E-022367200205106 
 3.4500E+00 1.3126E-01 3.1595E+00 4.7396E-02 3.2103E+00 2.4741E-022367200205107 
 1.9390E-01 1.9377E-01 1.4258E+03 1.9383E-01 4.9521E-01 1.2708E-022367200205108 
 3.5608E+00 1.3002E-01 3.1858E+00 4.7005E-02 3.3075E+00 2.4014E-022367200205109 
 1.9377E-01 1.9363E-01 1.4263E+03 1.9370E-01 4.7755E-01 1.2368E-022367200205110 
 3.7449E+00 1.3123E-01 3.0801E+00 4.8618E-02 3.3104E+00 2.3993E-022367200205111 
 1.9363E-01 1.9350E-01 1.4267E+03 1.9357E-01 5.0234E-01 1.3133E-022367200205112 
 3.4885E+00 1.3247E-01 3.0970E+00 4.8353E-02 3.1687E+00 2.5066E-022367200205113 
 1.9350E-01 1.9337E-01 1.4272E+03 1.9343E-01 5.1508E-01 1.3489E-022367200205114 
 3.3616E+00 1.3269E-01 3.1210E+00 4.7982E-02 3.1167E+00 2.5484E-022367200205115 
 1.9337E-01 1.9324E-01 1.4277E+03 1.9330E-01 4.7949E-01 1.2675E-022367200205116 
 3.7244E+00 1.3394E-01 2.9729E+00 5.0371E-02 3.1796E+00 2.4980E-022367200205117 
 1.9324E-01 1.9310E-01 1.4282E+03 1.9317E-01 4.8535E-01 1.3034E-022367200205118 
 3.6627E+00 1.3607E-01 2.9048E+00 5.1553E-02 3.0682E+00 2.5887E-022367200205119 
 1.9310E-01 1.9297E-01 1.4287E+03 1.9304E-01 5.0915E-01 1.3824E-022367200205120 
 3.4202E+00 1.3757E-01 2.9082E+00 5.1493E-02 2.9320E+00 2.7089E-022367200205121 
 1.9297E-01 1.9284E-01 1.4292E+03 1.9291E-01 4.9590E-01 1.3547E-022367200205122 
 3.5539E+00 1.3841E-01 2.8420E+00 5.2691E-02 2.9381E+00 2.7034E-022367200205123 
 1.9284E-01 1.9271E-01 1.4297E+03 1.9277E-01 4.7452E-01 1.3192E-022367200205124 
 3.7772E+00 1.4086E-01 2.7008E+00 5.5446E-02 2.9102E+00 2.7293E-022367200205125 
 1.9271E-01 1.9258E-01 1.4302E+03 1.9264E-01 5.1846E-01 1.4687E-022367200205126 
 3.3284E+00 1.4353E-01 2.7150E+00 5.5156E-02 2.6847E+00 2.9585E-022367200205127 
 1.9258E-01 1.9245E-01 1.4306E+03 1.9251E-01 5.0092E-01 1.4069E-022367200205128 
 3.5028E+00 1.4231E-01 2.7135E+00 5.5187E-02 2.7742E+00 2.8630E-022367200205129 
 1.9245E-01 1.9231E-01 1.4311E+03 1.9238E-01 4.9367E-01 1.4064E-022367200205130 
 3.5766E+00 1.4435E-01 2.6314E+00 5.6908E-02 2.7263E+00 2.9133E-022367200205131 
 1.9231E-01 1.9218E-01 1.4316E+03 1.9225E-01 4.9825E-01 1.4183E-022367200205132 
 3.5299E+00 1.4424E-01 2.6459E+00 5.6596E-02 2.7173E+00 2.9230E-022367200205133 
 1.9218E-01 1.9205E-01 1.4321E+03 1.9212E-01 5.1243E-01 1.4582E-022367200205134 
 3.3876E+00 1.4419E-01 2.6817E+00 5.5841E-02 2.6810E+00 2.9625E-022367200205135 
 1.9205E-01 1.9192E-01 1.4326E+03 1.9199E-01 5.0280E-01 1.4355E-022367200205136 
 3.4838E+00 1.4467E-01 2.6423E+00 5.6673E-02 2.6897E+00 2.9530E-022367200205137 
 1.9192E-01 1.9179E-01 1.4331E+03 1.9186E-01 4.7323E-01 1.3588E-022367200205138 
 3.7909E+00 1.4549E-01 2.5446E+00 5.8849E-02 2.7441E+00 2.8945E-022367200205139 
 1.9179E-01 1.9166E-01 1.4336E+03 1.9173E-01 5.1183E-01 1.4721E-022367200205140 
 3.3936E+00 1.4573E-01 2.6283E+00 5.6976E-02 2.6292E+00 3.0210E-022367200205141 
 1.9166E-01 1.9153E-01 1.4341E+03 1.9159E-01 5.0449E-01 1.4663E-022367200205142 
 3.4668E+00 1.4726E-01 2.5629E+00 5.8430E-02 2.5980E+00 3.0572E-022367200205143 
 1.9153E-01 1.9140E-01 1.4346E+03 1.9146E-01 4.9137E-01 1.4236E-022367200205144 
 3.6003E+00 1.4679E-01 2.5436E+00 5.8872E-02 2.6446E+00 3.0033E-022367200205145 
 1.9140E-01 1.9127E-01 1.4350E+03 1.9133E-01 5.0566E-01 1.4841E-022367200205146 
 3.4551E+00 1.4872E-01 2.5212E+00 5.9396E-02 2.5488E+00 3.1162E-022367200205147 
 1.9127E-01 1.9114E-01 1.4355E+03 1.9120E-01 5.0215E-01 1.4565E-022367200205148 
 3.4904E+00 1.4696E-01 2.5671E+00 5.8333E-02 2.6142E+00 3.0383E-022367200205149 
 1.9114E-01 1.9101E-01 1.4360E+03 1.9107E-01 5.3417E-01 1.5810E-022367200205150 
 3.1771E+00 1.4996E-01 2.5480E+00 5.8771E-02 2.4434E+00 3.2506E-022367200205151 
 1.9101E-01 1.9088E-01 1.4365E+03 1.9094E-01 4.9331E-01 1.4576E-022367200205152 
 3.5803E+00 1.4971E-01 2.4658E+00 6.0731E-02 2.5514E+00 3.1130E-022367200205153 
 1.9088E-01 1.9075E-01 1.4370E+03 1.9081E-01 4.8564E-01 1.4687E-022367200205154 
 3.6597E+00 1.5323E-01 2.3478E+00 6.3783E-02 2.4625E+00 3.2254E-022367200205155 
 1.9075E-01 1.9062E-01 1.4375E+03 1.9068E-01 4.9734E-01 1.5054E-022367200205156 
 3.5391E+00 1.5337E-01 2.3700E+00 6.3185E-02 2.4300E+00 3.2685E-022367200205157 
 1.9062E-01 1.9049E-01 1.4380E+03 1.9055E-01 4.9198E-01 1.5043E-022367200205158 
 3.5940E+00 1.5493E-01 2.3165E+00 6.4646E-02 2.3983E+00 3.3117E-022367200205159 
 1.9049E-01 1.9036E-01 1.4385E+03 1.9043E-01 5.1518E-01 1.5758E-022367200205160 
 3.3606E+00 1.5498E-01 2.3599E+00 6.3457E-02 2.3383E+00 3.3968E-022367200205161 
 1.9036E-01 1.9023E-01 1.4389E+03 1.9030E-01 4.9372E-01 1.5183E-022367200205162 
 3.5761E+00 1.5581E-01 2.2967E+00 6.5201E-02 2.3691E+00 3.3526E-022367200205163 
 1.9023E-01 1.9010E-01 1.4394E+03 1.9017E-01 5.1504E-01 1.5948E-022367200205164 
 3.3619E+00 1.5690E-01 2.3118E+00 6.4777E-02 2.2897E+00 3.4689E-022367200205165 
 1.9010E-01 1.8997E-01 1.4399E+03 1.9004E-01 4.6969E-01 1.4577E-022367200205166 
 3.8289E+00 1.5726E-01 2.2129E+00 6.7670E-02 2.3923E+00 3.3201E-022367200205167 
 1.8997E-01 1.8985E-01 1.4404E+03 1.8991E-01 5.1045E-01 1.6057E-022367200205168 
 3.4073E+00 1.5939E-01 2.2381E+00 6.6909E-02 2.2336E+00 3.5560E-022367200205169 
 1.8985E-01 1.8972E-01 1.4409E+03 1.8978E-01 5.0069E-01 1.5912E-022367200205170 
 3.5051E+00 1.6103E-01 2.1787E+00 6.8734E-02 2.2131E+00 3.5889E-022367200205171 
 1.8972E-01 1.8959E-01 1.4414E+03 1.8965E-01 4.6668E-01 1.4683E-022367200205172 
 3.8615E+00 1.5942E-01 2.1539E+00 6.9524E-02 2.3406E+00 3.3934E-022367200205173 
 1.8959E-01 1.8946E-01 1.4419E+03 1.8952E-01 4.9224E-01 1.5935E-022367200205174 
 3.5913E+00 1.6402E-01 2.0945E+00 7.1497E-02 2.1596E+00 3.6778E-022367200205175 
 1.8946E-01 1.8933E-01 1.4424E+03 1.8940E-01 5.1787E-01 1.6402E-022367200205176 
 3.3341E+00 1.6048E-01 2.2259E+00 6.7277E-02 2.1903E+00 3.6263E-022367200205177 
 1.8933E-01 1.8920E-01 1.4429E+03 1.8927E-01 4.9578E-01 1.6336E-022367200205178 
 3.5550E+00 1.6695E-01 2.0384E+00 7.3466E-02 2.0852E+00 3.8091E-022367200205179 
 1.8920E-01 1.8908E-01 1.4433E+03 1.8914E-01 4.9932E-01 1.7016E-022367200205180 
 3.5190E+00 1.7267E-01 1.9291E+00 7.7627E-02 1.9557E+00 4.0612E-022367200205181 
 1.8908E-01 1.8895E-01 1.4438E+03 1.8901E-01 5.0648E-01 1.8196E-022367200205182 
 3.4468E+00 1.8203E-01 1.7709E+00 8.4559E-02 1.7648E+00 4.5006E-022367200205183 
 1.8895E-01 1.8882E-01 1.4443E+03 1.8888E-01 5.2263E-01 1.9442E-022367200205184 
 3.2878E+00 1.8849E-01 1.6943E+00 8.8385E-02 1.6355E+00 4.8564E-022367200205185 
 1.8882E-01 1.8869E-01 1.4448E+03 1.8876E-01 4.8812E-01 1.8763E-022367200205186 
 3.6339E+00 1.9477E-01 1.5572E+00 9.6164E-02 1.5977E+00 4.9714E-022367200205187 
 1.8869E-01 1.8856E-01 1.4453E+03 1.8863E-01 5.2493E-01 1.9131E-022367200205188 
 3.2656E+00 1.8467E-01 1.7575E+00 8.5208E-02 1.6921E+00 4.6941E-022367200205189 
 1.8856E-01 1.8844E-01 1.4458E+03 1.8850E-01 5.0198E-01 1.7109E-022367200205190 
 3.4920E+00 1.7269E-01 1.9303E+00 7.7577E-02 1.9471E+00 4.0792E-022367200205191 
 1.8844E-01 1.8831E-01 1.4463E+03 1.8837E-01 4.7820E-01 1.5979E-022367200205192 
 3.7379E+00 1.6931E-01 1.9608E+00 7.6371E-02 2.0735E+00 3.8305E-022367200205193 
 1.8831E-01 1.8818E-01 1.4468E+03 1.8825E-01 4.7850E-01 1.5176E-022367200205194 
 3.7348E+00 1.6070E-01 2.1471E+00 6.9745E-02 2.2773E+00 3.4878E-022367200205195 
 1.8818E-01 1.8806E-01 1.4472E+03 1.8812E-01 5.1852E-01 1.6227E-022367200205196 
 3.3279E+00 1.5856E-01 2.2751E+00 6.5820E-02 2.2377E+00 3.5495E-022367200205197 
 1.8806E-01 1.8793E-01 1.4477E+03 1.8799E-01 4.6619E-01 1.3974E-022367200205198 
 3.8669E+00 1.5188E-01 2.3425E+00 6.3926E-02 2.5561E+00 3.1073E-022367200205199 
 1.8793E-01 1.8780E-01 1.4482E+03 1.8787E-01 5.0106E-01 1.5044E-022367200205200 
 3.5014E+00 1.5213E-01 2.4108E+00 6.2116E-02 2.4555E+00 3.2347E-022367200205201 
 1.8780E-01 1.8768E-01 1.4487E+03 1.8774E-01 5.0097E-01 1.4999E-022367200205202 
 3.5023E+00 1.5171E-01 2.4224E+00 6.1817E-02 2.4681E+00 3.2181E-022367200205203 
 1.8768E-01 1.8755E-01 1.4492E+03 1.8761E-01 4.8872E-01 1.4606E-022367200205204 
 3.6277E+00 1.5143E-01 2.4021E+00 6.2340E-02 2.5061E+00 3.1693E-022367200205205 
 1.8755E-01 1.8742E-01 1.4497E+03 1.8749E-01 4.7123E-01 1.3527E-022367200205206 
 3.8123E+00 1.4545E-01 2.5416E+00 5.8918E-02 2.7520E+00 2.8861E-022367200205207 
 1.8742E-01 1.8730E-01 1.4502E+03 1.8736E-01 4.8990E-01 1.4046E-022367200205208 
 3.6155E+00 1.4527E-01 2.5923E+00 5.7766E-02 2.7047E+00 2.9366E-022367200205209 
 1.8730E-01 1.8717E-01 1.4507E+03 1.8723E-01 4.8605E-01 1.3927E-022367200205210 
 3.6555E+00 1.4518E-01 2.5828E+00 5.7980E-02 2.7151E+00 2.9254E-022367200205211 
 1.8717E-01 1.8704E-01 1.4512E+03 1.8711E-01 4.9036E-01 1.3754E-022367200205212 
 3.6108E+00 1.4212E-01 2.6928E+00 5.5612E-02 2.8101E+00 2.8265E-022367200205213 
 1.8704E-01 1.8692E-01 1.4516E+03 1.8698E-01 4.8675E-01 1.3142E-022367200205214 
 3.6482E+00 1.3681E-01 2.8771E+00 5.2049E-02 3.0296E+00 2.6216E-022367200205215 
 1.8692E-01 1.8679E-01 1.4521E+03 1.8686E-01 5.0442E-01 1.3738E-022367200205216 
 3.4675E+00 1.3800E-01 2.8782E+00 5.2028E-02 2.9275E+00 2.7131E-022367200205217 
 1.8679E-01 1.8667E-01 1.4526E+03 1.8673E-01 5.0596E-01 1.4088E-022367200205218 
 3.4520E+00 1.4108E-01 2.7711E+00 5.4040E-02 2.8073E+00 2.8292E-022367200205219 
 1.8667E-01 1.8654E-01 1.4531E+03 1.8661E-01 4.6477E-01 1.2694E-022367200205220 
 3.8823E+00 1.3839E-01 2.7649E+00 5.4162E-02 3.0421E+00 2.6109E-022367200205221 
 1.8654E-01 1.8642E-01 1.4536E+03 1.8648E-01 5.0115E-01 1.3675E-022367200205222 
 3.5004E+00 1.3826E-01 2.8600E+00 5.2360E-02 2.9270E+00 2.7136E-022367200205223 
 1.8642E-01 1.8629E-01 1.4541E+03 1.8635E-01 5.2637E-01 1.4328E-022367200205224 
 3.2516E+00 1.3792E-01 2.9408E+00 5.0922E-02 2.8713E+00 2.7662E-022367200205225 
 1.8629E-01 1.8617E-01 1.4546E+03 1.8623E-01 4.8397E-01 1.2982E-022367200205226 
 3.6772E+00 1.3591E-01 2.9055E+00 5.1539E-02 3.0776E+00 2.5808E-022367200205227 
 1.8617E-01 1.8604E-01 1.4551E+03 1.8610E-01 5.0237E-01 1.3210E-022367200205228 
 3.4882E+00 1.3324E-01 3.0627E+00 4.8895E-02 3.1325E+00 2.5356E-022367200205229 
 1.8604E-01 1.8592E-01 1.4555E+03 1.8598E-01 4.9964E-01 1.2932E-022367200205230 
 3.5158E+00 1.3114E-01 3.1413E+00 4.7671E-02 3.2320E+00 2.4575E-022367200205231 
 1.8592E-01 1.8579E-01 1.4560E+03 1.8585E-01 5.0458E-01 1.3226E-022367200205232 
 3.4659E+00 1.3281E-01 3.0880E+00 4.8495E-02 3.1455E+00 2.5251E-022367200205233 
 1.8579E-01 1.8567E-01 1.4565E+03 1.8573E-01 4.8526E-01 1.2315E-022367200205234 
 3.6637E+00 1.2858E-01 3.2169E+00 4.6550E-02 3.4075E+00 2.3309E-022367200205235 
 1.8567E-01 1.8554E-01 1.4570E+03 1.8561E-01 5.0241E-01 1.2950E-022367200205236 
 3.4877E+00 1.3060E-01 3.1757E+00 4.7154E-02 3.2507E+00 2.4433E-022367200205237 
 1.8554E-01 1.8542E-01 1.4575E+03 1.8548E-01 5.0932E-01 1.3118E-022367200205238 
 3.4185E+00 1.3050E-01 3.2031E+00 4.6751E-02 3.2360E+00 2.4545E-022367200205239 
 1.8542E-01 1.8530E-01 1.4580E+03 1.8536E-01 5.0030E-01 1.2785E-022367200205240 
 3.5091E+00 1.2948E-01 3.2209E+00 4.6493E-02 3.3116E+00 2.3984E-022367200205241 
 1.8530E-01 1.8517E-01 1.4585E+03 1.8523E-01 5.0481E-01 1.2869E-022367200205242 
 3.4636E+00 1.2917E-01 3.2487E+00 4.6095E-02 3.3117E+00 2.3984E-022367200205243 
 1.8517E-01 1.8505E-01 1.4590E+03 1.8511E-01 4.7572E-01 1.2150E-022367200205244 
 3.7643E+00 1.2941E-01 3.1519E+00 4.7511E-02 3.4023E+00 2.3345E-022367200205245 
 1.8505E-01 1.8492E-01 1.4595E+03 1.8499E-01 4.8349E-01 1.2510E-022367200205246 
 3.6823E+00 1.3110E-01 3.1052E+00 4.8225E-02 3.2981E+00 2.4083E-022367200205247 
 1.8492E-01 1.8480E-01 1.4599E+03 1.8486E-01 4.9406E-01 1.2807E-022367200205248 
 3.5726E+00 1.3134E-01 3.1170E+00 4.8042E-02 3.2417E+00 2.4501E-022367200205249 
 1.8480E-01 1.8468E-01 1.4604E+03 1.8474E-01 5.0497E-01 1.3242E-022367200205250 
 3.4620E+00 1.3287E-01 3.0817E+00 4.8593E-02 3.1366E+00 2.5322E-022367200205251 
 1.8468E-01 1.8455E-01 1.4609E+03 1.8461E-01 4.8639E-01 1.2650E-022367200205252 
 3.6520E+00 1.3178E-01 3.0799E+00 4.8622E-02 3.2514E+00 2.4428E-022367200205253 
 1.8455E-01 1.8443E-01 1.4614E+03 1.8449E-01 5.1009E-01 1.3309E-022367200205254 
 3.4109E+00 1.3220E-01 3.1307E+00 4.7833E-02 3.1565E+00 2.5163E-022367200205255 
 1.8443E-01 1.8431E-01 1.4619E+03 1.8437E-01 5.0984E-01 1.3136E-022367200205256 
 3.4133E+00 1.3054E-01 3.2001E+00 4.6794E-02 3.2297E+00 2.4592E-022367200205257 
 1.8431E-01 1.8418E-01 1.4624E+03 1.8424E-01 4.9568E-01 1.2609E-022367200205258 
 3.5561E+00 1.2889E-01 3.2365E+00 4.6268E-02 3.3584E+00 2.3650E-022367200205259 
 1.8418E-01 1.8406E-01 1.4629E+03 1.8412E-01 5.0364E-01 1.3012E-022367200205260 
 3.4754E+00 1.3091E-01 3.1671E+00 4.7282E-02 3.2340E+00 2.4560E-022367200205261 
 1.8406E-01 1.8394E-01 1.4634E+03 1.8400E-01 4.9328E-01 1.2612E-022367200205262 
 3.5806E+00 1.2954E-01 3.2027E+00 4.6756E-02 3.3382E+00 2.3793E-022367200205263 
 1.8394E-01 1.8381E-01 1.4638E+03 1.8388E-01 4.7388E-01 1.2179E-022367200205264 
 3.7840E+00 1.3022E-01 3.1114E+00 4.8128E-02 3.3702E+00 2.3567E-022367200205265 
 1.8381E-01 1.8369E-01 1.4643E+03 1.8375E-01 4.8763E-01 1.2428E-022367200205266 
 3.6391E+00 1.2913E-01 3.2004E+00 4.6791E-02 3.3735E+00 2.3544E-022367200205267 
 1.8369E-01 1.8357E-01 1.4648E+03 1.8363E-01 4.8105E-01 1.2373E-022367200205268 
 3.7078E+00 1.3033E-01 3.1287E+00 4.7864E-02 3.3400E+00 2.3781E-022367200205269 
 1.8357E-01 1.8345E-01 1.4653E+03 1.8351E-01 4.8533E-01 1.2501E-022367200205270 
 3.6630E+00 1.3051E-01 3.1318E+00 4.7816E-02 3.3146E+00 2.3963E-022367200205271 
 1.8345E-01 1.8333E-01 1.4658E+03 1.8339E-01 5.3055E-01 1.3651E-022367200205272 
 3.2116E+00 1.3037E-01 3.2669E+00 4.5838E-02 3.1730E+00 2.5032E-022367200205273 
 1.8333E-01 1.8320E-01 1.4663E+03 1.8326E-01 4.8809E-01 1.2721E-022367200205274 
 3.6343E+00 1.3206E-01 3.0770E+00 4.8668E-02 3.2372E+00 2.4535E-022367200205275 
 1.8320E-01 1.8308E-01 1.4668E+03 1.8314E-01 5.0508E-01 1.3080E-022367200205276 
 3.4609E+00 1.3122E-01 3.1577E+00 4.7424E-02 3.2151E+00 2.4704E-022367200205277 
 1.8308E-01 1.8296E-01 1.4673E+03 1.8302E-01 5.0505E-01 1.3168E-022367200205278 
 3.4612E+00 1.3211E-01 3.1192E+00 4.8009E-02 3.1752E+00 2.5015E-022367200205279 
 1.8296E-01 1.8284E-01 1.4678E+03 1.8290E-01 5.0427E-01 1.2903E-022367200205280 
 3.4691E+00 1.2965E-01 3.2253E+00 4.6430E-02 3.2908E+00 2.4136E-022367200205281 
 1.8284E-01 1.8272E-01 1.4682E+03 1.8278E-01 5.0908E-01 1.3037E-022367200205282 
 3.4209E+00 1.2976E-01 3.2391E+00 4.6231E-02 3.2747E+00 2.4254E-022367200205283 
 1.8272E-01 1.8259E-01 1.4687E+03 1.8266E-01 4.6894E-01 1.2020E-022367200205284 
 3.8370E+00 1.2987E-01 3.1110E+00 4.8135E-02 3.4044E+00 2.3331E-022367200205285 
 1.8259E-01 1.8247E-01 1.4692E+03 1.8253E-01 5.0720E-01 1.3058E-022367200205286 
 3.4396E+00 1.3045E-01 3.2009E+00 4.6783E-02 3.2469E+00 2.4462E-022367200205287 
 1.8247E-01 1.8235E-01 1.4697E+03 1.8241E-01 4.8052E-01 1.2345E-022367200205288 
 3.7135E+00 1.3017E-01 3.1328E+00 4.7800E-02 3.3482E+00 2.3722E-022367200205289 
 1.8235E-01 1.8223E-01 1.4702E+03 1.8229E-01 4.9374E-01 1.2845E-022367200205290 
 3.5760E+00 1.3182E-01 3.1009E+00 4.8293E-02 3.2266E+00 2.4616E-022367200205291 
 1.8223E-01 1.8211E-01 1.4707E+03 1.8217E-01 5.2178E-01 1.3523E-022367200205292 
 3.2960E+00 1.3131E-01 3.2006E+00 4.6788E-02 3.1580E+00 2.5150E-022367200205293 
 1.8211E-01 1.8199E-01 1.4712E+03 1.8205E-01 4.7770E-01 1.2487E-022367200205294 
 3.7432E+00 1.3244E-01 3.0268E+00 4.9475E-02 3.2506E+00 2.4435E-022367200205295 
 1.8199E-01 1.8187E-01 1.4717E+03 1.8193E-01 4.8441E-01 1.2609E-022367200205296 
 3.6726E+00 1.3189E-01 3.0693E+00 4.8790E-02 3.2528E+00 2.4418E-022367200205297 
 1.8187E-01 1.8175E-01 1.4721E+03 1.8181E-01 4.8350E-01 1.2932E-022367200205298 
 3.6821E+00 1.3552E-01 2.9197E+00 5.1289E-02 3.0959E+00 2.5655E-022367200205299 
 1.8175E-01 1.8163E-01 1.4726E+03 1.8169E-01 4.9341E-01 1.3059E-022367200205300 
 3.5794E+00 1.3411E-01 3.0065E+00 4.9809E-02 3.1279E+00 2.5392E-022367200205301 
 1.8163E-01 1.8151E-01 1.4731E+03 1.8157E-01 4.9663E-01 1.3535E-022367200205302 
 3.5464E+00 1.3809E-01 2.8565E+00 5.2424E-02 2.9492E+00 2.6932E-022367200205303 
 1.8151E-01 1.8139E-01 1.4736E+03 1.8145E-01 5.0073E-01 1.3979E-022367200205304 
 3.5047E+00 1.4145E-01 2.7441E+00 5.4572E-02 2.8074E+00 2.8291E-022367200205305 
 1.8139E-01 1.8127E-01 1.4741E+03 1.8133E-01 4.8180E-01 1.4036E-022367200205306 
 3.6999E+00 1.4761E-01 2.5007E+00 5.9884E-02 2.6486E+00 2.9988E-022367200205307 
 1.8127E-01 1.8115E-01 1.4746E+03 1.8121E-01 4.6979E-01 1.3714E-022367200205308 
 3.8278E+00 1.4791E-01 2.4627E+00 6.0806E-02 2.6718E+00 2.9728E-022367200205309 
 1.8115E-01 1.8103E-01 1.4751E+03 1.8109E-01 5.0724E-01 1.4529E-022367200205310 
 3.4393E+00 1.4513E-01 2.6363E+00 5.6803E-02 2.6606E+00 2.9853E-022367200205311 
 1.8103E-01 1.8091E-01 1.4756E+03 1.8097E-01 4.9510E-01 1.3523E-022367200205312 
 3.5620E+00 1.3840E-01 2.8407E+00 5.2715E-02 2.9413E+00 2.7004E-022367200205313 
 1.8091E-01 1.8079E-01 1.4761E+03 1.8085E-01 5.0575E-01 1.3123E-022367200205314 
 3.4542E+00 1.3148E-01 3.1497E+00 4.7543E-02 3.2027E+00 2.4800E-022367200205315 
 1.8079E-01 1.8067E-01 1.4765E+03 1.8073E-01 4.6572E-01 1.1498E-022367200205316 
 3.8720E+00 1.2509E-01 3.3248E+00 4.5040E-02 3.6690E+00 2.1648E-022367200205317 
 1.8067E-01 1.8055E-01 1.4770E+03 1.8061E-01 4.9394E-01 1.1507E-022367200205318 
 3.5739E+00 1.1804E-01 3.7986E+00 3.9422E-02 3.9691E+00 2.0011E-022367200205319 
 1.8055E-01 1.8043E-01 1.4775E+03 1.8049E-01 4.9527E-01 1.0723E-022367200205320 
 3.5603E+00 1.0970E-01 4.3575E+00 3.4365E-02 4.5529E+00 1.7445E-022367200205321 
 1.8043E-01 1.8031E-01 1.4780E+03 1.8037E-01 5.1483E-01 1.0085E-022367200205322 
 3.3640E+00 9.9251E-02 5.3617E+00 2.7929E-02 5.4098E+00 1.4682E-022367200205323 
 1.8031E-01 1.8019E-01 1.4785E+03 1.8025E-01 4.8920E-01 8.5451E-032367200205324 
 3.6227E+00 8.8506E-02 6.5074E+00 2.3012E-02 6.9223E+00 1.1474E-022367200205325 
 1.8019E-01 1.8007E-01 1.4790E+03 1.8013E-01 4.8897E-01 7.5857E-032367200205326 
 3.6251E+00 7.8606E-02 8.1681E+00 1.8333E-02 8.7139E+00 9.1149E-032367200205327 
 1.8007E-01 1.7995E-01 1.4795E+03 1.8001E-01 4.8189E-01 6.6817E-032367200205328 
 3.6991E+00 7.0256E-02 1.0091E+01 1.4840E-02 1.0942E+01 7.2590E-032367200205329 
 1.7995E-01 1.7983E-01 1.4800E+03 1.7989E-01 4.8666E-01 6.0652E-032367200205330 
 3.6492E+00 6.3148E-02 1.2477E+01 1.2002E-02 1.3416E+01 5.9200E-032367200205331 
 1.7983E-01 1.7972E-01 1.4805E+03 1.7977E-01 4.9523E-01 5.7644E-032367200205332 
 3.5607E+00 5.8978E-02 1.4384E+01 1.0411E-02 1.5213E+01 5.2208E-032367200205333 
 1.7972E-01 1.7960E-01 1.4809E+03 1.7966E-01 4.8565E-01 5.5372E-032367200205334 
 3.6596E+00 5.7770E-02 1.4849E+01 1.0085E-02 1.6016E+01 4.9590E-032367200205335 
 1.7960E-01 1.7948E-01 1.4814E+03 1.7954E-01 4.8713E-01 5.7801E-032367200205336 
 3.6442E+00 6.0121E-02 1.3746E+01 1.0894E-02 1.4775E+01 5.3757E-032367200205337 
 1.7948E-01 1.7936E-01 1.4819E+03 1.7942E-01 4.8253E-01 6.2102E-032367200205338 
 3.6923E+00 6.5211E-02 1.1678E+01 1.2823E-02 1.2659E+01 6.2740E-032367200205339 
 1.7936E-01 1.7924E-01 1.4824E+03 1.7930E-01 4.9978E-01 7.1882E-032367200205340 
 3.5144E+00 7.2876E-02 9.5625E+00 1.5660E-02 9.9961E+00 7.9457E-032367200205341 
 1.7924E-01 1.7912E-01 1.4829E+03 1.7918E-01 4.9932E-01 8.1991E-032367200205342 
 3.5190E+00 8.3201E-02 7.3962E+00 2.0247E-02 7.7208E+00 1.0287E-022367200205343 
 1.7912E-01 1.7901E-01 1.4834E+03 1.7907E-01 4.9255E-01 9.1636E-032367200205344 
 3.5882E+00 9.4267E-02 5.7884E+00 2.5871E-02 6.1071E+00 1.3006E-022367200205345 
 1.7901E-01 1.7889E-01 1.4839E+03 1.7895E-01 4.8367E-01 9.9120E-032367200205346 
 3.6803E+00 1.0384E-01 4.7762E+00 3.1353E-02 5.1159E+00 1.5525E-022367200205347 
 1.7889E-01 1.7877E-01 1.4844E+03 1.7883E-01 4.8721E-01 1.0563E-022367200205348 
 3.6434E+00 1.0985E-01 4.3147E+00 3.4707E-02 4.5805E+00 1.7340E-022367200205349 
 1.7877E-01 1.7865E-01 1.4848E+03 1.7871E-01 4.9355E-01 1.1085E-022367200205350 
 3.5779E+00 1.1380E-01 4.0653E+00 3.6836E-02 4.2567E+00 1.8659E-022367200205351 
 1.7865E-01 1.7854E-01 1.4853E+03 1.7859E-01 4.9664E-01 1.1357E-022367200205352 
 3.5463E+00 1.1587E-01 3.9393E+00 3.8014E-02 4.0971E+00 1.9386E-022367200205353 
 1.7854E-01 1.7842E-01 1.4858E+03 1.7848E-01 4.9255E-01 1.1495E-022367200205354 
 3.5882E+00 1.1825E-01 3.7828E+00 3.9587E-02 3.9631E+00 2.0041E-022367200205355 
 1.7842E-01 1.7830E-01 1.4863E+03 1.7836E-01 4.8797E-01 1.1338E-022367200205356 
 3.6355E+00 1.1773E-01 3.7928E+00 3.9482E-02 4.0104E+00 1.9805E-022367200205357 
 1.7830E-01 1.7818E-01 1.4868E+03 1.7824E-01 4.6956E-01 1.1018E-022367200205358 
 3.8304E+00 1.1889E-01 3.6602E+00 4.0913E-02 4.0159E+00 1.9778E-022367200205359 
 1.7818E-01 1.7807E-01 1.4873E+03 1.7813E-01 4.7167E-01 1.1172E-022367200205360 
 3.8076E+00 1.2001E-01 3.6074E+00 4.1512E-02 3.9392E+00 2.0163E-022367200205361 
 1.7807E-01 1.7795E-01 1.4878E+03 1.7801E-01 4.8649E-01 1.1581E-022367200205362 
 3.6509E+00 1.2062E-01 3.6252E+00 4.1308E-02 3.8409E+00 2.0679E-022367200205363 
 1.7795E-01 1.7783E-01 1.4883E+03 1.7789E-01 4.7167E-01 1.1099E-022367200205364 
 3.8077E+00 1.1923E-01 3.6528E+00 4.0996E-02 3.9899E+00 1.9907E-022367200205365 
 1.7783E-01 1.7772E-01 1.4888E+03 1.7778E-01 4.7855E-01 1.1224E-022367200205366 
 3.7343E+00 1.1884E-01 3.7001E+00 4.0472E-02 3.9858E+00 1.9927E-022367200205367 
 1.7772E-01 1.7760E-01 1.4892E+03 1.7766E-01 4.9782E-01 1.1677E-022367200205368 
 3.5343E+00 1.1885E-01 3.7613E+00 3.9813E-02 3.8993E+00 2.0369E-022367200205369 
 1.7760E-01 1.7748E-01 1.4897E+03 1.7754E-01 4.7668E-01 1.1103E-022367200205370 
 3.7541E+00 1.1802E-01 3.7378E+00 4.0063E-02 4.0427E+00 1.9647E-022367200205371 
 1.7748E-01 1.7737E-01 1.4902E+03 1.7743E-01 4.7165E-01 1.0813E-022367200205372 
 3.8079E+00 1.1616E-01 3.8325E+00 3.9074E-02 4.1908E+00 1.8953E-022367200205373 
 1.7737E-01 1.7725E-01 1.4907E+03 1.7731E-01 4.9229E-01 1.1337E-022367200205374 
 3.5909E+00 1.1669E-01 3.8762E+00 3.8632E-02 4.0652E+00 1.9538E-022367200205375 
 1.7725E-01 1.7714E-01 1.4912E+03 1.7719E-01 4.8599E-01 1.1192E-022367200205376 
 3.6560E+00 1.1669E-01 3.8488E+00 3.8908E-02 4.0871E+00 1.9434E-022367200205377 
 1.7714E-01 1.7702E-01 1.4917E+03 1.7708E-01 5.0485E-01 1.1714E-022367200205378 
 3.4632E+00 1.1756E-01 3.8635E+00 3.8760E-02 3.9526E+00 2.0094E-022367200205379 
 1.7702E-01 1.7690E-01 1.4922E+03 1.7696E-01 5.0074E-01 1.1724E-022367200205380 
 3.5046E+00 1.1863E-01 3.7864E+00 3.9549E-02 3.9035E+00 2.0348E-022367200205381 
 1.7690E-01 1.7679E-01 1.4927E+03 1.7685E-01 5.0272E-01 1.2093E-022367200205382 
 3.4846E+00 1.2189E-01 3.6057E+00 4.1531E-02 3.6991E+00 2.1472E-022367200205383 
 1.7679E-01 1.7667E-01 1.4931E+03 1.7673E-01 4.9566E-01 1.2051E-022367200205384 
 3.5563E+00 1.2319E-01 3.5136E+00 4.2620E-02 3.6528E+00 2.1744E-022367200205385 
 1.7667E-01 1.7656E-01 1.4936E+03 1.7661E-01 4.6987E-01 1.1700E-022367200205386 
 3.8271E+00 1.2617E-01 3.2824E+00 4.5622E-02 3.5899E+00 2.2125E-022367200205387 
 1.7656E-01 1.7644E-01 1.4941E+03 1.7650E-01 4.8387E-01 1.2087E-022367200205388 
 3.6782E+00 1.2657E-01 3.3077E+00 4.5272E-02 3.5159E+00 2.2591E-022367200205389 
 1.7644E-01 1.7633E-01 1.4946E+03 1.7638E-01 4.9083E-01 1.2585E-022367200205390 
 3.6058E+00 1.2992E-01 3.1714E+00 4.7219E-02 3.3208E+00 2.3918E-022367200205391 
 1.7633E-01 1.7621E-01 1.4951E+03 1.7627E-01 4.8859E-01 1.2747E-022367200205392 
 3.6290E+00 1.3219E-01 3.0688E+00 4.8797E-02 3.2252E+00 2.4627E-022367200205393 
 1.7621E-01 1.7610E-01 1.4956E+03 1.7615E-01 5.0331E-01 1.3390E-022367200205394 
 3.4786E+00 1.3480E-01 3.0007E+00 4.9904E-02 3.0620E+00 2.5940E-022367200205395 
 1.7610E-01 1.7598E-01 1.4961E+03 1.7604E-01 4.8655E-01 1.2884E-022367200205396 
 3.6503E+00 1.3417E-01 2.9855E+00 5.0158E-02 3.1483E+00 2.5229E-022367200205397 
 1.7598E-01 1.7587E-01 1.4966E+03 1.7592E-01 5.0129E-01 1.3575E-022367200205398 
 3.4991E+00 1.3721E-01 2.9019E+00 5.1604E-02 2.9702E+00 2.6741E-022367200205399 
 1.7587E-01 1.7575E-01 1.4971E+03 1.7581E-01 4.7411E-01 1.2636E-022367200205400 
 3.7815E+00 1.3505E-01 2.9167E+00 5.1342E-02 3.1524E+00 2.5196E-022367200205401 
 1.7575E-01 1.7564E-01 1.4975E+03 1.7569E-01 4.8563E-01 1.3012E-022367200205402 
 3.6599E+00 1.3576E-01 2.9172E+00 5.1332E-02 3.0800E+00 2.5787E-022367200205403 
 1.7564E-01 1.7552E-01 1.4980E+03 1.7558E-01 4.7034E-01 1.2732E-022367200205404 
 3.8220E+00 1.3716E-01 2.8213E+00 5.3078E-02 3.0702E+00 2.5870E-022367200205405 
 1.7552E-01 1.7541E-01 1.4985E+03 1.7547E-01 4.9382E-01 1.3312E-022367200205406 
 3.5751E+00 1.3659E-01 2.9077E+00 5.1501E-02 3.0201E+00 2.6300E-022367200205407 
 1.7541E-01 1.7529E-01 1.4990E+03 1.7535E-01 4.9643E-01 1.3660E-022367200205408 
 3.5484E+00 1.3942E-01 2.8108E+00 5.3276E-02 2.9018E+00 2.7371E-022367200205409 
 1.7529E-01 1.7518E-01 1.4995E+03 1.7524E-01 4.8530E-01 1.3520E-022367200205410 
 3.6633E+00 1.4115E-01 2.7207E+00 5.5041E-02 2.8688E+00 2.7686E-022367200205411 
 1.7518E-01 1.7507E-01 1.5000E+03 1.7512E-01 5.1118E-01 1.4367E-022367200205412 
 3.4001E+00 1.4241E-01 2.7406E+00 5.4640E-02 2.7482E+00 2.8902E-022367200205413 
 1.7507E-01 1.7495E-01 1.5005E+03 1.7501E-01 4.8035E-01 1.3480E-022367200205414 
 3.7153E+00 1.4219E-01 2.6691E+00 5.6105E-02 2.8410E+00 2.7957E-022367200205415 
 1.7495E-01 1.7484E-01 1.5010E+03 1.7490E-01 4.8610E-01 1.3564E-022367200205416 
 3.6550E+00 1.4139E-01 2.7123E+00 5.5211E-02 2.8551E+00 2.7819E-022367200205417 
 1.7484E-01 1.7472E-01 1.5014E+03 1.7478E-01 4.7570E-01 1.3594E-022367200205418 
 3.7646E+00 1.4480E-01 2.5742E+00 5.8174E-02 2.7629E+00 2.8747E-022367200205419 
 1.7472E-01 1.7461E-01 1.5019E+03 1.7467E-01 4.9229E-01 1.3735E-022367200205420 
 3.5908E+00 1.4136E-01 2.7267E+00 5.4920E-02 2.8356E+00 2.8010E-022367200205421 
 1.7461E-01 1.7450E-01 1.5024E+03 1.7455E-01 4.8753E-01 1.3832E-022367200205422 
 3.6401E+00 1.4375E-01 2.6407E+00 5.6708E-02 2.7697E+00 2.8677E-022367200205423 
 1.7450E-01 1.7438E-01 1.5029E+03 1.7444E-01 5.1098E-01 1.4467E-022367200205424 
 3.4020E+00 1.4346E-01 2.7013E+00 5.5435E-02 2.7087E+00 2.9323E-022367200205425 
 1.7438E-01 1.7427E-01 1.5034E+03 1.7433E-01 5.0900E-01 1.4415E-022367200205426 
 3.4217E+00 1.4350E-01 2.6913E+00 5.5641E-02 2.7086E+00 2.9324E-022367200205427 
 1.7427E-01 1.7416E-01 1.5039E+03 1.7421E-01 4.7364E-01 1.3585E-022367200205428 
 3.7866E+00 1.4533E-01 2.5525E+00 5.8668E-02 2.7505E+00 2.8877E-022367200205429 
 1.7416E-01 1.7404E-01 1.5044E+03 1.7410E-01 5.1162E-01 1.4586E-022367200205430 
 3.3957E+00 1.4446E-01 2.6722E+00 5.6040E-02 2.6754E+00 2.9688E-022367200205431 
 1.7404E-01 1.7393E-01 1.5049E+03 1.7399E-01 4.8785E-01 1.4500E-022367200205432 
 3.6368E+00 1.5060E-01 2.4242E+00 6.1772E-02 2.5342E+00 3.1341E-022367200205433 
 1.7393E-01 1.7382E-01 1.5054E+03 1.7388E-01 5.0158E-01 1.5364E-022367200205434 
 3.4961E+00 1.5520E-01 2.3298E+00 6.4275E-02 2.3679E+00 3.3542E-022367200205435 
 1.7382E-01 1.7371E-01 1.5058E+03 1.7376E-01 4.7694E-01 1.4830E-022367200205436 
 3.7514E+00 1.5755E-01 2.2191E+00 6.7483E-02 2.3639E+00 3.3599E-022367200205437 
 1.7371E-01 1.7359E-01 1.5063E+03 1.7365E-01 4.7708E-01 1.5177E-022367200205438 
 3.7499E+00 1.6119E-01 2.1339E+00 7.0177E-02 2.2692E+00 3.5001E-022367200205439 
 1.7359E-01 1.7348E-01 1.5068E+03 1.7354E-01 4.8550E-01 1.4993E-022367200205440 
 3.6612E+00 1.5647E-01 2.2623E+00 6.6194E-02 2.3705E+00 3.3506E-022367200205441 
 1.7348E-01 1.7337E-01 1.5073E+03 1.7343E-01 4.7599E-01 1.4352E-022367200205442 
 3.7614E+00 1.5277E-01 2.3418E+00 6.3946E-02 2.5042E+00 3.1717E-022367200205443 
 1.7337E-01 1.7326E-01 1.5078E+03 1.7331E-01 4.7751E-01 1.4353E-022367200205444 
 3.7453E+00 1.5230E-01 2.3573E+00 6.3526E-02 2.5136E+00 3.1599E-022367200205445 
 1.7326E-01 1.7314E-01 1.5083E+03 1.7320E-01 5.1425E-01 1.5408E-022367200205446 
 3.3697E+00 1.5181E-01 2.4498E+00 6.1128E-02 2.4344E+00 3.2627E-022367200205447 
 1.7314E-01 1.7303E-01 1.5088E+03 1.7309E-01 4.8745E-01 1.4612E-022367200205448 
 3.6409E+00 1.5189E-01 2.3907E+00 6.2639E-02 2.5000E+00 3.1770E-022367200205449 
 1.7303E-01 1.7292E-01 1.5093E+03 1.7298E-01 4.9803E-01 1.5351E-022367200205450 
 3.5321E+00 1.5618E-01 2.2951E+00 6.5247E-02 2.3476E+00 3.3833E-022367200205451 
 1.7292E-01 1.7281E-01 1.5097E+03 1.7286E-01 4.7383E-01 1.4859E-022367200205452 
 3.7844E+00 1.5889E-01 2.1837E+00 6.8577E-02 2.3396E+00 3.3949E-022367200205453 
 1.7281E-01 1.7270E-01 1.5102E+03 1.7275E-01 4.8476E-01 1.5525E-022367200205454 
 3.6690E+00 1.6227E-01 2.1212E+00 7.0598E-02 2.2207E+00 3.5766E-022367200205455 
 1.7270E-01 1.7259E-01 1.5107E+03 1.7264E-01 4.9143E-01 1.5298E-022367200205456 
 3.5997E+00 1.5773E-01 2.2443E+00 6.6724E-02 2.3236E+00 3.4182E-022367200205457 
 1.7259E-01 1.7247E-01 1.5112E+03 1.7253E-01 4.7949E-01 1.4466E-022367200205458 
 3.7243E+00 1.5286E-01 2.3420E+00 6.3941E-02 2.4868E+00 3.1940E-022367200205459 
 1.7247E-01 1.7236E-01 1.5117E+03 1.7242E-01 4.6918E-01 1.4024E-022367200205460 
 3.8344E+00 1.5145E-01 2.3632E+00 6.3366E-02 2.5635E+00 3.0983E-022367200205461 
 1.7236E-01 1.7225E-01 1.5122E+03 1.7231E-01 4.8136E-01 1.4199E-022367200205462 
 3.7046E+00 1.4946E-01 2.4481E+00 6.1170E-02 2.5934E+00 3.0626E-022367200205463 
 1.7225E-01 1.7214E-01 1.5127E+03 1.7220E-01 5.0179E-01 1.4577E-022367200205464 
 3.4940E+00 1.4719E-01 2.5565E+00 5.8575E-02 2.6049E+00 3.0491E-022367200205465 
 1.7214E-01 1.7203E-01 1.5132E+03 1.7208E-01 4.9400E-01 1.4566E-022367200205466 
 3.5733E+00 1.4940E-01 2.4737E+00 6.0535E-02 2.5565E+00 3.1069E-022367200205467 
 1.7203E-01 1.7192E-01 1.5137E+03 1.7197E-01 4.9302E-01 1.4464E-022367200205468 
 3.5833E+00 1.4865E-01 2.4955E+00 6.0008E-02 2.5846E+00 3.0731E-022367200205469 
 1.7192E-01 1.7181E-01 1.5141E+03 1.7186E-01 4.8451E-01 1.4327E-022367200205470 
 3.6715E+00 1.4982E-01 2.4416E+00 6.1332E-02 2.5701E+00 3.0904E-022367200205471 
 1.7181E-01 1.7170E-01 1.5146E+03 1.7175E-01 4.8339E-01 1.4478E-022367200205472 
 3.6833E+00 1.5176E-01 2.3853E+00 6.2780E-02 2.5145E+00 3.1587E-022367200205473 
 1.7170E-01 1.7159E-01 1.5151E+03 1.7164E-01 4.8729E-01 1.4690E-022367200205474 
 3.6426E+00 1.5275E-01 2.3655E+00 6.3305E-02 2.4736E+00 3.2109E-022367200205475 
 1.7159E-01 1.7148E-01 1.5156E+03 1.7153E-01 4.7633E-01 1.4749E-022367200205476 
 3.7578E+00 1.5689E-01 2.2323E+00 6.7083E-02 2.3815E+00 3.3352E-022367200205477 
 1.7148E-01 1.7136E-01 1.5161E+03 1.7142E-01 4.9035E-01 1.5792E-022367200205478 
 3.6109E+00 1.6318E-01 2.1133E+00 7.0860E-02 2.1879E+00 3.6302E-022367200205479 
 1.7136E-01 1.7125E-01 1.5166E+03 1.7131E-01 5.2468E-01 1.7527E-022367200205480 
 3.2680E+00 1.6926E-01 2.0409E+00 7.3376E-02 1.9772E+00 4.0171E-022367200205481 
 1.7125E-01 1.7114E-01 1.5171E+03 1.7120E-01 5.1365E-01 1.7488E-022367200205482 
 3.3756E+00 1.7251E-01 1.9550E+00 7.6598E-02 1.9299E+00 4.1155E-022367200205483 
 1.7114E-01 1.7103E-01 1.5176E+03 1.7109E-01 4.7013E-01 1.5927E-022367200205484 
 3.8242E+00 1.7166E-01 1.9017E+00 7.8746E-02 2.0415E+00 3.8905E-022367200205485 
 1.7103E-01 1.7092E-01 1.5180E+03 1.7098E-01 4.6895E-01 1.5422E-022367200205486 
 3.8369E+00 1.6663E-01 1.9984E+00 7.4935E-02 2.1551E+00 3.6856E-022367200205487 
 1.7092E-01 1.7081E-01 1.5185E+03 1.7087E-01 4.5018E-01 1.4339E-022367200205488 
 4.0439E+00 1.6139E-01 2.0762E+00 7.2126E-02 2.3326E+00 3.4050E-022367200205489 
 1.7081E-01 1.7070E-01 1.5190E+03 1.7076E-01 5.0443E-01 1.5575E-022367200205490 
 3.4674E+00 1.5645E-01 2.2989E+00 6.5140E-02 2.3227E+00 3.4195E-022367200205491 
 1.7070E-01 1.7059E-01 1.5195E+03 1.7065E-01 4.9983E-01 1.5112E-022367200205492 
 3.5138E+00 1.5320E-01 2.3797E+00 6.2926E-02 2.4286E+00 3.2705E-022367200205493 
 1.7059E-01 1.7049E-01 1.5200E+03 1.7054E-01 4.7777E-01 1.4577E-022367200205494 
 3.7425E+00 1.5459E-01 2.2939E+00 6.5281E-02 2.4425E+00 3.2519E-022367200205495 
 1.7049E-01 1.7038E-01 1.5205E+03 1.7043E-01 5.0741E-01 1.5266E-022367200205496 
 3.4376E+00 1.5244E-01 2.4154E+00 6.1997E-02 2.4305E+00 3.2679E-022367200205497 
 1.7038E-01 1.7027E-01 1.5210E+03 1.7032E-01 4.8587E-01 1.4423E-022367200205498 
 3.6573E+00 1.5041E-01 2.4303E+00 6.1617E-02 2.5509E+00 3.1137E-022367200205499 
 1.7027E-01 1.7016E-01 1.5215E+03 1.7021E-01 4.8074E-01 1.4825E-022367200205500 
 3.7112E+00 1.5625E-01 2.2573E+00 6.6341E-02 2.3877E+00 3.3264E-022367200205501 
 1.7016E-01 1.7005E-01 1.5220E+03 1.7010E-01 5.0450E-01 1.5719E-022367200205502 
 3.4667E+00 1.5788E-01 2.2637E+00 6.6151E-02 2.2858E+00 3.4748E-022367200205503 
 1.7005E-01 1.6994E-01 1.5224E+03 1.6999E-01 4.9816E-01 1.5879E-022367200205504 
 3.5308E+00 1.6151E-01 2.1639E+00 6.9204E-02 2.2083E+00 3.5967E-022367200205505 
 1.6994E-01 1.6983E-01 1.5229E+03 1.6988E-01 4.7820E-01 1.5785E-022367200205506 
 3.7380E+00 1.6726E-01 1.9985E+00 7.4931E-02 2.1150E+00 3.7553E-022367200205507 
 1.6983E-01 1.6972E-01 1.5234E+03 1.6978E-01 4.9877E-01 1.7120E-022367200205508 
 3.5246E+00 1.7392E-01 1.9059E+00 7.8572E-02 1.9333E+00 4.1083E-022367200205509 
 1.6972E-01 1.6961E-01 1.5239E+03 1.6967E-01 5.0262E-01 1.8807E-022367200205510 
 3.4856E+00 1.8959E-01 1.6499E+00 9.0764E-02 1.6509E+00 4.8110E-022367200205511 
 1.6961E-01 1.6950E-01 1.5244E+03 1.6956E-01 4.9663E-01 1.9177E-022367200205512 
 3.5464E+00 1.9566E-01 1.5574E+00 9.6155E-02 1.5718E+00 5.0532E-022367200205513 
 1.6950E-01 1.6940E-01 1.5249E+03 1.6945E-01 4.6891E-01 1.8086E-022367200205514 
 3.8374E+00 1.9543E-01 1.5254E+00 9.8171E-02 1.6241E+00 4.8904E-022367200205515 
 1.6940E-01 1.6929E-01 1.5254E+03 1.6934E-01 4.8924E-01 1.8821E-022367200205516 
 3.6223E+00 1.9492E-01 1.5576E+00 9.6138E-02 1.5947E+00 4.9808E-022367200205517 
 1.6929E-01 1.6918E-01 1.5259E+03 1.6923E-01 4.9549E-01 1.8529E-022367200205518 
 3.5580E+00 1.8947E-01 1.6416E+00 9.1219E-02 1.6648E+00 4.7709E-022367200205519 
 1.6918E-01 1.6907E-01 1.5263E+03 1.6912E-01 4.9487E-01 1.8071E-022367200205520 
 3.5643E+00 1.8502E-01 1.7062E+00 8.7767E-02 1.7355E+00 4.5767E-022367200205521 
 1.6907E-01 1.6896E-01 1.5268E+03 1.6902E-01 4.3110E-01 1.5455E-022367200205522 
 4.2634E+00 1.8165E-01 1.6699E+00 8.9675E-02 1.9361E+00 4.1023E-022367200205523 
 1.6896E-01 1.6885E-01 1.5273E+03 1.6891E-01 4.8083E-01 1.6583E-022367200205524 
 3.7101E+00 1.7475E-01 1.8613E+00 8.0455E-02 1.9536E+00 4.0656E-022367200205525 
 1.6885E-01 1.6875E-01 1.5278E+03 1.6880E-01 4.8118E-01 1.6842E-022367200205526 
 3.7065E+00 1.7735E-01 1.8123E+00 8.2627E-02 1.8987E+00 4.1831E-022367200205527 
 1.6875E-01 1.6864E-01 1.5283E+03 1.6869E-01 4.8809E-01 1.6674E-022367200205528 
 3.6342E+00 1.7309E-01 1.9029E+00 7.8694E-02 1.9707E+00 4.0304E-022367200205529 
 1.6864E-01 1.6853E-01 1.5288E+03 1.6858E-01 4.9873E-01 1.6789E-022367200205530 
 3.5249E+00 1.7056E-01 1.9675E+00 7.6113E-02 1.9985E+00 3.9744E-022367200205531 
 1.6853E-01 1.6842E-01 1.5293E+03 1.6848E-01 4.8950E-01 1.6292E-022367200205532 
 3.6196E+00 1.6864E-01 1.9904E+00 7.5235E-02 2.0593E+00 3.8569E-022367200205533 
 1.6842E-01 1.6832E-01 1.5298E+03 1.6837E-01 4.9578E-01 1.5959E-022367200205534 
 3.5550E+00 1.6310E-01 2.1216E+00 7.0584E-02 2.1736E+00 3.6542E-022367200205535 
 1.6832E-01 1.6821E-01 1.5303E+03 1.6826E-01 4.9849E-01 1.5556E-022367200205536 
 3.5274E+00 1.5812E-01 2.2491E+00 6.6581E-02 2.2969E+00 3.4580E-022367200205537 
 1.6821E-01 1.6810E-01 1.5307E+03 1.6815E-01 4.5503E-01 1.3890E-022367200205538 
 3.9896E+00 1.5467E-01 2.2456E+00 6.6685E-02 2.5046E+00 3.1712E-022367200205539 
 1.6810E-01 1.6799E-01 1.5312E+03 1.6805E-01 4.8557E-01 1.4430E-022367200205540 
 3.6604E+00 1.5057E-01 2.4216E+00 6.1839E-02 2.5429E+00 3.1234E-022367200205541 
 1.6799E-01 1.6789E-01 1.5317E+03 1.6794E-01 4.8062E-01 1.4249E-022367200205542 
 3.7124E+00 1.5021E-01 2.4187E+00 6.1912E-02 2.5652E+00 3.0963E-022367200205543 
 1.6789E-01 1.6778E-01 1.5322E+03 1.6783E-01 5.0155E-01 1.4491E-022367200205544 
 3.4964E+00 1.4639E-01 2.5828E+00 5.7979E-02 2.6337E+00 3.0158E-022367200205545 
 1.6778E-01 1.6767E-01 1.5327E+03 1.6773E-01 4.8912E-01 1.3905E-022367200205546 
 3.6236E+00 1.4405E-01 2.6292E+00 5.6955E-02 2.7486E+00 2.8897E-022367200205547 
 1.6767E-01 1.6757E-01 1.5332E+03 1.6762E-01 5.0191E-01 1.4505E-022367200205548 
 3.4928E+00 1.4643E-01 2.5844E+00 5.7943E-02 2.6335E+00 3.0159E-022367200205549 
 1.6757E-01 1.6746E-01 1.5337E+03 1.6751E-01 4.9202E-01 1.4089E-022367200205550 
 3.5936E+00 1.4510E-01 2.6023E+00 5.7546E-02 2.7040E+00 2.9374E-022367200205551 
 1.6746E-01 1.6735E-01 1.5342E+03 1.6741E-01 4.7473E-01 1.3515E-022367200205552 
 3.7748E+00 1.4425E-01 2.5890E+00 5.7840E-02 2.7849E+00 2.8521E-022367200205553 
 1.6735E-01 1.6725E-01 1.5346E+03 1.6730E-01 4.9304E-01 1.4326E-022367200205554 
 3.5831E+00 1.4723E-01 2.5366E+00 5.9034E-02 2.6285E+00 3.0218E-022367200205555 
 1.6725E-01 1.6714E-01 1.5351E+03 1.6719E-01 4.9080E-01 1.4110E-022367200205556 
 3.6062E+00 1.4567E-01 2.5808E+00 5.8024E-02 2.6875E+00 2.9554E-022367200205557 
 1.6714E-01 1.6703E-01 1.5356E+03 1.6709E-01 4.9137E-01 1.4337E-022367200205558 
 3.6004E+00 1.4785E-01 2.5139E+00 5.9568E-02 2.6128E+00 3.0399E-022367200205559 
 1.6703E-01 1.6693E-01 1.5361E+03 1.6698E-01 4.8353E-01 1.4115E-022367200205560 
 3.6818E+00 1.4791E-01 2.4943E+00 6.0037E-02 2.6325E+00 3.0172E-022367200205561 
 1.6693E-01 1.6682E-01 1.5366E+03 1.6687E-01 4.9568E-01 1.4431E-022367200205562 
 3.5560E+00 1.4751E-01 2.5343E+00 5.9089E-02 2.6124E+00 3.0404E-022367200205563 
 1.6682E-01 1.6672E-01 1.5371E+03 1.6677E-01 4.6705E-01 1.4049E-022367200205564 
 3.8575E+00 1.5241E-01 2.3297E+00 6.4280E-02 2.5369E+00 3.1308E-022367200205565 
 1.6672E-01 1.6661E-01 1.5376E+03 1.6666E-01 4.7593E-01 1.4098E-022367200205566 
 3.7621E+00 1.5010E-01 2.4150E+00 6.2008E-02 2.5855E+00 3.0719E-022367200205567 
 1.6661E-01 1.6650E-01 1.5381E+03 1.6656E-01 4.6991E-01 1.4046E-022367200205568 
 3.8265E+00 1.5145E-01 2.3652E+00 6.3313E-02 2.5618E+00 3.1004E-022367200205569 
 1.6650E-01 1.6640E-01 1.5386E+03 1.6645E-01 4.9581E-01 1.4935E-022367200205570 
 3.5548E+00 1.5263E-01 2.3843E+00 6.2806E-02 2.4525E+00 3.2386E-022367200205571 
 1.6640E-01 1.6629E-01 1.5390E+03 1.6635E-01 4.6524E-01 1.3830E-022367200205572 
 3.8772E+00 1.5062E-01 2.3756E+00 6.3037E-02 2.5985E+00 3.0566E-022367200205573 
 1.6629E-01 1.6619E-01 1.5395E+03 1.6624E-01 4.7869E-01 1.4563E-022367200205574 
 3.7328E+00 1.5415E-01 2.3077E+00 6.4892E-02 2.4531E+00 3.2378E-022367200205575 
 1.6619E-01 1.6608E-01 1.5400E+03 1.6613E-01 4.9671E-01 1.4865E-022367200205576 
 3.5456E+00 1.5163E-01 2.4161E+00 6.1980E-02 2.4819E+00 3.2003E-022367200205577 
 1.6608E-01 1.6598E-01 1.5405E+03 1.6603E-01 4.9121E-01 1.4810E-022367200205578 
 3.6020E+00 1.5277E-01 2.3738E+00 6.3083E-02 2.4635E+00 3.2242E-022367200205579 
 1.6598E-01 1.6587E-01 1.5410E+03 1.6592E-01 4.6873E-01 1.4423E-022367200205580 
 3.8393E+00 1.5591E-01 2.2435E+00 6.6748E-02 2.4314E+00 3.2667E-022367200205581 
 1.6587E-01 1.6577E-01 1.5415E+03 1.6582E-01 5.1985E-01 1.5890E-022367200205582 
 3.3149E+00 1.5488E-01 2.3758E+00 6.3031E-02 2.3341E+00 3.4029E-022367200205583 
 1.6577E-01 1.6566E-01 1.5420E+03 1.6571E-01 4.6978E-01 1.4370E-022367200205584 
 3.8279E+00 1.5499E-01 2.2663E+00 6.6078E-02 2.4516E+00 3.2398E-022367200205585 
 1.6566E-01 1.6556E-01 1.5425E+03 1.6561E-01 4.8972E-01 1.4903E-022367200205586 
 3.6173E+00 1.5419E-01 2.3304E+00 6.4259E-02 2.4240E+00 3.2767E-022367200205587 
 1.6556E-01 1.6545E-01 1.5430E+03 1.6550E-01 5.2496E-01 1.5772E-022367200205588 
 3.2653E+00 1.5223E-01 2.4611E+00 6.0847E-02 2.3977E+00 3.3126E-022367200205589 
 1.6545E-01 1.6535E-01 1.5434E+03 1.6540E-01 4.7019E-01 1.4635E-022367200205590 
 3.8236E+00 1.5771E-01 2.2010E+00 6.8037E-02 2.3765E+00 3.3422E-022367200205591 
 1.6535E-01 1.6524E-01 1.5439E+03 1.6529E-01 4.8430E-01 1.4774E-022367200205592 
 3.6737E+00 1.5457E-01 2.3103E+00 6.4817E-02 2.4284E+00 3.2707E-022367200205593 
 1.6524E-01 1.6514E-01 1.5444E+03 1.6519E-01 4.7180E-01 1.4617E-022367200205594 
 3.8063E+00 1.5698E-01 2.2201E+00 6.7451E-02 2.3900E+00 3.3233E-022367200205595 
 1.6514E-01 1.6503E-01 1.5449E+03 1.6509E-01 4.7777E-01 1.4672E-022367200205596 
 3.7426E+00 1.5560E-01 2.2695E+00 6.5982E-02 2.4156E+00 3.2881E-022367200205597 
 1.6503E-01 1.6493E-01 1.5454E+03 1.6498E-01 4.8936E-01 1.5209E-022367200205598 
 3.6211E+00 1.5747E-01 2.2460E+00 6.6672E-02 2.3350E+00 3.4016E-022367200205599 
 1.6493E-01 1.6483E-01 1.5459E+03 1.6488E-01 5.0615E-01 1.5381E-022367200205600 
 3.4501E+00 1.5397E-01 2.3709E+00 6.3161E-02 2.3900E+00 3.3232E-022367200205601 
 1.6483E-01 1.6472E-01 1.5464E+03 1.6477E-01 4.9658E-01 1.5089E-022367200205602 
 3.5469E+00 1.5396E-01 2.3503E+00 6.3714E-02 2.4128E+00 3.2919E-022367200205603 
 1.6472E-01 1.6462E-01 1.5469E+03 1.6467E-01 4.8371E-01 1.4737E-022367200205604 
 3.6799E+00 1.5437E-01 2.3123E+00 6.4763E-02 2.4334E+00 3.2640E-022367200205605 
 1.6462E-01 1.6451E-01 1.5473E+03 1.6457E-01 4.6695E-01 1.4174E-022367200205606 
 3.8586E+00 1.5380E-01 2.2948E+00 6.5256E-02 2.4982E+00 3.1794E-022367200205607 
 1.6451E-01 1.6441E-01 1.5478E+03 1.6446E-01 4.6948E-01 1.3999E-022367200205608 
 3.8312E+00 1.5109E-01 2.3716E+00 6.3142E-02 2.5713E+00 3.0889E-022367200205609 
 1.6441E-01 1.6431E-01 1.5483E+03 1.6436E-01 4.9805E-01 1.5053E-022367200205610 
 3.5319E+00 1.5314E-01 2.3757E+00 6.3032E-02 2.4327E+00 3.2649E-022367200205611 
 1.6431E-01 1.6420E-01 1.5488E+03 1.6425E-01 4.6342E-01 1.3835E-022367200205612 
 3.8970E+00 1.5127E-01 2.3530E+00 6.3642E-02 2.5827E+00 3.0753E-022367200205613 
 1.6420E-01 1.6410E-01 1.5493E+03 1.6415E-01 5.0379E-01 1.4887E-022367200205614 
 3.4738E+00 1.4972E-01 2.4832E+00 6.0305E-02 2.5182E+00 3.1541E-022367200205615 
 1.6410E-01 1.6400E-01 1.5498E+03 1.6405E-01 4.9404E-01 1.4896E-022367200205616 
 3.5729E+00 1.5277E-01 2.3796E+00 6.2929E-02 2.4560E+00 3.2340E-022367200205617 
 1.6400E-01 1.6389E-01 1.5503E+03 1.6394E-01 4.8106E-01 1.4443E-022367200205618 
 3.7078E+00 1.5212E-01 2.3697E+00 6.3193E-02 2.5093E+00 3.1653E-022367200205619 
 1.6389E-01 1.6379E-01 1.5508E+03 1.6384E-01 4.6715E-01 1.4147E-022367200205620 
 3.8565E+00 1.5345E-01 2.3052E+00 6.4962E-02 2.5089E+00 3.1658E-022367200205621 
 1.6379E-01 1.6369E-01 1.5513E+03 1.6374E-01 4.8800E-01 1.4924E-022367200205622 
 3.6351E+00 1.5496E-01 2.3074E+00 6.4898E-02 2.4075E+00 3.2991E-022367200205623 
 1.6369E-01 1.6358E-01 1.5517E+03 1.6363E-01 4.8309E-01 1.4864E-022367200205624 
 3.6865E+00 1.5590E-01 2.2717E+00 6.5919E-02 2.3922E+00 3.3202E-022367200205625 
 1.6358E-01 1.6348E-01 1.5522E+03 1.6353E-01 5.0189E-01 1.5744E-022367200205626 
 3.4930E+00 1.5894E-01 2.2358E+00 6.6977E-02 2.2680E+00 3.5021E-022367200205627 
 1.6348E-01 1.6338E-01 1.5527E+03 1.6343E-01 4.7851E-01 1.5225E-022367200205628 
 3.7347E+00 1.6122E-01 2.1326E+00 7.0220E-02 2.2612E+00 3.5125E-022367200205629 
 1.6338E-01 1.6327E-01 1.5532E+03 1.6333E-01 4.8149E-01 1.5417E-022367200205630 
 3.7032E+00 1.6223E-01 2.1174E+00 7.0722E-02 2.2312E+00 3.5598E-022367200205631 
 1.6327E-01 1.6317E-01 1.5537E+03 1.6322E-01 4.8222E-01 1.5274E-022367200205632 
 3.6955E+00 1.6049E-01 2.1570E+00 6.9426E-02 2.2711E+00 3.4973E-022367200205633 
 1.6317E-01 1.6307E-01 1.5542E+03 1.6312E-01 5.0700E-01 1.5783E-022367200205634 
 3.4417E+00 1.5774E-01 2.2723E+00 6.5900E-02 2.2838E+00 3.4778E-022367200205635 
 1.6307E-01 1.6297E-01 1.5547E+03 1.6302E-01 4.7074E-01 1.4998E-022367200205636 
 3.8176E+00 1.6144E-01 2.1146E+00 7.0818E-02 2.2771E+00 3.4880E-022367200205637 
 1.6297E-01 1.6286E-01 1.5552E+03 1.6292E-01 4.7219E-01 1.4934E-022367200205638 
 3.8021E+00 1.6026E-01 2.1433E+00 6.9869E-02 2.3024E+00 3.4497E-022367200205639 
 1.6286E-01 1.6276E-01 1.5556E+03 1.6281E-01 4.9489E-01 1.5632E-022367200205640 
 3.5641E+00 1.6005E-01 2.1918E+00 6.8322E-02 2.2520E+00 3.5269E-022367200205641 
 1.6276E-01 1.6266E-01 1.5561E+03 1.6271E-01 4.9052E-01 1.5844E-022367200205642 
 3.6091E+00 1.6366E-01 2.1006E+00 7.1288E-02 2.1735E+00 3.6542E-022367200205643 
 1.6266E-01 1.6256E-01 1.5566E+03 1.6261E-01 4.8354E-01 1.5779E-022367200205644 
 3.6817E+00 1.6535E-01 2.0497E+00 7.3059E-02 2.1483E+00 3.6971E-022367200205645 
 1.6256E-01 1.6246E-01 1.5571E+03 1.6251E-01 4.8573E-01 1.5773E-022367200205646 
 3.6588E+00 1.6453E-01 2.0719E+00 7.2276E-02 2.1631E+00 3.6720E-022367200205647 
 1.6246E-01 1.6235E-01 1.5576E+03 1.6241E-01 5.0668E-01 1.6780E-022367200205648 
 3.4449E+00 1.6780E-01 2.0372E+00 7.3507E-02 2.0409E+00 3.8918E-022367200205649 
 1.6235E-01 1.6225E-01 1.5581E+03 1.6230E-01 4.6703E-01 1.4963E-022367200205650 
 3.8577E+00 1.6233E-01 2.0867E+00 7.1764E-02 2.2631E+00 3.5096E-022367200205651 
 1.6225E-01 1.6215E-01 1.5586E+03 1.6220E-01 4.6929E-01 1.5458E-022367200205652 
 3.8332E+00 1.6690E-01 1.9937E+00 7.5111E-02 2.1483E+00 3.6971E-022367200205653 
 1.6215E-01 1.6205E-01 1.5591E+03 1.6210E-01 4.8995E-01 1.6251E-022367200205654 
 3.6150E+00 1.6806E-01 2.0020E+00 7.4801E-02 2.0699E+00 3.8371E-022367200205655 
 1.6205E-01 1.6195E-01 1.5596E+03 1.6200E-01 4.6328E-01 1.5211E-022367200205656 
 3.8986E+00 1.6636E-01 1.9934E+00 7.5123E-02 2.1748E+00 3.6521E-022367200205657 
 1.6195E-01 1.6185E-01 1.5600E+03 1.6190E-01 4.9687E-01 1.6951E-022367200205658 
 3.5439E+00 1.7286E-01 1.9207E+00 7.7965E-02 1.9561E+00 4.0604E-022367200205659 
 1.6185E-01 1.6175E-01 1.5605E+03 1.6180E-01 4.9086E-01 1.6281E-022367200205660 
 3.6056E+00 1.6807E-01 2.0078E+00 7.4584E-02 2.0725E+00 3.8324E-022367200205661 
 1.6175E-01 1.6164E-01 1.5610E+03 1.6169E-01 4.8990E-01 1.6565E-022367200205662 
 3.6155E+00 1.7133E-01 1.9419E+00 7.7113E-02 2.0057E+00 3.9601E-022367200205663 
 1.6164E-01 1.6154E-01 1.5615E+03 1.6159E-01 4.9255E-01 1.6546E-022367200205664 
 3.5881E+00 1.7021E-01 1.9654E+00 7.6194E-02 2.0203E+00 3.9314E-022367200205665 
 1.6154E-01 1.6144E-01 1.5620E+03 1.6149E-01 5.0769E-01 1.7231E-022367200205666 
 3.4348E+00 1.7197E-01 1.9560E+00 7.6560E-02 1.9527E+00 4.0675E-022367200205667 
 1.6144E-01 1.6134E-01 1.5625E+03 1.6139E-01 4.6676E-01 1.5901E-022367200205668 
 3.8606E+00 1.7261E-01 1.8764E+00 7.9805E-02 2.0272E+00 3.9180E-022367200205669 
 1.6134E-01 1.6124E-01 1.5630E+03 1.6129E-01 4.7116E-01 1.6112E-022367200205670 
 3.8132E+00 1.7327E-01 1.8716E+00 8.0011E-02 2.0037E+00 3.9640E-022367200205671 
 1.6124E-01 1.6114E-01 1.5635E+03 1.6119E-01 4.6494E-01 1.5671E-022367200205672 
 3.8804E+00 1.7078E-01 1.9073E+00 7.8512E-02 2.0699E+00 3.8373E-022367200205673 
 1.6114E-01 1.6104E-01 1.5639E+03 1.6109E-01 4.6359E-01 1.5502E-022367200205674 
 3.8952E+00 1.6943E-01 1.9334E+00 7.7455E-02 2.1052E+00 3.7728E-022367200205675 
 1.6104E-01 1.6094E-01 1.5644E+03 1.6099E-01 4.6530E-01 1.5806E-022367200205676 
 3.8766E+00 1.7212E-01 1.8837E+00 7.9496E-02 2.0416E+00 3.8904E-022367200205677 
 1.6094E-01 1.6084E-01 1.5649E+03 1.6089E-01 4.6204E-01 1.5891E-022367200205678 
 3.9122E+00 1.7427E-01 1.8388E+00 8.1439E-02 2.0043E+00 3.9629E-022367200205679 
 1.6084E-01 1.6074E-01 1.5654E+03 1.6079E-01 4.6241E-01 1.5526E-022367200205680 
 3.9081E+00 1.7013E-01 1.9154E+00 7.8180E-02 2.0900E+00 3.8003E-022367200205681 
 1.6074E-01 1.6064E-01 1.5659E+03 1.6069E-01 4.9978E-01 1.6796E-022367200205682 
 3.5143E+00 1.7028E-01 1.9796E+00 7.5645E-02 2.0073E+00 3.9569E-022367200205683 
 1.6064E-01 1.6054E-01 1.5664E+03 1.6059E-01 4.8900E-01 1.6595E-022367200205684 
 3.6248E+00 1.7195E-01 1.9255E+00 7.7771E-02 1.9915E+00 3.9883E-022367200205685 
 1.6054E-01 1.6044E-01 1.5669E+03 1.6049E-01 4.9042E-01 1.6940E-022367200205686 
 3.6101E+00 1.7502E-01 1.8695E+00 8.0102E-02 1.9258E+00 4.1243E-022367200205687 
 1.6044E-01 1.6034E-01 1.5674E+03 1.6039E-01 4.5187E-01 1.5796E-022367200205688 
 4.0250E+00 1.7712E-01 1.7721E+00 8.4502E-02 1.9699E+00 4.0320E-022367200205689 
 1.6034E-01 1.6024E-01 1.5679E+03 1.6029E-01 5.3727E-01 1.9687E-022367200205690 
 3.1478E+00 1.8567E-01 1.7590E+00 8.5134E-02 1.6565E+00 4.7948E-022367200205691 
 1.6024E-01 1.6014E-01 1.5683E+03 1.6019E-01 4.9746E-01 1.8267E-022367200205692 
 3.5379E+00 1.8606E-01 1.6967E+00 8.8260E-02 1.7168E+00 4.6265E-022367200205693 
 1.6014E-01 1.6004E-01 1.5688E+03 1.6009E-01 4.9162E-01 1.7906E-022367200205694 
 3.5977E+00 1.8455E-01 1.7115E+00 8.7496E-02 1.7521E+00 4.5332E-022367200205695 
 1.6004E-01 1.5994E-01 1.5693E+03 1.5999E-01 4.8371E-01 1.7431E-022367200205696 
 3.6799E+00 1.8260E-01 1.7307E+00 8.6524E-02 1.8004E+00 4.4116E-022367200205697 
 1.5994E-01 1.5984E-01 1.5698E+03 1.5989E-01 4.9766E-01 1.7157E-022367200205698 
 3.5358E+00 1.7469E-01 1.8888E+00 7.9282E-02 1.9194E+00 4.1381E-022367200205699 
 1.5984E-01 1.5974E-01 1.5703E+03 1.5979E-01 4.8185E-01 1.6616E-022367200205700 
 3.6994E+00 1.7472E-01 1.8608E+00 8.0477E-02 1.9491E+00 4.0750E-022367200205701 
 1.5974E-01 1.5964E-01 1.5708E+03 1.5969E-01 4.7748E-01 1.6318E-022367200205702 
 3.7456E+00 1.7316E-01 1.8848E+00 7.9450E-02 1.9928E+00 3.9857E-022367200205703 
 1.5964E-01 1.5954E-01 1.5713E+03 1.5959E-01 5.0189E-01 1.7069E-022367200205704 
 3.4930E+00 1.7233E-01 1.9398E+00 7.7199E-02 1.9574E+00 4.0578E-022367200205705 
 1.5954E-01 1.5944E-01 1.5718E+03 1.5949E-01 4.7513E-01 1.6591E-022367200205706 
 3.7706E+00 1.7693E-01 1.8130E+00 8.2595E-02 1.9227E+00 4.1310E-022367200205707 
 1.5944E-01 1.5934E-01 1.5722E+03 1.5939E-01 4.5663E-01 1.6047E-022367200205708 
 3.9718E+00 1.7806E-01 1.7607E+00 8.5050E-02 1.9370E+00 4.1005E-022367200205709 
 1.5934E-01 1.5924E-01 1.5727E+03 1.5929E-01 4.7762E-01 1.6842E-022367200205710 
 3.7441E+00 1.7867E-01 1.7871E+00 8.3795E-02 1.8844E+00 4.2148E-022367200205711 
 1.5924E-01 1.5915E-01 1.5732E+03 1.5920E-01 4.7081E-01 1.6917E-022367200205712 
 3.8169E+00 1.8206E-01 1.7211E+00 8.7007E-02 1.8368E+00 4.3242E-022367200205713 
 1.5915E-01 1.5905E-01 1.5737E+03 1.5910E-01 4.8182E-01 1.7275E-022367200205714 
 3.6998E+00 1.8167E-01 1.7427E+00 8.5927E-02 1.8203E+00 4.3634E-022367200205715 
 1.5905E-01 1.5895E-01 1.5742E+03 1.5900E-01 4.6497E-01 1.6805E-022367200205716 
 3.8801E+00 1.8312E-01 1.6953E+00 8.8332E-02 1.8296E+00 4.3412E-022367200205717 
 1.5895E-01 1.5885E-01 1.5747E+03 1.5890E-01 4.7706E-01 1.6934E-022367200205718 
 3.7501E+00 1.7986E-01 1.7645E+00 8.4869E-02 1.8616E+00 4.2666E-022367200205719 
 1.5885E-01 1.5875E-01 1.5752E+03 1.5880E-01 4.8355E-01 1.7356E-022367200205720 
 3.6815E+00 1.8186E-01 1.7422E+00 8.5955E-02 1.8134E+00 4.3800E-022367200205721 
 1.5875E-01 1.5865E-01 1.5757E+03 1.5870E-01 4.9855E-01 1.7282E-022367200205722 
 3.5268E+00 1.7564E-01 1.8719E+00 7.9999E-02 1.8982E+00 4.1842E-022367200205723 
 1.5865E-01 1.5855E-01 1.5762E+03 1.5860E-01 4.5244E-01 1.5790E-022367200205724 
 4.0185E+00 1.7683E-01 1.7795E+00 8.4151E-02 1.9761E+00 4.0194E-022367200205725 
 1.5855E-01 1.5846E-01 1.5766E+03 1.5851E-01 4.8504E-01 1.6801E-022367200205726 
 3.6660E+00 1.7551E-01 1.8532E+00 8.0806E-02 1.9286E+00 4.1184E-022367200205727 
 1.5846E-01 1.5836E-01 1.5771E+03 1.5841E-01 5.0507E-01 1.7278E-022367200205728 
 3.4610E+00 1.7334E-01 1.9255E+00 7.7771E-02 1.9307E+00 4.1139E-022367200205729 
 1.5836E-01 1.5826E-01 1.5776E+03 1.5831E-01 4.6649E-01 1.6128E-022367200205730 
 3.8636E+00 1.7518E-01 1.8293E+00 8.1863E-02 1.9751E+00 4.0213E-022367200205731 
 1.5826E-01 1.5816E-01 1.5781E+03 1.5821E-01 4.8938E-01 1.6585E-022367200205732 
 3.6209E+00 1.7171E-01 1.9331E+00 7.7464E-02 1.9982E+00 3.9748E-022367200205733 
 1.5816E-01 1.5806E-01 1.5786E+03 1.5811E-01 4.9929E-01 1.6887E-022367200205734 
 3.5193E+00 1.7137E-01 1.9530E+00 7.6678E-02 1.9810E+00 4.0093E-022367200205735 
 1.5806E-01 1.5797E-01 1.5791E+03 1.5802E-01 4.8995E-01 1.6367E-022367200205736 
 3.6150E+00 1.6926E-01 1.9771E+00 7.5744E-02 2.0432E+00 3.8874E-022367200205737 
 1.5797E-01 1.5787E-01 1.5796E+03 1.5792E-01 4.8742E-01 1.6235E-022367200205738 
 3.6412E+00 1.6877E-01 1.9885E+00 7.5308E-02 2.0657E+00 3.8450E-022367200205739 
 1.5787E-01 1.5777E-01 1.5801E+03 1.5782E-01 4.6697E-01 1.5844E-022367200205740 
 3.8584E+00 1.7192E-01 1.8905E+00 7.9211E-02 2.0422E+00 3.8892E-022367200205741 
 1.5777E-01 1.5767E-01 1.5805E+03 1.5772E-01 4.7401E-01 1.6080E-022367200205742 
 3.7826E+00 1.7189E-01 1.9024E+00 7.8717E-02 2.0263E+00 3.9198E-022367200205743 
 1.5767E-01 1.5758E-01 1.5810E+03 1.5763E-01 5.2070E-01 1.7542E-022367200205744 
 3.3066E+00 1.7070E-01 2.0050E+00 7.4686E-02 1.9555E+00 4.0617E-022367200205745 
 1.5758E-01 1.5748E-01 1.5815E+03 1.5753E-01 4.5027E-01 1.5080E-022367200205746 
 4.0429E+00 1.6969E-01 1.9038E+00 7.8658E-02 2.1306E+00 3.7279E-022367200205747 
 1.5748E-01 1.5738E-01 1.5820E+03 1.5743E-01 4.6459E-01 1.5344E-022367200205748 
 3.8842E+00 1.6734E-01 1.9780E+00 7.5707E-02 2.1514E+00 3.6918E-022367200205749 
 1.5738E-01 1.5729E-01 1.5825E+03 1.5733E-01 5.1217E-01 1.6852E-022367200205750 
 3.3902E+00 1.6671E-01 2.0722E+00 7.2264E-02 2.0558E+00 3.8635E-022367200205751 
 1.5729E-01 1.5719E-01 1.5830E+03 1.5724E-01 4.9305E-01 1.6094E-022367200205752 
 3.5830E+00 1.6539E-01 2.0675E+00 7.2429E-02 2.1274E+00 3.7334E-022367200205753 
 1.5719E-01 1.5709E-01 1.5835E+03 1.5714E-01 4.5252E-01 1.5137E-022367200205754 
 4.0176E+00 1.6949E-01 1.9123E+00 7.8309E-02 2.1302E+00 3.7285E-022367200205755 
 1.5709E-01 1.5699E-01 1.5840E+03 1.5704E-01 4.5587E-01 1.5453E-022367200205756 
 3.9802E+00 1.7176E-01 1.8749E+00 7.9870E-02 2.0720E+00 3.8333E-022367200205757 
 1.5699E-01 1.5690E-01 1.5845E+03 1.5695E-01 4.6096E-01 1.6099E-022367200205758 
 3.9240E+00 1.7696E-01 1.7903E+00 8.3645E-02 1.9533E+00 4.0662E-022367200205759 
 1.5690E-01 1.5680E-01 1.5849E+03 1.5685E-01 4.9325E-01 1.7190E-022367200205760 
 3.5810E+00 1.7658E-01 1.8453E+00 8.1150E-02 1.8895E+00 4.2037E-022367200205761 
 1.5680E-01 1.5670E-01 1.5854E+03 1.5675E-01 4.6800E-01 1.6154E-022367200205762 
 3.8472E+00 1.7490E-01 1.8362E+00 8.1555E-02 1.9768E+00 4.0180E-022367200205763 
 1.5670E-01 1.5661E-01 1.5859E+03 1.5666E-01 4.6131E-01 1.6097E-022367200205764 
 3.9202E+00 1.7681E-01 1.7911E+00 8.3607E-02 1.9529E+00 4.0672E-022367200205765 
 1.5661E-01 1.5651E-01 1.5864E+03 1.5656E-01 4.7031E-01 1.6170E-022367200205766 
 3.8223E+00 1.7421E-01 1.8537E+00 8.0783E-02 1.9871E+00 3.9971E-022367200205767 
 1.5651E-01 1.5642E-01 1.5869E+03 1.5646E-01 4.4525E-01 1.5566E-022367200205768 
 4.0998E+00 1.7714E-01 1.7595E+00 8.5108E-02 1.9831E+00 4.0052E-022367200205769 
 1.5642E-01 1.5632E-01 1.5874E+03 1.5637E-01 5.0671E-01 1.7234E-022367200205770 
 3.4446E+00 1.7233E-01 1.9511E+00 7.6749E-02 1.9513E+00 4.0704E-022367200205771 
 1.5632E-01 1.5622E-01 1.5879E+03 1.5627E-01 4.5137E-01 1.5976E-022367200205772 
 4.0305E+00 1.7934E-01 1.7349E+00 8.6316E-02 1.9285E+00 4.1185E-022367200205773 
 1.5622E-01 1.5613E-01 1.5884E+03 1.5618E-01 4.7258E-01 1.6658E-022367200205774 
 3.7979E+00 1.7860E-01 1.7792E+00 8.4166E-02 1.8949E+00 4.1915E-022367200205775 
 1.5613E-01 1.5603E-01 1.5888E+03 1.5608E-01 4.5536E-01 1.6502E-022367200205776 
 3.9860E+00 1.8362E-01 1.6746E+00 8.9424E-02 1.8426E+00 4.3105E-022367200205777 
 1.5603E-01 1.5594E-01 1.5893E+03 1.5598E-01 4.6927E-01 1.6672E-022367200205778 
 3.8334E+00 1.8001E-01 1.7504E+00 8.5553E-02 1.8754E+00 4.2353E-022367200205779 
 1.5594E-01 1.5584E-01 1.5898E+03 1.5589E-01 4.8172E-01 1.7447E-022367200205780 
 3.7008E+00 1.8351E-01 1.7106E+00 8.7542E-02 1.7855E+00 4.4484E-022367200205781 
 1.5584E-01 1.5574E-01 1.5903E+03 1.5579E-01 4.7636E-01 1.7449E-022367200205782 
 3.7575E+00 1.8560E-01 1.6722E+00 8.9554E-02 1.7622E+00 4.5072E-022367200205783 
 1.5574E-01 1.5565E-01 1.5908E+03 1.5570E-01 4.3479E-01 1.6026E-022367200205784 
 4.2202E+00 1.8676E-01 1.5994E+00 9.3630E-02 1.8349E+00 4.3285E-022367200205785 
 1.5565E-01 1.5555E-01 1.5913E+03 1.5560E-01 4.7231E-01 1.6985E-022367200205786 
 3.8008E+00 1.8222E-01 1.7213E+00 8.7000E-02 1.8314E+00 4.3370E-022367200205787 
 1.5555E-01 1.5546E-01 1.5918E+03 1.5551E-01 4.9157E-01 1.7763E-022367200205788 
 3.5982E+00 1.8309E-01 1.7340E+00 8.6359E-02 1.7764E+00 4.4712E-022367200205789 
 1.5546E-01 1.5536E-01 1.5923E+03 1.5541E-01 4.7903E-01 1.6690E-022367200205790 
 3.7292E+00 1.7654E-01 1.8256E+00 8.2026E-02 1.9215E+00 4.1335E-022367200205791 
 1.5536E-01 1.5527E-01 1.5928E+03 1.5531E-01 4.8043E-01 1.7041E-022367200205792 
 3.7144E+00 1.7973E-01 1.7717E+00 8.4521E-02 1.8571E+00 4.2770E-022367200205793 
 1.5527E-01 1.5517E-01 1.5932E+03 1.5522E-01 4.5653E-01 1.6141E-022367200205794 
 3.9729E+00 1.7914E-01 1.7456E+00 8.5787E-02 1.9200E+00 4.1368E-022367200205795 
 1.5517E-01 1.5508E-01 1.5937E+03 1.5512E-01 4.6927E-01 1.6510E-022367200205796 
 3.8335E+00 1.7826E-01 1.7797E+00 8.4145E-02 1.9082E+00 4.1623E-022367200205797 
 1.5508E-01 1.5498E-01 1.5942E+03 1.5503E-01 4.8598E-01 1.6594E-022367200205798 
 3.6562E+00 1.7301E-01 1.8996E+00 7.8833E-02 1.9753E+00 4.0211E-022367200205799 
 1.5498E-01 1.5489E-01 1.5947E+03 1.5493E-01 4.8834E-01 1.6626E-022367200205800 
 3.6316E+00 1.7250E-01 1.9128E+00 7.8289E-02 1.9803E+00 4.0107E-022367200205801 
 1.5489E-01 1.5479E-01 1.5952E+03 1.5484E-01 4.9486E-01 1.6889E-022367200205802 
 3.5645E+00 1.7293E-01 1.9175E+00 7.8095E-02 1.9604E+00 4.0516E-022367200205803 
 1.5479E-01 1.5470E-01 1.5957E+03 1.5474E-01 4.8306E-01 1.6342E-022367200205804 
 3.6867E+00 1.7141E-01 1.9281E+00 7.7665E-02 2.0179E+00 3.9361E-022367200205805 
 1.5470E-01 1.5460E-01 1.5962E+03 1.5465E-01 5.0160E-01 1.7027E-022367200205806 
 3.4959E+00 1.7200E-01 1.9464E+00 7.6934E-02 1.9654E+00 4.0412E-022367200205807 
 1.5460E-01 1.5451E-01 1.5967E+03 1.5456E-01 4.6877E-01 1.5514E-022367200205808 
 3.8389E+00 1.6769E-01 1.9784E+00 7.5693E-02 2.1334E+00 3.7230E-022367200205809 
 1.5451E-01 1.5441E-01 1.5971E+03 1.5446E-01 4.7490E-01 1.5538E-022367200205810 
 3.7730E+00 1.6579E-01 2.0255E+00 7.3933E-02 2.1591E+00 3.6787E-022367200205811 
 1.5441E-01 1.5432E-01 1.5976E+03 1.5437E-01 4.8946E-01 1.5520E-022367200205812 
 3.6201E+00 1.6067E-01 2.1664E+00 6.9123E-02 2.2488E+00 3.5319E-022367200205813 
 1.5432E-01 1.5422E-01 1.5981E+03 1.5427E-01 4.8518E-01 1.5138E-022367200205814 
 3.6645E+00 1.5809E-01 2.2188E+00 6.7492E-02 2.3248E+00 3.4165E-022367200205815 
 1.5422E-01 1.5413E-01 1.5986E+03 1.5418E-01 4.6986E-01 1.4693E-022367200205816 
 3.8271E+00 1.5844E-01 2.1828E+00 6.8603E-02 2.3577E+00 3.3687E-022367200205817 
 1.5413E-01 1.5404E-01 1.5991E+03 1.5408E-01 4.5719E-01 1.4463E-022367200205818 
 3.9657E+00 1.6029E-01 2.1139E+00 7.0839E-02 2.3415E+00 3.3920E-022367200205819 
 1.5404E-01 1.5394E-01 1.5996E+03 1.5399E-01 4.8358E-01 1.5070E-022367200205820 
 3.6812E+00 1.5790E-01 2.2258E+00 6.7279E-02 2.3398E+00 3.3945E-022367200205821 
 1.5394E-01 1.5385E-01 1.6001E+03 1.5390E-01 4.7829E-01 1.5730E-022367200205822 
 3.7370E+00 1.6664E-01 2.0160E+00 7.4281E-02 2.1339E+00 3.7221E-022367200205823 
 1.5385E-01 1.5375E-01 1.6006E+03 1.5380E-01 4.7327E-01 1.5964E-022367200205824 
 3.7905E+00 1.7092E-01 1.9185E+00 7.8053E-02 2.0473E+00 3.8796E-022367200205825 
 1.5375E-01 1.5366E-01 1.6011E+03 1.5371E-01 4.9080E-01 1.7035E-022367200205826 
 3.6062E+00 1.7587E-01 1.8572E+00 8.0631E-02 1.9112E+00 4.1559E-022367200205827 
 1.5366E-01 1.5357E-01 1.6015E+03 1.5361E-01 4.5948E-01 1.5761E-022367200205828 
 3.9403E+00 1.7380E-01 1.8404E+00 8.1367E-02 2.0168E+00 3.9382E-022367200205829 
 1.5357E-01 1.5347E-01 1.6020E+03 1.5352E-01 4.4892E-01 1.5776E-022367200205830 
 4.0582E+00 1.7806E-01 1.7497E+00 8.5586E-02 1.9560E+00 4.0607E-022367200205831 
 1.5347E-01 1.5338E-01 1.6025E+03 1.5343E-01 4.6293E-01 1.6774E-022367200205832 
 3.9025E+00 1.8359E-01 1.6826E+00 8.8998E-02 1.8229E+00 4.3571E-022367200205833 
 1.5338E-01 1.5329E-01 1.6030E+03 1.5333E-01 4.5668E-01 1.7042E-022367200205834 
 3.9713E+00 1.8908E-01 1.5960E+00 9.3825E-02 1.7469E+00 4.5466E-022367200205835 
 1.5329E-01 1.5319E-01 1.6035E+03 1.5324E-01 4.9706E-01 1.8343E-022367200205836 
 3.5419E+00 1.8698E-01 1.6785E+00 8.9213E-02 1.6989E+00 4.6752E-022367200205837 
 1.5319E-01 1.5310E-01 1.6040E+03 1.5315E-01 4.5947E-01 1.6810E-022367200205838 
 3.9404E+00 1.8538E-01 1.6519E+00 9.0652E-02 1.8008E+00 4.4105E-022367200205839 
 1.5310E-01 1.5301E-01 1.6045E+03 1.5305E-01 4.6917E-01 1.6726E-022367200205840 
 3.8346E+00 1.8064E-01 1.7402E+00 8.6052E-02 1.8644E+00 4.2602E-022367200205841 
 1.5301E-01 1.5291E-01 1.6050E+03 1.5296E-01 4.4779E-01 1.6364E-022367200205842 
 4.0709E+00 1.8516E-01 1.6379E+00 9.1427E-02 1.8293E+00 4.3419E-022367200205843 
 1.5291E-01 1.5282E-01 1.6055E+03 1.5287E-01 4.6694E-01 1.6389E-022367200205844 
 3.8587E+00 1.7784E-01 1.7818E+00 8.4041E-02 1.9198E+00 4.1371E-022367200205845 
 1.5282E-01 1.5273E-01 1.6059E+03 1.5277E-01 4.9710E-01 1.7565E-022367200205846 
 3.5416E+00 1.7904E-01 1.8106E+00 8.2707E-02 1.8386E+00 4.3199E-022367200205847 
 1.5273E-01 1.5264E-01 1.6064E+03 1.5268E-01 4.3437E-01 1.5657E-022367200205848 
 4.2250E+00 1.8264E-01 1.6568E+00 9.0384E-02 1.9062E+00 4.1666E-022367200205849 
 1.5264E-01 1.5254E-01 1.6069E+03 1.5259E-01 4.9522E-01 1.7466E-022367200205850 
 3.5607E+00 1.7870E-01 1.8143E+00 8.2540E-02 1.8492E+00 4.2952E-022367200205851 
 1.5254E-01 1.5245E-01 1.6074E+03 1.5250E-01 4.8819E-01 1.7348E-022367200205852 
 3.6333E+00 1.8006E-01 1.7777E+00 8.4238E-02 1.8353E+00 4.3278E-022367200205853 
 1.5245E-01 1.5236E-01 1.6079E+03 1.5240E-01 4.5404E-01 1.6578E-022367200205854 
 4.0007E+00 1.8501E-01 1.6506E+00 9.0726E-02 1.8199E+00 4.3644E-022367200205855 
 1.5236E-01 1.5226E-01 1.6084E+03 1.5231E-01 4.9781E-01 1.7542E-022367200205856 
 3.5344E+00 1.7855E-01 1.8200E+00 8.2282E-02 1.8460E+00 4.3026E-022367200205857 
 1.5226E-01 1.5217E-01 1.6089E+03 1.5222E-01 4.6375E-01 1.6757E-022367200205858 
 3.8935E+00 1.8308E-01 1.6913E+00 8.8542E-02 1.8297E+00 4.3410E-022367200205859 
 1.5217E-01 1.5208E-01 1.6094E+03 1.5213E-01 4.6485E-01 1.6583E-022367200205860 
 3.8814E+00 1.8076E-01 1.7323E+00 8.6447E-02 1.8719E+00 4.2431E-022367200205861 
 1.5208E-01 1.5199E-01 1.6098E+03 1.5203E-01 4.7258E-01 1.7096E-022367200205862 
 3.7979E+00 1.8330E-01 1.7024E+00 8.7965E-02 1.8093E+00 4.3899E-022367200205863 
 1.5199E-01 1.5190E-01 1.6103E+03 1.5194E-01 4.9541E-01 1.8177E-022367200205864 
 3.5588E+00 1.8591E-01 1.6961E+00 8.8288E-02 1.7230E+00 4.6099E-022367200205865 
 1.5190E-01 1.5180E-01 1.6108E+03 1.5185E-01 4.7594E-01 1.7449E-022367200205866 
 3.7620E+00 1.8577E-01 1.6696E+00 8.9689E-02 1.7609E+00 4.5105E-022367200205867 
 1.5180E-01 1.5171E-01 1.6113E+03 1.5176E-01 5.0733E-01 1.8266E-022367200205868 
 3.4384E+00 1.8243E-01 1.7694E+00 8.4634E-02 1.7604E+00 4.5119E-022367200205869 
 1.5171E-01 1.5162E-01 1.6118E+03 1.5167E-01 4.9391E-01 1.8630E-022367200205870 
 3.5742E+00 1.9112E-01 1.6160E+00 9.2665E-02 1.6426E+00 4.8355E-022367200205871 
 1.5162E-01 1.5153E-01 1.6123E+03 1.5157E-01 4.6323E-01 1.7408E-022367200205872 
 3.8991E+00 1.9042E-01 1.5852E+00 9.4468E-02 1.7110E+00 4.6420E-022367200205873 
 1.5153E-01 1.5144E-01 1.6128E+03 1.5148E-01 4.8062E-01 1.8380E-022367200205874 
 3.7124E+00 1.9376E-01 1.5622E+00 9.5856E-02 1.6268E+00 4.8822E-022367200205875 
 1.5144E-01 1.5134E-01 1.6133E+03 1.5139E-01 4.6568E-01 1.7803E-022367200205876 
 3.8724E+00 1.9371E-01 1.5451E+00 9.6922E-02 1.6571E+00 4.7932E-022367200205877 
 1.5134E-01 1.5125E-01 1.6138E+03 1.5130E-01 4.9545E-01 1.9738E-022367200205878 
 3.5584E+00 2.0186E-01 1.4774E+00 1.0136E-01 1.4904E+00 5.3293E-022367200205879 
 1.5125E-01 1.5116E-01 1.6142E+03 1.5121E-01 4.5672E-01 1.9015E-022367200205880 
 3.9708E+00 2.1095E-01 1.3325E+00 1.1239E-01 1.4429E+00 5.5046E-022367200205881 
 1.5116E-01 1.5107E-01 1.6147E+03 1.5112E-01 5.0117E-01 2.0844E-022367200205882 
 3.5002E+00 2.1073E-01 1.3813E+00 1.0841E-01 1.3733E+00 5.7835E-022367200205883 
 1.5107E-01 1.5098E-01 1.6152E+03 1.5102E-01 5.0454E-01 2.1861E-022367200205884 
 3.4663E+00 2.1954E-01 1.3008E+00 1.1512E-01 1.2806E+00 6.2022E-022367200205885 
 1.5098E-01 1.5089E-01 1.6157E+03 1.5093E-01 5.0827E-01 2.2182E-022367200205886 
 3.4290E+00 2.2113E-01 1.2904E+00 1.1605E-01 1.2610E+00 6.2985E-022367200205887 
 1.5089E-01 1.5080E-01 1.6162E+03 1.5084E-01 5.1347E-01 2.2116E-022367200205888 
 3.3774E+00 2.1824E-01 1.3218E+00 1.1330E-01 1.2813E+00 6.1991E-022367200205889 
 1.5080E-01 1.5071E-01 1.6167E+03 1.5075E-01 4.6231E-01 2.0715E-022367200205890 
 3.9092E+00 2.2703E-01 1.1922E+00 1.2560E-01 1.2667E+00 6.2701E-022367200205891 
 1.5071E-01 1.5061E-01 1.6172E+03 1.5066E-01 4.6674E-01 2.1934E-022367200205892 
 3.8609E+00 2.3812E-01 1.1108E+00 1.3481E-01 1.1636E+00 6.8260E-022367200205893 
 1.5061E-01 1.5052E-01 1.6177E+03 1.5057E-01 4.5488E-01 2.3076E-022367200205894 
 3.9913E+00 2.5704E-01 9.8007E-01 1.5279E-01 1.0405E+00 7.6332E-022367200205895 
 1.5052E-01 1.5043E-01 1.6181E+03 1.5048E-01 4.5121E-01 2.4183E-022367200205896 
 4.0323E+00 2.7156E-01 9.0104E-01 1.6620E-01 9.5613E-01 8.3070E-022367200205897 
 1.5043E-01 1.5034E-01 1.6186E+03 1.5039E-01 4.6717E-01 2.8380E-022367200205898 
 3.8562E+00 3.0781E-01 7.6560E-01 1.9560E-01 7.7353E-01 1.0268E-012367200205899 
 1.5034E-01 1.5025E-01 1.6191E+03 1.5030E-01 4.9865E-01 3.1969E-022367200205900 
 3.5258E+00 3.2484E-01 7.2733E-01 2.0589E-01 6.8931E-01 1.1523E-012367200205901 
 1.5025E-01 1.5016E-01 1.6196E+03 1.5021E-01 4.6011E-01 2.9644E-022367200205902 
 3.9333E+00 3.2645E-01 7.0414E-01 2.1267E-01 7.1385E-01 1.1126E-012367200205903 
 1.5016E-01 1.5007E-01 1.6201E+03 1.5012E-01 4.9159E-01 3.1734E-022367200205904 
 3.5981E+00 3.2709E-01 7.1780E-01 2.0862E-01 6.8786E-01 1.1547E-012367200205905 
 1.5007E-01 1.4998E-01 1.6206E+03 1.5002E-01 5.1617E-01 3.1301E-022367200205906 
 3.3508E+00 3.0726E-01 7.9383E-01 1.8864E-01 7.3644E-01 1.0785E-012367200205907 
 1.4998E-01 1.4989E-01 1.6211E+03 1.4993E-01 5.1367E-01 2.9611E-022367200205908 
 3.3755E+00 2.9209E-01 8.5075E-01 1.7602E-01 7.9799E-01 9.9533E-022367200205909 
 1.4989E-01 1.4980E-01 1.6216E+03 1.4984E-01 5.4365E-01 2.9025E-022367200205910 
 3.0880E+00 2.7052E-01 9.7120E-01 1.5419E-01 8.7501E-01 9.0772E-022367200205911 
 1.4980E-01 1.4971E-01 1.6221E+03 1.4975E-01 4.9488E-01 2.4453E-022367200205912 
 3.5642E+00 2.5036E-01 1.0517E+00 1.4238E-01 1.0391E+00 7.6437E-022367200205913 
 1.4971E-01 1.4962E-01 1.6225E+03 1.4966E-01 4.4057E-01 2.0815E-022367200205914 
 4.1533E+00 2.3939E-01 1.0787E+00 1.3883E-01 1.1896E+00 6.6767E-022367200205915 
 1.4962E-01 1.4953E-01 1.6230E+03 1.4957E-01 4.6915E-01 2.1362E-022367200205916 
 3.8348E+00 2.3071E-01 1.1671E+00 1.2831E-01 1.2212E+00 6.5040E-022367200205917 
 1.4953E-01 1.4944E-01 1.6235E+03 1.4948E-01 4.7794E-01 2.0920E-022367200205918 
 3.7407E+00 2.2178E-01 1.2517E+00 1.1963E-01 1.2934E+00 6.1407E-022367200205919 
 1.4944E-01 1.4935E-01 1.6240E+03 1.4939E-01 4.9998E-01 2.2155E-022367200205920 
 3.5123E+00 2.2452E-01 1.2494E+00 1.1986E-01 1.2375E+00 6.4184E-022367200205921 
 1.4935E-01 1.4926E-01 1.6245E+03 1.4930E-01 4.7081E-01 2.0627E-022367200205922 
 3.8169E+00 2.2199E-01 1.2413E+00 1.2063E-01 1.3002E+00 6.1087E-022367200205923 
 1.4926E-01 1.4917E-01 1.6250E+03 1.4921E-01 4.5419E-01 1.9565E-022367200205924 
 3.9989E+00 2.1826E-01 1.2597E+00 1.1887E-01 1.3662E+00 5.8137E-022367200205925 
 1.4917E-01 1.4908E-01 1.6255E+03 1.4912E-01 4.4683E-01 1.9690E-022367200205926 
 4.0818E+00 2.2328E-01 1.2080E+00 1.2397E-01 1.3264E+00 5.9881E-022367200205927 
 1.4908E-01 1.4899E-01 1.6260E+03 1.4904E-01 4.5627E-01 1.9995E-022367200205928 
 3.9759E+00 2.2205E-01 1.2292E+00 1.2183E-01 1.3251E+00 5.9942E-022367200205929 
 1.4899E-01 1.4890E-01 1.6264E+03 1.4895E-01 4.6660E-01 1.9903E-022367200205930 
 3.8624E+00 2.1614E-01 1.2900E+00 1.1608E-01 1.3662E+00 5.8137E-022367200205931 
 1.4890E-01 1.4881E-01 1.6269E+03 1.4886E-01 4.7626E-01 2.0291E-022367200205932 
 3.7586E+00 2.1588E-01 1.3062E+00 1.1464E-01 1.3580E+00 5.8488E-022367200205933 
 1.4881E-01 1.4872E-01 1.6274E+03 1.4877E-01 4.8396E-01 2.0986E-022367200205934 
 3.6773E+00 2.1972E-01 1.2762E+00 1.1734E-01 1.3050E+00 6.0862E-022367200205935 
 1.4872E-01 1.4863E-01 1.6279E+03 1.4868E-01 4.8614E-01 2.0728E-022367200205936 
 3.6545E+00 2.1604E-01 1.3142E+00 1.1395E-01 1.3406E+00 5.9245E-022367200205937 
 1.4863E-01 1.4854E-01 1.6284E+03 1.4859E-01 4.9774E-01 2.0671E-022367200205938 
 3.5351E+00 2.1043E-01 1.3837E+00 1.0822E-01 1.3848E+00 5.7356E-022367200205939 
 1.4854E-01 1.4846E-01 1.6289E+03 1.4850E-01 5.0669E-01 2.1286E-022367200205940 
 3.4448E+00 2.1286E-01 1.3697E+00 1.0933E-01 1.3472E+00 5.8959E-022367200205941 
 1.4846E-01 1.4837E-01 1.6294E+03 1.4841E-01 4.6561E-01 1.9910E-022367200205942 
 3.8731E+00 2.1667E-01 1.2859E+00 1.1645E-01 1.3643E+00 5.8218E-022367200205943 
 1.4837E-01 1.4828E-01 1.6299E+03 1.4832E-01 4.7127E-01 1.9932E-022367200205944 
 3.8120E+00 2.1430E-01 1.3145E+00 1.1392E-01 1.3807E+00 5.7524E-022367200205945 
 1.4828E-01 1.4819E-01 1.6304E+03 1.4823E-01 4.5834E-01 1.9888E-022367200205946 
 3.9529E+00 2.1986E-01 1.2481E+00 1.1999E-01 1.3412E+00 5.9222E-022367200205947 
 1.4819E-01 1.4810E-01 1.6308E+03 1.4814E-01 4.7459E-01 2.0077E-022367200205948 
 3.7764E+00 2.1435E-01 1.3180E+00 1.1362E-01 1.3756E+00 5.7741E-022367200205949 
 1.4810E-01 1.4801E-01 1.6313E+03 1.4806E-01 4.4391E-01 1.8582E-022367200205950 
 4.1150E+00 2.1210E-01 1.3075E+00 1.1453E-01 1.4527E+00 5.4676E-022367200205951 
 1.4801E-01 1.4792E-01 1.6318E+03 1.4797E-01 4.4898E-01 1.8513E-022367200205952 
 4.0575E+00 2.0893E-01 1.3445E+00 1.1138E-01 1.4806E+00 5.3644E-022367200205953 
 1.4792E-01 1.4783E-01 1.6323E+03 1.4788E-01 4.9308E-01 1.9915E-022367200205954 
 3.5827E+00 2.0464E-01 1.4405E+00 1.0396E-01 1.4577E+00 5.4487E-022367200205955 
 1.4783E-01 1.4775E-01 1.6328E+03 1.4779E-01 4.7639E-01 1.9224E-022367200205956 
 3.7572E+00 2.0447E-01 1.4254E+00 1.0506E-01 1.4893E+00 5.3330E-022367200205957 
 1.4775E-01 1.4766E-01 1.6333E+03 1.4770E-01 4.8350E-01 1.9049E-022367200205958 
 3.6822E+00 1.9963E-01 1.4903E+00 1.0049E-01 1.5393E+00 5.1600E-022367200205959 
 1.4766E-01 1.4757E-01 1.6338E+03 1.4761E-01 4.6916E-01 1.8926E-022367200205960 
 3.8347E+00 2.0441E-01 1.4166E+00 1.0571E-01 1.5013E+00 5.2907E-022367200205961 
 1.4757E-01 1.4748E-01 1.6343E+03 1.4753E-01 4.8430E-01 1.9234E-022367200205962 
 3.6738E+00 2.0123E-01 1.4721E+00 1.0172E-01 1.5171E+00 5.2352E-022367200205963 
 1.4748E-01 1.4739E-01 1.6347E+03 1.4744E-01 4.8640E-01 1.9759E-022367200205964 
 3.6518E+00 2.0583E-01 1.4213E+00 1.0536E-01 1.4559E+00 5.4555E-022367200205965 
 1.4739E-01 1.4730E-01 1.6352E+03 1.4735E-01 4.9546E-01 2.0885E-022367200205966 
 3.5583E+00 2.1358E-01 1.3482E+00 1.1107E-01 1.3531E+00 5.8700E-022367200205967 
 1.4730E-01 1.4722E-01 1.6357E+03 1.4726E-01 4.2576E-01 1.7676E-022367200205968 
 4.3265E+00 2.1035E-01 1.3037E+00 1.1487E-01 1.5064E+00 5.2724E-022367200205969 
 1.4722E-01 1.4713E-01 1.6362E+03 1.4717E-01 4.7987E-01 2.0005E-022367200205970 
 3.7203E+00 2.1123E-01 1.3555E+00 1.1048E-01 1.4024E+00 5.6635E-022367200205971 
 1.4713E-01 1.4704E-01 1.6367E+03 1.4709E-01 5.0224E-01 2.1171E-022367200205972 
 3.4895E+00 2.1358E-01 1.3545E+00 1.1056E-01 1.3424E+00 5.9166E-022367200205973 
 1.4704E-01 1.4695E-01 1.6372E+03 1.4700E-01 4.9808E-01 2.1561E-022367200205974 
 3.5316E+00 2.1934E-01 1.2951E+00 1.1562E-01 1.2903E+00 6.1558E-022367200205975 
 1.4695E-01 1.4687E-01 1.6377E+03 1.4691E-01 4.8604E-01 2.1462E-022367200205976 
 3.6556E+00 2.2374E-01 1.2429E+00 1.2049E-01 1.2636E+00 6.2856E-022367200205977 
 1.4687E-01 1.4678E-01 1.6382E+03 1.4682E-01 5.0560E-01 2.2222E-022367200205978 
 3.4557E+00 2.2270E-01 1.2713E+00 1.1779E-01 1.2474E+00 6.3672E-022367200205979 
 1.4678E-01 1.4669E-01 1.6387E+03 1.4673E-01 4.8655E-01 2.1820E-022367200205980 
 3.6502E+00 2.2723E-01 1.2149E+00 1.2326E-01 1.2321E+00 6.4465E-022367200205981 
 1.4669E-01 1.4660E-01 1.6391E+03 1.4665E-01 4.7276E-01 2.2201E-022367200205982 
 3.7960E+00 2.3795E-01 1.1164E+00 1.3413E-01 1.1561E+00 6.8705E-022367200205983 
 1.4660E-01 1.4652E-01 1.6396E+03 1.4656E-01 4.6778E-01 2.1767E-022367200205984 
 3.8497E+00 2.3577E-01 1.1290E+00 1.3263E-01 1.1817E+00 6.7212E-022367200205985 
 1.4652E-01 1.4643E-01 1.6401E+03 1.4647E-01 5.2944E-01 2.3523E-022367200205986 
 3.2222E+00 2.2512E-01 1.2733E+00 1.1761E-01 1.1968E+00 6.6368E-022367200205987 
 1.4643E-01 1.4634E-01 1.6406E+03 1.4639E-01 4.7753E-01 2.1094E-022367200205988 
 3.7450E+00 2.2382E-01 1.2339E+00 1.2136E-01 1.2748E+00 6.2303E-022367200205989 
 1.4634E-01 1.4625E-01 1.6411E+03 1.4630E-01 4.4697E-01 1.9540E-022367200205990 
 4.0802E+00 2.2151E-01 1.2239E+00 1.2235E-01 1.3448E+00 5.9062E-022367200205991 
 1.4625E-01 1.4617E-01 1.6416E+03 1.4621E-01 4.4947E-01 1.8799E-022367200205992 
 4.0519E+00 2.1192E-01 1.3138E+00 1.1398E-01 1.4431E+00 5.5039E-022367200205993 
 1.4617E-01 1.4608E-01 1.6421E+03 1.4612E-01 4.5081E-01 1.8320E-022367200205994 
 4.0369E+00 2.0591E-01 1.3794E+00 1.0856E-01 1.5157E+00 5.2403E-022367200205995 
 1.4608E-01 1.4599E-01 1.6426E+03 1.4604E-01 4.4514E-01 1.8175E-022367200205996 
 4.1010E+00 2.0688E-01 1.3641E+00 1.0977E-01 1.5159E+00 5.2396E-022367200205997 
 1.4599E-01 1.4591E-01 1.6430E+03 1.4595E-01 5.1810E-01 2.1045E-022367200205998 
 3.3319E+00 2.0581E-01 1.4590E+00 1.0264E-01 1.4100E+00 5.6331E-022367200205999 
 1.4591E-01 1.4582E-01 1.6435E+03 1.4586E-01 4.6986E-01 1.9217E-022367200206000 
 3.8271E+00 2.0723E-01 1.3859E+00 1.0805E-01 1.4647E+00 5.4226E-022367200206001 
 1.4582E-01 1.4573E-01 1.6440E+03 1.4578E-01 4.8552E-01 1.9812E-022367200206002 
 3.6610E+00 2.0675E-01 1.4107E+00 1.0615E-01 1.4469E+00 5.4893E-022367200206003 
 1.4573E-01 1.4565E-01 1.6445E+03 1.4569E-01 4.6389E-01 1.9922E-022367200206004 
 3.8919E+00 2.1760E-01 1.2755E+00 1.1740E-01 1.3572E+00 5.8520E-022367200206005 
 1.4565E-01 1.4556E-01 1.6450E+03 1.4560E-01 4.8324E-01 2.0988E-022367200206006 
 3.6849E+00 2.2006E-01 1.2712E+00 1.1780E-01 1.3014E+00 6.1033E-022367200206007 
 1.4556E-01 1.4547E-01 1.6455E+03 1.4552E-01 4.5713E-01 2.0211E-022367200206008 
 3.9663E+00 2.2402E-01 1.2125E+00 1.2350E-01 1.3036E+00 6.0930E-022367200206009 
 1.4547E-01 1.4539E-01 1.6460E+03 1.4543E-01 4.8213E-01 2.1555E-022367200206010 
 3.6965E+00 2.2653E-01 1.2147E+00 1.2328E-01 1.2425E+00 6.3927E-022367200206011 
 1.4539E-01 1.4530E-01 1.6465E+03 1.4535E-01 4.6939E-01 2.0663E-022367200206012 
 3.8322E+00 2.2306E-01 1.2318E+00 1.2157E-01 1.2932E+00 6.1418E-022367200206013 
 1.4530E-01 1.4522E-01 1.6470E+03 1.4526E-01 5.0207E-01 2.1786E-022367200206014 
 3.4912E+00 2.1986E-01 1.2966E+00 1.1549E-01 1.2822E+00 6.1947E-022367200206015 
 1.4522E-01 1.4513E-01 1.6474E+03 1.4517E-01 4.3436E-01 1.8652E-022367200206016 
 4.2251E+00 2.1757E-01 1.2448E+00 1.2030E-01 1.4069E+00 5.6455E-022367200206017 
 1.4513E-01 1.4504E-01 1.6479E+03 1.4509E-01 4.9942E-01 1.9946E-022367200206018 
 3.5180E+00 2.0236E-01 1.4761E+00 1.0145E-01 1.4778E+00 5.3746E-022367200206019 
 1.4504E-01 1.4496E-01 1.6484E+03 1.4500E-01 4.4393E-01 1.7469E-022367200206020 
 4.1148E+00 1.9939E-01 1.4448E+00 1.0365E-01 1.6154E+00 4.9168E-022367200206021 
 1.4496E-01 1.4487E-01 1.6489E+03 1.4492E-01 4.7100E-01 1.8420E-022367200206022 
 3.8148E+00 1.9816E-01 1.4914E+00 1.0041E-01 1.5793E+00 5.0292E-022367200206023 
 1.4487E-01 1.4479E-01 1.6494E+03 1.4483E-01 4.6447E-01 1.8364E-022367200206024 
 3.8856E+00 2.0034E-01 1.4569E+00 1.0279E-01 1.5612E+00 5.0874E-022367200206025 
 1.4479E-01 1.4470E-01 1.6499E+03 1.4474E-01 4.7081E-01 1.8847E-022367200206026 
 3.8168E+00 2.0284E-01 1.4374E+00 1.0418E-01 1.5195E+00 5.2271E-022367200206027 
 1.4470E-01 1.4462E-01 1.6504E+03 1.4466E-01 4.5868E-01 1.8320E-022367200206028 
 3.9492E+00 2.0238E-01 1.4271E+00 1.0493E-01 1.5457E+00 5.1385E-022367200206029 
 1.4462E-01 1.4453E-01 1.6509E+03 1.4457E-01 4.8053E-01 1.9760E-022367200206030 
 3.7134E+00 2.0836E-01 1.3877E+00 1.0791E-01 1.4359E+00 5.5316E-022367200206031 
 1.4453E-01 1.4444E-01 1.6513E+03 1.4449E-01 4.7024E-01 1.9565E-022367200206032 
 3.8230E+00 2.1082E-01 1.3461E+00 1.1124E-01 1.4190E+00 5.5972E-022367200206033 
 1.4444E-01 1.4436E-01 1.6518E+03 1.4440E-01 4.5839E-01 1.8820E-022367200206034 
 3.9524E+00 2.0803E-01 1.3632E+00 1.0985E-01 1.4732E+00 5.3913E-022367200206035 
 1.4436E-01 1.4427E-01 1.6523E+03 1.4432E-01 4.3906E-01 1.9576E-022367200206036 
 4.1707E+00 2.2592E-01 1.1781E+00 1.2711E-01 1.3127E+00 6.0508E-022367200206037 
 1.4427E-01 1.4419E-01 1.6528E+03 1.4423E-01 4.9220E-01 2.2167E-022367200206038 
 3.5918E+00 2.2820E-01 1.2113E+00 1.2363E-01 1.2150E+00 6.5371E-022367200206039 
 1.4419E-01 1.4410E-01 1.6533E+03 1.4415E-01 4.8426E-01 2.1736E-022367200206040 
 3.6742E+00 2.2742E-01 1.2108E+00 1.2367E-01 1.2331E+00 6.4410E-022367200206041 
 1.4410E-01 1.4402E-01 1.6538E+03 1.4406E-01 5.3279E-01 2.4247E-022367200206042 
 3.1903E+00 2.3059E-01 1.2311E+00 1.2164E-01 1.1481E+00 6.9183E-022367200206043 
 1.4402E-01 1.4393E-01 1.6543E+03 1.4398E-01 4.7554E-01 2.1880E-022367200206044 
 3.7662E+00 2.3313E-01 1.1567E+00 1.2946E-01 1.1943E+00 6.6502E-022367200206045 
 1.4393E-01 1.4385E-01 1.6548E+03 1.4389E-01 4.5715E-01 2.1106E-022367200206046 
 3.9660E+00 2.3392E-01 1.1314E+00 1.3236E-01 1.2100E+00 6.5640E-022367200206047 
 1.4385E-01 1.4376E-01 1.6553E+03 1.4381E-01 4.5101E-01 2.1302E-022367200206048 
 4.0346E+00 2.3932E-01 1.0874E+00 1.3772E-01 1.1741E+00 6.7651E-022367200206049 
 1.4376E-01 1.4368E-01 1.6557E+03 1.4372E-01 4.6990E-01 2.1343E-022367200206050 
 3.8267E+00 2.3014E-01 1.1722E+00 1.2775E-01 1.2251E+00 6.4834E-022367200206051 
 1.4368E-01 1.4359E-01 1.6562E+03 1.4364E-01 3.9628E-01 1.8475E-022367200206052 
 4.6901E+00 2.3622E-01 1.0612E+00 1.4111E-01 1.2905E+00 6.1545E-022367200206053 
 1.4359E-01 1.4351E-01 1.6567E+03 1.4355E-01 4.6921E-01 2.2327E-022367200206054 
 3.8341E+00 2.4110E-01 1.0917E+00 1.3716E-01 1.1365E+00 6.9886E-022367200206055 
 1.4351E-01 1.4342E-01 1.6572E+03 1.4347E-01 4.5947E-01 2.1236E-022367200206056 
 3.9405E+00 2.3419E-01 1.1332E+00 1.3214E-01 1.2065E+00 6.5834E-022367200206057 
 1.4342E-01 1.4334E-01 1.6577E+03 1.4338E-01 4.8817E-01 2.3167E-022367200206058 
 3.6335E+00 2.4046E-01 1.1128E+00 1.3457E-01 1.1181E+00 7.1035E-022367200206059 
 1.4334E-01 1.4326E-01 1.6582E+03 1.4330E-01 4.7229E-01 2.1724E-022367200206060 
 3.8010E+00 2.3306E-01 1.1522E+00 1.2997E-01 1.1970E+00 6.6356E-022367200206061 
 1.4326E-01 1.4317E-01 1.6587E+03 1.4321E-01 4.9404E-01 2.3587E-022367200206062 
 3.5728E+00 2.4191E-01 1.1081E+00 1.3514E-01 1.1008E+00 7.2155E-022367200206063 
 1.4317E-01 1.4309E-01 1.6592E+03 1.4313E-01 4.7711E-01 2.2676E-022367200206064 
 3.7495E+00 2.4082E-01 1.1005E+00 1.3608E-01 1.1286E+00 7.0374E-022367200206065 
 1.4309E-01 1.4300E-01 1.6596E+03 1.4305E-01 5.1330E-01 2.4177E-022367200206066 
 3.3791E+00 2.3866E-01 1.1464E+00 1.3063E-01 1.1018E+00 7.2089E-022367200206067 
 1.4300E-01 1.4292E-01 1.6601E+03 1.4296E-01 4.5080E-01 2.2172E-022367200206068 
 4.0369E+00 2.4921E-01 1.0231E+00 1.4637E-01 1.0995E+00 7.2242E-022367200206069 
 1.4292E-01 1.4284E-01 1.6606E+03 1.4288E-01 5.0852E-01 2.4738E-022367200206070 
 3.4265E+00 2.4649E-01 1.0880E+00 1.3763E-01 1.0510E+00 7.5576E-022367200206071 
 1.4284E-01 1.4275E-01 1.6611E+03 1.4279E-01 4.6727E-01 2.2764E-022367200206072 
 3.8552E+00 2.4684E-01 1.0518E+00 1.4237E-01 1.0959E+00 7.2475E-022367200206073 
 1.4275E-01 1.4267E-01 1.6616E+03 1.4271E-01 4.2846E-01 2.2085E-022367200206074 
 4.2945E+00 2.6118E-01 9.3823E-01 1.5961E-01 1.0484E+00 7.5759E-022367200206075 
 1.4267E-01 1.4258E-01 1.6621E+03 1.4263E-01 5.1573E-01 2.5945E-022367200206076 
 3.3551E+00 2.5490E-01 1.0390E+00 1.4413E-01 9.8730E-01 8.0448E-022367200206077 
 1.4258E-01 1.4250E-01 1.6626E+03 1.4254E-01 4.6303E-01 2.4597E-022367200206078 
 3.9014E+00 2.6916E-01 9.2338E-01 1.6218E-01 9.5917E-01 8.2808E-022367200206079 
 1.4250E-01 1.4242E-01 1.6631E+03 1.4246E-01 4.6866E-01 2.4391E-022367200206080 
 3.8401E+00 2.6370E-01 9.5397E-01 1.5697E-01 9.8296E-01 8.0803E-022367200206081 
 1.4242E-01 1.4233E-01 1.6636E+03 1.4237E-01 4.8779E-01 2.5515E-022367200206082 
 3.6374E+00 2.6503E-01 9.5916E-01 1.5612E-01 9.5314E-01 8.3331E-022367200206083 
 1.4233E-01 1.4225E-01 1.6640E+03 1.4229E-01 4.5076E-01 2.4474E-022367200206084 
 4.0374E+00 2.7511E-01 8.8464E-01 1.6928E-01 9.3786E-01 8.4689E-022367200206085 
 1.4225E-01 1.4217E-01 1.6645E+03 1.4221E-01 4.6243E-01 2.5995E-022367200206086 
 3.9078E+00 2.8483E-01 8.4934E-01 1.7631E-01 8.7599E-01 9.0670E-022367200206087 
 1.4217E-01 1.4208E-01 1.6650E+03 1.4212E-01 4.6743E-01 2.5280E-022367200206088 
 3.8534E+00 2.7404E-01 9.0098E-01 1.6621E-01 9.2565E-01 8.5806E-022367200206089 
 1.4208E-01 1.4200E-01 1.6655E+03 1.4204E-01 4.5962E-01 2.5383E-022367200206090 
 3.9387E+00 2.7983E-01 8.6888E-01 1.7235E-01 9.0325E-01 8.7934E-022367200206091 
 1.4200E-01 1.4192E-01 1.6660E+03 1.4196E-01 4.4880E-01 2.4998E-022367200206092 
 4.0594E+00 2.8222E-01 8.5133E-01 1.7590E-01 9.0252E-01 8.8005E-022367200206093 
 1.4192E-01 1.4183E-01 1.6665E+03 1.4187E-01 5.1770E-01 2.8034E-022367200206094 
 3.3359E+00 2.7438E-01 9.3200E-01 1.6068E-01 8.7503E-01 9.0769E-022367200206095 
 1.4183E-01 1.4175E-01 1.6670E+03 1.4179E-01 4.8718E-01 2.6148E-022367200206096 
 3.6437E+00 2.7195E-01 9.2547E-01 1.6181E-01 9.1781E-01 8.6539E-022367200206097 
 1.4175E-01 1.4167E-01 1.6675E+03 1.4171E-01 4.7341E-01 2.5459E-022367200206098 
 3.7890E+00 2.7249E-01 9.1271E-01 1.6407E-01 9.2800E-01 8.5588E-022367200206099 
 1.4167E-01 1.4158E-01 1.6680E+03 1.4162E-01 5.1572E-01 2.7802E-022367200206100 
 3.3553E+00 2.7315E-01 9.3833E-01 1.5959E-01 8.8455E-01 8.9793E-022367200206101 
 1.4158E-01 1.4150E-01 1.6684E+03 1.4154E-01 4.5268E-01 2.4277E-022367200206102 
 4.0159E+00 2.7174E-01 9.0207E-01 1.6601E-01 9.5450E-01 8.3213E-022367200206103 
 1.4150E-01 1.4142E-01 1.6689E+03 1.4146E-01 4.6414E-01 2.5553E-022367200206104 
 3.8892E+00 2.7896E-01 8.7551E-01 1.7104E-01 9.0276E-01 8.7982E-022367200206105 
 1.4142E-01 1.4134E-01 1.6694E+03 1.4138E-01 4.5499E-01 2.4327E-022367200206106 
 3.9901E+00 2.7091E-01 9.0746E-01 1.6502E-01 9.5628E-01 8.3057E-022367200206107 
 1.4134E-01 1.4125E-01 1.6699E+03 1.4129E-01 4.2523E-01 2.3423E-022367200206108 
 4.3328E+00 2.7910E-01 8.4930E-01 1.7632E-01 9.4563E-01 8.3993E-022367200206109 
 1.4125E-01 1.4117E-01 1.6704E+03 1.4121E-01 4.6384E-01 2.5618E-022367200206110 
 3.8924E+00 2.7984E-01 8.7090E-01 1.7195E-01 8.9804E-01 8.8444E-022367200206111 
 1.4117E-01 1.4109E-01 1.6709E+03 1.4113E-01 4.3000E-01 2.4307E-022367200206112 
 4.2763E+00 2.8642E-01 8.2241E-01 1.8209E-01 9.0310E-01 8.7949E-022367200206113 
 1.4109E-01 1.4101E-01 1.6714E+03 1.4105E-01 5.0258E-01 2.9901E-022367200206114 
 3.4861E+00 3.0145E-01 8.0756E-01 1.8543E-01 7.6860E-01 1.0334E-012367200206115 
 1.4101E-01 1.4092E-01 1.6719E+03 1.4096E-01 4.8692E-01 2.9290E-022367200206116 
 3.6465E+00 3.0479E-01 7.8673E-01 1.9034E-01 7.6824E-01 1.0339E-012367200206117 
 1.4092E-01 1.4084E-01 1.6723E+03 1.4088E-01 5.2015E-01 3.2203E-022367200206118 
 3.3119E+00 3.1369E-01 7.7291E-01 1.9375E-01 7.1023E-01 1.1183E-012367200206119 
 1.4084E-01 1.4076E-01 1.6728E+03 1.4080E-01 4.6160E-01 2.9905E-022367200206120 
 3.9170E+00 3.2826E-01 6.9977E-01 2.1400E-01 7.0682E-01 1.1237E-012367200206121 
 1.4076E-01 1.4068E-01 1.6733E+03 1.4072E-01 4.9491E-01 3.3196E-022367200206122 
 3.5639E+00 3.3986E-01 6.8415E-01 2.1888E-01 6.4798E-01 1.2258E-012367200206123 
 1.4068E-01 1.4059E-01 1.6738E+03 1.4064E-01 4.7746E-01 3.1236E-022367200206124 
 3.7458E+00 3.3148E-01 6.9811E-01 2.1450E-01 6.8416E-01 1.1609E-012367200206125 
 1.4059E-01 1.4051E-01 1.6743E+03 1.4055E-01 5.1920E-01 3.5232E-022367200206126 
 3.3211E+00 3.4383E-01 6.8427E-01 2.1884E-01 6.2149E-01 1.2780E-012367200206127 
 1.4051E-01 1.4043E-01 1.6748E+03 1.4047E-01 5.2773E-01 3.2423E-022367200206128 
 3.2386E+00 3.1130E-01 7.8792E-01 1.9006E-01 7.1615E-01 1.1091E-012367200206129 
 1.4043E-01 1.4035E-01 1.6753E+03 1.4039E-01 5.0154E-01 2.8695E-022367200206130 
 3.4965E+00 2.8990E-01 8.5277E-01 1.7560E-01 8.1749E-01 9.7159E-022367200206131 
 1.4035E-01 1.4027E-01 1.6758E+03 1.4031E-01 5.0835E-01 2.8937E-022367200206132 
 3.4282E+00 2.8843E-01 8.6294E-01 1.7353E-01 8.1813E-01 9.7083E-022367200206133 
 1.4027E-01 1.4018E-01 1.6763E+03 1.4023E-01 4.4480E-01 2.4387E-022367200206134 
 4.1049E+00 2.7780E-01 8.6856E-01 1.7241E-01 9.3033E-01 8.5374E-022367200206135 
 1.4018E-01 1.4010E-01 1.6767E+03 1.4014E-01 4.8566E-01 2.6216E-022367200206136 
 3.6595E+00 2.7351E-01 9.1683E-01 1.6333E-01 9.1106E-01 8.7180E-022367200206137 
 1.4010E-01 1.4002E-01 1.6772E+03 1.4006E-01 4.4265E-01 2.2608E-022367200206138 
 4.1294E+00 2.5879E-01 9.6066E-01 1.5588E-01 1.0440E+00 7.6078E-022367200206139 
 1.4002E-01 1.3994E-01 1.6777E+03 1.3998E-01 4.5766E-01 2.4434E-022367200206140 
 3.9604E+00 2.7051E-01 9.1027E-01 1.6451E-01 9.5440E-01 8.3221E-022367200206141 
 1.3994E-01 1.3986E-01 1.6782E+03 1.3990E-01 4.8893E-01 2.5547E-022367200206142 
 3.6255E+00 2.6475E-01 9.6221E-01 1.5563E-01 9.5437E-01 8.3223E-022367200206143 
 1.3986E-01 1.3978E-01 1.6787E+03 1.3982E-01 4.9537E-01 2.5267E-022367200206144 
 3.5592E+00 2.5844E-01 1.0035E+00 1.4923E-01 9.8686E-01 8.0484E-022367200206145 
 1.3978E-01 1.3970E-01 1.6792E+03 1.3974E-01 4.7043E-01 2.4515E-022367200206146 
 3.8210E+00 2.6405E-01 9.5366E-01 1.5703E-01 9.7922E-01 8.1112E-022367200206147 
 1.3970E-01 1.3961E-01 1.6797E+03 1.3966E-01 4.6724E-01 2.3470E-022367200206148 
 3.8555E+00 2.5452E-01 1.0043E+00 1.4911E-01 1.0424E+00 7.6193E-022367200206149 
 1.3961E-01 1.3953E-01 1.6802E+03 1.3957E-01 4.5906E-01 2.1558E-022367200206150 
 3.9450E+00 2.3795E-01 1.1052E+00 1.3550E-01 1.1753E+00 6.7580E-022367200206151 
 1.3953E-01 1.3945E-01 1.6806E+03 1.3949E-01 4.6872E-01 2.0757E-022367200206152 
 3.8394E+00 2.2438E-01 1.2174E+00 1.2301E-01 1.2788E+00 6.2111E-022367200206153 
 1.3945E-01 1.3937E-01 1.6811E+03 1.3941E-01 4.8341E-01 2.0019E-022367200206154 
 3.6830E+00 2.0983E-01 1.3744E+00 1.0896E-01 1.4133E+00 5.6199E-022367200206155 
 1.3937E-01 1.3929E-01 1.6816E+03 1.3933E-01 4.4845E-01 1.7740E-022367200206156 
 4.0634E+00 2.0044E-01 1.4377E+00 1.0416E-01 1.5916E+00 4.9902E-022367200206157 
 1.3929E-01 1.3921E-01 1.6821E+03 1.3925E-01 4.8580E-01 1.7870E-022367200206158 
 3.6581E+00 1.8639E-01 1.6726E+00 8.9532E-02 1.7299E+00 4.5913E-022367200206159 
 1.3921E-01 1.3913E-01 1.6826E+03 1.3917E-01 4.6404E-01 1.6316E-022367200206160 
 3.8902E+00 1.7815E-01 1.7734E+00 8.4444E-02 1.9217E+00 4.1332E-022367200206161 
 1.3913E-01 1.3905E-01 1.6831E+03 1.3909E-01 4.6539E-01 1.6310E-022367200206162 
 3.8755E+00 1.7757E-01 1.7854E+00 8.3874E-02 1.9300E+00 4.1154E-022367200206163 
 1.3905E-01 1.3897E-01 1.6836E+03 1.3901E-01 4.8659E-01 1.7384E-022367200206164 
 3.6498E+00 1.8102E-01 1.7589E+00 8.5137E-02 1.8207E+00 4.3624E-022367200206165 
 1.3897E-01 1.3889E-01 1.6841E+03 1.3893E-01 4.5827E-01 1.6564E-022367200206166 
 3.9537E+00 1.8315E-01 1.6839E+00 8.8928E-02 1.8421E+00 4.3116E-022367200206167 
 1.3889E-01 1.3881E-01 1.6846E+03 1.3885E-01 4.5217E-01 1.6297E-022367200206168 
 4.0216E+00 1.8262E-01 1.6838E+00 8.8936E-02 1.8658E+00 4.2571E-022367200206169 
 1.3881E-01 1.3873E-01 1.6850E+03 1.3877E-01 4.4830E-01 1.6189E-022367200206170 
 4.0651E+00 1.8298E-01 1.6726E+00 8.9531E-02 1.8680E+00 4.2519E-022367200206171 
 1.3873E-01 1.3865E-01 1.6855E+03 1.3869E-01 4.5822E-01 1.6672E-022367200206172 
 3.9542E+00 1.8436E-01 1.6646E+00 8.9963E-02 1.8201E+00 4.3639E-022367200206173 
 1.3865E-01 1.3857E-01 1.6860E+03 1.3861E-01 5.2179E-01 1.9367E-022367200206174 
 3.2960E+00 1.8807E-01 1.7005E+00 8.8059E-02 1.6443E+00 4.8303E-022367200206175 
 1.3857E-01 1.3849E-01 1.6865E+03 1.3853E-01 4.3800E-01 1.6258E-022367200206176 
 4.1829E+00 1.8808E-01 1.5818E+00 9.4668E-02 1.8010E+00 4.4102E-022367200206177 
 1.3849E-01 1.3841E-01 1.6870E+03 1.3845E-01 4.6470E-01 1.7308E-022367200206178 
 3.8831E+00 1.8871E-01 1.6113E+00 9.2939E-02 1.7354E+00 4.5768E-022367200206179 
 1.3841E-01 1.3833E-01 1.6875E+03 1.3837E-01 4.3733E-01 1.6429E-022367200206180 
 4.1906E+00 1.9035E-01 1.5509E+00 9.6558E-02 1.7663E+00 4.4966E-022367200206181 
 1.3833E-01 1.3825E-01 1.6880E+03 1.3829E-01 4.7525E-01 1.7920E-022367200206182 
 3.7693E+00 1.9106E-01 1.5927E+00 9.4024E-02 1.6780E+00 4.7333E-022367200206183 
 1.3825E-01 1.3817E-01 1.6885E+03 1.3821E-01 4.5209E-01 1.6776E-022367200206184 
 4.0224E+00 1.8802E-01 1.6036E+00 9.3382E-02 1.7727E+00 4.4805E-022367200206185 
 1.3817E-01 1.3809E-01 1.6889E+03 1.3813E-01 4.6239E-01 1.7611E-022367200206186 
 3.9083E+00 1.9298E-01 1.5488E+00 9.6685E-02 1.6726E+00 4.7487E-022367200206187 
 1.3809E-01 1.3801E-01 1.6894E+03 1.3805E-01 4.4043E-01 1.6758E-022367200206188 
 4.1549E+00 1.9280E-01 1.5218E+00 9.8404E-02 1.7197E+00 4.6186E-022367200206189 
 1.3801E-01 1.3793E-01 1.6899E+03 1.3797E-01 4.7527E-01 1.7395E-022367200206190 
 3.7691E+00 1.8545E-01 1.6726E+00 8.9529E-02 1.7666E+00 4.4960E-022367200206191 
 1.3793E-01 1.3785E-01 1.6904E+03 1.3789E-01 4.8512E-01 1.7903E-022367200206192 
 3.6652E+00 1.8699E-01 1.6647E+00 8.9957E-02 1.7237E+00 4.6080E-022367200206193 
 1.3785E-01 1.3777E-01 1.6909E+03 1.3781E-01 4.7963E-01 1.7704E-022367200206194 
 3.7228E+00 1.8702E-01 1.6549E+00 9.0487E-02 1.7318E+00 4.5864E-022367200206195 
 1.3777E-01 1.3769E-01 1.6914E+03 1.3773E-01 4.2724E-01 1.5947E-022367200206196 
 4.3090E+00 1.8912E-01 1.5521E+00 9.6484E-02 1.8077E+00 4.3938E-022367200206197 
 1.3769E-01 1.3761E-01 1.6919E+03 1.3765E-01 4.2619E-01 1.5736E-022367200206198 
 4.3214E+00 1.8709E-01 1.5804E+00 9.4752E-02 1.8470E+00 4.3004E-022367200206199 
 1.3761E-01 1.3753E-01 1.6924E+03 1.3757E-01 4.4210E-01 1.5816E-022367200206200 
 4.1357E+00 1.8127E-01 1.6891E+00 8.8656E-02 1.9128E+00 4.1524E-022367200206201 
 1.3753E-01 1.3745E-01 1.6929E+03 1.3749E-01 4.9974E-01 1.7758E-022367200206202 
 3.5148E+00 1.8005E-01 1.7948E+00 8.3437E-02 1.8127E+00 4.3818E-022367200206203 
 1.3745E-01 1.3737E-01 1.6933E+03 1.3741E-01 4.7195E-01 1.6779E-022367200206204 
 3.8047E+00 1.8015E-01 1.7515E+00 8.5497E-02 1.8665E+00 4.2555E-022367200206205 
 1.3737E-01 1.3729E-01 1.6938E+03 1.3733E-01 5.0445E-01 1.7604E-022367200206206 
 3.4672E+00 1.7683E-01 1.8613E+00 8.0453E-02 1.8659E+00 4.2566E-022367200206207 
 1.3729E-01 1.3721E-01 1.6943E+03 1.3725E-01 4.7059E-01 1.6015E-022367200206208 
 3.8192E+00 1.7244E-01 1.8864E+00 7.9383E-02 2.0226E+00 3.9270E-022367200206209 
 1.3721E-01 1.3713E-01 1.6948E+03 1.3717E-01 4.5579E-01 1.5553E-022367200206210 
 3.9812E+00 1.7290E-01 1.8525E+00 8.0834E-02 2.0465E+00 3.8810E-022367200206211 
 1.3713E-01 1.3705E-01 1.6953E+03 1.3709E-01 4.1430E-01 1.3638E-022367200206212 
 4.4648E+00 1.6680E-01 1.8990E+00 7.8857E-02 2.3025E+00 3.4495E-022367200206213 
 1.3705E-01 1.3697E-01 1.6958E+03 1.3701E-01 4.8953E-01 1.5885E-022367200206214 
 3.6193E+00 1.6441E-01 2.0826E+00 7.1906E-02 2.1584E+00 3.6799E-022367200206215 
 1.3697E-01 1.3690E-01 1.6963E+03 1.3694E-01 4.3655E-01 1.4007E-022367200206216 
 4.1997E+00 1.6258E-01 2.0238E+00 7.3994E-02 2.3398E+00 3.3946E-022367200206217 
 1.3690E-01 1.3682E-01 1.6968E+03 1.3686E-01 4.4834E-01 1.4338E-022367200206218 
 4.0647E+00 1.6205E-01 2.0594E+00 7.2713E-02 2.3222E+00 3.4203E-022367200206219 
 1.3682E-01 1.3674E-01 1.6972E+03 1.3678E-01 4.5970E-01 1.4629E-022367200206220 
 3.9379E+00 1.6125E-01 2.0964E+00 7.1433E-02 2.3091E+00 3.4398E-022367200206221 
 1.3674E-01 1.3666E-01 1.6977E+03 1.3670E-01 5.1176E-01 1.6005E-022367200206222 
 3.3943E+00 1.5847E-01 2.2640E+00 6.6142E-02 2.2548E+00 3.5226E-022367200206223 
 1.3666E-01 1.3658E-01 1.6982E+03 1.3662E-01 4.8319E-01 1.5625E-022367200206224 
 3.6853E+00 1.6385E-01 2.0843E+00 7.1847E-02 2.1875E+00 3.6309E-022367200206225 
 1.3658E-01 1.3650E-01 1.6987E+03 1.3654E-01 4.6399E-01 1.5504E-022367200206226 
 3.8908E+00 1.6930E-01 1.9355E+00 7.7369E-02 2.1059E+00 3.7716E-022367200206227 
 1.3650E-01 1.3642E-01 1.6992E+03 1.3646E-01 4.6491E-01 1.5491E-022367200206228 
 3.8807E+00 1.6883E-01 1.9477E+00 7.6884E-02 2.1157E+00 3.7541E-022367200206229 
 1.3642E-01 1.3635E-01 1.6997E+03 1.3638E-01 4.5323E-01 1.5162E-022367200206230 
 4.0097E+00 1.6950E-01 1.9118E+00 7.8327E-02 2.1265E+00 3.7351E-022367200206231 
 1.3635E-01 1.3627E-01 1.7002E+03 1.3631E-01 4.5917E-01 1.5456E-022367200206232 
 3.9438E+00 1.7056E-01 1.9028E+00 7.8697E-02 2.0897E+00 3.8008E-022367200206233 
 1.3627E-01 1.3619E-01 1.7007E+03 1.3623E-01 4.9210E-01 1.6971E-022367200206234 
 3.5928E+00 1.7474E-01 1.8786E+00 7.9713E-02 1.9293E+00 4.1169E-022367200206235 
 1.3619E-01 1.3611E-01 1.7012E+03 1.3615E-01 4.7260E-01 1.6227E-022367200206236 
 3.7976E+00 1.7397E-01 1.8617E+00 8.0436E-02 1.9868E+00 3.9978E-022367200206237 
 1.3611E-01 1.3603E-01 1.7016E+03 1.3607E-01 4.4838E-01 1.5758E-022367200206238 
 4.0643E+00 1.7808E-01 1.7499E+00 8.5574E-02 1.9586E+00 4.0554E-022367200206239 
 1.3603E-01 1.3595E-01 1.7021E+03 1.3599E-01 4.5460E-01 1.6283E-022367200206240 
 3.9944E+00 1.8148E-01 1.7048E+00 8.7840E-02 1.8805E+00 4.2236E-022367200206241 
 1.3595E-01 1.3588E-01 1.7026E+03 1.3592E-01 4.9508E-01 1.7909E-022367200206242 
 3.5622E+00 1.8329E-01 1.7352E+00 8.6298E-02 1.7657E+00 4.4984E-022367200206243 
 1.3588E-01 1.3580E-01 1.7031E+03 1.3584E-01 5.0077E-01 1.7631E-022367200206244 
 3.5043E+00 1.7839E-01 1.8254E+00 8.2038E-02 1.8412E+00 4.3137E-022367200206245 
 1.3580E-01 1.3572E-01 1.7036E+03 1.3576E-01 4.7567E-01 1.7041E-022367200206246 
 3.7649E+00 1.8153E-01 1.7357E+00 8.6275E-02 1.8350E+00 4.3284E-022367200206247 
 1.3572E-01 1.3564E-01 1.7041E+03 1.3568E-01 4.8524E-01 1.7748E-022367200206248 
 3.6639E+00 1.8533E-01 1.6901E+00 8.8601E-02 1.7509E+00 4.5363E-022367200206249 
 1.3564E-01 1.3557E-01 1.7046E+03 1.3560E-01 4.4378E-01 1.6368E-022367200206250 
 4.1164E+00 1.8688E-01 1.6088E+00 9.3079E-02 1.8106E+00 4.3868E-022367200206251 
 1.3557E-01 1.3549E-01 1.7051E+03 1.3553E-01 4.8513E-01 1.7938E-022367200206252 
 3.6651E+00 1.8736E-01 1.6569E+00 9.0378E-02 1.7152E+00 4.6307E-022367200206253 
 1.3549E-01 1.3541E-01 1.7055E+03 1.3545E-01 4.7097E-01 1.7872E-022367200206254 
 3.8152E+00 1.9228E-01 1.5709E+00 9.5325E-02 1.6683E+00 4.7609E-022367200206255 
 1.3541E-01 1.3533E-01 1.7060E+03 1.3537E-01 5.0107E-01 1.9621E-022367200206256 
 3.5012E+00 1.9841E-01 1.5292E+00 9.7926E-02 1.5290E+00 5.1947E-022367200206257 
 1.3533E-01 1.3526E-01 1.7065E+03 1.3529E-01 4.6848E-01 1.8727E-022367200206258 
 3.8420E+00 2.0254E-01 1.4396E+00 1.0402E-01 1.5291E+00 5.1943E-022367200206259 
 1.3526E-01 1.3518E-01 1.7070E+03 1.3522E-01 4.4665E-01 1.7885E-022367200206260 
 4.0838E+00 2.0289E-01 1.4076E+00 1.0638E-01 1.5623E+00 5.0840E-022367200206261 
 1.3518E-01 1.3510E-01 1.7075E+03 1.3514E-01 4.6110E-01 1.8582E-022367200206262 
 3.9225E+00 2.0419E-01 1.4099E+00 1.0621E-01 1.5184E+00 5.2309E-022367200206263 
 1.3510E-01 1.3502E-01 1.7080E+03 1.3506E-01 4.3832E-01 1.7824E-022367200206264 
 4.1792E+00 2.0604E-01 1.3613E+00 1.1000E-01 1.5348E+00 5.1749E-022367200206265 
 1.3502E-01 1.3495E-01 1.7085E+03 1.3499E-01 4.7266E-01 1.9349E-022367200206266 
 3.7970E+00 2.0742E-01 1.3879E+00 1.0789E-01 1.4587E+00 5.4450E-022367200206267 
 1.3495E-01 1.3487E-01 1.7090E+03 1.3491E-01 4.7913E-01 1.9113E-022367200206268 
 3.7282E+00 2.0213E-01 1.4551E+00 1.0291E-01 1.5140E+00 5.2462E-022367200206269 
 1.3487E-01 1.3479E-01 1.7095E+03 1.3483E-01 4.5488E-01 1.8149E-022367200206270 
 3.9913E+00 2.0216E-01 1.4253E+00 1.0507E-01 1.5559E+00 5.1048E-022367200206271 
 1.3479E-01 1.3472E-01 1.7099E+03 1.3475E-01 4.6591E-01 1.8709E-022367200206272 
 3.8699E+00 2.0347E-01 1.4233E+00 1.0521E-01 1.5187E+00 5.2298E-022367200206273 
 1.3472E-01 1.3464E-01 1.7104E+03 1.3468E-01 4.3316E-01 1.8021E-022367200206274 
 4.2392E+00 2.1080E-01 1.3058E+00 1.1468E-01 1.4847E+00 5.3497E-022367200206275 
 1.3464E-01 1.3456E-01 1.7109E+03 1.3460E-01 4.7713E-01 1.9544E-022367200206276 
 3.7493E+00 2.0755E-01 1.3903E+00 1.0771E-01 1.4484E+00 5.4836E-022367200206277 
 1.3456E-01 1.3448E-01 1.7114E+03 1.3452E-01 4.6476E-01 1.9628E-022367200206278 
 3.8824E+00 2.1398E-01 1.3127E+00 1.1408E-01 1.3969E+00 5.6857E-022367200206279 
 1.3448E-01 1.3441E-01 1.7119E+03 1.3445E-01 4.4804E-01 1.8544E-022367200206280 
 4.0681E+00 2.0971E-01 1.3366E+00 1.1204E-01 1.4742E+00 5.3877E-022367200206281 
 1.3441E-01 1.3433E-01 1.7124E+03 1.3437E-01 4.9159E-01 1.9766E-022367200206282 
 3.5980E+00 2.0373E-01 1.4513E+00 1.0319E-01 1.4734E+00 5.3905E-022367200206283 
 1.3433E-01 1.3426E-01 1.7129E+03 1.3429E-01 4.6500E-01 1.9330E-022367200206284 
 3.8798E+00 2.1063E-01 1.3462E+00 1.1124E-01 1.4342E+00 5.5382E-022367200206285 
 1.3426E-01 1.3418E-01 1.7134E+03 1.3422E-01 4.4683E-01 1.8399E-022367200206286 
 4.0818E+00 2.0863E-01 1.3454E+00 1.1131E-01 1.4883E+00 5.3366E-022367200206287 
 1.3418E-01 1.3410E-01 1.7138E+03 1.3414E-01 4.9533E-01 2.1148E-022367200206288 
 3.5597E+00 2.1633E-01 1.3199E+00 1.1346E-01 1.3233E+00 6.0023E-022367200206289 
 1.3410E-01 1.3403E-01 1.7143E+03 1.3406E-01 4.6657E-01 1.9671E-022367200206290 
 3.8627E+00 2.1363E-01 1.3175E+00 1.1366E-01 1.3973E+00 5.6843E-022367200206291 
 1.3403E-01 1.3395E-01 1.7148E+03 1.3399E-01 4.1642E-01 1.8048E-022367200206292 
 4.4389E+00 2.1960E-01 1.2087E+00 1.2389E-01 1.4184E+00 5.5998E-022367200206293 
 1.3395E-01 1.3387E-01 1.7153E+03 1.3391E-01 4.8628E-01 2.0462E-022367200206294 
 3.6531E+00 2.1321E-01 1.3434E+00 1.1147E-01 1.3719E+00 5.7894E-022367200206295 
 1.3387E-01 1.3380E-01 1.7158E+03 1.3384E-01 4.3415E-01 1.8124E-022367200206296 
 4.2276E+00 2.1153E-01 1.3021E+00 1.1501E-01 1.4770E+00 5.3777E-022367200206297 
 1.3380E-01 1.3372E-01 1.7163E+03 1.3376E-01 4.5130E-01 1.9599E-022367200206298 
 4.0314E+00 2.2005E-01 1.2402E+00 1.2075E-01 1.3516E+00 5.8763E-022367200206299 
 1.3372E-01 1.3364E-01 1.7168E+03 1.3368E-01 4.6739E-01 2.0092E-022367200206300 
 3.8538E+00 2.1782E-01 1.2769E+00 1.1728E-01 1.3492E+00 5.8871E-022367200206301 
 1.3364E-01 1.3357E-01 1.7173E+03 1.3361E-01 4.7995E-01 2.0251E-022367200206302 
 3.7194E+00 2.1379E-01 1.3296E+00 1.1263E-01 1.3738E+00 5.7815E-022367200206303 
 1.3357E-01 1.3349E-01 1.7178E+03 1.3353E-01 4.8227E-01 2.0393E-022367200206304 
 3.6950E+00 2.1426E-01 1.3281E+00 1.1276E-01 1.3659E+00 5.8150E-022367200206305 
 1.3349E-01 1.3342E-01 1.7182E+03 1.3346E-01 4.4856E-01 1.9079E-022367200206306 
 4.0622E+00 2.1551E-01 1.2800E+00 1.1699E-01 1.4062E+00 5.6485E-022367200206307 
 1.3342E-01 1.3334E-01 1.7187E+03 1.3338E-01 4.5991E-01 1.9672E-022367200206308 
 3.9356E+00 2.1673E-01 1.2794E+00 1.1704E-01 1.3728E+00 5.7859E-022367200206309 
 1.3334E-01 1.3327E-01 1.7192E+03 1.3330E-01 4.6439E-01 1.9942E-022367200206310 
 3.8865E+00 2.1759E-01 1.2755E+00 1.1741E-01 1.3558E+00 5.8583E-022367200206311 
 1.3327E-01 1.3319E-01 1.7197E+03 1.3323E-01 4.8615E-01 2.0168E-022367200206312 
 3.6545E+00 2.1021E-01 1.3720E+00 1.0915E-01 1.4032E+00 5.6605E-022367200206313 
 1.3319E-01 1.3311E-01 1.7202E+03 1.3315E-01 4.4333E-01 1.8912E-022367200206314 
 4.1216E+00 2.1615E-01 1.2673E+00 1.1817E-01 1.4067E+00 5.6464E-022367200206315 
 1.3311E-01 1.3304E-01 1.7207E+03 1.3308E-01 4.5886E-01 1.9513E-022367200206316 
 3.9472E+00 2.1547E-01 1.2909E+00 1.1600E-01 1.3889E+00 5.7185E-022367200206317 
 1.3304E-01 1.3296E-01 1.7212E+03 1.3300E-01 4.6650E-01 1.9708E-022367200206318 
 3.8635E+00 2.1406E-01 1.3127E+00 1.1408E-01 1.3920E+00 5.7058E-022367200206319 
 1.3296E-01 1.3289E-01 1.7217E+03 1.3293E-01 4.6870E-01 2.0310E-022367200206320 
 3.8396E+00 2.1956E-01 1.2628E+00 1.1859E-01 1.3298E+00 5.9728E-022367200206321 
 1.3289E-01 1.3281E-01 1.7221E+03 1.3285E-01 4.8376E-01 2.1282E-022367200206322 
 3.6794E+00 2.2291E-01 1.2497E+00 1.1983E-01 1.2766E+00 6.2215E-022367200206323 
 1.3281E-01 1.3274E-01 1.7226E+03 1.3277E-01 4.9361E-01 2.2224E-022367200206324 
 3.5773E+00 2.2813E-01 1.2132E+00 1.2343E-01 1.2138E+00 6.5435E-022367200206325 
 1.3274E-01 1.3266E-01 1.7231E+03 1.3270E-01 4.5659E-01 2.0738E-022367200206326 
 3.9723E+00 2.3013E-01 1.1603E+00 1.2906E-01 1.2448E+00 6.3806E-022367200206327 
 1.3266E-01 1.3259E-01 1.7236E+03 1.3262E-01 4.8444E-01 2.1230E-022367200206328 
 3.6723E+00 2.2205E-01 1.2566E+00 1.1917E-01 1.2824E+00 6.1936E-022367200206329 
 1.3259E-01 1.3251E-01 1.7241E+03 1.3255E-01 4.4897E-01 2.0276E-022367200206330 
 4.0575E+00 2.2882E-01 1.1644E+00 1.2861E-01 1.2693E+00 6.2573E-022367200206331 
 1.3251E-01 1.3244E-01 1.7246E+03 1.3247E-01 4.7936E-01 2.1873E-022367200206332 
 3.7257E+00 2.3120E-01 1.1731E+00 1.2765E-01 1.2035E+00 6.5998E-022367200206333 
 1.3244E-01 1.3236E-01 1.7251E+03 1.3240E-01 4.6377E-01 2.1540E-022367200206334 
 3.8932E+00 2.3533E-01 1.1273E+00 1.3283E-01 1.1893E+00 6.6783E-022367200206335 
 1.3236E-01 1.3229E-01 1.7256E+03 1.3232E-01 5.1049E-01 2.4599E-022367200206336 
 3.4069E+00 2.4416E-01 1.1066E+00 1.3532E-01 1.0663E+00 7.4484E-022367200206337 
 1.3229E-01 1.3221E-01 1.7261E+03 1.3225E-01 5.0205E-01 2.4551E-022367200206338 
 3.4914E+00 2.4778E-01 1.0734E+00 1.3951E-01 1.0481E+00 7.5781E-022367200206339 
 1.3221E-01 1.3214E-01 1.7265E+03 1.3217E-01 4.9409E-01 2.3381E-022367200206340 
 3.5723E+00 2.3977E-01 1.1213E+00 1.3354E-01 1.1148E+00 7.1246E-022367200206341 
 1.3214E-01 1.3206E-01 1.7270E+03 1.3210E-01 4.7000E-01 2.2459E-022367200206342 
 3.8256E+00 2.4212E-01 1.0839E+00 1.3815E-01 1.1260E+00 7.0540E-022367200206343 
 1.3206E-01 1.3199E-01 1.7275E+03 1.3203E-01 4.4469E-01 2.1822E-022367200206344 
 4.1061E+00 2.4864E-01 1.0225E+00 1.4646E-01 1.1128E+00 7.1377E-022367200206345 
 1.3199E-01 1.3191E-01 1.7280E+03 1.3195E-01 4.9640E-01 2.3426E-022367200206346 
 3.5487E+00 2.3912E-01 1.1281E+00 1.3275E-01 1.1171E+00 7.1098E-022367200206347 
 1.3191E-01 1.3184E-01 1.7285E+03 1.3188E-01 4.9538E-01 2.2723E-022367200206348 
 3.5591E+00 2.3241E-01 1.1787E+00 1.2704E-01 1.1731E+00 6.7705E-022367200206349 
 1.3184E-01 1.3176E-01 1.7290E+03 1.3180E-01 5.0281E-01 2.2644E-022367200206350 
 3.4837E+00 2.2819E-01 1.2216E+00 1.2258E-01 1.2019E+00 6.6083E-022367200206351 
 1.3176E-01 1.3169E-01 1.7295E+03 1.3173E-01 4.4688E-01 2.1034E-022367200206352 
 4.0812E+00 2.3849E-01 1.0909E+00 1.3727E-01 1.1883E+00 6.6840E-022367200206353 
 1.3169E-01 1.3162E-01 1.7300E+03 1.3165E-01 4.6960E-01 2.1398E-022367200206354 
 3.8300E+00 2.3088E-01 1.1675E+00 1.2826E-01 1.2206E+00 6.5070E-022367200206355 
 1.3162E-01 1.3154E-01 1.7305E+03 1.3158E-01 4.1981E-01 2.0232E-022367200206356 
 4.3978E+00 2.4420E-01 1.0292E+00 1.4550E-01 1.1825E+00 6.7169E-022367200206357 
 1.3154E-01 1.3147E-01 1.7309E+03 1.3150E-01 4.2201E-01 2.0366E-022367200206358 
 4.3714E+00 2.4452E-01 1.0297E+00 1.4543E-01 1.1774E+00 6.7461E-022367200206359 
 1.3147E-01 1.3139E-01 1.7314E+03 1.3143E-01 4.7823E-01 2.2556E-022367200206360 
 3.7376E+00 2.3898E-01 1.1147E+00 1.3434E-01 1.1419E+00 6.9558E-022367200206361 
 1.3139E-01 1.3132E-01 1.7319E+03 1.3136E-01 4.6844E-01 2.1921E-022367200206362 
 3.8424E+00 2.3711E-01 1.1183E+00 1.3391E-01 1.1680E+00 6.7999E-022367200206363 
 1.3132E-01 1.3125E-01 1.7324E+03 1.3128E-01 4.5502E-01 2.0908E-022367200206364 
 3.9898E+00 2.3282E-01 1.1377E+00 1.3162E-01 1.2227E+00 6.4961E-022367200206365 
 1.3125E-01 1.3117E-01 1.7329E+03 1.3121E-01 4.9211E-01 2.2363E-022367200206366 
 3.5927E+00 2.3026E-01 1.1921E+00 1.2561E-01 1.1947E+00 6.6480E-022367200206367 
 1.3117E-01 1.3110E-01 1.7334E+03 1.3113E-01 4.2239E-01 2.0404E-022367200206368 
 4.3668E+00 2.4476E-01 1.0272E+00 1.4578E-01 1.1733E+00 6.7696E-022367200206369 
 1.3110E-01 1.3102E-01 1.7339E+03 1.3106E-01 4.3345E-01 2.0606E-022367200206370 
 4.2358E+00 2.4087E-01 1.0619E+00 1.4102E-01 1.1875E+00 6.6886E-022367200206371 
 1.3102E-01 1.3095E-01 1.7344E+03 1.3099E-01 4.5467E-01 2.2129E-022367200206372 
 3.9936E+00 2.4661E-01 1.0414E+00 1.4380E-01 1.1120E+00 7.1426E-022367200206373 
 1.3095E-01 1.3088E-01 1.7348E+03 1.3091E-01 4.2987E-01 2.0772E-022367200206374 
 4.2779E+00 2.4485E-01 1.0318E+00 1.4513E-01 1.1598E+00 6.8482E-022367200206375 
 1.3088E-01 1.3080E-01 1.7353E+03 1.3084E-01 4.7792E-01 2.4483E-022367200206376 
 3.7409E+00 2.5957E-01 9.8366E-01 1.5224E-01 9.9816E-01 7.9573E-022367200206377 
 1.3080E-01 1.3073E-01 1.7358E+03 1.3077E-01 4.4583E-01 2.3734E-022367200206378 
 4.0932E+00 2.6974E-01 9.0591E-01 1.6530E-01 9.7247E-01 8.1675E-022367200206379 
 1.3073E-01 1.3066E-01 1.7363E+03 1.3069E-01 5.3421E-01 2.7442E-022367200206380 
 3.1767E+00 2.6029E-01 1.0230E+00 1.4638E-01 9.4012E-01 8.4485E-022367200206381 
 1.3066E-01 1.3058E-01 1.7368E+03 1.3062E-01 4.9377E-01 2.6961E-022367200206382 
 3.5756E+00 2.7667E-01 9.0578E-01 1.6533E-01 8.8563E-01 8.9683E-022367200206383 
 1.3058E-01 1.3051E-01 1.7373E+03 1.3055E-01 4.1448E-01 2.4274E-022367200206384 
 4.4626E+00 2.9674E-01 7.7413E-01 1.9344E-01 8.7261E-01 9.1022E-022367200206385 
 1.3051E-01 1.3044E-01 1.7378E+03 1.3047E-01 4.5563E-01 2.6787E-022367200206386 
 3.9829E+00 2.9789E-01 7.9310E-01 1.8882E-01 8.2289E-01 9.6521E-022367200206387 
 1.3044E-01 1.3036E-01 1.7383E+03 1.3040E-01 4.8243E-01 2.9858E-022367200206388 
 3.6933E+00 3.1360E-01 7.5454E-01 1.9846E-01 7.3951E-01 1.0740E-012367200206389 
 1.3036E-01 1.3029E-01 1.7388E+03 1.3033E-01 4.6747E-01 2.8771E-022367200206390 
 3.8529E+00 3.1184E-01 7.5211E-01 1.9911E-01 7.5789E-01 1.0480E-012367200206391 
 1.3029E-01 1.3022E-01 1.7392E+03 1.3025E-01 4.2862E-01 2.8699E-022367200206392 
 4.2925E+00 3.3926E-01 6.5577E-01 2.2835E-01 7.0104E-01 1.1330E-012367200206393 
 1.3022E-01 1.3014E-01 1.7397E+03 1.3018E-01 4.5547E-01 3.1039E-022367200206394 
 3.9847E+00 3.4530E-01 6.5269E-01 2.2943E-01 6.6084E-01 1.2019E-012367200206395 
 1.3014E-01 1.3007E-01 1.7402E+03 1.3011E-01 5.2826E-01 3.3184E-022367200206396 
 3.2335E+00 3.1828E-01 7.6278E-01 1.9632E-01 6.9045E-01 1.1503E-012367200206397 
 1.3007E-01 1.3000E-01 1.7407E+03 1.3003E-01 4.7498E-01 3.0838E-022367200206398 
 3.7722E+00 3.2897E-01 7.0491E-01 2.1244E-01 6.9485E-01 1.1431E-012367200206399 
 1.3000E-01 1.2992E-01 1.7412E+03 1.2996E-01 5.0998E-01 3.3265E-022367200206400 
 3.4119E+00 3.3051E-01 7.1642E-01 2.0902E-01 6.6449E-01 1.1953E-012367200206401 
 1.2992E-01 1.2985E-01 1.7417E+03 1.2989E-01 4.8447E-01 3.0024E-022367200206402 
 3.6720E+00 3.1401E-01 7.5479E-01 1.9840E-01 7.3701E-01 1.0777E-012367200206403 
 1.2985E-01 1.2978E-01 1.7422E+03 1.2981E-01 4.4688E-01 2.6059E-022367200206404 
 4.0813E+00 2.9547E-01 7.9649E-01 1.8801E-01 8.4145E-01 9.4392E-022367200206405 
 1.2978E-01 1.2971E-01 1.7427E+03 1.2974E-01 4.4269E-01 2.4479E-022367200206406 
 4.1289E+00 2.8018E-01 8.5721E-01 1.7469E-01 9.2088E-01 8.6250E-022367200206407 
 1.2971E-01 1.2963E-01 1.7431E+03 1.2967E-01 4.0918E-01 2.1645E-022367200206408 
 4.5278E+00 2.6803E-01 8.9005E-01 1.6825E-01 1.0321E+00 7.6959E-022367200206409 
 1.2963E-01 1.2956E-01 1.7436E+03 1.2960E-01 4.7505E-01 2.3752E-022367200206410 
 3.7715E+00 2.5334E-01 1.0165E+00 1.4732E-01 1.0401E+00 7.6363E-022367200206411 
 1.2956E-01 1.2949E-01 1.7441E+03 1.2952E-01 4.8585E-01 2.2272E-022367200206412 
 3.6576E+00 2.3228E-01 1.1709E+00 1.2789E-01 1.1861E+00 6.6965E-022367200206413 
 1.2949E-01 1.2942E-01 1.7446E+03 1.2945E-01 4.8123E-01 2.1741E-022367200206414 
 3.7060E+00 2.2891E-01 1.1948E+00 1.2533E-01 1.2229E+00 6.4949E-022367200206415 
 1.2942E-01 1.2934E-01 1.7451E+03 1.2938E-01 4.8871E-01 2.1394E-022367200206416 
 3.6278E+00 2.2181E-01 1.2613E+00 1.1872E-01 1.2770E+00 6.2196E-022367200206417 
 1.2934E-01 1.2927E-01 1.7456E+03 1.2931E-01 4.5387E-01 1.9520E-022367200206418 
 4.0026E+00 2.1792E-01 1.2624E+00 1.1862E-01 1.3702E+00 5.7965E-022367200206419 
 1.2927E-01 1.2920E-01 1.7461E+03 1.2923E-01 4.7309E-01 2.0032E-022367200206420 
 3.7924E+00 2.1455E-01 1.3153E+00 1.1385E-01 1.3766E+00 5.7696E-022367200206421 
 1.2920E-01 1.2913E-01 1.7466E+03 1.2916E-01 4.2472E-01 1.7562E-022367200206422 
 4.3390E+00 2.0952E-01 1.3120E+00 1.1414E-01 1.5203E+00 5.2245E-022367200206423 
 1.2913E-01 1.2905E-01 1.7471E+03 1.2909E-01 4.9803E-01 1.9876E-022367200206424 
 3.5321E+00 2.0221E-01 1.4769E+00 1.0140E-01 1.4825E+00 5.3576E-022367200206425 
 1.2905E-01 1.2898E-01 1.7475E+03 1.2902E-01 4.5094E-01 1.7439E-022367200206426 
 4.0354E+00 1.9595E-01 1.4943E+00 1.0021E-01 1.6494E+00 4.8154E-022367200206427 
 1.2898E-01 1.2891E-01 1.7480E+03 1.2895E-01 4.4887E-01 1.6994E-022367200206428 
 4.0587E+00 1.9183E-01 1.5447E+00 9.6947E-02 1.7157E+00 4.6295E-022367200206429 
 1.2891E-01 1.2884E-01 1.7485E+03 1.2887E-01 4.5573E-01 1.7333E-022367200206430 
 3.9818E+00 1.9272E-01 1.5429E+00 9.7056E-02 1.6890E+00 4.7024E-022367200206431 
 1.2884E-01 1.2877E-01 1.7490E+03 1.2880E-01 4.2152E-01 1.6624E-022367200206432 
 4.3772E+00 1.9982E-01 1.4121E+00 1.0604E-01 1.6563E+00 4.7954E-022367200206433 
 1.2877E-01 1.2869E-01 1.7495E+03 1.2873E-01 4.4810E-01 1.7140E-022367200206434 
 4.0674E+00 1.9381E-01 1.5187E+00 9.8601E-02 1.6880E+00 4.7052E-022367200206435 
 1.2869E-01 1.2862E-01 1.7500E+03 1.2866E-01 4.5674E-01 1.8920E-022367200206436 
 3.9706E+00 2.0989E-01 1.3430E+00 1.1150E-01 1.4550E+00 5.4589E-022367200206437 
 1.2862E-01 1.2855E-01 1.7505E+03 1.2859E-01 4.6189E-01 2.0197E-022367200206438 
 3.9138E+00 2.2156E-01 1.2366E+00 1.2110E-01 1.3184E+00 6.0243E-022367200206439 
 1.2855E-01 1.2848E-01 1.7510E+03 1.2851E-01 5.1722E-01 2.2491E-022367200206440 
 3.3405E+00 2.2033E-01 1.3060E+00 1.1466E-01 1.2565E+00 6.3212E-022367200206441 
 1.2848E-01 1.2841E-01 1.7514E+03 1.2844E-01 4.6881E-01 2.0949E-022367200206442 
 3.8384E+00 2.2642E-01 1.2022E+00 1.2456E-01 1.2615E+00 6.2963E-022367200206443 
 1.2841E-01 1.2834E-01 1.7519E+03 1.2837E-01 4.7382E-01 2.1900E-022367200206444 
 3.7845E+00 2.3419E-01 1.1451E+00 1.3078E-01 1.1855E+00 6.7001E-022367200206445 
 1.2834E-01 1.2826E-01 1.7524E+03 1.2830E-01 4.6470E-01 2.2830E-022367200206446 
 3.8831E+00 2.4893E-01 1.0364E+00 1.4449E-01 1.0841E+00 7.3267E-022367200206447 
 1.2826E-01 1.2819E-01 1.7529E+03 1.2823E-01 4.4865E-01 2.2863E-022367200206448 
 4.0612E+00 2.5821E-01 9.6831E-01 1.5465E-01 1.0401E+00 7.6365E-022367200206449 
 1.2819E-01 1.2812E-01 1.7534E+03 1.2816E-01 4.6367E-01 2.4250E-022367200206450 
 3.8943E+00 2.6499E-01 9.4365E-01 1.5869E-01 9.8096E-01 8.0968E-022367200206451 
 1.2812E-01 1.2805E-01 1.7539E+03 1.2809E-01 4.4936E-01 2.4749E-022367200206452 
 4.0531E+00 2.7906E-01 8.6564E-01 1.7299E-01 9.1825E-01 8.6497E-022367200206453 
 1.2805E-01 1.2798E-01 1.7544E+03 1.2801E-01 5.3682E-01 3.0427E-022367200206454 
 3.1520E+00 2.8719E-01 8.8715E-01 1.6880E-01 8.0270E-01 9.8949E-022367200206455 
 1.2798E-01 1.2791E-01 1.7549E+03 1.2794E-01 4.5318E-01 2.6879E-022367200206456 
 4.0103E+00 3.0052E-01 7.8175E-01 1.9156E-01 8.1372E-01 9.7608E-022367200206457 
 1.2791E-01 1.2784E-01 1.7554E+03 1.2787E-01 4.7418E-01 2.8015E-022367200206458 
 3.7808E+00 2.9936E-01 7.9826E-01 1.8760E-01 7.9954E-01 9.9340E-022367200206459 
 1.2784E-01 1.2776E-01 1.7558E+03 1.2780E-01 4.4175E-01 2.7188E-022367200206460 
 4.1397E+00 3.1185E-01 7.3718E-01 2.0314E-01 7.7961E-01 1.0188E-012367200206461 
 1.2776E-01 1.2769E-01 1.7563E+03 1.2773E-01 4.7584E-01 2.8819E-022367200206462 
 3.7631E+00 3.0688E-01 7.7350E-01 1.9360E-01 7.6963E-01 1.0320E-012367200206463 
 1.2769E-01 1.2762E-01 1.7568E+03 1.2766E-01 5.1302E-01 2.9660E-022367200206464 
 3.3818E+00 2.9293E-01 8.4668E-01 1.7687E-01 7.9471E-01 9.9943E-022367200206465 
 1.2762E-01 1.2755E-01 1.7573E+03 1.2759E-01 4.4391E-01 2.3661E-022367200206466 
 4.1150E+00 2.7007E-01 9.0405E-01 1.6564E-01 9.7413E-01 8.1536E-022367200206467 
 1.2755E-01 1.2748E-01 1.7578E+03 1.2752E-01 4.5236E-01 2.4168E-022367200206468 
 4.0195E+00 2.7071E-01 9.0613E-01 1.6526E-01 9.5985E-01 8.2749E-022367200206469 
 1.2748E-01 1.2741E-01 1.7583E+03 1.2745E-01 4.7030E-01 2.1760E-022367200206470 
 3.8223E+00 2.3443E-01 1.1405E+00 1.3130E-01 1.1886E+00 6.6822E-022367200206471 
 1.2741E-01 1.2734E-01 1.7588E+03 1.2738E-01 4.1180E-01 1.9236E-022367200206472 
 4.4954E+00 2.3668E-01 1.0718E+00 1.3972E-01 1.2584E+00 6.3119E-022367200206473 
 1.2734E-01 1.2727E-01 1.7593E+03 1.2730E-01 4.5717E-01 2.0201E-022367200206474 
 3.9658E+00 2.2389E-01 1.2119E+00 1.2356E-01 1.3028E+00 6.0967E-022367200206475 
 1.2727E-01 1.2720E-01 1.7597E+03 1.2723E-01 4.4400E-01 1.8749E-022367200206476 
 4.1140E+00 2.1396E-01 1.2909E+00 1.1601E-01 1.4327E+00 5.5439E-022367200206477 
 1.2720E-01 1.2713E-01 1.7602E+03 1.2716E-01 4.3630E-01 1.8057E-022367200206478 
 4.2027E+00 2.0970E-01 1.3227E+00 1.1321E-01 1.4950E+00 5.3128E-022367200206479 
 1.2713E-01 1.2706E-01 1.7607E+03 1.2709E-01 4.5601E-01 1.8458E-022367200206480 
 3.9787E+00 2.0509E-01 1.3946E+00 1.0738E-01 1.5168E+00 5.2365E-022367200206481 
 1.2706E-01 1.2699E-01 1.7612E+03 1.2702E-01 4.2399E-01 1.6610E-022367200206482 
 4.3476E+00 1.9850E-01 1.4279E+00 1.0488E-01 1.6667E+00 4.7655E-022367200206483 
 1.2699E-01 1.2692E-01 1.7617E+03 1.2695E-01 4.5372E-01 1.7593E-022367200206484 
 4.0042E+00 1.9646E-01 1.4922E+00 1.0035E-01 1.6374E+00 4.8509E-022367200206485 
 1.2692E-01 1.2685E-01 1.7622E+03 1.2688E-01 4.6431E-01 1.7214E-022367200206486 
 3.8873E+00 1.8785E-01 1.6207E+00 9.2400E-02 1.7475E+00 4.5452E-022367200206487 
 1.2685E-01 1.2678E-01 1.7627E+03 1.2681E-01 4.8313E-01 1.7443E-022367200206488 
 3.6860E+00 1.8294E-01 1.7246E+00 8.6831E-02 1.7958E+00 4.4230E-022367200206489 
 1.2678E-01 1.2671E-01 1.7632E+03 1.2674E-01 4.9054E-01 1.7607E-022367200206490 
 3.6089E+00 1.8187E-01 1.7530E+00 8.5426E-02 1.8003E+00 4.4118E-022367200206491 
 1.2671E-01 1.2664E-01 1.7637E+03 1.2667E-01 4.5697E-01 1.6188E-022367200206492 
 3.9681E+00 1.7950E-01 1.7389E+00 8.6116E-02 1.9105E+00 4.1573E-022367200206493 
 1.2664E-01 1.2657E-01 1.7641E+03 1.2660E-01 4.4152E-01 1.5910E-022367200206494 
 4.1423E+00 1.8258E-01 1.6666E+00 8.9854E-02 1.8883E+00 4.2061E-022367200206495 
 1.2657E-01 1.2650E-01 1.7646E+03 1.2653E-01 4.7573E-01 1.7169E-022367200206496 
 3.7643E+00 1.8287E-01 1.7117E+00 8.7484E-02 1.8082E+00 4.3925E-022367200206497 
 1.2650E-01 1.2643E-01 1.7651E+03 1.2646E-01 4.7439E-01 1.7676E-022367200206498 
 3.7785E+00 1.8880E-01 1.6216E+00 9.2349E-02 1.7130E+00 4.6366E-022367200206499 
 1.2643E-01 1.2636E-01 1.7656E+03 1.2639E-01 4.4536E-01 1.7016E-022367200206500 
 4.0985E+00 1.9359E-01 1.5180E+00 9.8647E-02 1.6971E+00 4.6801E-022367200206501 
 1.2636E-01 1.2629E-01 1.7661E+03 1.2632E-01 4.6023E-01 1.7601E-022367200206502 
 3.9321E+00 1.9378E-01 1.5358E+00 9.7505E-02 1.6652E+00 4.7698E-022367200206503 
 1.2629E-01 1.2622E-01 1.7666E+03 1.2625E-01 4.3855E-01 1.7546E-022367200206504 
 4.1765E+00 2.0272E-01 1.4006E+00 1.0692E-01 1.5812E+00 5.0231E-022367200206505 
 1.2622E-01 1.2615E-01 1.7671E+03 1.2618E-01 4.2707E-01 1.7221E-022367200206506 
 4.3109E+00 2.0431E-01 1.3686E+00 1.0942E-01 1.5822E+00 5.0200E-022367200206507 
 1.2615E-01 1.2608E-01 1.7676E+03 1.2611E-01 4.6890E-01 1.8834E-022367200206508 
 3.8374E+00 2.0352E-01 1.4273E+00 1.0492E-01 1.5140E+00 5.2461E-022367200206509 
 1.2608E-01 1.2601E-01 1.7680E+03 1.2604E-01 4.6375E-01 2.0092E-022367200206510 
 3.8935E+00 2.1953E-01 1.2580E+00 1.1903E-01 1.3378E+00 5.9372E-022367200206511 
 1.2601E-01 1.2594E-01 1.7685E+03 1.2597E-01 4.3876E-01 1.8832E-022367200206512 
 4.1742E+00 2.1748E-01 1.2495E+00 1.1985E-01 1.3992E+00 5.6766E-022367200206513 
 1.2594E-01 1.2587E-01 1.7690E+03 1.2590E-01 4.4893E-01 1.9926E-022367200206514 
 4.0580E+00 2.2490E-01 1.1954E+00 1.2527E-01 1.3059E+00 6.0821E-022367200206515 
 1.2587E-01 1.2580E-01 1.7695E+03 1.2583E-01 4.7068E-01 2.0760E-022367200206516 
 3.8182E+00 2.2348E-01 1.2301E+00 1.2173E-01 1.2880E+00 6.1666E-022367200206517 
 1.2580E-01 1.2573E-01 1.7700E+03 1.2576E-01 4.4923E-01 1.9940E-022367200206518 
 4.0547E+00 2.2491E-01 1.1969E+00 1.2512E-01 1.3068E+00 6.0781E-022367200206519 
 1.2573E-01 1.2566E-01 1.7705E+03 1.2569E-01 4.7518E-01 2.1652E-022367200206520 
 3.7700E+00 2.3088E-01 1.1721E+00 1.2776E-01 1.2123E+00 6.5519E-022367200206521 
 1.2566E-01 1.2559E-01 1.7710E+03 1.2563E-01 4.2764E-01 1.9307E-022367200206522 
 4.3042E+00 2.2875E-01 1.1432E+00 1.3099E-01 1.3027E+00 6.0973E-022367200206523 
 1.2559E-01 1.2552E-01 1.7715E+03 1.2556E-01 4.4457E-01 2.0351E-022367200206524 
 4.1075E+00 2.3195E-01 1.1339E+00 1.3206E-01 1.2451E+00 6.3793E-022367200206525 
 1.2552E-01 1.2545E-01 1.7720E+03 1.2549E-01 4.3260E-01 2.0582E-022367200206526 
 4.2457E+00 2.4107E-01 1.0605E+00 1.4121E-01 1.1879E+00 6.6862E-022367200206527 
 1.2545E-01 1.2538E-01 1.7724E+03 1.2542E-01 4.6429E-01 2.3194E-022367200206528 
 3.8876E+00 2.5313E-01 1.0110E+00 1.4812E-01 1.0562E+00 7.5203E-022367200206529 
 1.2538E-01 1.2531E-01 1.7729E+03 1.2535E-01 4.6544E-01 2.4544E-022367200206530 
 3.8750E+00 2.6719E-01 9.3227E-01 1.6063E-01 9.6466E-01 8.2336E-022367200206531 
 1.2531E-01 1.2524E-01 1.7734E+03 1.2528E-01 4.4875E-01 2.4185E-022367200206532 
 4.0601E+00 2.7307E-01 8.9248E-01 1.6779E-01 9.5091E-01 8.3527E-022367200206533 
 1.2524E-01 1.2518E-01 1.7739E+03 1.2521E-01 4.6556E-01 2.5464E-022367200206534 
 3.8737E+00 2.7713E-01 8.8474E-01 1.6926E-01 9.1067E-01 8.7217E-022367200206535 
 1.2518E-01 1.2511E-01 1.7744E+03 1.2514E-01 4.4007E-01 2.3541E-022367200206536 
 4.1590E+00 2.7105E-01 8.9666E-01 1.6701E-01 9.7310E-01 8.1622E-022367200206537 
 1.2511E-01 1.2504E-01 1.7749E+03 1.2507E-01 4.5442E-01 2.4501E-022367200206538 
 3.9964E+00 2.7319E-01 8.9505E-01 1.6731E-01 9.4301E-01 8.4226E-022367200206539 
 1.2504E-01 1.2497E-01 1.7754E+03 1.2500E-01 4.9121E-01 2.7498E-022367200206540 
 3.6020E+00 2.8365E-01 8.7163E-01 1.7180E-01 8.5322E-01 9.3090E-022367200206541 
 1.2497E-01 1.2490E-01 1.7759E+03 1.2494E-01 4.8704E-01 2.9621E-022367200206542 
 3.6452E+00 3.0815E-01 7.7409E-01 1.9345E-01 7.5440E-01 1.0528E-012367200206543 
 1.2490E-01 1.2483E-01 1.7763E+03 1.2487E-01 4.5262E-01 3.0043E-022367200206544 
 4.0165E+00 3.3632E-01 6.7236E-01 2.2272E-01 6.8738E-01 1.1555E-012367200206545 
 1.2483E-01 1.2476E-01 1.7768E+03 1.2480E-01 4.6872E-01 3.3430E-022367200206546 
 3.8395E+00 3.6139E-01 6.2163E-01 2.4090E-01 6.0952E-01 1.3031E-012367200206547 
 1.2476E-01 1.2470E-01 1.7773E+03 1.2473E-01 4.6957E-01 3.5645E-022367200206548 
 3.8302E+00 3.8463E-01 5.7597E-01 2.5999E-01 5.5736E-01 1.4251E-012367200206549 
 1.2470E-01 1.2463E-01 1.7778E+03 1.2466E-01 4.6346E-01 3.3513E-022367200206550 
 3.8966E+00 3.6638E-01 6.0857E-01 2.4607E-01 6.0068E-01 1.3223E-012367200206551 
 1.2463E-01 1.2456E-01 1.7783E+03 1.2459E-01 4.9185E-01 3.4646E-022367200206552 
 3.5953E+00 3.5691E-01 6.4083E-01 2.3368E-01 6.0513E-01 1.3125E-012367200206553 
 1.2456E-01 1.2449E-01 1.7788E+03 1.2452E-01 5.0636E-01 3.0600E-022367200206554 
 3.4481E+00 3.0620E-01 7.9238E-01 1.8899E-01 7.4766E-01 1.0623E-012367200206555 
 1.2449E-01 1.2442E-01 1.7793E+03 1.2446E-01 4.4567E-01 2.5889E-022367200206556 
 4.0950E+00 2.9434E-01 8.0119E-01 1.8691E-01 8.4908E-01 9.3544E-022367200206557 
 1.2442E-01 1.2435E-01 1.7798E+03 1.2439E-01 4.3410E-01 2.2960E-022367200206558 
 4.2282E+00 2.6799E-01 9.0600E-01 1.6529E-01 9.9670E-01 7.9689E-022367200206559 
 1.2435E-01 1.2428E-01 1.7803E+03 1.2432E-01 4.2139E-01 1.9911E-022367200206560 
 4.3788E+00 2.3941E-01 1.0603E+00 1.4123E-01 1.2172E+00 6.5252E-022367200206561 
 1.2428E-01 1.2422E-01 1.7807E+03 1.2425E-01 4.4104E-01 1.8838E-022367200206562 
 4.1479E+00 2.1642E-01 1.2622E+00 1.1864E-01 1.4075E+00 5.6430E-022367200206563 
 1.2422E-01 1.2415E-01 1.7812E+03 1.2418E-01 4.3980E-01 1.7591E-022367200206564 
 4.1621E+00 2.0266E-01 1.4013E+00 1.0686E-01 1.5778E+00 5.0339E-022367200206565 
 1.2415E-01 1.2408E-01 1.7817E+03 1.2411E-01 4.4324E-01 1.6619E-022367200206566 
 4.1227E+00 1.8998E-01 1.5645E+00 9.5715E-02 1.7601E+00 4.5126E-022367200206567 
 1.2408E-01 1.2401E-01 1.7822E+03 1.2405E-01 4.7084E-01 1.6207E-022367200206568 
 3.8166E+00 1.7441E-01 1.8507E+00 8.0914E-02 1.9816E+00 4.0082E-022367200206569 
 1.2401E-01 1.2394E-01 1.7827E+03 1.2398E-01 4.6793E-01 1.5783E-022367200206570 
 3.8480E+00 1.7090E-01 1.9088E+00 7.8450E-02 2.0588E+00 3.8578E-022367200206571 
 1.2394E-01 1.2388E-01 1.7832E+03 1.2391E-01 4.2793E-01 1.4775E-022367200206572 
 4.3008E+00 1.7495E-01 1.7716E+00 8.4529E-02 2.0750E+00 3.8279E-022367200206573 
 1.2388E-01 1.2381E-01 1.7837E+03 1.2384E-01 4.4376E-01 1.5727E-022367200206574 
 4.1167E+00 1.7957E-01 1.7188E+00 8.7126E-02 1.9411E+00 4.0918E-022367200206575 
 1.2381E-01 1.2374E-01 1.7842E+03 1.2378E-01 4.5773E-01 1.6615E-022367200206576 
 3.9596E+00 1.8392E-01 1.6720E+00 8.9560E-02 1.8305E+00 4.3389E-022367200206577 
 1.2374E-01 1.2367E-01 1.7846E+03 1.2371E-01 4.7099E-01 1.7721E-022367200206578 
 3.8150E+00 1.9064E-01 1.5927E+00 9.4022E-02 1.6926E+00 4.6926E-022367200206579 
 1.2367E-01 1.2361E-01 1.7851E+03 1.2364E-01 4.5940E-01 1.7960E-022367200206580 
 3.9412E+00 1.9808E-01 1.4798E+00 1.0120E-01 1.6039E+00 4.9522E-022367200206581 
 1.2361E-01 1.2354E-01 1.7856E+03 1.2357E-01 4.7486E-01 1.9205E-022367200206582 
 3.7735E+00 2.0492E-01 1.4204E+00 1.0543E-01 1.4884E+00 5.3365E-022367200206583 
 1.2354E-01 1.2347E-01 1.7861E+03 1.2350E-01 4.5771E-01 1.8370E-022367200206584 
 3.9599E+00 2.0336E-01 1.4151E+00 1.0582E-01 1.5351E+00 5.1742E-022367200206585 
 1.2347E-01 1.2340E-01 1.7866E+03 1.2344E-01 4.4393E-01 1.8217E-022367200206586 
 4.1148E+00 2.0793E-01 1.3484E+00 1.1106E-01 1.5011E+00 5.2911E-022367200206587 
 1.2340E-01 1.2334E-01 1.7871E+03 1.2337E-01 4.6169E-01 1.9224E-022367200206588 
 3.9160E+00 2.1097E-01 1.3378E+00 1.1194E-01 1.4343E+00 5.5376E-022367200206589 
 1.2334E-01 1.2327E-01 1.7876E+03 1.2330E-01 4.3074E-01 1.8668E-022367200206590 
 4.2676E+00 2.1959E-01 1.2217E+00 1.2257E-01 1.3898E+00 5.7151E-022367200206591 
 1.2327E-01 1.2320E-01 1.7881E+03 1.2324E-01 4.8861E-01 2.1399E-022367200206592 
 3.6288E+00 2.2191E-01 1.2633E+00 1.1854E-01 1.2794E+00 6.2082E-022367200206593 
 1.2320E-01 1.2313E-01 1.7886E+03 1.2317E-01 4.5289E-01 2.0562E-022367200206594 
 4.0135E+00 2.3004E-01 1.1590E+00 1.2920E-01 1.2528E+00 6.3398E-022367200206595 
 1.2313E-01 1.2307E-01 1.7890E+03 1.2310E-01 4.8005E-01 2.2536E-022367200206596 
 3.7184E+00 2.3786E-01 1.1247E+00 1.3314E-01 1.1488E+00 6.9139E-022367200206597 
 1.2307E-01 1.2300E-01 1.7895E+03 1.2303E-01 4.0531E-01 1.9015E-022367200206598 
 4.5760E+00 2.3772E-01 1.0581E+00 1.4153E-01 1.2594E+00 6.3065E-022367200206599 
 1.2300E-01 1.2293E-01 1.7900E+03 1.2297E-01 4.6713E-01 2.2107E-022367200206600 
 3.8566E+00 2.3979E-01 1.0993E+00 1.3622E-01 1.1498E+00 6.9081E-022367200206601 
 1.2293E-01 1.2287E-01 1.7905E+03 1.2290E-01 4.7895E-01 2.3897E-022367200206602 
 3.7301E+00 2.5281E-01 1.0253E+00 1.4606E-01 1.0419E+00 7.6229E-022367200206603 
 1.2287E-01 1.2280E-01 1.7910E+03 1.2283E-01 4.4691E-01 2.2289E-022367200206604 
 4.0809E+00 2.5270E-01 9.9780E-01 1.5008E-01 1.0786E+00 7.3640E-022367200206605 
 1.2280E-01 1.2273E-01 1.7915E+03 1.2277E-01 4.6086E-01 2.4308E-022367200206606 
 3.9251E+00 2.6725E-01 9.2935E-01 1.6113E-01 9.7012E-01 8.1873E-022367200206607 
 1.2273E-01 1.2266E-01 1.7920E+03 1.2270E-01 4.6946E-01 2.3536E-022367200206608 
 3.8315E+00 2.5403E-01 1.0082E+00 1.4853E-01 1.0423E+00 7.6204E-022367200206609 
 1.2266E-01 1.2260E-01 1.7925E+03 1.2263E-01 4.7866E-01 2.4122E-022367200206610 
 3.7331E+00 2.5534E-01 1.0080E+00 1.4856E-01 1.0235E+00 7.7603E-022367200206611 
 1.2260E-01 1.2253E-01 1.7930E+03 1.2256E-01 4.3666E-01 2.0613E-022367200206612 
 4.1984E+00 2.3918E-01 1.0772E+00 1.3901E-01 1.1978E+00 6.6310E-022367200206613 
 1.2253E-01 1.2246E-01 1.7934E+03 1.2250E-01 4.4043E-01 2.1536E-022367200206614 
 4.1548E+00 2.4775E-01 1.0241E+00 1.4623E-01 1.1247E+00 7.0622E-022367200206615 
 1.2246E-01 1.2240E-01 1.7939E+03 1.2243E-01 4.3596E-01 2.0304E-022367200206616 
 4.2065E+00 2.3598E-01 1.0981E+00 1.3637E-01 1.2248E+00 6.4846E-022367200206617 
 1.2240E-01 1.2233E-01 1.7944E+03 1.2236E-01 4.5595E-01 2.1682E-022367200206618 
 3.9794E+00 2.4095E-01 1.0800E+00 1.3865E-01 1.1537E+00 6.8844E-022367200206619 
 1.2233E-01 1.2226E-01 1.7949E+03 1.2230E-01 4.9679E-01 2.3719E-022367200206620 
 3.5447E+00 2.4192E-01 1.1075E+00 1.3521E-01 1.0945E+00 7.2567E-022367200206621 
 1.2226E-01 1.2220E-01 1.7954E+03 1.2223E-01 4.4646E-01 2.1509E-022367200206622 
 4.0860E+00 2.4411E-01 1.0504E+00 1.4257E-01 1.1416E+00 6.9576E-022367200206623 
 1.2220E-01 1.2213E-01 1.7959E+03 1.2217E-01 4.4116E-01 2.1385E-022367200206624 
 4.1465E+00 2.4562E-01 1.0372E+00 1.4437E-01 1.1386E+00 6.9755E-022367200206625 
 1.2213E-01 1.2207E-01 1.7964E+03 1.2210E-01 4.5623E-01 2.3001E-022367200206626 
 3.9762E+00 2.5544E-01 9.9052E-01 1.5118E-01 1.0498E+00 7.5662E-022367200206627 
 1.2207E-01 1.2200E-01 1.7969E+03 1.2203E-01 4.8365E-01 2.3195E-022367200206628 
 3.6806E+00 2.4300E-01 1.0898E+00 1.3741E-01 1.1028E+00 7.2021E-022367200206629 
 1.2200E-01 1.2193E-01 1.7973E+03 1.2197E-01 4.7253E-01 2.2723E-022367200206630 
 3.7984E+00 2.4366E-01 1.0770E+00 1.3905E-01 1.1126E+00 7.1387E-022367200206631 
 1.2193E-01 1.2187E-01 1.7978E+03 1.2190E-01 4.7144E-01 2.2350E-022367200206632 
 3.8101E+00 2.4022E-01 1.0990E+00 1.3626E-01 1.1396E+00 6.9698E-022367200206633 
 1.2187E-01 1.2180E-01 1.7983E+03 1.2183E-01 4.6554E-01 2.2004E-022367200206634 
 3.8739E+00 2.3949E-01 1.1014E+00 1.3597E-01 1.1557E+00 6.8725E-022367200206635 
 1.2180E-01 1.2173E-01 1.7988E+03 1.2177E-01 4.6404E-01 2.2670E-022367200206636 
 3.8902E+00 2.4754E-01 1.0451E+00 1.4329E-01 1.0953E+00 7.2514E-022367200206637 
 1.2173E-01 1.2167E-01 1.7993E+03 1.2170E-01 4.8189E-01 2.2880E-022367200206638 
 3.6990E+00 2.4058E-01 1.1053E+00 1.3549E-01 1.1235E+00 7.0697E-022367200206639 
 1.2167E-01 1.2160E-01 1.7998E+03 1.2164E-01 4.3362E-01 2.0263E-022367200206640 
 4.2338E+00 2.3677E-01 1.0883E+00 1.3760E-01 1.2191E+00 6.5152E-022367200206641 
 1.2160E-01 1.2154E-01 1.8003E+03 1.2157E-01 4.5885E-01 2.1211E-022367200206642 
 3.9473E+00 2.3423E-01 1.1331E+00 1.3216E-01 1.2078E+00 6.5758E-022367200206643 
 1.2154E-01 1.2147E-01 1.8008E+03 1.2150E-01 4.3732E-01 2.0769E-022367200206644 
 4.1908E+00 2.4063E-01 1.0669E+00 1.4036E-01 1.1836E+00 6.7104E-022367200206645 
 1.2147E-01 1.2140E-01 1.8013E+03 1.2144E-01 4.5336E-01 2.1880E-022367200206646 
 4.0083E+00 2.4454E-01 1.0538E+00 1.4210E-01 1.1294E+00 7.0324E-022367200206647 
 1.2140E-01 1.2134E-01 1.8017E+03 1.2137E-01 4.6851E-01 2.1655E-022367200206648 
 3.8417E+00 2.3419E-01 1.1412E+00 1.3122E-01 1.1936E+00 6.6542E-022367200206649 
 1.2134E-01 1.2127E-01 1.8022E+03 1.2131E-01 4.8285E-01 2.2663E-022367200206650 
 3.6889E+00 2.3782E-01 1.1266E+00 1.3292E-01 1.1447E+00 6.9386E-022367200206651 
 1.2127E-01 1.2121E-01 1.8027E+03 1.2124E-01 4.0377E-01 1.9315E-022367200206652 
 4.5953E+00 2.4239E-01 1.0273E+00 1.4577E-01 1.2238E+00 6.4902E-022367200206653 
 1.2121E-01 1.2114E-01 1.8032E+03 1.2117E-01 4.4139E-01 2.1060E-022367200206654 
 4.1438E+00 2.4176E-01 1.0632E+00 1.4084E-01 1.1691E+00 6.7937E-022367200206655 
 1.2114E-01 1.2108E-01 1.8037E+03 1.2111E-01 4.5290E-01 2.1772E-022367200206656 
 4.0134E+00 2.4358E-01 1.0593E+00 1.4137E-01 1.1369E+00 6.9865E-022367200206657 
 1.2108E-01 1.2101E-01 1.8042E+03 1.2104E-01 5.0657E-01 2.4306E-022367200206658 
 3.4459E+00 2.4311E-01 1.1117E+00 1.3470E-01 1.0793E+00 7.3591E-022367200206659 
 1.2101E-01 1.2095E-01 1.8047E+03 1.2098E-01 4.6452E-01 2.1656E-022367200206660 
 3.8850E+00 2.3622E-01 1.1234E+00 1.3329E-01 1.1831E+00 6.7134E-022367200206661 
 1.2095E-01 1.2088E-01 1.8052E+03 1.2091E-01 4.4050E-01 2.1137E-022367200206662 
 4.1541E+00 2.4314E-01 1.0541E+00 1.4207E-01 1.1604E+00 6.8450E-022367200206663 
 1.2088E-01 1.2081E-01 1.8056E+03 1.2085E-01 4.3197E-01 2.0364E-022367200206664 
 4.2532E+00 2.3887E-01 1.0756E+00 1.3923E-01 1.2079E+00 6.5754E-022367200206665 
 1.2081E-01 1.2075E-01 1.8061E+03 1.2078E-01 4.5117E-01 2.1700E-022367200206666 
 4.0328E+00 2.4370E-01 1.0585E+00 1.4148E-01 1.1399E+00 6.9677E-022367200206667 
 1.2075E-01 1.2068E-01 1.8066E+03 1.2072E-01 4.1492E-01 2.0477E-022367200206668 
 4.4572E+00 2.5006E-01 9.9069E-01 1.5116E-01 1.1466E+00 6.9272E-022367200206669 
 1.2068E-01 1.2062E-01 1.8071E+03 1.2065E-01 4.3119E-01 2.1180E-022367200206670 
 4.2622E+00 2.4888E-01 1.0097E+00 1.4832E-01 1.1295E+00 7.0321E-022367200206671 
 1.2062E-01 1.2055E-01 1.8076E+03 1.2059E-01 4.0707E-01 1.9774E-022367200206672 
 4.5539E+00 2.4613E-01 1.0067E+00 1.4875E-01 1.1879E+00 6.6864E-022367200206673 
 1.2055E-01 1.2049E-01 1.8081E+03 1.2052E-01 4.7277E-01 2.3017E-022367200206674 
 3.7958E+00 2.4668E-01 1.0557E+00 1.4185E-01 1.0884E+00 7.2976E-022367200206675 
 1.2049E-01 1.2042E-01 1.8086E+03 1.2046E-01 4.7526E-01 2.3359E-022367200206676 
 3.7692E+00 2.4904E-01 1.0437E+00 1.4347E-01 1.0699E+00 7.4239E-022367200206677 
 1.2042E-01 1.2036E-01 1.8091E+03 1.2039E-01 4.2980E-01 2.0947E-022367200206678 
 4.2786E+00 2.4694E-01 1.0180E+00 1.4710E-01 1.1431E+00 6.9485E-022367200206679 
 1.2036E-01 1.2029E-01 1.8096E+03 1.2033E-01 4.5753E-01 2.1997E-022367200206680 
 3.9619E+00 2.4361E-01 1.0647E+00 1.4065E-01 1.1324E+00 7.0139E-022367200206681 
 1.2029E-01 1.2023E-01 1.8100E+03 1.2026E-01 4.6184E-01 2.3158E-022367200206682 
 3.9144E+00 2.5407E-01 1.0033E+00 1.4926E-01 1.0525E+00 7.5463E-022367200206683 
 1.2023E-01 1.2016E-01 1.8105E+03 1.2020E-01 4.6245E-01 2.3055E-022367200206684 
 3.9076E+00 2.5260E-01 1.0115E+00 1.4804E-01 1.0606E+00 7.4887E-022367200206685 
 1.2016E-01 1.2010E-01 1.8110E+03 1.2013E-01 4.4054E-01 2.1609E-022367200206686 
 4.1536E+00 2.4854E-01 1.0177E+00 1.4715E-01 1.1168E+00 7.1121E-022367200206687 
 1.2010E-01 1.2003E-01 1.8115E+03 1.2007E-01 4.8395E-01 2.4320E-022367200206688 
 3.6775E+00 2.5463E-01 1.0144E+00 1.4762E-01 1.0202E+00 7.7852E-022367200206689 
 1.2003E-01 1.1997E-01 1.8120E+03 1.2000E-01 4.3417E-01 2.1674E-022367200206690 
 4.2274E+00 2.5294E-01 9.8751E-01 1.5164E-01 1.0954E+00 7.2507E-022367200206691 
 1.1997E-01 1.1990E-01 1.8125E+03 1.1994E-01 4.8126E-01 2.4288E-022367200206692 
 3.7057E+00 2.5572E-01 1.0086E+00 1.4847E-01 1.0191E+00 7.7937E-022367200206693 
 1.1990E-01 1.1984E-01 1.8130E+03 1.1987E-01 4.6329E-01 2.3946E-022367200206694 
 3.8985E+00 2.6189E-01 9.6016E-01 1.5596E-01 1.0005E+00 7.9389E-022367200206695 
 1.1984E-01 1.1978E-01 1.8135E+03 1.1981E-01 4.6458E-01 2.3348E-022367200206696 
 3.8844E+00 2.5464E-01 1.0003E+00 1.4971E-01 1.0434E+00 7.6125E-022367200206697 
 1.1978E-01 1.1971E-01 1.8139E+03 1.1974E-01 4.5178E-01 2.3329E-022367200206698 
 4.0259E+00 2.6165E-01 9.5110E-01 1.5745E-01 1.0134E+00 7.8378E-022367200206699 
 1.1971E-01 1.1965E-01 1.8144E+03 1.1968E-01 4.7960E-01 2.5382E-022367200206700 
 3.7231E+00 2.6816E-01 9.3622E-01 1.5995E-01 9.4286E-01 8.4239E-022367200206701 
 1.1965E-01 1.1958E-01 1.8149E+03 1.1961E-01 4.5144E-01 2.3502E-022367200206702 
 4.0297E+00 2.6379E-01 9.4057E-01 1.5921E-01 1.0018E+00 7.9285E-022367200206703 
 1.1958E-01 1.1952E-01 1.8154E+03 1.1955E-01 4.5319E-01 2.3691E-022367200206704 
 4.0101E+00 2.6487E-01 9.3560E-01 1.6006E-01 9.9246E-01 8.0030E-022367200206705 
 1.1952E-01 1.1945E-01 1.8159E+03 1.1949E-01 4.4087E-01 2.3264E-022367200206706 
 4.1498E+00 2.6737E-01 9.1530E-01 1.6361E-01 9.9374E-01 7.9927E-022367200206707 
 1.1945E-01 1.1939E-01 1.8164E+03 1.1942E-01 4.6126E-01 2.4247E-022367200206708 
 3.9207E+00 2.6635E-01 9.3364E-01 1.6039E-01 9.7425E-01 8.1526E-022367200206709 
 1.1939E-01 1.1933E-01 1.8169E+03 1.1936E-01 4.3037E-01 2.2171E-022367200206710 
 4.2719E+00 2.6103E-01 9.4028E-01 1.5926E-01 1.0466E+00 7.5890E-022367200206711 
 1.1933E-01 1.1926E-01 1.8174E+03 1.1929E-01 4.8033E-01 2.4895E-022367200206712 
 3.7154E+00 2.6261E-01 9.6900E-01 1.5454E-01 9.7748E-01 8.1256E-022367200206713 
 1.1926E-01 1.1920E-01 1.8179E+03 1.1923E-01 5.2418E-01 2.7115E-022367200206714 
 3.2728E+00 2.6210E-01 1.0035E+00 1.4923E-01 9.3700E-01 8.4767E-022367200206715 
 1.1920E-01 1.1913E-01 1.8183E+03 1.1917E-01 4.9496E-01 2.7025E-022367200206716 
 3.5634E+00 2.7666E-01 9.0668E-01 1.6516E-01 8.8464E-01 8.9783E-022367200206717 
 1.1913E-01 1.1907E-01 1.8188E+03 1.1910E-01 4.6512E-01 2.5483E-022367200206718 
 3.8785E+00 2.7760E-01 8.8250E-01 1.6969E-01 9.0894E-01 8.7383E-022367200206719 
 1.1907E-01 1.1901E-01 1.8193E+03 1.1904E-01 4.4411E-01 2.3345E-022367200206720 
 4.1127E+00 2.6635E-01 9.2171E-01 1.6247E-01 9.9465E-01 7.9854E-022367200206721 
 1.1901E-01 1.1894E-01 1.8198E+03 1.1897E-01 4.1455E-01 2.3012E-022367200206722 
 4.4617E+00 2.8126E-01 8.3329E-01 1.7971E-01 9.4761E-01 8.3818E-022367200206723 
 1.1894E-01 1.1888E-01 1.8203E+03 1.1891E-01 4.5384E-01 2.4709E-022367200206724 
 4.0029E+00 2.7586E-01 8.8347E-01 1.6950E-01 9.3067E-01 8.5343E-022367200206725 
 1.1888E-01 1.1881E-01 1.8208E+03 1.1885E-01 4.7417E-01 2.5665E-022367200206726 
 3.7808E+00 2.7425E-01 9.0480E-01 1.6551E-01 9.1785E-01 8.6535E-022367200206727 
 1.1881E-01 1.1875E-01 1.8213E+03 1.1878E-01 4.5742E-01 2.5326E-022367200206728 
 3.9631E+00 2.8054E-01 8.6484E-01 1.7315E-01 9.0257E-01 8.8000E-022367200206729 
 1.1875E-01 1.1869E-01 1.8218E+03 1.1872E-01 4.6123E-01 2.5652E-022367200206730 
 3.9210E+00 2.8180E-01 8.6178E-01 1.7377E-01 8.9226E-01 8.9017E-022367200206731 
 1.1869E-01 1.1862E-01 1.8222E+03 1.1866E-01 4.1319E-01 2.3408E-022367200206732 
 4.4784E+00 2.8705E-01 8.0910E-01 1.8508E-01 9.1965E-01 8.6365E-022367200206733 
 1.1862E-01 1.1856E-01 1.8227E+03 1.1859E-01 4.1716E-01 2.3686E-022367200206734 
 4.4298E+00 2.8769E-01 8.0839E-01 1.8524E-01 9.1074E-01 8.7210E-022367200206735 
 1.1856E-01 1.1850E-01 1.8232E+03 1.1853E-01 4.5658E-01 2.6042E-022367200206736 
 3.9723E+00 2.8899E-01 8.2796E-01 1.8086E-01 8.6154E-01 9.2191E-022367200206737 
 1.1850E-01 1.1843E-01 1.8237E+03 1.1846E-01 4.4828E-01 2.5757E-022367200206738 
 4.0653E+00 2.9113E-01 8.1437E-01 1.8388E-01 8.6007E-01 9.2348E-022367200206739 
 1.1843E-01 1.1837E-01 1.8242E+03 1.1840E-01 4.4164E-01 2.5123E-022367200206740 
 4.1410E+00 2.8824E-01 8.2190E-01 1.8220E-01 8.8078E-01 9.0177E-022367200206741 
 1.1837E-01 1.1831E-01 1.8247E+03 1.1834E-01 4.5694E-01 2.6206E-022367200206742 
 3.9684E+00 2.9059E-01 8.2191E-01 1.8220E-01 8.5397E-01 9.3008E-022367200206743 
 1.1831E-01 1.1824E-01 1.8252E+03 1.1827E-01 4.6743E-01 2.6876E-022367200206744 
 3.8534E+00 2.9133E-01 8.2435E-01 1.8166E-01 8.3932E-01 9.4631E-022367200206745 
 1.1824E-01 1.1818E-01 1.8257E+03 1.1821E-01 4.6925E-01 2.8279E-022367200206746 
 3.8337E+00 3.0535E-01 7.7540E-01 1.9313E-01 7.8145E-01 1.0164E-012367200206747 
 1.1818E-01 1.1812E-01 1.8262E+03 1.1815E-01 4.4329E-01 2.7289E-022367200206748 
 4.1221E+00 3.1193E-01 7.3801E-01 2.0291E-01 7.7816E-01 1.0207E-012367200206749 
 1.1812E-01 1.1805E-01 1.8266E+03 1.1808E-01 4.6984E-01 2.8824E-022367200206750 
 3.8273E+00 3.1085E-01 7.5556E-01 1.9820E-01 7.5834E-01 1.0474E-012367200206751 
 1.1805E-01 1.1799E-01 1.8271E+03 1.1802E-01 4.9193E-01 3.0439E-022367200206752 
 3.5946E+00 3.1353E-01 7.5933E-01 1.9721E-01 7.3189E-01 1.0852E-012367200206753 
 1.1799E-01 1.1793E-01 1.8276E+03 1.1796E-01 4.4887E-01 2.7354E-022367200206754 
 4.0587E+00 3.0877E-01 7.5191E-01 1.9916E-01 7.8578E-01 1.0108E-012367200206755 
 1.1793E-01 1.1786E-01 1.8281E+03 1.1790E-01 4.5215E-01 2.9072E-022367200206756 
 4.0218E+00 3.2579E-01 7.0170E-01 2.1341E-01 7.2218E-01 1.0998E-012367200206757 
 1.1786E-01 1.1780E-01 1.8286E+03 1.1783E-01 4.3609E-01 2.7270E-022367200206758 
 4.2050E+00 3.1685E-01 7.1958E-01 2.0811E-01 7.6744E-01 1.0350E-012367200206759 
 1.1780E-01 1.1774E-01 1.8291E+03 1.1777E-01 5.3120E-01 3.5316E-022367200206760 
 3.2053E+00 3.3686E-01 7.0847E-01 2.1137E-01 6.3324E-01 1.2543E-012367200206761 
 1.1774E-01 1.1768E-01 1.8296E+03 1.1771E-01 4.6280E-01 3.2690E-022367200206762 
 3.9039E+00 3.5790E-01 6.2667E-01 2.3896E-01 6.2203E-01 1.2769E-012367200206763 
 1.1768E-01 1.1761E-01 1.8301E+03 1.1764E-01 3.9323E-01 3.0209E-022367200206764 
 4.7292E+00 3.8925E-01 5.4141E-01 2.7659E-01 6.0385E-01 1.3153E-012367200206765 
 1.1761E-01 1.1755E-01 1.8305E+03 1.1758E-01 4.9608E-01 3.9419E-022367200206766 
 3.5520E+00 4.0262E-01 5.5511E-01 2.6976E-01 5.0968E-01 1.5584E-012367200206767 
 1.1755E-01 1.1749E-01 1.8310E+03 1.1752E-01 4.8250E-01 4.2439E-022367200206768 
 3.6926E+00 4.4567E-01 4.9181E-01 3.0448E-01 4.5271E-01 1.7545E-012367200206769 
 1.1749E-01 1.1742E-01 1.8315E+03 1.1746E-01 3.9123E-01 4.1259E-022367200206770 
 4.7551E+00 5.3435E-01 3.9044E-01 3.8354E-01 4.0336E-01 1.9691E-012367200206771 
 1.1742E-01 1.1736E-01 1.8320E+03 1.1739E-01 5.5931E-01 6.6609E-022367200206772 
 2.9441E+00 6.0343E-01 3.8008E-01 3.9399E-01 2.9626E-01 2.6809E-012367200206773 
 1.1736E-01 1.1730E-01 1.8325E+03 1.1733E-01 4.4284E-01 5.1710E-022367200206774 
 4.1273E+00 5.9167E-01 3.6669E-01 4.0838E-01 3.3737E-01 2.3542E-012367200206775 
 1.1730E-01 1.1724E-01 1.8330E+03 1.1727E-01 5.8547E-01 8.4217E-022367200206776 
 2.7125E+00 7.2884E-01 3.3019E-01 4.5353E-01 2.4170E-01 3.2861E-012367200206777 
 1.1724E-01 1.1717E-01 1.8335E+03 1.1721E-01 6.9044E-01 9.8597E-022367200206778 
 1.8769E+00 7.2356E-01 3.4658E-01 4.3208E-01 2.2953E-01 3.4604E-012367200206779 
 1.1717E-01 1.1711E-01 1.8340E+03 1.1714E-01 4.5945E-01 6.7363E-022367200206780 
 3.9406E+00 7.4289E-01 3.0896E-01 4.8468E-01 2.6189E-01 3.0328E-012367200206781 
 1.1711E-01 1.1705E-01 1.8345E+03 1.1708E-01 4.8784E-01 6.1260E-022367200206782 
 3.6369E+00 6.3627E-01 3.5172E-01 4.2577E-01 2.9742E-01 2.6706E-012367200206783 
 1.1705E-01 1.1699E-01 1.8349E+03 1.1702E-01 4.8165E-01 4.8150E-022367200206784 
 3.7016E+00 5.0653E-01 4.2986E-01 3.4837E-01 3.8564E-01 2.0596E-012367200206785 
 1.1699E-01 1.1693E-01 1.8354E+03 1.1696E-01 3.9202E-01 3.5142E-022367200206786 
 4.7448E+00 4.5421E-01 4.5725E-01 3.2750E-01 4.9244E-01 1.6129E-012367200206787 
 1.1693E-01 1.1686E-01 1.8359E+03 1.1689E-01 4.1527E-01 3.4922E-022367200206788 
 4.4529E+00 4.2610E-01 4.9580E-01 3.0203E-01 5.1820E-01 1.5327E-012367200206789 
 1.1686E-01 1.1680E-01 1.8364E+03 1.1683E-01 4.8047E-01 3.4505E-022367200206790 
 3.7139E+00 3.6388E-01 6.2105E-01 2.4112E-01 5.9591E-01 1.3328E-012367200206791 
 1.1680E-01 1.1674E-01 1.8369E+03 1.1677E-01 4.7428E-01 3.2082E-022367200206792 
 3.7796E+00 3.4274E-01 6.6740E-01 2.2438E-01 6.5410E-01 1.2143E-012367200206793 
 1.1674E-01 1.1668E-01 1.8374E+03 1.1671E-01 4.9361E-01 3.1752E-022367200206794 
 3.5773E+00 3.2593E-01 7.2198E-01 2.0742E-01 6.8982E-01 1.1514E-012367200206795 
 1.1668E-01 1.1662E-01 1.8379E+03 1.1665E-01 3.9918E-01 2.5499E-022367200206796 
 4.6532E+00 3.2367E-01 6.8181E-01 2.1963E-01 7.8125E-01 1.0167E-012367200206797 
 1.1662E-01 1.1655E-01 1.8384E+03 1.1658E-01 4.2093E-01 2.6216E-022367200206798 
 4.3843E+00 3.1557E-01 7.1487E-01 2.0948E-01 7.8634E-01 1.0101E-012367200206799 
 1.1655E-01 1.1649E-01 1.8388E+03 1.1652E-01 4.5597E-01 2.8369E-022367200206800 
 3.9791E+00 3.1525E-01 7.3480E-01 2.0380E-01 7.5501E-01 1.0520E-012367200206801 
 1.1649E-01 1.1643E-01 1.8393E+03 1.1646E-01 4.5841E-01 2.7166E-022367200206802 
 3.9521E+00 3.0027E-01 7.8588E-01 1.9055E-01 8.1009E-01 9.8046E-022367200206803 
 1.1643E-01 1.1637E-01 1.8398E+03 1.1640E-01 4.6716E-01 2.7484E-022367200206804 
 3.8563E+00 2.9809E-01 7.9920E-01 1.8737E-01 8.1142E-01 9.7885E-022367200206805 
 1.1637E-01 1.1631E-01 1.8403E+03 1.1634E-01 5.1033E-01 2.8737E-022367200206806 
 3.4085E+00 2.8532E-01 8.7718E-01 1.7072E-01 8.2996E-01 9.5699E-022367200206807 
 1.1631E-01 1.1624E-01 1.8408E+03 1.1628E-01 4.7118E-01 2.8802E-022367200206808 
 3.8129E+00 3.0972E-01 7.6149E-01 1.9665E-01 7.6304E-01 1.0409E-012367200206809 
 1.1624E-01 1.1618E-01 1.8413E+03 1.1621E-01 4.5941E-01 2.7258E-022367200206810 
 3.9411E+00 3.0064E-01 7.8565E-01 1.9061E-01 8.0823E-01 9.8272E-022367200206811 
 1.1618E-01 1.1612E-01 1.8418E+03 1.1615E-01 4.2919E-01 2.5563E-022367200206812 
 4.2858E+00 3.0179E-01 7.6427E-01 1.9594E-01 8.3333E-01 9.5312E-022367200206813 
 1.1612E-01 1.1606E-01 1.8423E+03 1.1609E-01 4.5632E-01 2.8477E-022367200206814 
 3.9752E+00 3.1620E-01 7.3261E-01 2.0440E-01 7.5197E-01 1.0562E-012367200206815 
 1.1606E-01 1.1600E-01 1.8428E+03 1.1603E-01 3.9736E-01 2.4980E-022367200206816 
 4.6763E+00 3.1853E-01 6.9560E-01 2.1528E-01 8.0273E-01 9.8945E-022367200206817 
 1.1600E-01 1.1594E-01 1.8432E+03 1.1597E-01 3.9858E-01 2.5023E-022367200206818 
 4.6607E+00 3.1810E-01 6.9665E-01 2.1495E-01 8.0190E-01 9.9048E-022367200206819 
 1.1594E-01 1.1588E-01 1.8437E+03 1.1591E-01 4.7557E-01 2.9338E-022367200206820 
 3.7659E+00 3.1257E-01 7.5339E-01 1.9877E-01 7.4775E-01 1.0622E-012367200206821 
 1.1588E-01 1.1581E-01 1.8442E+03 1.1584E-01 4.7389E-01 2.7571E-022367200206822 
 3.7839E+00 2.9480E-01 8.1512E-01 1.8371E-01 8.1872E-01 9.7013E-022367200206823 
 1.1581E-01 1.1575E-01 1.8447E+03 1.1578E-01 4.1756E-01 2.6142E-022367200206824 
 4.4250E+00 3.1722E-01 7.0855E-01 2.1135E-01 7.8405E-01 1.0130E-012367200206825 
 1.1575E-01 1.1569E-01 1.8452E+03 1.1572E-01 4.3733E-01 2.7768E-022367200206826 
 4.1907E+00 3.2172E-01 7.0572E-01 2.1219E-01 7.4881E-01 1.0607E-012367200206827 
 1.1569E-01 1.1563E-01 1.8457E+03 1.1566E-01 4.6756E-01 2.9161E-022367200206828 
 3.8520E+00 3.1602E-01 7.3774E-01 2.0298E-01 7.4159E-01 1.0710E-012367200206829 
 1.1563E-01 1.1557E-01 1.8462E+03 1.1560E-01 4.2087E-01 2.7951E-022367200206830 
 4.3850E+00 3.3650E-01 6.5863E-01 2.2736E-01 7.1607E-01 1.1092E-012367200206831 
 1.1557E-01 1.1551E-01 1.8467E+03 1.1554E-01 4.9362E-01 3.0876E-022367200206832 
 3.5772E+00 3.1694E-01 7.4859E-01 2.0004E-01 7.1821E-01 1.1059E-012367200206833 
 1.1551E-01 1.1545E-01 1.8471E+03 1.1548E-01 4.2242E-01 2.8566E-022367200206834 
 4.3664E+00 3.4264E-01 6.4344E-01 2.3273E-01 6.9480E-01 1.1432E-012367200206835 
 1.1545E-01 1.1539E-01 1.8476E+03 1.1542E-01 4.8472E-01 3.1736E-022367200206836 
 3.6693E+00 3.3174E-01 7.0130E-01 2.1353E-01 6.7855E-01 1.1705E-012367200206837 
 1.1539E-01 1.1532E-01 1.8481E+03 1.1536E-01 4.8299E-01 3.2319E-022367200206838 
 3.6874E+00 3.3905E-01 6.7981E-01 2.2028E-01 6.5727E-01 1.2084E-012367200206839 
 1.1532E-01 1.1526E-01 1.8486E+03 1.1529E-01 5.6559E-01 3.8609E-022367200206840 
 2.8876E+00 3.4589E-01 6.9992E-01 2.1395E-01 5.9161E-01 1.3425E-012367200206841 
 1.1526E-01 1.1520E-01 1.8491E+03 1.1523E-01 4.4460E-01 3.2049E-022367200206842 
 4.1071E+00 3.6524E-01 6.0344E-01 2.4816E-01 6.1673E-01 1.2879E-012367200206843 
 1.1520E-01 1.1514E-01 1.8496E+03 1.1517E-01 4.5333E-01 3.2454E-022367200206844 
 4.0086E+00 3.6274E-01 6.1254E-01 2.4447E-01 6.1695E-01 1.2874E-012367200206845 
 1.1514E-01 1.1508E-01 1.8501E+03 1.1511E-01 4.3934E-01 2.9966E-022367200206846 
 4.1674E+00 3.4559E-01 6.4476E-01 2.3226E-01 6.7267E-01 1.1808E-012367200206847 
 1.1508E-01 1.1502E-01 1.8506E+03 1.1505E-01 5.1045E-01 3.4902E-022367200206848 
 3.4073E+00 3.4644E-01 6.7432E-01 2.2207E-01 6.2052E-01 1.2800E-012367200206849 
 1.1502E-01 1.1496E-01 1.8511E+03 1.1499E-01 4.8196E-01 3.0989E-022367200206850 
 3.6983E+00 3.2579E-01 7.1722E-01 2.0879E-01 6.9938E-01 1.1357E-012367200206851 
 1.1496E-01 1.1490E-01 1.8515E+03 1.1493E-01 5.0185E-01 3.0264E-022367200206852 
 3.4934E+00 3.0556E-01 7.9094E-01 1.8933E-01 7.5217E-01 1.0560E-012367200206853 
 1.1490E-01 1.1484E-01 1.8520E+03 1.1487E-01 4.7455E-01 3.0021E-022367200206854 
 3.7768E+00 3.2054E-01 7.2607E-01 2.0625E-01 7.1888E-01 1.1049E-012367200206855 
 1.1484E-01 1.1478E-01 1.8525E+03 1.1481E-01 3.7470E-01 2.3120E-022367200206856 
 4.9739E+00 3.1264E-01 7.0015E-01 2.1388E-01 8.5287E-01 9.3129E-022367200206857 
 1.1478E-01 1.1472E-01 1.8530E+03 1.1475E-01 5.1129E-01 3.0995E-022367200206858 
 3.3989E+00 3.0716E-01 7.9168E-01 1.8915E-01 7.4049E-01 1.0726E-012367200206859 
 1.1472E-01 1.1466E-01 1.8535E+03 1.1469E-01 5.1277E-01 3.0294E-022367200206860 
 3.3843E+00 2.9935E-01 8.2174E-01 1.8223E-01 7.6946E-01 1.0322E-012367200206861 
 1.1466E-01 1.1460E-01 1.8540E+03 1.1463E-01 4.1251E-01 2.4221E-022367200206862 
 4.4867E+00 2.9751E-01 7.7169E-01 1.9405E-01 8.7329E-01 9.0950E-022367200206863 
 1.1460E-01 1.1454E-01 1.8545E+03 1.1457E-01 4.4752E-01 2.5503E-022367200206864 
 4.0739E+00 2.8874E-01 8.2320E-01 1.8191E-01 8.7178E-01 9.1108E-022367200206865 
 1.1454E-01 1.1448E-01 1.8550E+03 1.1451E-01 4.4905E-01 2.4826E-022367200206866 
 4.0566E+00 2.8012E-01 8.6072E-01 1.7398E-01 9.1308E-01 8.6988E-022367200206867 
 1.1448E-01 1.1442E-01 1.8555E+03 1.1445E-01 4.8990E-01 2.6174E-022367200206868 
 3.6155E+00 2.7071E-01 9.3086E-01 1.6087E-01 9.1895E-01 8.6431E-022367200206869 
 1.1442E-01 1.1436E-01 1.8559E+03 1.1439E-01 3.9951E-01 2.0950E-022367200206870 
 4.6489E+00 2.6570E-01 8.9308E-01 1.6768E-01 1.0591E+00 7.4995E-022367200206871 
 1.1436E-01 1.1430E-01 1.8564E+03 1.1433E-01 4.1508E-01 2.2681E-022367200206872 
 4.4552E+00 2.7686E-01 8.5248E-01 1.7566E-01 9.7084E-01 8.1812E-022367200206873 
 1.1430E-01 1.1424E-01 1.8569E+03 1.1427E-01 4.7086E-01 2.3669E-022367200206874 
 3.8164E+00 2.5470E-01 1.0059E+00 1.4887E-01 1.0368E+00 7.6606E-022367200206875 
 1.1424E-01 1.1418E-01 1.8574E+03 1.1421E-01 4.6384E-01 2.2918E-022367200206876 
 3.8925E+00 2.5035E-01 1.0266E+00 1.4587E-01 1.0748E+00 7.3900E-022367200206877 
 1.1418E-01 1.1412E-01 1.8579E+03 1.1415E-01 4.2537E-01 2.1131E-022367200206878 
 4.3311E+00 2.5170E-01 9.8805E-01 1.5156E-01 1.1171E+00 7.1100E-022367200206879 
 1.1412E-01 1.1406E-01 1.8584E+03 1.1409E-01 4.2806E-01 2.1658E-022367200206880 
 4.2992E+00 2.5636E-01 9.6332E-01 1.5545E-01 1.0801E+00 7.3533E-022367200206881 
 1.1406E-01 1.1400E-01 1.8589E+03 1.1403E-01 4.4166E-01 2.1829E-022367200206882 
 4.1407E+00 2.5043E-01 1.0079E+00 1.4857E-01 1.1025E+00 7.2042E-022367200206883 
 1.1400E-01 1.1394E-01 1.8594E+03 1.1397E-01 4.3591E-01 2.1557E-022367200206884 
 4.2072E+00 2.5058E-01 1.0027E+00 1.4934E-01 1.1098E+00 7.1571E-022367200206885 
 1.1394E-01 1.1388E-01 1.8598E+03 1.1391E-01 4.3812E-01 2.1842E-022367200206886 
 4.1815E+00 2.5261E-01 9.9327E-01 1.5076E-01 1.0932E+00 7.2656E-022367200206887 
 1.1388E-01 1.1382E-01 1.8603E+03 1.1385E-01 4.4331E-01 2.1747E-022367200206888 
 4.1219E+00 2.4856E-01 1.0200E+00 1.4681E-01 1.1131E+00 7.1357E-022367200206889 
 1.1382E-01 1.1376E-01 1.8608E+03 1.1379E-01 4.5658E-01 2.2789E-022367200206890 
 3.9724E+00 2.5289E-01 1.0052E+00 1.4898E-01 1.0659E+00 7.4516E-022367200206891 
 1.1376E-01 1.1370E-01 1.8613E+03 1.1373E-01 4.3247E-01 2.1495E-022367200206892 
 4.2473E+00 2.5184E-01 9.9407E-01 1.5064E-01 1.1074E+00 7.1723E-022367200206893 
 1.1370E-01 1.1364E-01 1.8618E+03 1.1367E-01 4.8472E-01 2.3949E-022367200206894 
 3.6694E+00 2.5034E-01 1.0435E+00 1.4350E-01 1.0503E+00 7.5622E-022367200206895 
 1.1364E-01 1.1358E-01 1.8623E+03 1.1361E-01 4.3608E-01 2.2144E-022367200206896 
 4.2052E+00 2.5730E-01 9.6446E-01 1.5527E-01 1.0631E+00 7.4709E-022367200206897 
 1.1358E-01 1.1352E-01 1.8628E+03 1.1355E-01 4.7039E-01 2.4086E-022367200206898 
 3.8215E+00 2.5945E-01 9.7816E-01 1.5309E-01 1.0067E+00 7.8896E-022367200206899 
 1.1352E-01 1.1346E-01 1.8633E+03 1.1349E-01 4.5533E-01 2.1843E-022367200206900 
 3.9863E+00 2.4307E-01 1.0660E+00 1.4048E-01 1.1390E+00 6.9735E-022367200206901 
 1.1346E-01 1.1340E-01 1.8638E+03 1.1343E-01 4.2780E-01 2.2029E-022367200206902 
 4.3023E+00 2.6091E-01 9.3934E-01 1.5942E-01 1.0513E+00 7.5554E-022367200206903 
 1.1340E-01 1.1334E-01 1.8642E+03 1.1337E-01 4.6195E-01 2.4726E-022367200206904 
 3.9132E+00 2.7121E-01 9.1094E-01 1.6439E-01 9.4704E-01 8.3867E-022367200206905 
 1.1334E-01 1.1328E-01 1.8647E+03 1.1331E-01 4.6488E-01 2.3795E-022367200206906 
 3.8812E+00 2.5935E-01 9.7605E-01 1.5342E-01 1.0153E+00 7.8228E-022367200206907 
 1.1328E-01 1.1322E-01 1.8652E+03 1.1325E-01 4.1858E-01 2.2190E-022367200206908 
 4.4126E+00 2.6860E-01 8.9347E-01 1.6760E-01 1.0149E+00 7.8257E-022367200206909 
 1.1322E-01 1.1316E-01 1.8657E+03 1.1319E-01 4.0807E-01 2.1007E-022367200206910 
 4.5416E+00 2.6084E-01 9.2533E-01 1.6183E-01 1.0802E+00 7.3532E-022367200206911 
 1.1316E-01 1.1310E-01 1.8662E+03 1.1313E-01 4.8277E-01 2.5456E-022367200206912 
 3.6897E+00 2.6717E-01 9.4604E-01 1.5829E-01 9.4790E-01 8.3791E-022367200206913 
 1.1310E-01 1.1304E-01 1.8667E+03 1.1307E-01 4.5325E-01 2.4769E-022367200206914 
 4.0095E+00 2.7689E-01 8.7871E-01 1.7042E-01 9.2626E-01 8.5750E-022367200206915 
 1.1304E-01 1.1298E-01 1.8672E+03 1.1301E-01 4.6740E-01 2.5116E-022367200206916 
 3.8538E+00 2.7227E-01 9.0787E-01 1.6494E-01 9.3348E-01 8.5086E-022367200206917 
 1.1298E-01 1.1293E-01 1.8677E+03 1.1295E-01 4.5002E-01 2.5470E-022367200206918 
 4.0458E+00 2.8678E-01 8.3267E-01 1.7984E-01 8.7847E-01 9.0414E-022367200206919 
 1.1293E-01 1.1287E-01 1.8681E+03 1.1290E-01 4.0368E-01 2.2494E-022367200206920 
 4.5964E+00 2.8234E-01 8.2242E-01 1.8208E-01 9.5682E-01 8.3010E-022367200206921 
 1.1287E-01 1.1281E-01 1.8686E+03 1.1284E-01 4.6933E-01 2.6941E-022367200206922 
 3.8329E+00 2.9086E-01 8.2910E-01 1.8062E-01 8.4159E-01 9.4376E-022367200206923 
 1.1281E-01 1.1275E-01 1.8691E+03 1.1278E-01 4.4982E-01 2.5384E-022367200206924 
 4.0480E+00 2.8593E-01 8.3620E-01 1.7908E-01 8.8296E-01 8.9955E-022367200206925 
 1.1275E-01 1.1269E-01 1.8696E+03 1.1272E-01 4.5056E-01 2.6484E-022367200206926 
 4.0396E+00 2.9783E-01 7.9149E-01 1.8920E-01 8.2937E-01 9.5767E-022367200206927 
 1.1269E-01 1.1263E-01 1.8701E+03 1.1266E-01 4.4352E-01 2.6271E-022367200206928 
 4.1195E+00 3.0013E-01 7.7832E-01 1.9240E-01 8.2565E-01 9.6198E-022367200206929 
 1.1263E-01 1.1257E-01 1.8706E+03 1.1260E-01 4.6023E-01 2.5862E-022367200206930 
 3.9321E+00 2.8473E-01 8.4814E-01 1.7656E-01 8.7844E-01 9.0417E-022367200206931 
 1.1257E-01 1.1251E-01 1.8711E+03 1.1254E-01 4.7571E-01 2.7125E-022367200206932 
 3.7644E+00 2.8892E-01 8.3923E-01 1.7844E-01 8.4257E-01 9.4267E-022367200206933 
 1.1251E-01 1.1245E-01 1.8716E+03 1.1248E-01 4.6936E-01 2.6750E-022367200206934 
 3.8325E+00 2.8878E-01 8.3719E-01 1.7887E-01 8.5060E-01 9.3377E-022367200206935 
 1.1245E-01 1.1240E-01 1.8721E+03 1.1243E-01 4.5504E-01 2.5340E-022367200206936 
 3.9895E+00 2.8216E-01 8.5681E-01 1.7478E-01 8.9758E-01 8.8490E-022367200206937 
 1.1240E-01 1.1234E-01 1.8725E+03 1.1237E-01 4.1137E-01 2.3190E-022367200206938 
 4.5008E+00 2.8564E-01 8.1282E-01 1.8423E-01 9.2813E-01 8.5576E-022367200206939 
 1.1234E-01 1.1228E-01 1.8730E+03 1.1231E-01 4.7297E-01 2.7466E-022367200206940 
 3.7937E+00 2.9425E-01 8.1879E-01 1.8289E-01 8.2424E-01 9.6363E-022367200206941 
 1.1228E-01 1.1222E-01 1.8735E+03 1.1225E-01 4.5620E-01 2.6760E-022367200206942 
 3.9766E+00 2.9721E-01 7.9737E-01 1.8780E-01 8.2690E-01 9.6053E-022367200206943 
 1.1222E-01 1.1216E-01 1.8740E+03 1.1219E-01 4.4382E-01 2.6573E-022367200206944 
 4.1160E+00 3.0337E-01 7.6730E-01 1.9516E-01 8.1207E-01 9.7807E-022367200206945 
 1.1216E-01 1.1210E-01 1.8745E+03 1.1213E-01 4.4360E-01 2.6691E-022367200206946 
 4.1186E+00 3.0487E-01 7.6148E-01 1.9665E-01 8.0554E-01 9.8601E-022367200206947 
 1.1210E-01 1.1205E-01 1.8750E+03 1.1207E-01 4.5157E-01 2.6545E-022367200206948 
 4.0283E+00 2.9785E-01 7.9241E-01 1.8898E-01 8.2878E-01 9.5835E-022367200206949 
 1.1205E-01 1.1199E-01 1.8755E+03 1.1202E-01 4.4143E-01 2.6770E-022367200206950 
 4.1433E+00 3.0728E-01 7.5378E-01 1.9866E-01 7.9990E-01 9.9295E-022367200206951 
 1.1199E-01 1.1193E-01 1.8760E+03 1.1196E-01 4.7675E-01 2.8077E-022367200206952 
 3.7534E+00 2.9840E-01 8.0539E-01 1.8593E-01 8.0354E-01 9.8846E-022367200206953 
 1.1193E-01 1.1187E-01 1.8764E+03 1.1190E-01 4.3227E-01 2.6500E-022367200206954 
 4.2496E+00 3.1062E-01 7.3678E-01 2.0325E-01 7.9447E-01 9.9974E-022367200206955 
 1.1187E-01 1.1181E-01 1.8769E+03 1.1184E-01 4.2453E-01 2.5298E-022367200206956 
 4.3411E+00 3.0194E-01 7.6166E-01 1.9661E-01 8.3836E-01 9.4740E-022367200206957 
 1.1181E-01 1.1175E-01 1.8774E+03 1.1178E-01 4.3096E-01 2.5435E-022367200206958 
 4.2650E+00 2.9904E-01 7.7560E-01 1.9307E-01 8.4407E-01 9.4099E-022367200206959 
 1.1175E-01 1.1170E-01 1.8779E+03 1.1172E-01 3.9778E-01 2.3303E-022367200206960 
 4.6709E+00 2.9683E-01 7.6381E-01 1.9605E-01 8.9225E-01 8.9018E-022367200206961 
 1.1170E-01 1.1164E-01 1.8784E+03 1.1167E-01 5.0953E-01 3.0504E-022367200206962 
 3.4164E+00 3.0334E-01 8.0375E-01 1.8631E-01 7.5525E-01 1.0517E-012367200206963 
 1.1164E-01 1.1158E-01 1.8789E+03 1.1161E-01 4.9680E-01 2.8270E-022367200206964 
 3.5447E+00 2.8833E-01 8.5679E-01 1.7478E-01 8.2879E-01 9.5834E-022367200206965 
 1.1158E-01 1.1152E-01 1.8794E+03 1.1155E-01 4.5479E-01 2.5989E-022367200206966 
 3.9923E+00 2.8955E-01 8.2339E-01 1.8187E-01 8.5934E-01 9.2427E-022367200206967 
 1.1152E-01 1.1146E-01 1.8799E+03 1.1149E-01 3.8673E-01 2.3696E-022367200206968 
 4.8136E+00 3.1045E-01 7.1287E-01 2.1007E-01 8.4611E-01 9.3872E-022367200206969 
 1.1146E-01 1.1141E-01 1.8804E+03 1.1143E-01 5.0027E-01 3.0340E-022367200206970 
 3.5094E+00 3.0729E-01 7.8418E-01 1.9096E-01 7.4716E-01 1.0630E-012367200206971 
 1.1141E-01 1.1135E-01 1.8808E+03 1.1138E-01 4.5820E-01 2.7981E-022367200206972 
 3.9545E+00 3.0942E-01 7.5555E-01 1.9820E-01 7.7558E-01 1.0241E-012367200206973 
 1.1135E-01 1.1129E-01 1.8813E+03 1.1132E-01 4.4581E-01 2.6906E-022367200206974 
 4.0933E+00 3.0580E-01 7.6117E-01 1.9673E-01 8.0156E-01 9.9089E-022367200206975 
 1.1129E-01 1.1123E-01 1.8818E+03 1.1126E-01 4.3649E-01 2.8075E-022367200206976 
 4.2004E+00 3.2591E-01 6.9382E-01 2.1583E-01 7.3573E-01 1.0796E-012367200206977 
 1.1123E-01 1.1117E-01 1.8823E+03 1.1120E-01 4.6444E-01 2.9266E-022367200206978 
 3.8859E+00 3.1928E-01 7.2761E-01 2.0581E-01 7.3454E-01 1.0813E-012367200206979 
 1.1117E-01 1.1112E-01 1.8828E+03 1.1115E-01 4.1265E-01 2.7261E-022367200206980 
 4.4850E+00 3.3474E-01 6.5865E-01 2.2736E-01 7.2878E-01 1.0899E-012367200206981 
 1.1112E-01 1.1106E-01 1.8833E+03 1.1109E-01 4.9894E-01 3.0960E-022367200206982 
 3.5228E+00 3.1440E-01 7.6012E-01 1.9701E-01 7.2355E-01 1.0977E-012367200206983 
 1.1106E-01 1.1100E-01 1.8838E+03 1.1103E-01 4.4286E-01 2.7674E-022367200206984 
 4.1270E+00 3.1663E-01 7.2434E-01 2.0674E-01 7.6259E-01 1.0415E-012367200206985 
 1.1100E-01 1.1094E-01 1.8843E+03 1.1097E-01 4.2594E-01 2.6692E-022367200206986 
 4.3244E+00 3.1753E-01 7.1216E-01 2.1027E-01 7.7467E-01 1.0253E-012367200206987 
 1.1094E-01 1.1089E-01 1.8847E+03 1.1092E-01 4.3692E-01 2.5665E-022367200206988 
 4.1954E+00 2.9763E-01 7.8499E-01 1.9077E-01 8.4497E-01 9.3999E-022367200206989 
 1.1089E-01 1.1083E-01 1.8852E+03 1.1086E-01 4.2250E-01 2.5266E-022367200206990 
 4.3655E+00 3.0301E-01 7.5636E-01 1.9799E-01 8.3541E-01 9.5074E-022367200206991 
 1.1083E-01 1.1077E-01 1.8857E+03 1.1080E-01 4.7114E-01 2.7917E-022367200206992 
 3.8134E+00 3.0024E-01 7.9296E-01 1.8885E-01 7.9827E-01 9.9498E-022367200206993 
 1.1077E-01 1.1071E-01 1.8862E+03 1.1074E-01 4.7566E-01 2.7226E-022367200206994 
 3.7649E+00 2.9002E-01 8.3598E-01 1.7913E-01 8.3906E-01 9.4661E-022367200206995 
 1.1071E-01 1.1066E-01 1.8867E+03 1.1069E-01 4.5443E-01 2.5986E-022367200206996 
 3.9963E+00 2.8974E-01 8.2355E-01 1.8183E-01 8.6014E-01 9.2341E-022367200206997 
 1.1066E-01 1.1060E-01 1.8872E+03 1.1063E-01 4.2834E-01 2.6032E-022367200206998 
 4.2959E+00 3.0793E-01 7.4327E-01 2.0147E-01 8.0902E-01 9.8176E-022367200206999 
 1.1060E-01 1.1054E-01 1.8877E+03 1.1057E-01 4.4844E-01 2.7300E-022367200207000 
 4.0636E+00 3.0846E-01 7.5183E-01 1.9918E-01 7.8636E-01 1.0100E-012367200207001 
 1.1054E-01 1.1049E-01 1.8882E+03 1.1051E-01 4.9231E-01 2.9616E-022367200207002 
 3.5907E+00 3.0481E-01 7.8964E-01 1.8964E-01 7.6381E-01 1.0399E-012367200207003 
 1.1049E-01 1.1043E-01 1.8887E+03 1.1046E-01 4.1539E-01 2.5033E-022367200207004 
 4.4514E+00 3.0535E-01 7.4532E-01 2.0092E-01 8.3434E-01 9.5196E-022367200207005 
 1.1043E-01 1.1037E-01 1.8891E+03 1.1040E-01 5.0862E-01 3.0406E-022367200207006 
 3.4254E+00 3.0290E-01 8.0677E-01 1.8561E-01 7.5959E-01 1.0457E-012367200207007 
 1.1037E-01 1.1031E-01 1.8896E+03 1.1034E-01 4.7280E-01 2.7407E-022367200207008 
 3.7955E+00 2.9371E-01 8.2065E-01 1.8248E-01 8.2657E-01 9.6091E-022367200207009 
 1.1031E-01 1.1026E-01 1.8901E+03 1.1029E-01 5.0589E-01 3.0652E-022367200207010 
 3.4527E+00 3.0700E-01 7.8875E-01 1.8986E-01 7.4450E-01 1.0668E-012367200207011 
 1.1026E-01 1.1020E-01 1.8906E+03 1.1023E-01 4.6427E-01 2.7272E-022367200207012 
 3.8878E+00 2.9764E-01 7.9782E-01 1.8770E-01 8.1441E-01 9.7526E-022367200207013 
 1.1020E-01 1.1014E-01 1.8911E+03 1.1017E-01 4.5215E-01 2.7981E-022367200207014 
 4.0218E+00 3.1356E-01 7.3881E-01 2.0269E-01 7.6541E-01 1.0377E-012367200207015 
 1.1014E-01 1.1009E-01 1.8916E+03 1.1012E-01 4.6147E-01 2.8555E-022367200207016 
 3.9184E+00 3.1354E-01 7.4402E-01 2.0127E-01 7.5748E-01 1.0486E-012367200207017 
 1.1009E-01 1.1003E-01 1.8921E+03 1.1006E-01 4.2914E-01 2.5778E-022367200207018 
 4.2865E+00 3.0437E-01 7.5587E-01 1.9811E-01 8.2311E-01 9.6495E-022367200207019 
 1.1003E-01 1.0997E-01 1.8926E+03 1.1000E-01 4.4090E-01 2.7102E-022367200207020 
 4.1495E+00 3.1146E-01 7.3925E-01 2.0257E-01 7.8343E-01 1.0138E-012367200207021 
 1.0997E-01 1.0992E-01 1.8930E+03 1.0995E-01 4.2772E-01 2.5350E-022367200207022 
 4.3033E+00 3.0030E-01 7.7018E-01 1.9443E-01 8.4321E-01 9.4195E-022367200207023 
 1.0992E-01 1.0986E-01 1.8935E+03 1.0989E-01 4.5885E-01 2.7999E-022367200207024 
 3.9473E+00 3.0918E-01 7.5539E-01 1.9824E-01 7.7441E-01 1.0256E-012367200207025 
 1.0986E-01 1.0980E-01 1.8940E+03 1.0983E-01 4.5815E-01 2.8314E-022367200207026 
 3.9550E+00 3.1314E-01 7.4294E-01 2.0156E-01 7.6117E-01 1.0435E-012367200207027 
 1.0980E-01 1.0975E-01 1.8945E+03 1.0978E-01 4.1564E-01 2.5392E-022367200207028 
 4.4484E+00 3.0954E-01 7.3234E-01 2.0448E-01 8.1746E-01 9.7163E-022367200207029 
 1.0975E-01 1.0969E-01 1.8950E+03 1.0972E-01 5.3062E-01 3.3174E-022367200207030 
 3.2110E+00 3.1678E-01 7.6979E-01 1.9453E-01 6.9470E-01 1.1433E-012367200207031 
 1.0969E-01 1.0963E-01 1.8955E+03 1.0966E-01 4.1490E-01 2.7052E-022367200207032 
 4.4574E+00 3.3036E-01 6.7087E-01 2.2322E-01 7.4075E-01 1.0722E-012367200207033 
 1.0963E-01 1.0958E-01 1.8960E+03 1.0961E-01 4.3604E-01 2.7899E-022367200207034 
 4.2056E+00 3.2419E-01 6.9786E-01 2.1458E-01 7.4128E-01 1.0715E-012367200207035 
 1.0958E-01 1.0952E-01 1.8965E+03 1.0955E-01 4.1911E-01 2.6054E-022367200207036 
 4.4063E+00 3.1498E-01 7.1624E-01 2.0908E-01 7.9112E-01 1.0040E-012367200207037 
 1.0952E-01 1.0946E-01 1.8970E+03 1.0949E-01 4.3436E-01 2.8357E-022367200207038 
 4.2251E+00 3.3079E-01 6.8028E-01 2.2013E-01 7.2254E-01 1.0993E-012367200207039 
 1.0946E-01 1.0941E-01 1.8974E+03 1.0944E-01 4.3791E-01 2.8046E-022367200207040 
 4.1839E+00 3.2451E-01 6.9859E-01 2.1436E-01 7.3933E-01 1.0743E-012367200207041 
 1.0941E-01 1.0935E-01 1.8979E+03 1.0938E-01 5.1684E-01 3.1619E-022367200207042 
 3.3443E+00 3.0998E-01 7.8501E-01 1.9076E-01 7.2661E-01 1.0931E-012367200207043 
 1.0935E-01 1.0930E-01 1.8984E+03 1.0932E-01 4.5929E-01 2.9527E-022367200207044 
 3.9424E+00 3.2574E-01 7.0418E-01 2.1266E-01 7.1503E-01 1.1108E-012367200207045 
 1.0930E-01 1.0924E-01 1.8989E+03 1.0927E-01 4.7520E-01 2.9823E-022367200207046 
 3.7698E+00 3.1799E-01 7.3689E-01 2.0322E-01 7.3000E-01 1.0880E-012367200207047 
 1.0924E-01 1.0918E-01 1.8994E+03 1.0921E-01 4.6120E-01 3.0114E-022367200207048 
 3.9214E+00 3.3085E-01 6.9221E-01 2.1633E-01 6.9874E-01 1.1367E-012367200207049 
 1.0918E-01 1.0913E-01 1.8999E+03 1.0916E-01 4.6018E-01 2.9934E-022367200207050 
 3.9326E+00 3.2959E-01 6.9505E-01 2.1545E-01 7.0336E-01 1.1292E-012367200207051 
 1.0913E-01 1.0907E-01 1.9004E+03 1.0910E-01 4.2888E-01 2.8147E-022367200207052 
 4.2895E+00 3.3254E-01 6.7058E-01 2.2331E-01 7.1885E-01 1.1049E-012367200207053 
 1.0907E-01 1.0902E-01 1.9009E+03 1.0904E-01 3.8199E-01 2.6329E-022367200207054 
 4.8762E+00 3.4924E-01 6.1110E-01 2.4505E-01 7.1535E-01 1.1103E-012367200207055 
 1.0902E-01 1.0896E-01 1.9013E+03 1.0899E-01 4.4983E-01 2.9737E-022367200207056 
 4.0478E+00 3.3496E-01 6.7625E-01 2.2144E-01 6.9570E-01 1.1417E-012367200207057 
 1.0896E-01 1.0890E-01 1.9018E+03 1.0893E-01 4.2732E-01 2.6999E-022367200207058 
 4.3080E+00 3.2014E-01 7.0556E-01 2.1224E-01 7.6428E-01 1.0392E-012367200207059 
 1.0890E-01 1.0885E-01 1.9023E+03 1.0888E-01 4.5518E-01 2.9619E-022367200207060 
 3.9880E+00 3.2970E-01 6.9302E-01 2.1608E-01 7.0787E-01 1.1220E-012367200207061 
 1.0885E-01 1.0879E-01 1.9028E+03 1.0882E-01 4.1042E-01 2.6794E-022367200207062 
 4.5125E+00 3.3079E-01 6.6840E-01 2.2404E-01 7.4482E-01 1.0664E-012367200207063 
 1.0879E-01 1.0874E-01 1.9033E+03 1.0876E-01 3.8824E-01 2.7206E-022367200207064 
 4.7939E+00 3.5507E-01 6.0320E-01 2.4826E-01 6.9440E-01 1.1438E-012367200207065 
 1.0874E-01 1.0868E-01 1.9038E+03 1.0871E-01 4.4861E-01 3.0126E-022367200207066 
 4.0616E+00 3.4026E-01 6.6062E-01 2.2668E-01 6.7904E-01 1.1697E-012367200207067 
 1.0868E-01 1.0862E-01 1.9043E+03 1.0865E-01 4.2068E-01 2.8499E-022367200207068 
 4.3874E+00 3.4326E-01 6.4148E-01 2.3344E-01 6.9490E-01 1.1430E-012367200207069 
 1.0862E-01 1.0857E-01 1.9048E+03 1.0860E-01 4.4448E-01 2.9890E-022367200207070 
 4.1084E+00 3.4073E-01 6.5827E-01 2.2749E-01 6.8182E-01 1.1649E-012367200207071 
 1.0857E-01 1.0851E-01 1.9053E+03 1.0854E-01 4.6461E-01 3.0957E-022367200207072 
 3.8840E+00 3.3761E-01 6.7519E-01 2.2179E-01 6.7490E-01 1.1769E-012367200207073 
 1.0851E-01 1.0846E-01 1.9057E+03 1.0849E-01 4.3449E-01 2.8816E-022367200207074 
 4.2236E+00 3.3604E-01 6.6576E-01 2.2493E-01 7.0475E-01 1.1270E-012367200207075 
 1.0846E-01 1.0840E-01 1.9062E+03 1.0843E-01 4.5264E-01 3.1078E-022367200207076 
 4.0164E+00 3.4789E-01 6.4537E-01 2.3204E-01 6.5596E-01 1.2108E-012367200207077 
 1.0840E-01 1.0835E-01 1.9067E+03 1.0837E-01 4.6413E-01 3.1999E-022367200207078 
 3.8893E+00 3.4933E-01 6.4512E-01 2.3213E-01 6.4140E-01 1.2383E-012367200207079 
 1.0835E-01 1.0829E-01 1.9072E+03 1.0832E-01 4.5496E-01 3.2085E-022367200207080 
 3.9904E+00 3.5733E-01 6.2414E-01 2.3993E-01 6.2845E-01 1.2638E-012367200207081 
 1.0829E-01 1.0824E-01 1.9077E+03 1.0826E-01 4.1939E-01 2.7892E-022367200207082 
 4.4029E+00 3.3698E-01 6.5624E-01 2.2819E-01 7.1532E-01 1.1104E-012367200207083 
 1.0824E-01 1.0818E-01 1.9082E+03 1.0821E-01 3.8890E-01 2.8806E-022367200207084 
 4.7853E+00 3.7531E-01 5.6243E-01 2.6625E-01 6.3816E-01 1.2446E-012367200207085 
 1.0818E-01 1.0812E-01 1.9087E+03 1.0815E-01 4.3617E-01 2.9097E-022367200207086 
 4.2042E+00 3.3801E-01 6.6188E-01 2.2625E-01 6.9766E-01 1.1385E-012367200207087 
 1.0812E-01 1.0807E-01 1.9092E+03 1.0810E-01 4.6759E-01 3.0190E-022367200207088 
 3.8517E+00 3.2714E-01 7.0627E-01 2.1203E-01 7.0611E-01 1.1248E-012367200207089 
 1.0807E-01 1.0801E-01 1.9096E+03 1.0804E-01 4.5631E-01 2.9699E-022367200207090 
 3.9754E+00 3.2978E-01 6.9224E-01 2.1633E-01 7.0541E-01 1.1260E-012367200207091 
 1.0801E-01 1.0796E-01 1.9101E+03 1.0799E-01 4.4934E-01 3.0732E-022367200207092 
 4.0534E+00 3.4655E-01 6.4684E-01 2.3151E-01 6.6192E-01 1.1999E-012367200207093 
 1.0796E-01 1.0790E-01 1.9106E+03 1.0793E-01 4.3653E-01 2.8897E-022367200207094 
 4.1999E+00 3.3541E-01 6.6748E-01 2.2435E-01 7.0391E-01 1.1284E-012367200207095 
 1.0790E-01 1.0785E-01 1.9111E+03 1.0788E-01 5.4365E-01 3.5653E-022367200207096 
 3.0880E+00 3.3229E-01 7.2833E-01 2.0561E-01 6.3980E-01 1.2414E-012367200207097 
 1.0785E-01 1.0779E-01 1.9116E+03 1.0782E-01 4.2790E-01 2.8250E-022367200207098 
 4.3011E+00 3.3451E-01 6.6654E-01 2.2467E-01 7.1534E-01 1.1103E-012367200207099 
 1.0779E-01 1.0774E-01 1.9121E+03 1.0777E-01 4.0699E-01 2.7841E-022367200207100 
 4.5550E+00 3.4661E-01 6.2779E-01 2.3853E-01 6.9789E-01 1.1381E-012367200207101 
 1.0774E-01 1.0768E-01 1.9126E+03 1.0771E-01 4.5178E-01 3.0790E-022367200207102 
 4.0259E+00 3.4532E-01 6.5052E-01 2.3020E-01 6.6305E-01 1.1979E-012367200207103 
 1.0768E-01 1.0763E-01 1.9131E+03 1.0766E-01 4.8979E-01 3.1853E-022367200207104 
 3.6166E+00 3.2952E-01 7.0915E-01 2.1117E-01 6.8079E-01 1.1667E-012367200207105 
 1.0763E-01 1.0757E-01 1.9136E+03 1.0760E-01 4.5514E-01 3.0503E-022367200207106 
 3.9884E+00 3.3958E-01 6.6587E-01 2.2489E-01 6.7651E-01 1.1741E-012367200207107 
 1.0757E-01 1.0752E-01 1.9140E+03 1.0755E-01 4.6026E-01 3.0257E-022367200207108 
 3.9318E+00 3.3309E-01 6.8545E-01 2.1847E-01 6.9227E-01 1.1473E-012367200207109 
 1.0752E-01 1.0746E-01 1.9145E+03 1.0749E-01 4.5593E-01 3.0711E-022367200207110 
 3.9796E+00 3.4131E-01 6.6254E-01 2.2602E-01 6.7164E-01 1.1826E-012367200207111 
 1.0746E-01 1.0741E-01 1.9150E+03 1.0744E-01 4.1891E-01 2.6969E-022367200207112 
 4.4087E+00 3.2620E-01 6.8512E-01 2.1857E-01 7.5235E-01 1.0557E-012367200207113 
 1.0741E-01 1.0735E-01 1.9155E+03 1.0738E-01 4.0993E-01 2.7434E-022367200207114 
 4.5185E+00 3.3909E-01 6.4681E-01 2.3152E-01 7.1787E-01 1.1064E-012367200207115 
 1.0735E-01 1.0730E-01 1.9160E+03 1.0733E-01 4.4466E-01 2.9023E-022367200207116 
 4.1064E+00 3.3072E-01 6.8506E-01 2.1859E-01 7.1331E-01 1.1135E-012367200207117 
 1.0730E-01 1.0725E-01 1.9165E+03 1.0727E-01 4.6758E-01 3.0511E-022367200207118 
 3.8518E+00 3.3063E-01 6.9492E-01 2.1549E-01 6.9334E-01 1.1456E-012367200207119 
 1.0725E-01 1.0719E-01 1.9170E+03 1.0722E-01 5.3326E-01 3.3880E-022367200207120 
 3.1857E+00 3.2191E-01 7.5423E-01 1.9855E-01 6.7628E-01 1.1745E-012367200207121 
 1.0719E-01 1.0714E-01 1.9175E+03 1.0716E-01 4.5608E-01 2.9174E-022367200207122 
 3.9780E+00 3.2411E-01 7.0854E-01 2.1135E-01 7.2454E-01 1.0962E-012367200207123 
 1.0714E-01 1.0708E-01 1.9180E+03 1.0711E-01 4.4997E-01 2.9941E-022367200207124 
 4.0462E+00 3.3715E-01 6.6956E-01 2.2365E-01 6.8768E-01 1.1550E-012367200207125 
 1.0708E-01 1.0703E-01 1.9184E+03 1.0705E-01 4.6617E-01 3.0766E-022367200207126 
 3.8671E+00 3.3440E-01 6.8632E-01 2.1819E-01 6.8548E-01 1.1587E-012367200207127 
 1.0703E-01 1.0697E-01 1.9189E+03 1.0700E-01 4.9718E-01 3.1803E-022367200207128 
 3.5408E+00 3.2411E-01 7.2915E-01 2.0537E-01 6.9304E-01 1.1461E-012367200207129 
 1.0697E-01 1.0692E-01 1.9194E+03 1.0695E-01 4.0871E-01 2.7114E-022367200207130 
 4.5336E+00 3.3614E-01 6.5494E-01 2.2864E-01 7.3027E-01 1.0876E-012367200207131 
 1.0692E-01 1.0686E-01 1.9199E+03 1.0689E-01 4.7056E-01 3.1086E-022367200207132 
 3.8195E+00 3.3473E-01 6.8651E-01 2.1813E-01 6.8004E-01 1.1680E-012367200207133 
 1.0686E-01 1.0681E-01 1.9204E+03 1.0684E-01 3.9981E-01 2.6733E-022367200207134 
 4.6452E+00 3.3880E-01 6.4300E-01 2.3289E-01 7.2902E-01 1.0895E-012367200207135 
 1.0681E-01 1.0675E-01 1.9209E+03 1.0678E-01 4.5454E-01 2.8208E-022367200207136 
 3.9951E+00 3.1444E-01 7.3642E-01 2.0335E-01 7.5902E-01 1.0464E-012367200207137 
 1.0675E-01 1.0670E-01 1.9214E+03 1.0673E-01 4.9890E-01 3.2572E-022367200207138 
 3.5233E+00 3.3081E-01 7.0989E-01 2.1095E-01 6.7060E-01 1.1844E-012367200207139 
 1.0670E-01 1.0665E-01 1.9219E+03 1.0667E-01 4.3240E-01 2.8454E-022367200207140 
 4.2481E+00 3.3343E-01 6.7196E-01 2.2285E-01 7.1533E-01 1.1103E-012367200207141 
 1.0665E-01 1.0659E-01 1.9223E+03 1.0662E-01 4.8954E-01 3.1102E-022367200207142 
 3.6193E+00 3.2191E-01 7.3089E-01 2.0488E-01 7.0449E-01 1.1274E-012367200207143 
 1.0659E-01 1.0654E-01 1.9228E+03 1.0657E-01 4.5973E-01 3.0854E-022367200207144 
 3.9376E+00 3.4005E-01 6.6720E-01 2.2444E-01 6.7207E-01 1.1818E-012367200207145 
 1.0654E-01 1.0648E-01 1.9233E+03 1.0651E-01 4.7041E-01 3.0589E-022367200207146 
 3.8212E+00 3.2948E-01 7.0020E-01 2.1387E-01 6.9555E-01 1.1419E-012367200207147 
 1.0648E-01 1.0643E-01 1.9238E+03 1.0646E-01 4.4867E-01 2.8583E-022367200207148 
 4.0609E+00 3.2279E-01 7.0745E-01 2.1168E-01 7.3391E-01 1.0822E-012367200207149 
 1.0643E-01 1.0638E-01 1.9243E+03 1.0640E-01 4.6510E-01 3.1395E-022367200207150 
 3.8788E+00 3.4202E-01 6.6402E-01 2.2552E-01 6.6164E-01 1.2004E-012367200207151 
 1.0638E-01 1.0632E-01 1.9248E+03 1.0635E-01 4.9267E-01 3.1263E-022367200207152 
 3.5869E+00 3.2152E-01 7.3420E-01 2.0396E-01 7.0405E-01 1.1281E-012367200207153 
 1.0632E-01 1.0627E-01 1.9253E+03 1.0630E-01 4.5580E-01 2.9491E-022367200207154 
 3.9810E+00 3.2784E-01 6.9753E-01 2.1468E-01 7.1221E-01 1.1152E-012367200207155 
 1.0627E-01 1.0621E-01 1.9258E+03 1.0624E-01 4.2868E-01 2.6662E-022367200207156 
 4.2918E+00 3.1514E-01 7.1937E-01 2.0817E-01 7.7907E-01 1.0195E-012367200207157 
 1.0621E-01 1.0616E-01 1.9263E+03 1.0619E-01 3.6698E-01 2.5382E-022367200207158 
 5.0794E+00 3.5045E-01 6.0285E-01 2.4840E-01 7.2954E-01 1.0887E-012367200207159 
 1.0616E-01 1.0611E-01 1.9267E+03 1.0613E-01 4.8680E-01 3.2437E-022367200207160 
 3.6477E+00 3.3762E-01 6.8605E-01 2.1828E-01 6.5951E-01 1.2043E-012367200207161 
 1.0611E-01 1.0605E-01 1.9272E+03 1.0608E-01 4.4614E-01 2.9534E-022367200207162 
 4.0895E+00 3.3542E-01 6.7242E-01 2.2270E-01 6.9628E-01 1.1407E-012367200207163 
 1.0605E-01 1.0600E-01 1.9277E+03 1.0603E-01 4.3848E-01 2.8582E-022367200207164 
 4.1774E+00 3.3029E-01 6.8359E-01 2.1906E-01 7.2048E-01 1.1024E-012367200207165 
 1.0600E-01 1.0595E-01 1.9282E+03 1.0597E-01 4.6694E-01 3.0768E-022367200207166 
 3.8587E+00 3.3386E-01 6.8576E-01 2.1837E-01 6.8384E-01 1.1615E-012367200207167 
 1.0595E-01 1.0589E-01 1.9287E+03 1.0592E-01 4.4664E-01 2.7745E-022367200207168 
 4.0839E+00 3.1476E-01 7.3151E-01 2.0471E-01 7.6526E-01 1.0379E-012367200207169 
 1.0589E-01 1.0584E-01 1.9292E+03 1.0587E-01 4.1109E-01 2.6309E-022367200207170 
 4.5042E+00 3.2427E-01 6.8611E-01 2.1826E-01 7.6641E-01 1.0363E-012367200207171 
 1.0584E-01 1.0578E-01 1.9297E+03 1.0581E-01 4.6836E-01 2.9795E-022367200207172 
 3.8434E+00 3.2234E-01 7.2049E-01 2.0784E-01 7.2107E-01 1.1015E-012367200207173 
 1.0578E-01 1.0573E-01 1.9302E+03 1.0576E-01 4.8063E-01 3.1516E-022367200207174 
 3.7123E+00 3.3225E-01 6.9704E-01 2.1484E-01 6.7899E-01 1.1698E-012367200207175 
 1.0573E-01 1.0568E-01 1.9306E+03 1.0570E-01 4.4955E-01 2.9101E-022367200207176 
 4.0510E+00 3.2800E-01 6.9392E-01 2.1580E-01 7.1678E-01 1.1081E-012367200207177 
 1.0568E-01 1.0562E-01 1.9311E+03 1.0565E-01 4.7157E-01 2.9768E-022367200207178 
 3.8087E+00 3.1985E-01 7.2990E-01 2.0516E-01 7.2720E-01 1.0922E-012367200207179 
 1.0562E-01 1.0557E-01 1.9316E+03 1.0560E-01 4.3427E-01 2.8855E-022367200207180 
 4.2263E+00 3.3667E-01 6.6425E-01 2.2544E-01 7.0324E-01 1.1294E-012367200207181 
 1.0557E-01 1.0552E-01 1.9321E+03 1.0554E-01 4.8694E-01 3.0814E-022367200207182 
 3.6462E+00 3.2064E-01 7.3420E-01 2.0396E-01 7.1139E-01 1.1165E-012367200207183 
 1.0552E-01 1.0546E-01 1.9326E+03 1.0549E-01 4.4193E-01 2.8391E-022367200207184 
 4.1377E+00 3.2552E-01 6.9634E-01 2.1505E-01 7.3066E-01 1.0870E-012367200207185 
 1.0546E-01 1.0541E-01 1.9331E+03 1.0544E-01 4.6171E-01 3.1223E-022367200207186 
 3.9158E+00 3.4265E-01 6.6232E-01 2.2610E-01 6.6396E-01 1.1962E-012367200207187 
 1.0541E-01 1.0536E-01 1.9336E+03 1.0538E-01 4.5088E-01 3.0590E-022367200207188 
 4.0360E+00 3.4376E-01 6.5441E-01 2.2883E-01 6.6876E-01 1.1877E-012367200207189 
 1.0536E-01 1.0530E-01 1.9341E+03 1.0533E-01 4.2796E-01 2.8376E-022367200207190 
 4.3004E+00 3.3596E-01 6.6245E-01 2.2605E-01 7.1022E-01 1.1183E-012367200207191 
 1.0530E-01 1.0525E-01 1.9346E+03 1.0528E-01 4.3307E-01 2.8374E-022367200207192 
 4.2403E+00 3.3197E-01 6.7453E-01 2.2200E-01 7.1747E-01 1.1070E-012367200207193 
 1.0525E-01 1.0520E-01 1.9350E+03 1.0522E-01 4.1559E-01 2.8694E-022367200207194 
 4.4491E+00 3.4984E-01 6.2465E-01 2.3973E-01 6.8111E-01 1.1661E-012367200207195 
 1.0520E-01 1.0515E-01 1.9355E+03 1.0517E-01 5.1534E-01 3.4592E-022367200207196 
 3.3590E+00 3.4011E-01 6.9355E-01 2.1592E-01 6.3504E-01 1.2507E-012367200207197 
 1.0515E-01 1.0509E-01 1.9360E+03 1.0512E-01 4.4551E-01 2.9430E-022367200207198 
 4.0968E+00 3.3472E-01 6.7416E-01 2.2213E-01 6.9921E-01 1.1359E-012367200207199 
 1.0509E-01 1.0504E-01 1.9365E+03 1.0507E-01 4.5423E-01 2.8571E-022367200207200 
 3.9985E+00 3.1870E-01 7.2283E-01 2.0717E-01 7.4372E-01 1.0680E-012367200207201 
 1.0504E-01 1.0499E-01 1.9370E+03 1.0501E-01 4.9034E-01 3.2278E-022367200207202 
 3.6109E+00 3.3354E-01 6.9897E-01 2.1424E-01 6.6919E-01 1.1869E-012367200207203 
 1.0499E-01 1.0493E-01 1.9375E+03 1.0496E-01 4.8038E-01 3.1209E-022367200207204 
 3.7149E+00 3.2918E-01 7.0666E-01 2.1191E-01 6.8984E-01 1.1514E-012367200207205 
 1.0493E-01 1.0488E-01 1.9380E+03 1.0491E-01 4.0824E-01 2.5576E-022367200207206 
 4.5394E+00 3.1744E-01 7.0325E-01 2.1294E-01 7.9331E-01 1.0012E-012367200207207 
 1.0488E-01 1.0483E-01 1.9385E+03 1.0485E-01 4.1945E-01 2.6808E-022367200207208 
 4.4022E+00 3.2384E-01 6.9013E-01 2.1699E-01 7.5778E-01 1.0481E-012367200207209 
 1.0483E-01 1.0477E-01 1.9389E+03 1.0480E-01 3.9257E-01 2.4307E-022367200207210 
 4.7377E+00 3.1372E-01 7.0569E-01 2.1220E-01 8.2508E-01 9.6265E-022367200207211 
 1.0477E-01 1.0472E-01 1.9394E+03 1.0475E-01 4.5560E-01 2.7496E-022367200207212 
 3.9833E+00 3.0579E-01 7.6616E-01 1.9545E-01 7.9180E-01 1.0031E-012367200207213 
 1.0472E-01 1.0467E-01 1.9399E+03 1.0470E-01 4.3455E-01 2.5706E-022367200207214 
 4.2229E+00 2.9973E-01 7.7318E-01 1.9368E-01 8.3482E-01 9.5141E-022367200207215 
 1.0467E-01 1.0462E-01 1.9404E+03 1.0464E-01 4.4101E-01 2.5386E-022367200207216 
 4.1482E+00 2.9166E-01 8.0893E-01 1.8512E-01 8.6644E-01 9.1670E-022367200207217 
 1.0462E-01 1.0456E-01 1.9409E+03 1.0459E-01 4.2841E-01 2.5544E-022367200207218 
 4.2950E+00 3.0211E-01 7.6319E-01 1.9621E-01 8.3337E-01 9.5308E-022367200207219 
 1.0456E-01 1.0451E-01 1.9414E+03 1.0454E-01 4.2839E-01 2.4375E-022367200207220 
 4.2953E+00 2.8829E-01 8.1461E-01 1.8383E-01 8.9661E-01 8.8585E-022367200207221 
 1.0451E-01 1.0446E-01 1.9419E+03 1.0449E-01 4.3257E-01 2.6042E-022367200207222 
 4.2461E+00 3.0503E-01 7.5595E-01 1.9809E-01 8.1731E-01 9.7181E-022367200207223 
 1.0446E-01 1.0441E-01 1.9424E+03 1.0443E-01 4.3559E-01 2.5369E-022367200207224 
 4.2108E+00 2.9510E-01 7.9227E-01 1.8901E-01 8.5610E-01 9.2777E-022367200207225 
 1.0441E-01 1.0435E-01 1.9429E+03 1.0438E-01 3.9707E-01 2.3574E-022367200207226 
 4.6800E+00 3.0082E-01 7.5017E-01 1.9962E-01 8.7561E-01 9.0710E-022367200207227 
 1.0435E-01 1.0430E-01 1.9433E+03 1.0433E-01 4.2399E-01 2.4271E-022367200207228 
 4.3476E+00 2.9005E-01 8.0520E-01 1.8598E-01 8.9341E-01 8.8903E-022367200207229 
 1.0430E-01 1.0425E-01 1.9438E+03 1.0428E-01 4.3870E-01 2.5033E-022367200207230 
 4.1748E+00 2.8912E-01 8.1749E-01 1.8318E-01 8.8087E-01 9.0168E-022367200207231 
 1.0425E-01 1.0420E-01 1.9443E+03 1.0422E-01 4.6985E-01 2.6347E-022367200207232 
 3.8272E+00 2.8413E-01 8.5652E-01 1.7483E-01 8.7147E-01 9.1141E-022367200207233 
 1.0420E-01 1.0414E-01 1.9448E+03 1.0417E-01 4.1586E-01 2.6781E-022367200207234 
 4.4457E+00 3.2630E-01 6.8255E-01 2.1940E-01 7.5403E-01 1.0534E-012367200207235 
 1.0414E-01 1.0409E-01 1.9453E+03 1.0412E-01 4.6788E-01 2.8305E-022367200207236 
 3.8485E+00 3.0652E-01 7.7055E-01 1.9434E-01 7.7804E-01 1.0208E-012367200207237 
 1.0409E-01 1.0404E-01 1.9458E+03 1.0407E-01 4.2859E-01 2.7181E-022367200207238 
 4.2930E+00 3.2134E-01 7.0265E-01 2.1312E-01 7.5869E-01 1.0469E-012367200207239 
 1.0404E-01 1.0399E-01 1.9463E+03 1.0401E-01 5.3027E-01 3.3316E-022367200207240 
 3.2143E+00 3.1834E-01 7.6522E-01 1.9570E-01 6.9056E-01 1.1502E-012367200207241 
 1.0399E-01 1.0394E-01 1.9468E+03 1.0396E-01 4.5264E-01 2.9685E-022367200207242 
 4.0163E+00 3.3230E-01 6.8421E-01 2.1886E-01 7.0114E-01 1.1328E-012367200207243 
 1.0394E-01 1.0388E-01 1.9472E+03 1.0391E-01 4.6779E-01 2.9875E-022367200207244 
 3.8495E+00 3.2359E-01 7.1532E-01 2.0935E-01 7.1602E-01 1.1093E-012367200207245 
 1.0388E-01 1.0383E-01 1.9477E+03 1.0386E-01 4.9652E-01 3.2845E-022367200207246 
 3.5474E+00 3.3518E-01 6.9736E-01 2.1474E-01 6.6014E-01 1.2032E-012367200207247 
 1.0383E-01 1.0378E-01 1.9482E+03 1.0381E-01 4.4174E-01 3.0679E-022367200207248 
 4.1398E+00 3.5190E-01 6.3103E-01 2.3731E-01 6.5309E-01 1.2162E-012367200207249 
 1.0378E-01 1.0373E-01 1.9487E+03 1.0375E-01 4.7902E-01 3.4673E-022367200207250 
 3.7293E+00 3.6676E-01 6.1438E-01 2.4374E-01 5.9015E-01 1.3459E-012367200207251 
 1.0373E-01 1.0368E-01 1.9492E+03 1.0370E-01 4.2660E-01 3.2840E-022367200207252 
 4.3166E+00 3.9006E-01 5.5245E-01 2.7106E-01 5.7647E-01 1.3778E-012367200207253 
 1.0368E-01 1.0362E-01 1.9497E+03 1.0365E-01 4.2760E-01 3.2870E-022367200207254 
 4.3047E+00 3.8950E-01 5.5334E-01 2.7063E-01 5.7640E-01 1.3780E-012367200207255 
 1.0362E-01 1.0357E-01 1.9502E+03 1.0360E-01 3.8674E-01 3.1723E-022367200207256 
 4.8136E+00 4.1563E-01 5.0121E-01 2.9878E-01 5.5793E-01 1.4236E-012367200207257 
 1.0357E-01 1.0352E-01 1.9507E+03 1.0355E-01 4.7069E-01 3.9046E-022367200207258 
 3.8182E+00 4.2032E-01 5.2068E-01 2.8760E-01 4.9437E-01 1.6066E-012367200207259 
 1.0352E-01 1.0347E-01 1.9512E+03 1.0349E-01 4.2790E-01 3.3650E-022367200207260 
 4.3011E+00 3.9846E-01 5.3810E-01 2.7829E-01 5.5730E-01 1.4252E-012367200207261 
 1.0347E-01 1.0342E-01 1.9516E+03 1.0344E-01 5.1987E-01 3.8395E-022367200207262 
 3.3147E+00 3.7421E-01 6.1580E-01 2.4318E-01 5.5146E-01 1.4403E-012367200207263 
 1.0342E-01 1.0336E-01 1.9521E+03 1.0339E-01 4.5268E-01 3.4182E-022367200207264 
 4.0159E+00 3.8260E-01 5.7425E-01 2.6077E-01 5.7319E-01 1.3857E-012367200207265 
 1.0336E-01 1.0331E-01 1.9526E+03 1.0334E-01 4.1284E-01 3.0087E-022367200207266 
 4.4827E+00 3.6927E-01 5.8229E-01 2.5717E-01 6.3110E-01 1.2585E-012367200207267 
 1.0331E-01 1.0326E-01 1.9531E+03 1.0329E-01 4.4158E-01 3.0418E-022367200207268 
 4.1417E+00 3.4903E-01 6.3785E-01 2.3477E-01 6.6144E-01 1.2008E-012367200207269 
 1.0326E-01 1.0321E-01 1.9536E+03 1.0324E-01 4.3174E-01 3.0878E-022367200207270 
 4.2559E+00 3.6239E-01 6.0336E-01 2.4819E-01 6.3264E-01 1.2555E-012367200207271 
 1.0321E-01 1.0316E-01 1.9541E+03 1.0318E-01 4.0821E-01 2.9491E-022367200207272 
 4.5398E+00 3.6605E-01 5.8743E-01 2.5492E-01 6.4397E-01 1.2334E-012367200207273 
 1.0316E-01 1.0311E-01 1.9546E+03 1.0313E-01 4.1027E-01 2.9748E-022367200207274 
 4.5143E+00 3.6739E-01 5.8593E-01 2.5558E-01 6.3921E-01 1.2426E-012367200207275 
 1.0311E-01 1.0306E-01 1.9551E+03 1.0308E-01 4.2578E-01 3.0521E-022367200207276 
 4.3263E+00 3.6320E-01 6.0024E-01 2.4948E-01 6.3652E-01 1.2478E-012367200207277 
 1.0306E-01 1.0300E-01 1.9555E+03 1.0303E-01 4.9393E-01 3.2814E-022367200207278 
 3.5739E+00 3.3662E-01 6.9108E-01 2.1669E-01 6.5649E-01 1.2099E-012367200207279 
 1.0300E-01 1.0295E-01 1.9560E+03 1.0298E-01 4.6903E-01 3.1140E-022367200207280 
 3.8360E+00 3.3640E-01 6.8145E-01 2.1975E-01 6.7632E-01 1.1744E-012367200207281 
 1.0295E-01 1.0290E-01 1.9565E+03 1.0293E-01 4.6056E-01 3.1728E-022367200207282 
 3.9284E+00 3.4906E-01 6.4572E-01 2.3191E-01 6.4645E-01 1.2287E-012367200207283 
 1.0290E-01 1.0285E-01 1.9570E+03 1.0288E-01 4.7255E-01 3.4439E-022367200207284 
 3.7982E+00 3.6928E-01 6.0662E-01 2.4686E-01 5.8849E-01 1.3497E-012367200207285 
 1.0285E-01 1.0280E-01 1.9575E+03 1.0282E-01 4.4430E-01 3.1770E-022367200207286 
 4.1106E+00 3.6232E-01 6.1019E-01 2.4541E-01 6.2509E-01 1.2706E-012367200207287 
 1.0280E-01 1.0275E-01 1.9580E+03 1.0277E-01 4.3735E-01 3.2943E-022367200207288 
 4.1905E+00 3.8166E-01 5.7039E-01 2.6254E-01 5.8585E-01 1.3557E-012367200207289 
 1.0275E-01 1.0270E-01 1.9585E+03 1.0272E-01 4.7181E-01 3.6029E-022367200207290 
 3.8062E+00 3.8693E-01 5.7302E-01 2.6133E-01 5.5179E-01 1.4394E-012367200207291 
 1.0270E-01 1.0264E-01 1.9590E+03 1.0267E-01 5.1145E-01 3.8299E-022367200207292 
 3.3974E+00 3.7942E-01 6.0176E-01 2.4885E-01 5.4476E-01 1.4580E-012367200207293 
 1.0264E-01 1.0259E-01 1.9595E+03 1.0262E-01 4.7188E-01 3.2526E-022367200207294 
 3.8054E+00 3.4925E-01 6.4952E-01 2.3055E-01 6.3709E-01 1.2467E-012367200207295 
 1.0259E-01 1.0254E-01 1.9599E+03 1.0257E-01 4.7119E-01 3.4513E-022367200207296 
 3.8128E+00 3.7113E-01 6.0282E-01 2.4841E-01 5.8571E-01 1.3561E-012367200207297 
 1.0254E-01 1.0249E-01 1.9604E+03 1.0252E-01 4.4662E-01 3.1206E-022367200207298 
 4.0841E+00 3.5403E-01 6.2807E-01 2.3843E-01 6.4334E-01 1.2346E-012367200207299 
 1.0249E-01 1.0244E-01 1.9609E+03 1.0247E-01 4.4845E-01 3.1670E-022367200207300 
 4.0634E+00 3.5783E-01 6.2018E-01 2.4146E-01 6.3177E-01 1.2572E-012367200207301 
 1.0244E-01 1.0239E-01 1.9614E+03 1.0241E-01 4.0246E-01 3.0350E-022367200207302 
 4.6116E+00 3.8210E-01 5.5738E-01 2.6867E-01 6.1272E-01 1.2963E-012367200207303 
 1.0239E-01 1.0234E-01 1.9619E+03 1.0236E-01 4.5121E-01 3.1995E-022367200207304 
 4.0323E+00 3.5929E-01 6.1824E-01 2.4222E-01 6.2612E-01 1.2685E-012367200207305 
 1.0234E-01 1.0229E-01 1.9624E+03 1.0231E-01 5.0222E-01 3.6842E-022367200207306 
 3.4896E+00 3.7169E-01 6.1279E-01 2.4437E-01 5.6488E-01 1.4061E-012367200207307 
 1.0229E-01 1.0224E-01 1.9629E+03 1.0226E-01 3.9525E-01 3.0223E-022367200207308 
 4.7032E+00 3.8744E-01 5.4509E-01 2.7472E-01 6.0608E-01 1.3105E-012367200207309 
 1.0224E-01 1.0219E-01 1.9634E+03 1.0221E-01 4.5056E-01 3.2322E-022367200207310 
 4.0396E+00 3.6348E-01 6.0990E-01 2.4553E-01 6.1717E-01 1.2869E-012367200207311 
 1.0219E-01 1.0213E-01 1.9638E+03 1.0216E-01 4.6032E-01 3.4556E-022367200207312 
 3.9310E+00 3.8036E-01 5.8039E-01 2.5801E-01 5.7201E-01 1.3885E-012367200207313 
 1.0213E-01 1.0208E-01 1.9643E+03 1.0211E-01 4.4416E-01 3.3592E-022367200207314 
 4.1121E+00 3.8321E-01 5.7024E-01 2.6261E-01 5.7789E-01 1.3744E-012367200207315 
 1.0208E-01 1.0203E-01 1.9648E+03 1.0206E-01 4.3992E-01 3.4052E-022367200207316 
 4.1607E+00 3.9220E-01 5.5298E-01 2.7080E-01 5.6205E-01 1.4132E-012367200207317 
 1.0203E-01 1.0198E-01 1.9653E+03 1.0201E-01 4.9300E-01 3.8051E-022367200207318 
 3.5835E+00 3.9108E-01 5.7457E-01 2.6063E-01 5.3314E-01 1.4898E-012367200207319 
 1.0198E-01 1.0193E-01 1.9658E+03 1.0196E-01 4.3988E-01 3.4475E-022367200207320 
 4.1612E+00 3.9712E-01 5.4422E-01 2.7516E-01 5.5161E-01 1.4399E-012367200207321 
 1.0193E-01 1.0188E-01 1.9663E+03 1.0191E-01 4.5432E-01 3.5356E-022367200207322 
 3.9976E+00 3.9432E-01 5.5411E-01 2.7025E-01 5.4806E-01 1.4492E-012367200207323 
 1.0188E-01 1.0183E-01 1.9668E+03 1.0186E-01 4.0880E-01 3.0874E-022367200207324 
 4.5325E+00 3.8268E-01 5.5706E-01 2.6882E-01 6.0406E-01 1.3149E-012367200207325 
 1.0183E-01 1.0178E-01 1.9673E+03 1.0181E-01 4.6569E-01 3.2147E-022367200207326 
 3.8723E+00 3.4978E-01 6.4440E-01 2.3239E-01 6.3871E-01 1.2435E-012367200207327 
 1.0178E-01 1.0173E-01 1.9678E+03 1.0176E-01 4.2877E-01 3.0139E-022367200207328 
 4.2908E+00 3.5616E-01 6.1643E-01 2.4293E-01 6.5251E-01 1.2172E-012367200207329 
 1.0173E-01 1.0168E-01 1.9682E+03 1.0170E-01 4.1653E-01 3.0853E-022367200207330 
 4.4375E+00 3.7531E-01 5.7304E-01 2.6132E-01 6.1450E-01 1.2925E-012367200207331 
 1.0168E-01 1.0163E-01 1.9687E+03 1.0165E-01 4.9389E-01 3.4744E-022367200207332 
 3.5744E+00 3.5644E-01 6.4354E-01 2.3270E-01 6.0586E-01 1.3110E-012367200207333 
 1.0163E-01 1.0158E-01 1.9692E+03 1.0160E-01 4.1140E-01 2.9314E-022367200207334 
 4.5003E+00 3.6103E-01 5.9919E-01 2.4992E-01 6.5465E-01 1.2133E-012367200207335 
 1.0158E-01 1.0153E-01 1.9697E+03 1.0155E-01 3.8796E-01 2.7092E-022367200207336 
 4.7976E+00 3.5383E-01 6.0533E-01 2.4738E-01 6.9774E-01 1.1383E-012367200207337 
 1.0153E-01 1.0148E-01 1.9702E+03 1.0150E-01 4.4183E-01 3.1011E-022367200207338 
 4.1388E+00 3.5563E-01 6.2253E-01 2.4055E-01 6.4284E-01 1.2355E-012367200207339 
 1.0148E-01 1.0143E-01 1.9707E+03 1.0145E-01 4.5935E-01 3.1527E-022367200207340 
 3.9418E+00 3.4776E-01 6.4686E-01 2.3150E-01 6.4925E-01 1.2234E-012367200207341 
 1.0143E-01 1.0138E-01 1.9712E+03 1.0140E-01 4.3653E-01 3.0530E-022367200207342 
 4.2000E+00 3.5438E-01 6.2311E-01 2.4032E-01 6.5039E-01 1.2212E-012367200207343 
 1.0138E-01 1.0133E-01 1.9717E+03 1.0135E-01 5.2187E-01 3.8437E-022367200207344 
 3.2952E+00 3.7318E-01 6.1822E-01 2.4223E-01 5.5208E-01 1.4387E-012367200207345 
 1.0133E-01 1.0128E-01 1.9721E+03 1.0130E-01 3.5934E-01 2.9148E-022367200207346 
 5.1859E+00 4.1101E-01 4.9819E-01 3.0058E-01 5.8999E-01 1.3462E-012367200207347 
 1.0128E-01 1.0123E-01 1.9726E+03 1.0125E-01 4.7219E-01 3.4983E-022367200207348 
 3.8021E+00 3.7539E-01 5.9464E-01 2.5183E-01 5.7552E-01 1.3801E-012367200207349 
 1.0123E-01 1.0118E-01 1.9731E+03 1.0120E-01 4.1383E-01 2.9256E-022367200207350 
 4.4705E+00 3.5821E-01 6.0508E-01 2.4749E-01 6.5876E-01 1.2057E-012367200207351 
 1.0118E-01 1.0113E-01 1.9736E+03 1.0115E-01 5.2724E-01 3.7610E-022367200207352 
 3.2433E+00 3.6144E-01 6.4647E-01 2.3164E-01 5.7549E-01 1.3802E-012367200207353 
 1.0113E-01 1.0108E-01 1.9741E+03 1.0110E-01 4.6947E-01 3.4234E-022367200207354 
 3.8313E+00 3.6948E-01 6.0488E-01 2.4757E-01 5.8988E-01 1.3465E-012367200207355 
 1.0108E-01 1.0103E-01 1.9746E+03 1.0105E-01 4.7253E-01 3.3119E-022367200207356 
 3.7984E+00 3.5513E-01 6.3652E-01 2.3526E-01 6.2183E-01 1.2773E-012367200207357 
 1.0103E-01 1.0098E-01 1.9751E+03 1.0100E-01 4.9588E-01 3.5256E-022367200207358 
 3.5540E+00 3.6025E-01 6.3626E-01 2.3536E-01 5.9601E-01 1.3326E-012367200207359 
 1.0098E-01 1.0093E-01 1.9756E+03 1.0095E-01 4.4891E-01 3.1062E-022367200207360 
 4.0582E+00 3.5060E-01 6.3620E-01 2.3538E-01 6.4999E-01 1.2220E-012367200207361 
 1.0093E-01 1.0088E-01 1.9761E+03 1.0090E-01 4.1861E-01 3.0228E-022367200207362 
 4.4123E+00 3.6588E-01 5.9233E-01 2.5281E-01 6.3610E-01 1.2486E-012367200207363 
 1.0088E-01 1.0083E-01 1.9765E+03 1.0085E-01 4.7363E-01 3.3186E-022367200207364 
 3.7867E+00 3.5502E-01 6.3738E-01 2.3495E-01 6.2153E-01 1.2779E-012367200207365 
 1.0083E-01 1.0078E-01 1.9770E+03 1.0080E-01 4.2878E-01 3.0928E-022367200207366 
 4.2907E+00 3.6547E-01 5.9808E-01 2.5038E-01 6.2997E-01 1.2608E-012367200207367 
 1.0078E-01 1.0073E-01 1.9775E+03 1.0075E-01 4.4676E-01 3.1799E-022367200207368 
 4.0826E+00 3.6065E-01 6.1355E-01 2.4407E-01 6.2604E-01 1.2687E-012367200207369 
 1.0073E-01 1.0068E-01 1.9780E+03 1.0070E-01 3.7546E-01 2.6645E-022367200207370 
 4.9635E+00 3.5958E-01 5.8714E-01 2.5505E-01 6.9281E-01 1.1464E-012367200207371 
 1.0068E-01 1.0063E-01 1.9785E+03 1.0065E-01 4.0518E-01 2.7899E-022367200207372 
 4.5775E+00 3.4889E-01 6.2327E-01 2.4026E-01 6.9478E-01 1.1432E-012367200207373 
 1.0063E-01 1.0058E-01 1.9790E+03 1.0060E-01 4.7265E-01 3.2426E-022367200207374 
 3.7972E+00 3.4762E-01 6.5382E-01 2.2904E-01 6.4097E-01 1.2392E-012367200207375 
 1.0058E-01 1.0053E-01 1.9795E+03 1.0055E-01 4.7993E-01 3.4256E-022367200207376 
 3.7196E+00 3.6166E-01 6.2502E-01 2.3959E-01 6.0085E-01 1.3219E-012367200207377 
 1.0053E-01 1.0048E-01 1.9800E+03 1.0050E-01 5.0193E-01 3.5804E-022367200207378 
 3.4925E+00 3.6143E-01 6.3573E-01 2.3556E-01 5.8922E-01 1.3480E-012367200207379 
 1.0048E-01 1.0043E-01 1.9805E+03 1.0045E-01 4.8173E-01 3.5394E-022367200207380 
 3.7008E+00 3.7228E-01 6.0460E-01 2.4768E-01 5.7658E-01 1.3775E-012367200207381 
 1.0043E-01 1.0038E-01 1.9809E+03 1.0041E-01 4.5992E-01 3.4569E-022367200207382 
 3.9355E+00 3.8085E-01 5.8033E-01 2.5804E-01 5.7238E-01 1.3877E-012367200207383 
 1.0038E-01 1.0033E-01 1.9814E+03 1.0036E-01 4.1710E-01 3.2088E-022367200207384 
 4.4307E+00 3.8980E-01 5.4888E-01 2.7283E-01 5.8328E-01 1.3617E-012367200207385 
 1.0033E-01 1.0028E-01 1.9819E+03 1.0031E-01 4.0601E-01 3.1835E-022367200207386 
 4.5671E+00 3.9729E-01 5.3355E-01 2.8067E-01 5.7715E-01 1.3762E-012367200207387 
 1.0028E-01 1.0023E-01 1.9824E+03 1.0026E-01 4.9221E-01 3.4835E-022367200207388 
 3.5917E+00 3.5860E-01 6.3721E-01 2.3501E-01 6.0088E-01 1.3218E-012367200207389 
 1.0023E-01 1.0018E-01 1.9829E+03 1.0021E-01 5.2363E-01 3.9462E-022367200207390 
 3.2781E+00 3.8185E-01 6.0272E-01 2.4846E-01 5.3491E-01 1.4849E-012367200207391 
 1.0018E-01 1.0013E-01 1.9834E+03 1.0016E-01 3.8591E-01 3.0857E-022367200207392 
 4.8244E+00 4.0514E-01 5.1528E-01 2.9062E-01 5.7815E-01 1.3738E-012367200207393 
 1.0013E-01 1.0008E-01 1.9839E+03 1.0011E-01 4.2621E-01 3.3703E-022367200207394 
 4.3212E+00 4.0067E-01 5.3497E-01 2.7992E-01 5.5532E-01 1.4303E-012367200207395 
 1.0008E-01 1.0003E-01 1.9844E+03 1.0006E-01 4.4909E-01 3.7161E-022367200207396 
 4.0562E+00 4.1927E-01 5.1572E-01 2.9037E-01 5.0851E-01 1.5619E-012367200207397 
 1.0003E-01 9.9986E-02 1.9848E+03 1.0001E-01 4.1181E-01 3.1459E-022367200207398 
 4.4953E+00 3.8706E-01 5.5175E-01 2.7141E-01 5.9342E-01 1.3385E-012367200207399 
ENDDATA           7374          0                                 2367200207400 
ENDSUBENT         7399          0                                 2367200299999 
ENDENTRY             2          0                                 2367299999999 
